task_id,task_type,task_cpu_required,task_data_size_mb,deadline,node_id,node_queue_at_dispatch,node_load_at_dispatch,node_cpu_speed,creation_time,completion_time,latency,waiting_time,energy_consumed,predicted_latency,predicted_energy
9-7,SENSOR_DATA_LOGGING,51.49681176008533,0.1,10000,FogNode_3,0,0.0,1899.4436001125757,10.991298603565983,58.28239069532323,47.29109209175725,0.0,2.444959842833022,,
0-3,SENSOR_DATA_LOGGING,69.3962431196164,0.1,10000,FogNode_3,0,0.0,1899.4436001125757,12.773866719580045,62.51192701499937,49.73806029541933,0.0,3.2947870338343903,,
3-9,SENSOR_DATA_LOGGING,73.75098942234659,0.1,10000,FogNode_3,0,0.0,1899.4436001125757,12.04149346360894,70.26269183876467,58.22119837515572,0.0,3.5015411895189064,,
3-16,SENSOR_DATA_LOGGING,62.87257053642756,0.1,10000,FogNode_3,0,0.5714285714285714,1899.4436001125757,31.88685133130838,91.38291051739178,59.4960591860834,11.970729264474556,2.985056839895466,,
5-2,SENSOR_DATA_LOGGING,234.4924336384117,0.1,10000,CloudNode,0,0.0,12000.0,3.0636038893241744,97.49199666239994,94.42839277307577,0.0,9.770518068267155,,
7-11,SMART_HOME_CONTROL,98.77083684051789,0.1,150,FogNode_3,0,0.14285714285714285,1899.4436001125757,27.161204689231088,97.57360799431457,70.41240330508349,0.0,4.689430694139705,,
3-8,SENSOR_DATA_LOGGING,136.2254595471415,0.1,10000,FogNode_3,0,0.0,1899.4436001125757,9.922358617289083,100.95448652605987,91.03212790877079,0.0,6.467697062799356,,
1-7,SMART_HOME_CONTROL,329.22922209130616,0.1,150,CloudNode,0,0.0,12000.0,6.8249541706284536,101.23506561825702,94.41011144762857,0.0,13.717884253804423,,
2-4,SMART_HOME_CONTROL,160.20371049457503,0.1,150,CloudNode,0,0.0,12000.0,5.444808836820753,105.01778300954643,99.57297417272568,0.0,6.675154603940626,,
7-0,SMART_HOME_CONTROL,302.8191207259814,0.1,150,CloudNode,0,0.0,12000.0,6.91705950581269,106.41415824765744,99.49709874184475,0.0,12.617463363582559,,
9-34,GPS_TRACKING,64.54245210755532,0.2,200,FogNode_7,0,0.0,1727.0272900361456,52.103012995917304,113.32844968581117,61.22543668989386,0.0,4.423680293511418,,
1-15,SMART_HOME_CONTROL,143.41328544767484,0.1,150,FogNode_3,0,0.0,1899.4436001125757,19.354176775078262,113.68588244957469,94.33170567449643,0.0,6.808959853318371,,
7-1,SENSOR_DATA_LOGGING,295.32181871637374,0.1,10000,CloudNode,0,0.0,12000.0,7.304321702983444,116.55309871384019,109.24877701085674,0.0,12.305075779848906,,
4-0,SMART_HOME_CONTROL,335.7565285224274,0.1,150,CloudNode,0,0.0,12000.0,4.652588344817224,117.53947059239833,112.88688224758111,0.0,13.989855355101142,,
6-8,GPS_TRACKING,105.99604824703724,0.2,200,FogNode_3,0,0.0,1899.4436001125757,18.93758061737936,118.3156625093068,99.37808189192745,14.286216934624136,5.032468469511484,,
9-41,GPS_TRACKING,53.68273791374746,0.2,200,FogNode_7,0,0.0,1727.0272900361456,63.26393989321076,119.74521817486311,56.48127828165235,0.0,3.6793654727441645,,
0-12,SENSOR_DATA_LOGGING,148.970493737018,0.1,10000,FogNode_3,0,0.14285714285714285,1899.4436001125757,28.44378537783404,121.200845472396,92.75706009456195,0.0,7.07280436410096,,
8-6,SENSOR_DATA_LOGGING,531.2791102181664,0.1,10000,CloudNode,0,0.0,12000.0,5.867635404660076,122.05590159755627,116.1882661928962,0.0,22.1366295924236,,
9-11,GPS_TRACKING,225.8582517869192,0.2,200,CloudNode,0,0.0,12000.0,18.83308723095093,124.82712522259368,105.99403799164276,0.0,9.410760491121634,,
4-2,SENSOR_DATA_LOGGING,542.2759330021453,0.1,10000,CloudNode,0,0.0,12000.0,7.223950826007052,125.75305437579769,118.52910354979063,0.0,22.594830541756053,,
3-12,SENSOR_DATA_LOGGING,469.8088715162643,0.1,10000,CloudNode,0,0.0,12000.0,14.82791439989937,126.7228804257633,111.89496602586392,0.0,19.57536964651101,,
8-4,SENSOR_DATA_LOGGING,431.92055027941973,0.1,10000,CloudNode,0,0.0,12000.0,2.9870152798308247,128.12794401804757,125.14092873821674,0.0,17.996689594975823,,
3-26,SENSOR_DATA_LOGGING,99.71434229308053,0.1,10000,FogNode_7,0,0.0,1727.0272900361456,52.47753890911311,128.2869364456987,75.80939753658559,0.0,6.834329291476004,,
6-7,SENSOR_DATA_LOGGING,485.5399032493907,0.1,10000,CloudNode,0,0.0,12000.0,17.344665185898148,128.76047197266246,111.4158067867643,0.0,20.23082930205795,,
9-35,GPS_TRACKING,92.57677542707768,0.2,200,FogNode_7,0,0.0,1727.0272900361456,52.66240123368844,129.10385198846433,76.44145075477589,0.0,6.345127024475974,,
7-3,SENSOR_DATA_LOGGING,334.72497936891233,0.1,10000,CloudNode,0,0.0,12000.0,15.645209685860301,129.25244855323044,113.60723886737014,0.0,13.946874140371346,,
8-16,GPS_TRACKING,112.77233204623971,0.2,200,FogNode_3,0,0.0,1899.4436001125757,21.82032152858085,129.63393720743787,107.81361567885702,17.7619283119812,5.354192110382228,,
1-32,GPS_TRACKING,100.30144157168884,0.2,200,FogNode_7,0,0.0,1727.0272900361456,50.85866838525086,130.05458189600006,79.1959135107492,0.0,6.874568535947013,,
2-20,SENSOR_DATA_LOGGING,283.82338473972175,0.1,10000,CloudNode,0,0.0,12000.0,36.396348391361954,130.41643405472217,94.02008566336022,0.0,11.825974364155073,,
3-32,GPS_TRACKING,71.61439931961601,0.2,200,FogNode_7,0,0.0,1727.0272900361456,63.36653367131313,131.37088275061356,68.00434907930043,0.0,4.908385049795132,,
9-1,SMART_HOME_CONTROL,442.0847104753777,0.1,150,CloudNode,0,0.0,12000.0,3.0989188307726963,132.78624576589135,129.68732693511865,0.0,18.420196269807402,,
8-0,GPS_TRACKING,589.8027568263042,0.2,200,CloudNode,0,0.0,12000.0,1.8786081987527694,132.8105546077897,130.93194640903693,0.0,24.57511486776267,,
0-4,GPS_TRACKING,545.7908124142132,0.2,200,CloudNode,0,0.0,12000.0,13.736931283954636,134.3155824375639,120.57865115360927,0.0,22.741283850592215,,
1-0,SMART_HOME_CONTROL,376.10486533758365,0.1,150,CloudNode,0,0.0,12000.0,0.541584524550689,137.79437642643387,137.25279190188317,0.0,15.67103605573265,,
8-22,SENSOR_DATA_LOGGING,528.1145169920804,0.1,10000,CloudNode,0,0.0,12000.0,29.424706777567163,138.35881500043678,108.93410822286961,0.0,22.004771541336687,,
2-10,E_COMMERCE_TRANSACTION,71.1684453012085,0.5,300,FogNode_3,0,0.0,1899.4436001125757,18.182338521524944,138.4225352204199,120.24019669889495,37.27054349926436,3.378927449896656,,
6-4,GPS_TRACKING,427.7811593977964,0.2,200,CloudNode,0,0.0,12000.0,7.6726918717685155,138.69555622193428,131.02286435016578,0.0,17.824214974908184,,
2-1,SMART_HOME_CONTROL,186.46773733939722,0.1,150,CloudNode,0,0.0,12000.0,4.102184368896847,140.36610333421012,136.26391896531328,15.199586035249666,7.769489055808218,,
1-19,GPS_TRACKING,177.3528936728561,0.2,200,CloudNode,0,0.0,12000.0,31.79612851674952,140.53246218186902,108.7363336651195,15.746683446201331,7.389703903035672,,
6-5,SENSOR_DATA_LOGGING,160.27955100124063,0.1,10000,CloudNode,0,0.0,12000.0,12.692927418862112,141.48457326815097,128.79164584928884,14.763278719560375,6.678314625051693,,
6-18,E_COMMERCE_TRANSACTION,80.3607325865752,0.5,300,FogNode_7,0,0.0,1727.0272900361456,48.58005353732501,143.3791818304686,94.79912829314361,0.0,5.507850685979127,,
6-16,SENSOR_DATA_LOGGING,57.489273407645804,0.1,10000,FogNode_3,0,0.8571428571428571,1899.4436001125757,43.625855179760165,143.9522580367406,100.32640285698044,48.42928447233713,2.7294692636542632,,
2-15,GPS_TRACKING,220.8713440567315,0.2,200,CloudNode,0,0.0,12000.0,23.943390625056836,147.1664173107234,123.22302668566657,14.977441375252198,9.202972669030478,,
1-10,SMART_HOME_CONTROL,662.5925470494204,0.1,150,CloudNode,0,0.0,12000.0,14.460432999460433,149.7726801729578,135.31224717349735,0.0,27.60802279372585,,
9-21,GPS_TRACKING,104.26333064970217,0.2,200,FogNode_3,0,0.5714285714285714,1899.4436001125757,36.901553072156595,152.46511972097113,115.56356664881454,37.45507247645796,4.950202698104292,,
1-13,SMART_HOME_CONTROL,600.9985415158984,0.1,150,CloudNode,0,0.0,12000.0,16.59548690108689,154.21249514317324,137.61700824208634,0.0,25.041605896495767,,
6-10,SENSOR_DATA_LOGGING,670.0586563639391,0.1,10000,CloudNode,0,0.0,12000.0,31.32829714789211,155.4112371587262,124.08294001083411,0.0,27.919110681830798,,
1-23,SMART_HOME_CONTROL,305.692670817902,0.1,150,CloudNode,0,0.0,12000.0,44.303945870667725,159.78997167238907,115.48602580172135,19.33931881808678,12.737194617412584,,
5-0,SENSOR_DATA_LOGGING,786.2078199688061,0.1,10000,CloudNode,0,0.0,12000.0,0.2707581022814436,161.10078379368383,160.8300256914024,0.0,32.75865916536692,,
1-39,E_COMMERCE_TRANSACTION,80.23277380133304,0.5,300,FogNode_7,0,0.0,1727.0272900361456,62.69030828226245,161.3794152436942,98.68910696143176,0.0,5.49908050855057,,
8-27,SENSOR_DATA_LOGGING,133.22797809030652,0.1,10000,FogNode_3,0,0.5714285714285714,1899.4436001125757,33.32886507819322,161.5234390818674,128.19457400367418,35.63926301192466,6.325382974973077,,
6-1,GPS_TRACKING,258.189299267717,0.2,200,CloudNode,0,0.0,12000.0,1.8726037235874622,162.04823712084544,160.17563339725797,23.71409874161769,10.757887469488209,,
9-4,E_COMMERCE_TRANSACTION,751.4784953029148,0.5,300,CloudNode,0,0.0,12000.0,5.476058105386158,164.1593258658606,158.68326776047445,0.0,31.31160397095478,,
8-12,SENSOR_DATA_LOGGING,759.0993023182014,0.1,10000,CloudNode,0,0.0,12000.0,14.40194444446215,164.31442934031347,149.91248489585132,0.0,31.629137596591722,,
9-20,SENSOR_DATA_LOGGING,618.7026074761038,0.1,10000,CloudNode,0,0.0,12000.0,28.30714736877224,168.11164933684884,139.8045019680766,8.094348791473735,25.77927531150433,,
9-0,HEALTH_MONITORING,94.74560168218372,1.0,100,FogNode_3,0,0.0,1899.4436001125757,2.526766878329815,171.08155879105857,168.55479191272875,32.73068011550967,4.498321031546675,,
5-8,SENSOR_DATA_LOGGING,881.0368665999703,0.1,10000,CloudNode,0,0.0,12000.0,11.627976715080539,173.940173585176,162.31219687009548,0.0,36.709869441665425,,
8-7,SENSOR_DATA_LOGGING,504.1753626065266,0.1,10000,CloudNode,0,0.0,12000.0,6.134702813010946,174.80085931643524,168.6661565034243,18.024940384302084,21.007306775271942,,
8-18,GPS_TRACKING,430.58106161912326,0.2,200,CloudNode,0,0.0,12000.0,24.095716812400205,177.36632840307792,153.2706115906777,24.05586304438725,17.94087756746347,,
1-21,E_COMMERCE_TRANSACTION,93.00865552007237,0.5,300,FogNode_3,0,0.7142857142857143,1899.4436001125757,39.88173594224728,178.60020054611238,138.7184646038651,40.673267165188804,4.415854496816134,,
5-12,SMART_HOME_CONTROL,491.75106454968636,0.1,150,CloudNode,0,0.0,12000.0,19.827520023749862,179.67481160107482,159.84729157732497,22.255724494068403,20.489627689570266,,
5-15,SENSOR_DATA_LOGGING,701.9405262411238,0.1,10000,CloudNode,0,0.0,12000.0,25.204197485902675,185.21792427919027,160.0137267932876,14.825528416875244,29.247521926713492,,
9-26,E_COMMERCE_TRANSACTION,89.77568702225255,0.5,300,FogNode_3,0,0.7142857142857143,1899.4436001125757,41.77197064894042,185.68673775685306,143.91476710791264,48.683786601432914,4.262359981716069,,
4-4,GPS_TRACKING,553.1775610971647,0.2,200,CloudNode,0,0.0,12000.0,10.394379745267809,186.46423342564051,176.06985368037272,23.774478810343197,23.049065045715196,,
8-25,SENSOR_DATA_LOGGING,829.3961674266842,0.1,10000,CloudNode,0,0.0,12000.0,30.154944149649864,186.65581787795534,156.50087372830546,8.91623382678317,34.558173642778506,,
3-7,SENSOR_DATA_LOGGING,967.1054838878773,0.1,10000,CloudNode,0,0.0,12000.0,9.271355425357033,188.20820664741873,178.9368512220617,0.0,40.29606182866156,,
2-5,SENSOR_DATA_LOGGING,615.7492016216202,0.1,10000,CloudNode,0,0.0,12000.0,8.509990505664499,189.1068098949022,180.5968193892377,22.57829792353286,25.65621673423417,,
0-52,SENSOR_DATA_LOGGING,90.23116379996122,0.1,10000,FogNode_7,0,0.75,1727.0272900361456,122.02582650934558,189.32106066592587,67.29523415658029,0.0,6.184360961330201,,
9-3,SMART_HOME_CONTROL,410.4513382884708,0.1,150,CloudNode,0,0.0,12000.0,5.256123659103574,189.61551534943212,184.35939169032855,36.69532259182897,17.10213909535295,,
5-1,SMART_HOME_CONTROL,823.1275681127343,0.1,150,CloudNode,0,0.0,12000.0,0.9553311534482788,190.6498656069508,189.69453445350254,13.206615872043983,34.29698200469726,,
6-29,HEALTH_MONITORING,84.04294982792297,1.0,100,FogNode_7,0,0.0,1727.0272900361456,59.816101666797756,193.96284168697076,134.146740020173,0.0,5.760226468353087,,
9-14,HEALTH_MONITORING,95.23825302421534,1.0,100,FogNode_3,0,0.0,1899.4436001125757,20.421593169334056,194.09233748872896,173.6707443193949,34.856686377696136,4.5217110766119255,,
2-3,SENSOR_DATA_LOGGING,771.0275909075792,0.1,10000,CloudNode,0,0.0,12000.0,5.0716620625696756,194.66873329702042,189.59707123445074,16.011207830897646,32.12614962114913,,
7-6,E_COMMERCE_TRANSACTION,149.90350230203126,0.5,300,FogNode_3,0,0.0,1899.4436001125757,17.644180509571544,197.23535367210144,179.59117316252988,46.746452114908436,7.1171016399227,,
5-25,SENSOR_DATA_LOGGING,326.53687644576775,0.1,10000,CloudNode,0,0.0,12000.0,41.648383294557725,201.15157995565664,159.5031966610989,50.778007074511635,13.605703185240323,,
7-4,SMART_HOME_CONTROL,791.1663829642445,0.1,150,CloudNode,0,0.0,12000.0,17.428823446221287,204.28934691412383,186.86052346790254,21.951487144319103,32.965265956843524,,
4-18,SMART_HOME_CONTROL,688.9639038497589,0.1,150,CloudNode,0,0.0,12000.0,50.75102560867768,204.58007596487,153.8290503561923,29.714519780736637,28.706829327073287,,
9-12,SENSOR_DATA_LOGGING,911.2414716263031,0.1,10000,CloudNode,0,0.0,12000.0,18.833691254083398,205.18923785542236,186.35554660133897,15.20681166959426,37.96839465109596,,
3-1,SENSOR_DATA_LOGGING,690.1273607938579,0.1,10000,CloudNode,0,0.0,12000.0,3.958323395603477,207.28329357244593,203.32497017684244,32.14594959621718,28.755306699744075,,
4-6,E_COMMERCE_TRANSACTION,570.5871065794062,0.5,300,CloudNode,0,0.0,12000.0,18.34206166954512,208.64970934196768,190.30764767242255,40.169230404061324,23.774462774141924,,
0-9,SENSOR_DATA_LOGGING,911.3608666844908,0.1,10000,CloudNode,0,0.0,12000.0,22.994010109181506,208.75729349816393,185.76328338898242,17.966168952587125,37.97336944518712,,
4-58,SENSOR_DATA_LOGGING,120.22102407132881,0.1,10000,FogNode_7,0,0.75,1727.0272900361456,124.35785097523369,209.47821492174558,85.12036394651189,0.0,8.239838396035227,,
8-20,GPS_TRACKING,358.34422966710076,0.2,200,CloudNode,0,0.0,12000.0,26.479581301771013,209.53683073999989,183.05724943822887,55.18366126499782,14.931009569462532,,
0-24,SENSOR_DATA_LOGGING,570.5061552331904,0.1,10000,CloudNode,0,0.0,12000.0,56.48809323949433,209.5904167236113,153.10232348411697,40.90266886011038,23.77108980138293,,
2-76,SMART_HOME_CONTROL,86.30805437533763,0.1,150,FogNode_3,1,1.0,1899.4436001125757,146.297473441584,216.52015689959012,70.22268345800612,6.672858813101783,4.097724108510903,,
5-11,SENSOR_DATA_LOGGING,752.4241763128451,0.1,10000,CloudNode,0,0.0,12000.0,19.698336742502796,222.49198636512617,202.79364962262338,40.92160721376581,31.351007346368544,,
3-10,GPS_TRACKING,548.1979166126832,0.2,200,CloudNode,0,0.0,12000.0,12.276259405661905,223.04948812080153,210.77322871513962,53.12244383028694,22.841579858861802,,
6-60,GPS_TRACKING,124.38019919966835,0.2,200,FogNode_7,0,0.75,1727.0272900361456,122.0635915607132,223.9637974812374,101.9002059205242,0.0,8.524904433220149,,
3-69,SENSOR_DATA_LOGGING,118.04761740353439,0.1,10000,FogNode_3,1,1.0,1899.4436001125757,146.4962185029009,224.96173676901265,78.46551826611176,0.0,5.604651515872405,,
2-25,GPS_TRACKING,203.1420112985092,0.2,200,CloudNode,0,0.0,12000.0,50.5121841166983,225.57821028351012,175.0660261668118,76.33786073548592,8.464250470771217,,
7-8,SENSOR_DATA_LOGGING,471.9058697061743,0.1,10000,CloudNode,0,0.0,12000.0,21.72862719140107,225.7897225678217,204.06109537642064,61.0816509137554,19.6627445710906,,
1-26,SMART_HOME_CONTROL,742.3579651251982,0.1,150,CloudNode,0,0.0,12000.0,47.79584212844582,226.17759310074666,178.38175097230084,41.70012850430837,30.931581880216594,,
9-78,SENSOR_DATA_LOGGING,134.80162116152178,0.1,10000,FogNode_7,0,0.75,1727.0272900361456,127.95733611485821,226.59562945942346,98.63829334456526,0.0,9.23917910760336,,
2-8,SENSOR_DATA_LOGGING,720.8555410654614,0.1,10000,CloudNode,0,0.0,12000.0,13.78964433993734,228.1829444256373,214.39330008569993,45.05859073193061,30.035647544394223,,
4-9,HEALTH_MONITORING,145.65913088089872,1.0,100,FogNode_3,0,0.0,1899.4436001125757,24.872470057591357,229.15027682290656,204.2778067653152,40.823293765714936,6.915587850465534,,
3-11,GPS_TRACKING,417.67298430495134,0.2,200,CloudNode,0,0.0,12000.0,13.261983280683104,229.47481532243305,216.21283204174995,66.10915346075134,17.403041012706307,,
2-9,GPS_TRACKING,656.768126507779,0.2,200,CloudNode,0,0.0,12000.0,17.17407065364041,229.5315365254168,212.3574658717764,51.06991224895185,27.365338604490795,,
0-1,SMART_HOME_CONTROL,533.6623409649214,0.1,150,CloudNode,0,0.0,12000.0,8.84451280515869,229.68978602626706,220.84527322110836,60.679393774968304,22.235930873538393,,
9-18,SENSOR_DATA_LOGGING,246.77435855158225,0.1,10000,CloudNode,0,0.0,12000.0,26.10034834840477,230.15494660290983,204.05459825450507,76.67012818617869,10.282264939649261,,
0-15,GPS_TRACKING,319.43710060785844,0.2,200,CloudNode,0,0.0,12000.0,31.804669672726334,231.1998343488582,199.39516467613186,73.8362157711112,13.309879191994101,,
9-9,E_COMMERCE_TRANSACTION,519.6751083591519,0.5,300,CloudNode,0,0.0,12000.0,13.47261067698233,232.92177437936144,219.4491637023791,61.45599254631421,21.65312951496466,,
2-24,GPS_TRACKING,537.5018923915572,0.2,200,CloudNode,0,0.0,12000.0,47.93941040850097,233.00003101338183,185.06062060488085,60.426367391339284,22.39591218298155,,
9-5,GPS_TRACKING,335.05352920707537,0.2,200,CloudNode,0,0.0,12000.0,6.3323903377283255,233.1103652893453,226.77797495161698,74.19781779989498,13.960563716961474,,
1-4,SENSOR_DATA_LOGGING,859.8201124441568,0.1,10000,CloudNode,0,0.0,12000.0,6.18060945704689,235.81100190287367,229.63039244582677,41.57614587832926,35.82583801850654,,
1-12,GPS_TRACKING,992.3083732935265,0.2,200,CloudNode,0,0.0,12000.0,15.947348945368423,236.90485958430045,220.95751063893204,36.00444910347083,41.346182220563605,,
5-62,HEALTH_MONITORING,52.5155190910497,1.0,100,FogNode_7,0,0.75,1727.0272900361456,122.93361502768403,239.84724424641425,116.91362921873022,0.0,3.599365368385265,,
8-5,E_COMMERCE_TRANSACTION,202.93555647894792,0.5,300,CloudNode,0,0.0,12000.0,4.272400685423178,239.96078449404718,235.688383808624,89.79815461059303,8.45564818662283,,
5-17,E_COMMERCE_TRANSACTION,491.57381779251426,0.5,300,CloudNode,0,0.0,12000.0,28.571217709188254,242.11606477169948,213.54484706251122,72.31283438467773,20.482242408021428,,
3-61,SENSOR_DATA_LOGGING,168.11456812413786,0.1,10000,FogNode_7,0,0.5,1727.0272900361456,130.00175268914137,243.7613455657539,113.75959287661254,0.0,11.522417847150184,,
1-88,SMART_HOME_CONTROL,115.82664511810549,0.1,150,FogNode_3,1,1.0,1899.4436001125757,149.87033221123164,246.6659872124519,96.79565500122027,17.116360835588864,5.499204443241636,,
5-31,SENSOR_DATA_LOGGING,166.7073676994429,0.1,10000,CloudNode,0,0.0,12000.0,50.76202395405774,247.00264593096554,196.2406219769078,96.75418883261798,6.9461403208101204,,
0-78,SENSOR_DATA_LOGGING,61.2615029481404,0.1,10000,FogNode_3,0,1.0,1899.4436001125757,154.0762366527379,248.7724980296503,94.69626137691242,44.54758411431919,2.9085667539498927,,
3-27,SENSOR_DATA_LOGGING,485.0282157714884,0.1,10000,CloudNode,0,0.0,12000.0,54.58068979061145,249.95584872095725,195.3751589303458,76.80435308154551,20.20950899047868,,
5-72,GPS_TRACKING,137.59664835759142,0.2,200,FogNode_3,2,1.0,1899.4436001125757,138.62000105413534,251.04070278025944,112.4207017261241,13.96223798894269,6.532798211082298,,
1-2,GPS_TRACKING,307.8367710314241,0.2,200,CloudNode,0,0.0,12000.0,3.6974256237199397,251.4427868204404,247.74536119672047,92.11615020591634,12.826532126309338,,
4-62,SENSOR_DATA_LOGGING,157.88034322608377,0.1,10000,FogNode_7,0,0.25,1727.0272900361456,132.19828000614908,252.79681445733343,120.59853445118435,8.346791815294637,10.820973487313317,,
6-12,GPS_TRACKING,264.76348212022185,0.2,200,CloudNode,0,0.0,12000.0,34.521275615858755,257.87462541289216,223.3533497970334,99.07580147479732,11.031811755009244,,
4-25,SENSOR_DATA_LOGGING,96.96563508721523,0.1,10000,CloudNode,0,0.0,12000.0,65.53855597107612,259.52325641104164,193.98470043996554,111.9113611955058,4.040234795300634,,
1-16,SENSOR_DATA_LOGGING,434.6374165860584,0.1,10000,CloudNode,0,0.0,12000.0,26.820331268179626,262.39737781625155,235.57704654807193,92.44791517633846,18.109892357752436,,
6-22,SENSOR_DATA_LOGGING,411.035272154821,0.1,10000,CloudNode,0,0.0,12000.0,52.01988971020738,263.7277546686681,211.70786495846073,94.93999257094023,17.12646967311754,,
2-64,E_COMMERCE_TRANSACTION,128.60740783411592,0.5,300,FogNode_7,0,0.75,1727.0272900361456,120.10074275950014,263.78856246864734,143.68781970914722,19.62802115433024,8.814633424328282,,
4-14,SMART_HOME_CONTROL,940.7460010545626,0.1,150,CloudNode,0,0.0,12000.0,38.53042534204835,265.05131796583555,226.5208926237872,59.4910593259728,39.19775004394011,,
2-19,SMART_HOME_CONTROL,677.8818984033179,0.1,150,CloudNode,0,0.0,12000.0,31.12491216913911,265.24745169844044,234.12253952930132,76.04555004190905,28.24507910013825,,
0-8,SMART_HOME_CONTROL,541.2912456563832,0.1,150,CloudNode,0,0.0,12000.0,22.394109870407203,267.59959016982475,245.20548029941756,89.45160018313072,22.553801902349303,,
5-13,SENSOR_DATA_LOGGING,730.0209233883168,0.1,10000,CloudNode,0,0.0,12000.0,20.0742025370673,268.11837052147234,248.04416798440505,75.22995829217044,30.417538474513197,,
9-17,SMART_HOME_CONTROL,356.65135301659967,0.1,150,CloudNode,0,0.0,12000.0,24.763304135624185,269.6817305787638,244.9184264431396,102.36689959323334,14.860473042358318,,
0-5,SMART_HOME_CONTROL,804.5389713904411,0.1,150,CloudNode,0,0.0,12000.0,14.20778617421224,271.3342611966606,257.12647502244835,74.08473941930234,33.522457141268376,,
9-33,SMART_HOME_CONTROL,987.0861386216943,0.1,150,CloudNode,0,0.0,12000.0,51.46380712572622,271.36398811337676,219.90018098765054,61.1742959373335,41.12858910923727,,
9-32,SENSOR_DATA_LOGGING,996.5030910331662,0.1,10000,CloudNode,0,0.0,12000.0,50.4882973549246,273.6917898597147,223.20349250479006,62.308426570110385,41.520962126381924,,
2-23,SMART_HOME_CONTROL,307.9279128855205,0.1,150,CloudNode,0,0.0,12000.0,47.48687073569271,275.616508128084,228.12963739239126,111.4723555222441,12.830329703563354,,
2-77,GPS_TRACKING,96.51021592447569,0.2,200,FogNode_3,1,1.0,1899.4436001125757,146.86619567339318,275.77146648078497,128.9052708073918,51.49660378862194,4.582101188279391,,
1-35,SMART_HOME_CONTROL,180.28018055349384,0.1,150,CloudNode,0,0.0,12000.0,52.856809692350744,280.0746663452934,227.21785665294266,122.64437356934485,7.51167418972891,,
9-23,SENSOR_DATA_LOGGING,410.5027492509159,0.1,10000,CloudNode,0,0.0,12000.0,39.963066121064806,281.21120836854186,241.24814224747706,108.9012735283597,17.10428121878816,,
5-4,VOICE_ASSISTANT,71.69550700751616,2.0,150,FogNode_3,0,0.0,1899.4436001125757,4.064845126754583,284.41151806331106,280.3466729365565,69.59365178204206,3.403951226370835,,
0-6,SENSOR_DATA_LOGGING,724.4908128760217,0.1,10000,CloudNode,0,0.0,12000.0,19.11290890021154,285.95244468984527,266.8395357896337,92.19589374610413,30.18711720316757,,
8-71,SENSOR_DATA_LOGGING,231.2987915311207,0.1,10000,FogNode_7,0,0.25,1727.0272900361456,136.66011376172833,286.57804426662716,149.91793050489883,0.0,15.853006394987117,,
5-34,GPS_TRACKING,652.8526329480806,0.2,200,CloudNode,0,0.0,12000.0,58.118623662471286,287.40441709238854,229.28579342991725,96.71809525003422,27.202193039503356,,
7-14,GPS_TRACKING,338.37922777927554,0.2,200,CloudNode,0,0.0,12000.0,31.71118001021489,291.92602365027443,260.21484364005954,122.02401775977685,14.099134490803147,,
9-127,SENSOR_DATA_LOGGING,68.01883580520507,0.1,10000,FogNode_1,0,0.2,1597.9384595498836,235.69384765727878,292.2464592120386,56.55261155475981,0.0,5.618871931496152,,
9-19,GPS_TRACKING,277.92002529936644,0.2,200,CloudNode,0,0.0,12000.0,26.465777248562407,292.8417326870443,266.3759554384819,126.22537976905915,11.580001054140268,,
0-79,SENSOR_DATA_LOGGING,190.06308292525935,0.1,10000,FogNode_3,0,1.0,1899.4436001125757,155.67767961852206,294.15484153675374,138.47716191823167,23.477478253890894,9.023793696631982,,
6-118,SENSOR_DATA_LOGGING,57.918975043515,0.1,10000,FogNode_1,0,0.2,1597.9384595498836,242.84276414717652,297.1785236908557,54.33575954367916,0.0,4.7845467997282105,,
0-18,SENSOR_DATA_LOGGING,814.5590049607156,0.1,10000,CloudNode,0,0.0,12000.0,38.812317720072826,298.03486368296944,259.2225459628966,94.09563839934151,33.93995854002982,,
6-28,GPS_TRACKING,298.02710666289505,0.2,200,CloudNode,0,0.0,12000.0,59.464833174246785,298.5273820816226,239.0625489073758,129.2502942274342,12.41779611095396,,
0-126,SMART_HOME_CONTROL,67.552981834694,0.1,150,FogNode_1,0,0.2,1597.9384595498836,237.92958321452343,299.0881084785242,61.15852526400076,0.0,5.580388858857611,,
0-29,SENSOR_DATA_LOGGING,849.9783216944866,0.1,10000,CloudNode,0,0.0,12000.0,68.90896801445854,300.3630633332907,231.45409531883217,94.79690687389086,35.41576340393694,,
0-19,GPS_TRACKING,179.1039665576035,0.2,200,CloudNode,0,0.0,12000.0,44.6626664238225,300.87777523631223,256.21510881248975,140.2332390888268,7.46266527323348,,
4-13,SENSOR_DATA_LOGGING,395.75313749124354,0.1,10000,CloudNode,0,0.0,12000.0,37.95980900680255,301.0977986457426,263.13798963894004,124.95932620754687,16.489714062135146,,
7-71,SENSOR_DATA_LOGGING,200.8208675698078,0.1,10000,FogNode_3,0,1.0,1899.4436001125757,155.84448995656862,302.96150819330205,147.11701823673343,25.785801591784093,9.534550587297462,,
1-30,SMART_HOME_CONTROL,902.5954919570333,0.1,150,CloudNode,0,0.0,12000.0,48.62738272535927,303.39923542205673,254.77185269669747,93.93753471831678,37.60814549820972,,
7-25,SENSOR_DATA_LOGGING,169.8429815640901,0.1,10000,CloudNode,0,0.0,12000.0,60.593268158547986,306.07960544728195,245.48633728873398,146.04627822954652,7.076790898503754,,
9-30,SMART_HOME_CONTROL,901.6775048611621,0.1,150,CloudNode,0,0.0,12000.0,45.37692753508491,306.3396264206217,260.9626988855368,95.13172516798522,37.569896035881754,,
0-7,GPS_TRACKING,894.1295554733413,0.2,200,CloudNode,0,0.0,12000.0,21.041336110493543,307.43257066880653,286.391234558313,96.84961106457368,37.255398144722555,,
0-16,GPS_TRACKING,957.1291985394822,0.2,200,CloudNode,0,0.0,12000.0,33.877130979772865,309.4505525712239,275.57342159145105,94.79187495142193,39.880383272478426,,
7-15,GPS_TRACKING,280.3406512511208,0.2,200,CloudNode,0,0.0,12000.0,44.31467526649093,310.76613802998196,266.451462763491,141.599397329183,11.680860468796698,,
0-31,SMART_HOME_CONTROL,479.50422162249856,0.1,150,CloudNode,0,0.0,12000.0,69.77408898006603,311.2929463318688,241.51885735180275,127.83602560077122,19.979342567604107,,
1-37,SMART_HOME_CONTROL,923.7980327362242,0.1,150,CloudNode,0,0.0,12000.0,58.5959527281786,313.8880289789858,255.2920762508072,99.533409137792,38.491584697342674,,
4-23,GPS_TRACKING,259.4475382549807,0.2,200,CloudNode,0,0.0,12000.0,63.485364699698394,314.46236087495936,250.97699617526098,146.8724834350721,10.81031409395753,,
3-30,SENSOR_DATA_LOGGING,669.7122452810071,0.1,10000,CloudNode,0,0.0,12000.0,57.5591620122894,318.20673158966883,260.64756957737944,121.72146906718547,27.90467688670863,,
7-68,GPS_TRACKING,80.64591698820621,0.2,200,FogNode_3,0,1.0,1899.4436001125757,152.87314007351665,318.22911933419243,165.35597926067578,95.2075818894674,3.8288977858128064,,
6-113,SENSOR_DATA_LOGGING,104.2953003097602,0.1,10000,FogNode_1,0,0.2,1597.9384595498836,237.94901030395894,319.9706872113808,82.02167690742183,0.0,8.61558314781725,,
0-26,SENSOR_DATA_LOGGING,750.0177072801862,0.1,10000,CloudNode,0,0.0,12000.0,64.57623862343891,320.3761010195743,255.7998623961354,118.05368440533744,31.25073780334109,,
2-7,GPS_TRACKING,959.9961785992909,0.2,200,CloudNode,0,0.0,12000.0,13.137078102524171,322.1157463216404,308.97866821911623,104.50600414718642,39.99984077497046,,
0-88,SENSOR_DATA_LOGGING,158.37381131320694,0.1,10000,FogNode_3,0,0.8571428571428571,1899.4436001125757,162.59864257964412,332.1515524558099,169.55290987616578,68.68287759670955,7.519254019475699,,
4-35,SMART_HOME_CONTROL,155.71850490556966,0.1,150,CloudNode,0,0.125,12000.0,78.04317566424919,333.35264309503845,255.30946743078925,166.60747229670642,6.488271037732069,,
9-31,GPS_TRACKING,402.48745537789154,0.2,200,CloudNode,0,0.0,12000.0,47.44768168351598,334.4183965178032,286.97071483428726,150.96708234877946,16.770310640745482,,
8-28,GPS_TRACKING,240.0114054703192,0.2,200,CloudNode,0,0.0,12000.0,35.156071855967824,334.4633113308193,299.3072394748515,161.26910161973336,10.000475227929966,,
8-32,GPS_TRACKING,654.6386032877685,0.2,200,CloudNode,0,0.0,12000.0,44.09242329224306,334.62788328594075,290.5354599936977,134.47048390708255,27.27660847032369,,
1-43,SENSOR_DATA_LOGGING,731.6575922994134,0.1,10000,CloudNode,0,0.0,12000.0,73.00871306731673,336.5879741530351,263.5792610857184,130.32087300387965,30.48573301247556,,
3-29,SENSOR_DATA_LOGGING,177.95081609096837,0.1,10000,CloudNode,0,0.0,12000.0,57.40611895310637,336.94498099588776,279.5388620427814,168.2077915310379,7.4146173371236825,,
8-42,SENSOR_DATA_LOGGING,797.3861978140706,0.1,10000,CloudNode,0,0.0,12000.0,67.10044331168301,337.812837931216,270.712394619533,127.64599525665415,33.22442490891961,,
4-24,GPS_TRACKING,940.1144954870923,0.2,200,CloudNode,0,0.0,12000.0,64.90919934381509,337.866131034966,272.9569316911509,118.87088201090984,39.17143731196218,,
3-28,GPS_TRACKING,99.67138505382259,0.2,200,CloudNode,0,0.0,12000.0,55.3732636256974,342.7243452722884,287.351081646591,180.40061657584914,4.152974377242608,,
8-29,SENSOR_DATA_LOGGING,933.7483202894023,0.1,10000,CloudNode,0,0.0,12000.0,36.86997433517484,343.0598117225573,306.18983738738245,122.15071386641446,38.90618001205843,,
7-20,SMART_HOME_CONTROL,935.5907047932401,0.1,150,CloudNode,0,0.0,12000.0,52.91023295218944,345.5654822359281,292.6552492837386,124.49679202273856,38.98294603305167,,
7-51,HEALTH_MONITORING,160.78011356490651,1.0,100,FogNode_7,0,0.75,1727.0272900361456,124.96259570752048,345.89326666310114,220.93067095558067,34.934498608988946,11.019721078777346,,
5-26,E_COMMERCE_TRANSACTION,549.4562722027651,0.5,300,CloudNode,0,0.0,12000.0,41.971924446211666,346.1510860168545,304.1791615706428,151.32976148896023,22.894011341781884,,
6-92,SMART_HOME_CONTROL,208.212621122475,0.1,150,FogNode_7,0,1.0,1727.0272900361456,192.8741014188399,347.15690971465165,154.28280829581175,11.235136883404863,14.27070151262555,,
1-8,VOICE_ASSISTANT,120.69215485625547,2.0,150,FogNode_3,0,0.0,1899.4436001125757,12.777347206272875,347.95231224593505,335.1749650396622,101.44310058790907,5.730208567926306,,
1-38,GPS_TRACKING,568.7468637154723,0.2,200,CloudNode,0,0.0,12000.0,60.79662411755195,348.493370622032,287.69674650448,151.12528323892965,23.69778598814468,,
9-38,GPS_TRACKING,834.26514805389,0.2,200,CloudNode,0,0.0,12000.0,58.6570347898072,350.73330403969936,292.07626924989216,135.50937234383517,34.76104783557875,,
8-30,GPS_TRACKING,539.5385352606868,0.2,200,CloudNode,0,0.0,12000.0,37.98005075046529,352.39411527386375,314.41406452339845,155.8147273188732,22.480772302528617,,
2-89,GPS_TRACKING,99.43500545485928,0.2,200,FogNode_3,0,1.0,1899.4436001125757,163.08102409234075,355.31105173803587,192.23002764569512,114.50804257077618,4.720964016988895,,
1-45,GPS_TRACKING,223.0820889817125,0.2,200,CloudNode,0,0.041666666666666664,12000.0,77.14066082840773,356.4030120130254,279.2623511846176,182.65394221303353,9.295087040904688,,
7-62,E_COMMERCE_TRANSACTION,75.56806605561108,0.5,300,FogNode_3,1,1.0,1899.4436001125757,144.5162974072383,358.0134362000011,213.49713879276277,127.91924153723073,3.587812149755815,,
2-13,VOICE_ASSISTANT,51.923733442211876,2.0,150,FogNode_3,0,0.0,1899.4436001125757,23.667303769952056,359.4878384287835,335.82053465883143,134.5388834867358,2.46522918249034,,
8-83,GPS_TRACKING,291.88995329186974,0.2,200,FogNode_4,0,0.0,1758.3565909566523,170.73657082928352,360.00741234429466,189.27084151501114,0.0,24.315483822128886,,
1-3,HEALTH_MONITORING,651.3080549153522,1.0,100,CloudNode,0,0.0,12000.0,4.423577231164556,360.355276690228,355.93169945906345,155.2598885972285,27.13783562147301,,
9-28,SENSOR_DATA_LOGGING,287.7967622239369,0.1,10000,CloudNode,0,0.0,12000.0,43.391637684726845,360.5710376716965,317.17939998696966,181.93613237817368,11.991531759330705,,
3-22,SENSOR_DATA_LOGGING,762.0387042255588,0.1,10000,CloudNode,0,0.0,12000.0,45.19366314549993,362.0306074337525,316.83694428825254,149.7486165655235,31.75161267606495,,
7-23,SMART_HOME_CONTROL,739.6726358171717,0.1,150,CloudNode,0,0.0,12000.0,57.425394829752065,365.0386217401544,307.6132269104023,152.66975398533515,30.81969315904882,,
4-76,SENSOR_DATA_LOGGING,260.6088649187802,0.1,10000,FogNode_3,0,0.8571428571428571,1899.4436001125757,161.94886314409788,366.35301603734524,204.40415289324736,53.68967009512642,12.373158407965436,,
1-1,HEALTH_MONITORING,603.5502857826639,1.0,100,CloudNode,0,0.0,12000.0,1.4435521860759897,368.5025887382242,367.0590365521482,164.91453958757037,25.14792857427766,,
6-27,SMART_HOME_CONTROL,398.9602919115253,0.1,150,CloudNode,0,0.0,12000.0,56.048975377232935,370.1916719885149,314.14269661128196,182.01796362354736,16.623345496313554,,
3-15,E_COMMERCE_TRANSACTION,770.5021729692202,0.5,300,CloudNode,0,0.0,12000.0,30.078658219577058,370.54814083472337,340.4694826151463,155.0024229599985,32.104257207050836,,
2-35,SENSOR_DATA_LOGGING,109.33612021015844,0.1,10000,CloudNode,0,0.0,12000.0,71.5421342675263,371.14195078459903,299.5998165170727,199.7628884889508,4.555671675423269,,
3-4,HEALTH_MONITORING,412.43198549268925,1.0,100,CloudNode,0,0.0,12000.0,6.749339921271594,372.23546315935675,365.48612323808516,182.58136313970908,17.184666062195387,,
3-65,HEALTH_MONITORING,150.48600716165328,1.0,100,FogNode_7,0,0.25,1727.0272900361456,135.70951066651995,373.71390368810955,238.0043930215896,65.82951914293363,10.31417249566037,,
3-18,SENSOR_DATA_LOGGING,780.3474546416676,0.1,10000,CloudNode,0,0.0,12000.0,34.08912501950585,375.7950925834542,341.7059675639484,158.38354871249314,32.514477276736145,,
2-2,HEALTH_MONITORING,531.9801578411718,1.0,100,CloudNode,0,0.0,12000.0,4.108634290173629,378.7949911509169,374.6863568607433,180.25926537172913,22.165839910048827,,
5-27,SMART_HOME_CONTROL,986.0131964808653,0.1,150,CloudNode,0,0.0,12000.0,42.07541769705878,380.2026300563749,338.1272123593161,150.82189894254424,41.08388318670272,,
9-147,SMART_HOME_CONTROL,106.33549957654546,0.1,150,FogNode_9,0,0.0,1349.236560939329,281.77729809384414,380.4930528694251,98.71575477558099,0.0,10.69518600871511,,
6-94,GPS_TRACKING,192.23518468562597,0.2,200,FogNode_0,0,0.0,1189.2931772946604,197.94903344117353,381.4044709416944,183.45543750052087,0.0,12.240418939262756,,
0-83,SENSOR_DATA_LOGGING,250.99152899396213,0.1,10000,FogNode_3,0,1.0,1899.4436001125757,158.08614059554964,383.18020351567816,225.09406292012852,70.8869956199552,11.916547613480464,,
4-91,GPS_TRACKING,267.21173302000295,0.2,200,FogNode_1,0,0.0,1597.9384595498836,187.17167540635307,383.3428363184154,196.1711609120623,0.0,22.073716620678223,,
5-6,HEALTH_MONITORING,913.3268203084326,1.0,100,CloudNode,0,0.0,12000.0,6.6064779011925525,385.56112093025996,378.9546430290674,157.2917967456271,38.055284179518026,,
5-24,GPS_TRACKING,507.4521144468929,0.2,200,CloudNode,0,0.0,12000.0,39.289566005730705,387.8531584398358,348.5635924341051,189.58952722236427,21.14383810195387,,
0-109,SENSOR_DATA_LOGGING,215.87154902414565,0.1,10000,FogNode_7,0,0.875,1727.0272900361456,200.527493958688,388.78458903382545,188.25709507513744,43.34288748905661,14.79563738539942,,
1-107,GPS_TRACKING,192.86027473433953,0.2,200,FogNode_0,0,0.0,1189.2931772946604,197.11635893109482,389.41342536281377,192.29706643171895,0.0,12.280221039401349,,
9-37,SMART_HOME_CONTROL,333.52881825359236,0.1,150,CloudNode,0,0.0,12000.0,55.98711167276099,392.83268992795377,336.8455782551928,202.7181144646678,13.897034093899682,,
6-17,E_COMMERCE_TRANSACTION,991.6904150275218,0.5,300,CloudNode,0,0.0,12000.0,45.17794934002385,393.93381425082896,348.7558649108051,158.83144972255457,41.32043395948008,,
6-124,SMART_HOME_CONTROL,154.90095169889102,0.1,150,FogNode_1,0,0.8,1597.9384595498836,257.0591066969779,394.1165195023617,137.05741280538382,17.391401675042857,12.795993923735105,,
0-21,SENSOR_DATA_LOGGING,529.9637803519519,0.1,10000,CloudNode,0,0.0,12000.0,46.077350512933414,396.5577636365264,350.48041312359294,194.60832078996066,22.081824181331328,,
9-25,SENSOR_DATA_LOGGING,993.9328467005612,0.1,10000,CloudNode,0,0.0,12000.0,40.57289470448768,396.71576620403255,356.14287149954487,160.8593315642634,41.41386861252339,,
4-32,SENSOR_DATA_LOGGING,585.4491396187442,0.1,10000,CloudNode,0,0.041666666666666664,12000.0,75.66361505300127,397.28079892359403,321.6171838705928,191.8650718189458,24.39371415078101,,
9-39,SENSOR_DATA_LOGGING,444.64975432343914,0.1,10000,CloudNode,0,0.0,12000.0,59.140135775841266,397.4094228838479,338.26928710800667,200.2245848248382,18.527073096809964,,
6-15,SMART_HOME_CONTROL,657.6229694499616,0.1,150,CloudNode,0,0.0,12000.0,42.882401190401794,397.86172584338743,354.9793246529856,187.1369825023601,27.400957060415067,,
0-22,SENSOR_DATA_LOGGING,758.8280741787015,0.1,10000,CloudNode,0,0.0,12000.0,51.760961522710325,397.8635561341659,346.1025946114556,180.29498835506507,31.61783642411256,,
8-35,GPS_TRACKING,329.2365350182616,0.2,200,CloudNode,0,0.0,12000.0,51.74419473079729,398.5783287027875,346.8341339719902,207.8560432097343,13.718188959094231,,
5-5,HEALTH_MONITORING,644.0498097930761,1.0,100,CloudNode,0,0.0,12000.0,4.934011312050305,399.8219034996108,394.8878921875605,189.53220048547166,26.835408741378167,,
0-17,GPS_TRACKING,824.3435119636405,0.2,200,CloudNode,0,0.0,12000.0,35.92789947165224,402.0479357586752,366.1200362870229,179.3409594140757,34.34764633181835,,
4-43,SENSOR_DATA_LOGGING,408.8737436099825,0.1,10000,CloudNode,0,0.4166666666666667,12000.0,89.854157755327,404.6209528022219,314.7667950468949,207.31483636314107,17.03640598374927,,
5-42,SENSOR_DATA_LOGGING,312.23024698293517,0.1,10000,CloudNode,0,0.125,12000.0,79.48098953750362,404.81417839949484,325.33318886199123,213.7895742394398,13.009593624288966,,
2-30,SENSOR_DATA_LOGGING,397.61097046828854,0.1,10000,CloudNode,0,0.0,12000.0,59.66449457529476,405.3697106983808,345.705216123086,208.2654035285182,16.567123769512023,,
9-22,VOICE_ASSISTANT,99.71063899438178,2.0,150,FogNode_3,0,0.7142857142857143,1899.4436001125757,38.77109920113938,407.80570806185204,369.03460886071264,147.87369387671285,4.734050515209603,,
9-24,SENSOR_DATA_LOGGING,639.2724527025689,0.1,10000,CloudNode,0,0.0,12000.0,40.204809408909846,409.6757164049061,369.47090699599624,198.21452105982124,26.63635219594037,,
2-39,SENSOR_DATA_LOGGING,299.25603765688504,0.1,10000,CloudNode,0,0.041666666666666664,12000.0,76.41269923420833,410.4991240683337,334.08642483412535,219.97527405552307,12.469001569036877,,
6-47,GPS_TRACKING,153.8051382971376,0.2,200,CloudNode,0,0.4166666666666667,12000.0,91.40027171017601,410.6788207014822,319.2785489913062,229.9490657338947,6.4085474290474,,
9-45,SMART_HOME_CONTROL,427.4381623533599,0.1,150,CloudNode,0,0.0,12000.0,69.79455705709465,411.4149394462342,341.62038238913954,211.2655261816397,17.809923431389997,,
8-49,SMART_HOME_CONTROL,86.99916887724285,0.1,150,CloudNode,0,0.4166666666666667,12000.0,91.17575543156067,411.87088354199216,320.6951281104315,235.9734835730456,3.624965369885119,,
4-12,VOICE_ASSISTANT,102.73589642449129,2.0,150,FogNode_3,0,0.5714285714285714,1899.4436001125757,36.628235665651076,412.1007996881312,375.4725640224801,149.18472669044235,4.877683347574247,,
2-34,GPS_TRACKING,208.4202828827303,0.2,200,CloudNode,0,0.0,12000.0,65.25524757911523,414.6491558304882,349.393908251373,230.0421641631981,8.684178453447096,,
7-31,SMART_HOME_CONTROL,59.21800039037472,0.1,150,CloudNode,0,0.20833333333333334,12000.0,82.90568964188219,415.6136540673468,332.7079644254646,240.4063230726947,2.4674166829322797,,
6-20,SMART_HOME_CONTROL,902.0923792890576,0.1,150,CloudNode,0,0.0,12000.0,49.488605712549194,417.8987102130432,368.410104500494,186.96859807385962,37.5871824703774,,
6-123,GPS_TRACKING,201.2594171135191,0.2,200,FogNode_1,0,0.4,1597.9384595498836,254.16278862522196,418.1958760439052,164.0330874186832,14.356564905825962,16.62555491256867,,
2-193,SMART_HOME_CONTROL,83.32357132361271,0.1,150,FogNode_9,0,0.5,1349.236560939329,339.383591770664,418.4503981072731,79.06680633660909,0.0,8.380654605144137,,
1-147,SMART_HOME_CONTROL,95.01631951986765,0.1,150,FogNode_8,0,0.0,770.9711269175084,283.0277435528798,420.0551847662116,137.02744121333177,0.0,9.031744696340379,,
3-33,SENSOR_DATA_LOGGING,639.0140231493725,0.1,10000,CloudNode,0,0.0,12000.0,67.39645543896768,423.44284058429594,356.04638514532826,206.99118456798848,26.625584297890523,,
7-92,SENSOR_DATA_LOGGING,317.66422623892106,0.1,10000,FogNode_7,0,0.875,1727.0272900361456,201.00966092994568,423.7842486421424,222.77458771219673,24.172883402802682,21.772413840504985,,
2-92,E_COMMERCE_TRANSACTION,112.39495171975378,0.5,300,FogNode_3,0,1.0,1899.4436001125757,164.08528197104718,425.52558199986834,261.4403000288212,157.17753307787828,5.336274889641808,,
9-144,SMART_HOME_CONTROL,171.5211785686323,0.1,150,FogNode_1,0,1.0,1597.9384595498836,269.551753451552,427.30972617346157,157.7579727219096,36.550354421665475,14.16895076940845,,
0-30,SMART_HOME_CONTROL,360.6748595620956,0.1,150,CloudNode,0,0.0,12000.0,69.48808630357331,427.4656611806892,357.9775748771159,229.7026330928391,15.02811914842065,,
9-52,SMART_HOME_CONTROL,209.26073587823862,0.1,150,CloudNode,0,0.3333333333333333,12000.0,88.72457261206453,427.9375187248536,339.21294611278904,240.94546559903557,8.719197328259943,,
6-31,GPS_TRACKING,937.8431681817227,0.2,200,CloudNode,0,0.0,12000.0,67.12943579908514,428.8869013881763,361.7574655890911,193.15010376789579,39.07679867423845,,
8-40,GPS_TRACKING,436.8513608555749,0.2,200,CloudNode,0,0.0,12000.0,64.0604556730383,429.2369699992517,365.1765143262134,227.03088102843458,18.202140035648956,,
0-84,GPS_TRACKING,258.61350172351274,0.2,200,FogNode_3,0,1.0,1899.4436001125757,158.7197381078476,430.30708196557475,271.58734385772715,107.79705407899539,12.278422778369093,,
4-63,HEALTH_MONITORING,144.21402130829318,1.0,100,FogNode_7,0,0.25,1727.0272900361456,133.98999947781596,430.66110338913313,296.6711039113172,125.72960387374258,9.884296355000947,,
5-47,SENSOR_DATA_LOGGING,194.7402719558785,0.1,10000,CloudNode,0,0.5416666666666666,12000.0,93.21655887738001,430.8775118268114,337.6609529494314,243.66025207600376,8.114177998161605,,
7-33,SMART_HOME_CONTROL,457.6002393756087,0.1,150,CloudNode,0,0.25,12000.0,85.8340877093107,432.0671675321297,346.23307982281904,227.80781142182974,19.06667664065036,,
3-107,E_COMMERCE_TRANSACTION,80.29839456242375,0.5,300,FogNode_1,0,0.2,1597.9384595498836,236.69964700070952,433.59407977684157,196.89443277613205,96.71302277819927,6.633256656187572,,
1-46,SENSOR_DATA_LOGGING,906.5074993892085,0.1,10000,CloudNode,0,0.041666666666666664,12000.0,77.51769607423512,436.1133292874639,358.5956332132288,200.11091740159776,37.77114580788369,,
1-54,GPS_TRACKING,126.1735288036427,0.2,200,CloudNode,0,0.25,12000.0,86.23684672636595,441.3919725604483,355.15512583408236,258.4328121435225,5.257230366818446,,
5-36,SENSOR_DATA_LOGGING,385.3841752454698,0.1,10000,CloudNode,0,0.0,12000.0,63.27780748135934,441.79106434202856,378.51325686066923,240.2577004462073,16.057673968561243,,
4-17,GPS_TRACKING,564.9610935781525,0.2,200,CloudNode,0,0.0,12000.0,46.346586027026696,443.63785476803906,397.29126874101235,230.38716744085903,23.540045565756355,,
5-32,SMART_HOME_CONTROL,903.5744490407351,0.1,150,CloudNode,0,0.0,12000.0,56.73531578469472,443.80045949161877,387.06514370692406,205.45469802726873,37.648935376697295,,
3-40,SENSOR_DATA_LOGGING,516.5078323955221,0.1,10000,CloudNode,0,0.5416666666666666,12000.0,93.28957026483035,445.0902551249687,351.80068486013835,233.71530042021195,21.521159683146752,,
5-33,E_COMMERCE_TRANSACTION,599.6645148506191,0.5,300,CloudNode,0,0.0,12000.0,57.49956327834351,447.83559903838415,390.33603576004066,229.90055388192587,24.986021452109128,,
4-49,SENSOR_DATA_LOGGING,83.49615535701261,0.1,10000,CloudNode,0,0.7083333333333334,12000.0,96.66024215627417,448.7490772884463,352.0888351321721,268.6469264426992,3.479006473208859,,
5-126,GPS_TRACKING,241.5658573937224,0.2,200,FogNode_1,0,0.4,1597.9384595498836,252.9600556284469,450.2615507034319,197.301495074985,19.27306862198185,19.955172705462875,,
6-32,SMART_HOME_CONTROL,764.9050280614332,0.1,150,CloudNode,0,0.0,12000.0,67.6387053415151,451.5952441116219,383.9565387701068,222.11058989753448,31.87104283589305,,
4-79,E_COMMERCE_TRANSACTION,414.30349135775367,0.5,300,FogNode_7,0,1.0,1727.0272900361456,165.11232421177766,453.9919137489463,288.8795895371686,0.0,28.395980171285313,,
4-15,E_COMMERCE_TRANSACTION,895.5805310897927,0.5,300,CloudNode,0,0.0,12000.0,46.16465029438134,454.8343409805243,408.669690686143,215.12948332166334,37.315855462074694,,
1-34,E_COMMERCE_TRANSACTION,113.8007722552783,0.5,300,CloudNode,0,0.0,12000.0,52.16771926857282,458.2324749763862,406.0647557078134,274.3690037378243,4.741698843969929,,
8-39,E_COMMERCE_TRANSACTION,422.53290842975775,0.5,300,CloudNode,0,0.0,12000.0,63.85080585300174,458.65391628677577,394.803110433774,251.6763301265928,17.605537851239905,,
6-149,GPS_TRACKING,185.22838716281416,0.2,200,FogNode_9,0,0.0,1349.236560939329,296.13184782816774,458.749809731513,162.61796190334525,0.0,18.63020404934984,,
3-76,E_COMMERCE_TRANSACTION,282.59651494785663,0.5,300,FogNode_0,0,0.0,1189.2931772946604,169.60748237234534,459.4866651643809,289.8791827920355,0.0,17.99410310549691,,
5-30,SENSOR_DATA_LOGGING,733.5457355645482,0.1,10000,CloudNode,0,0.0,12000.0,48.666683011109605,459.70713999983315,411.0404569887235,230.531891083245,30.564405648522843,,
3-41,SMART_HOME_CONTROL,688.4157480534255,0.1,150,CloudNode,0,0.625,12000.0,94.8286467423291,462.73768970283294,367.9090429605038,236.12725565179232,28.683989502226062,,
2-188,GPS_TRACKING,165.6685833357211,0.2,200,FogNode_9,0,0.25,1349.236560939329,318.25406238598026,463.020759985199,144.76669759921873,0.0,16.662886069391995,,
2-41,GPS_TRACKING,123.3863505255126,0.2,200,CloudNode,0,0.20833333333333334,12000.0,81.47078480615194,465.1165368576504,383.64575205149845,280.2398410110813,5.141097938563025,,
0-163,GPS_TRACKING,155.50878140660495,0.2,200,FogNode_9,0,0.375,1349.236560939329,323.828961421399,465.14271920030046,141.31375777890145,0.0,15.64101687353252,,
0-80,E_COMMERCE_TRANSACTION,222.88767891205288,0.5,300,FogNode_3,0,1.0,1899.4436001125757,155.98694862571708,465.29598009626915,309.3090314705521,144.33615033116465,10.582236176893115,,
2-38,GPS_TRACKING,239.10248673245508,0.2,200,CloudNode,0,0.041666666666666664,12000.0,74.95935868125409,467.7608062660887,392.8014475848346,273.717653071287,9.962603613852295,,
5-143,GPS_TRACKING,222.39296638932873,0.2,200,FogNode_9,0,0.0,1349.236560939329,279.8421139621987,468.22711746483964,188.38500350264093,0.0,22.368203958562436,,
0-10,E_COMMERCE_TRANSACTION,856.090435494279,0.5,300,CloudNode,0,0.0,12000.0,23.64581128170037,471.16277312413405,447.51696184243366,231.5755993380178,35.67043481226162,,
4-22,SENSOR_DATA_LOGGING,894.9673954631705,0.1,10000,CloudNode,0,0.0,12000.0,63.28657078291273,471.2963824926301,408.0098117097173,230.32368817681308,37.29030814429878,,
7-30,GPS_TRACKING,538.2974170803476,0.2,200,CloudNode,0,0.16666666666666666,12000.0,81.05648876848993,472.7956368148825,391.7391480463926,256.116594205514,22.429059045014483,,
4-168,GPS_TRACKING,74.77559581742977,0.2,200,FogNode_9,0,0.5,1349.236560939329,339.9194648538042,473.8710693091945,133.95160445539034,51.40319746764493,7.520902326736332,,
5-41,GPS_TRACKING,392.7852392066696,0.2,200,CloudNode,0,0.041666666666666664,12000.0,76.18230948952866,474.12407582767077,397.9417663381421,268.50233670401576,16.36605163361123,,
5-88,E_COMMERCE_TRANSACTION,435.3883189417209,0.5,300,FogNode_4,0,0.0,1758.3565909566523,177.84051094885612,475.056313849097,297.2158029002409,0.0,36.26941423018202,,
4-20,SENSOR_DATA_LOGGING,764.7702951759587,0.1,10000,CloudNode,0,0.0,12000.0,53.3649039313371,475.601741473322,422.2368375419849,241.20767045365616,31.865428965664947,,
2-90,HEALTH_MONITORING,86.68946203152717,1.0,100,FogNode_3,0,1.0,1899.4436001125757,163.29129725037808,475.94647974837244,312.65518249799436,180.47937423480744,4.1158325383585,,
3-38,SENSOR_DATA_LOGGING,727.1050768206894,0.1,10000,CloudNode,0,0.4166666666666667,12000.0,90.36920958715424,476.20574380240424,385.83653421525,244.25058404246914,30.296044867528728,,
1-55,GPS_TRACKING,234.98856086832637,0.2,200,CloudNode,0,0.3333333333333333,12000.0,88.62125482623459,477.8148550487467,389.19360022251215,283.5409973265332,9.791190036180266,,
8-46,SENSOR_DATA_LOGGING,412.1594656295147,0.1,10000,CloudNode,0,0.041666666666666664,12000.0,75.62337953732417,478.14708162741164,402.52370209008745,269.82469767840644,17.173311067896446,,
6-131,SMART_HOME_CONTROL,134.43741010533608,0.1,150,FogNode_1,0,1.0,1597.9384595498836,270.0827944505814,478.24830148801163,208.16550703743025,106.50179158474486,11.105550120663855,,
8-157,GPS_TRACKING,117.53771172513596,0.2,200,FogNode_8,0,0.5,770.9711269175084,298.4007402007112,478.3531709022967,179.9524307015855,0.0,11.17250815289167,,
6-21,E_COMMERCE_TRANSACTION,386.6826083305072,0.5,300,CloudNode,0,0.0,12000.0,50.541358158923074,483.81879480583086,433.2774366469078,277.2009490024492,16.11177534710447,,
1-63,SENSOR_DATA_LOGGING,172.19559859282958,0.1,10000,CloudNode,0,0.7916666666666666,12000.0,101.08214996066424,485.5124063402032,384.43025637953895,293.45489866869457,7.174816608034566,,
2-126,SMART_HOME_CONTROL,444.2942019482842,0.1,150,FogNode_4,0,0.25,1758.3565909566523,216.84413688123902,486.7128239966751,269.8686871154361,0.0,37.01130634303363,,
5-37,SENSOR_DATA_LOGGING,989.3195962962922,0.1,10000,CloudNode,0,0.0,12000.0,66.90106863292695,487.2574780908525,420.35640945792557,236.0057429705262,41.22164984567884,,
6-33,SMART_HOME_CONTROL,925.1242335902439,0.1,150,CloudNode,0,0.0,12000.0,70.13263559935783,488.5086255787545,418.37598997939665,241.13350250799334,38.54684306626016,,
4-39,SENSOR_DATA_LOGGING,373.3528097747142,0.1,10000,CloudNode,0,0.25,12000.0,84.68211019174936,489.76665043466863,405.0845402429193,283.9154797171043,15.556367073946426,,
2-104,E_COMMERCE_TRANSACTION,120.76842968371716,0.5,300,FogNode_0,0,0.0,1189.2931772946604,181.54771225447215,490.9598161009114,309.4121038464392,153.89517475189868,7.689831475872002,,
4-30,SMART_HOME_CONTROL,734.2147698702136,0.1,150,CloudNode,0,0.041666666666666664,12000.0,75.30030483802102,493.25173168798085,417.95142684995983,259.61009486108264,30.592282077925564,,
4-27,E_COMMERCE_TRANSACTION,232.47341240783965,0.5,300,CloudNode,0,0.0,12000.0,69.39074811627266,493.49686019499075,424.10611207871807,295.57247650765305,9.686392183659985,,
6-176,SMART_HOME_CONTROL,152.77193296506533,0.1,150,FogNode_9,0,0.75,1349.236560939329,344.9547230836897,493.7214795129387,148.76675642924897,14.78176361078448,15.365745649186058,,
1-62,SENSOR_DATA_LOGGING,400.22774773790775,0.1,10000,CloudNode,0,0.75,12000.0,100.52865635405065,496.09000201432525,395.5613456602746,287.0813263286085,16.676156155746156,,
4-41,GPS_TRACKING,802.7186050072955,0.2,200,CloudNode,0,0.25,12000.0,86.73530596196781,496.130187083193,409.3948811212252,257.3063160423026,33.44660854197065,,
6-128,SENSOR_DATA_LOGGING,59.93458291078907,0.1,10000,FogNode_3,16,1.0,1899.4436001125757,265.5461174494152,496.84973768466864,231.30362023525345,186.01494952525684,2.8455673935023187,,
2-46,SMART_HOME_CONTROL,970.331116369047,0.1,150,CloudNode,0,0.375,12000.0,89.28082979172794,498.75963657713044,409.4788067854025,246.2667965932485,40.430463182043624,,
6-24,SENSOR_DATA_LOGGING,663.8475719168981,0.1,10000,CloudNode,0,0.0,12000.0,52.734161771472166,498.95848576111393,446.2243239896418,270.4917556940246,27.66031549653742,,
5-78,HEALTH_MONITORING,141.176311870269,1.0,100,FogNode_3,0,1.0,1899.4436001125757,154.27636647258848,499.85066954755956,345.5743030749711,178.94700630109404,6.702753073144942,,
4-42,SENSOR_DATA_LOGGING,280.40780604696806,0.1,10000,CloudNode,0,0.2916666666666667,12000.0,87.69271120961218,501.5143987979923,413.82168758838014,298.74106301591917,11.683658585290337,,
6-90,E_COMMERCE_TRANSACTION,143.66394527377085,0.5,300,FogNode_0,0,0.0,1189.2931772946604,186.7917928990915,502.20222545380705,315.41043255471556,148.2992211371554,9.147684798150076,,
9-36,GPS_TRACKING,901.3422506762876,0.2,200,CloudNode,0,0.0,12000.0,53.89658678883499,502.57751540371316,448.68092861487816,255.69412085894362,37.555927111511984,,
3-70,HEALTH_MONITORING,172.7459302253078,1.0,100,FogNode_3,1,1.0,1899.4436001125757,147.32465495649114,503.04634301201276,355.7216880555216,177.84843098876502,8.201611866408346,,
0-2,HEALTH_MONITORING,323.08189474778777,1.0,100,CloudNode,0,0.0,12000.0,11.585820636734313,504.738346277729,493.1525256409947,298.4345526765072,13.461745614491157,,
4-77,E_COMMERCE_TRANSACTION,278.2809795880356,0.5,300,FogNode_3,0,1.0,1899.4436001125757,163.8133275989095,505.99441518186137,342.1810875829519,150.5913747626741,13.21219308268601,,
8-139,SMART_HOME_CONTROL,142.55179858793696,0.1,150,FogNode_1,0,1.0,1597.9384595498836,270.65283374929334,507.4056936911328,236.75285994183946,129.79697683028638,11.775860177376892,,
2-28,GPS_TRACKING,857.1954951565962,0.2,200,CloudNode,0,0.0,12000.0,55.74067585297961,507.54628721718024,451.8056113642006,263.4158638843627,35.716478964858176,,
4-1,HEALTH_MONITORING,232.39658519054655,1.0,100,CloudNode,0,0.0,12000.0,6.383030574190692,507.8750076779667,501.49197710377604,308.5092393906038,9.683191049606107,,
0-197,GPS_TRACKING,69.12932260102258,0.2,200,FogNode_2,0,0.0,681.967788340379,378.8958976126329,508.2931308119218,129.3972331992889,0.0,8.485211260034527,,
7-12,E_COMMERCE_TRANSACTION,966.2390525159898,0.5,300,CloudNode,0,0.0,12000.0,28.727260314467802,509.40682243117544,480.67956211670764,257.01942250498325,40.25996052149958,,
8-44,SENSOR_DATA_LOGGING,412.033417165966,0.1,10000,CloudNode,0,0.0,12000.0,69.06533242029245,509.93785957048584,440.8725271501934,296.37241470417337,17.168059048581917,,
7-155,GPS_TRACKING,226.72449165257675,0.2,200,FogNode_9,0,0.25,1349.236560939329,312.3805504410742,510.6693185949843,198.2887681539101,0.0,22.80386719968482,,
9-40,GPS_TRACKING,794.5836408547132,0.2,200,CloudNode,0,0.0,12000.0,59.248881747014984,511.3055585295281,452.05667678251314,271.0871808493084,33.10765170227972,,
1-14,HEALTH_MONITORING,240.31729186316645,1.0,100,CloudNode,0,0.0,12000.0,16.86261281220731,513.278172676578,496.4155598643707,313.1527726290426,10.013220494298603,,
7-27,GPS_TRACKING,177.52789998777246,0.2,200,CloudNode,0,0.0,12000.0,67.96444981831968,513.5536282427781,445.58917842445845,318.22792638563266,7.396995832823852,,
9-48,SENSOR_DATA_LOGGING,552.4508999974876,0.1,10000,CloudNode,0,0.125,12000.0,78.34918505082733,513.7983812658794,435.44919621505204,290.47074717214883,23.018787499895314,,
9-69,SMART_HOME_CONTROL,234.12905707601547,0.1,150,CloudNode,10,1.0,12000.0,114.66374552598568,521.025153554327,406.36140802834126,318.5168579677429,9.75537737816731,,
4-95,GPS_TRACKING,231.88702892701045,0.2,200,FogNode_7,0,0.875,1727.0272900361456,199.23045868692788,523.0540532541373,323.82359456720945,166.72938978395865,15.893323644969618,,
3-45,SENSOR_DATA_LOGGING,638.4006180958063,0.1,10000,CloudNode,0,0.8333333333333334,12000.0,101.65929369883256,524.4964340006139,422.83714030178135,293.5511489516882,26.60002575399193,,
9-58,SENSOR_DATA_LOGGING,591.0813637476986,0.1,10000,CloudNode,0,0.875,12000.0,103.24624870862226,525.4625241147124,422.2162754060902,296.90770845746465,24.628390156154108,,
8-52,SMART_HOME_CONTROL,672.4286521033621,0.1,150,CloudNode,0,0.6666666666666666,12000.0,97.59442568809693,528.8313578234961,431.2369321353992,294.6521555343229,28.017860504306753,,
8-137,GPS_TRACKING,159.04145097742446,0.2,200,FogNode_1,0,1.0,1597.9384595498836,269.40243401113054,533.1232262386046,263.7207922274741,138.53208679163924,13.13803058024535,,
4-19,E_COMMERCE_TRANSACTION,109.56264835560339,0.5,300,CloudNode,0,0.0,12000.0,52.15280838953041,533.6266546969142,481.4738463073838,337.6023327022193,4.565110348150141,,
8-55,SENSOR_DATA_LOGGING,838.7392582997694,0.1,10000,CloudNode,0,0.9166666666666666,12000.0,104.20106967480051,535.0114750492978,430.8104053744973,288.31340005400904,34.94746909582373,,
7-36,GPS_TRACKING,924.4600825106597,0.2,200,CloudNode,0,0.5416666666666666,12000.0,92.2991340469166,536.7454802090548,444.4463461621382,284.5401490597611,38.51917010461082,,
6-44,SENSOR_DATA_LOGGING,346.61344461640283,0.1,10000,CloudNode,0,0.3333333333333333,12000.0,88.31530016860786,536.7594613960002,448.4441612273924,323.61762920719946,14.442226859016785,,
4-37,GPS_TRACKING,650.0703056731664,0.2,200,CloudNode,0,0.20833333333333334,12000.0,81.28943872242432,537.9913202785947,456.70188155617035,304.2136449623311,27.086262736381933,,
4-109,SENSOR_DATA_LOGGING,96.00302343568565,0.1,10000,FogNode_0,0,1.0,1189.2931772946604,227.2820756408869,540.2094215616455,312.9273459207586,218.62231638779627,6.112914387708964,,
3-125,SENSOR_DATA_LOGGING,76.67365453359866,0.1,10000,FogNode_3,16,1.0,1899.4436001125757,274.03513182261736,540.217045537378,266.18191371476064,209.19917743160562,3.640303155295573,,
3-5,HEALTH_MONITORING,384.7937510439155,1.0,100,CloudNode,0,0.0,12000.0,7.147153578971526,541.4729683515018,534.3258147725303,324.8654470902947,16.033072960163146,,
2-59,SENSOR_DATA_LOGGING,468.43930404912135,0.1,10000,CloudNode,6,1.0,12000.0,112.43854552204927,541.6141240744732,429.175578552424,319.32601646470476,19.51830433538006,,
9-142,SENSOR_DATA_LOGGING,131.0353433236835,0.1,10000,FogNode_3,16,1.0,1899.4436001125757,269.299380824218,544.9326519705523,275.6332711463343,192.20300944576064,6.221281307876319,,
7-178,GPS_TRACKING,77.97737655339583,0.2,200,FogNode_2,0,0.0,681.967788340379,399.9694132329231,545.0245046117268,145.0550913788037,0.0,9.571257010249356,,
3-122,SENSOR_DATA_LOGGING,91.51126648078682,0.1,10000,FogNode_3,16,1.0,1899.4436001125757,270.5354951489382,545.0276706727095,274.4921755237713,211.75265345940403,4.344761628247732,,
0-45,SMART_HOME_CONTROL,384.1800383934128,0.1,150,CloudNode,3,1.0,12000.0,109.3530053769203,545.2931758760291,435.9401704991088,327.64862275300396,16.007501599725533,,
8-33,E_COMMERCE_TRANSACTION,458.8259286217072,0.5,300,CloudNode,0,0.0,12000.0,49.34738258365312,545.7817812689892,496.4343986853361,323.322203756822,19.117747025904468,,
1-11,HEALTH_MONITORING,497.2468074018835,1.0,100,CloudNode,0,0.0,12000.0,15.077575197418565,546.175580227886,531.0980050304674,321.28467795047413,20.71861697507848,,
3-176,GPS_TRACKING,71.79833706843432,0.2,200,FogNode_9,0,1.0,1349.236560939329,358.2840138065929,546.9355259944903,188.65151218789737,109.40042963436946,7.221450720796782,,
0-35,SMART_HOME_CONTROL,742.2421799814321,0.1,150,CloudNode,0,0.4166666666666667,12000.0,89.71122564354324,547.3659213386559,457.65469569511265,305.85855708722266,30.926757499226337,,
4-46,GPS_TRACKING,748.8555773531862,0.2,200,CloudNode,0,0.5,12000.0,92.00122340665942,549.6621095369513,457.66088613029194,307.3691431026535,31.202315723049423,,
7-10,HEALTH_MONITORING,192.9576200825804,1.0,100,CloudNode,0,0.0,12000.0,23.639185232903138,551.0912767228461,527.452091489943,346.8537226369684,8.039900836774184,,
9-42,GPS_TRACKING,506.31841654466075,0.2,200,CloudNode,0,0.0,12000.0,63.893166058818096,552.1310609492076,488.2378948903895,325.0238210471042,21.096600689360862,,
7-18,HEALTH_MONITORING,353.31513582058386,1.0,100,CloudNode,0,0.0,12000.0,50.167751386901514,554.9054520997611,504.7377007128596,338.21612700054163,14.721463992524328,,
8-45,SENSOR_DATA_LOGGING,673.1555608091066,0.1,10000,CloudNode,0,0.0,12000.0,73.03123204685555,555.0547824952062,482.0235504483506,316.90495813386644,28.04814836704611,,
5-154,GPS_TRACKING,104.46903310352903,0.2,200,FogNode_8,0,0.5,770.9711269175084,307.545450822499,555.5583566180765,248.01290579557747,84.29233789241937,9.9302692467194,,
6-34,SENSOR_DATA_LOGGING,560.5464605893538,0.1,10000,CloudNode,0,0.0,12000.0,71.12287657756063,558.0177635786409,486.8948870010803,325.73863009235316,23.35610252455641,,
4-54,SMART_HOME_CONTROL,800.5142214777143,0.1,150,CloudNode,6,1.0,12000.0,112.31944704426611,560.2063786514669,447.88693160720084,313.1740314756877,33.354759228238095,,
2-54,SENSOR_DATA_LOGGING,565.8756944897867,0.1,10000,CloudNode,0,0.9166666666666666,12000.0,106.6300153777149,560.9546891400282,454.3246737623133,327.5365189792156,23.578153937074447,,
0-178,SMART_HOME_CONTROL,138.99682220068973,0.1,150,FogNode_9,0,0.875,1349.236560939329,355.53712828155903,561.7686770114814,206.23154872992234,87.2564873547953,13.98025000095621,,
6-11,HEALTH_MONITORING,342.5160084053018,1.0,100,CloudNode,0,0.0,12000.0,33.48496075162005,562.169655397356,528.6846946457359,345.9242622054885,14.27150035022091,,
2-235,GPS_TRACKING,79.82241964061646,0.2,200,FogNode_2,0,0.16666666666666666,681.967788340379,415.96208072502515,563.5182972289363,147.55621650391112,0.0,9.797725023964594,,
0-38,SENSOR_DATA_LOGGING,216.5346500466889,0.1,10000,CloudNode,0,0.625,12000.0,95.45518704016669,563.8263354395466,468.3711483993799,356.1913835433055,9.022277085278704,,
5-46,GPS_TRACKING,229.7140585261614,0.2,200,CloudNode,0,0.5416666666666666,12000.0,92.34328499833575,564.4360140865425,472.09272908820674,355.7339945851846,9.571419105256725,,
6-46,SENSOR_DATA_LOGGING,896.4251749245308,0.1,10000,CloudNode,0,0.4166666666666667,12000.0,90.78114305792667,564.4687483450462,473.6876052871195,309.7119103628895,37.35104895518878,,
8-238,GPS_TRACKING,62.66559215541142,0.2,200,FogNode_6,0,0.25,816.2509881302752,465.54830550787926,566.3342805074667,100.78597499958744,0.0,8.443892913064872,,
9-13,HEALTH_MONITORING,364.4811278513081,1.0,100,CloudNode,0,0.0,12000.0,19.57802785479981,567.1328887169426,547.5548608621428,347.9448416812722,15.18671366047117,,
6-54,GPS_TRACKING,695.3735377842863,0.2,200,CloudNode,0,1.0,12000.0,108.09806417105462,571.5014230581353,463.4033588870807,327.8781005944461,28.9738974076786,,
5-38,SENSOR_DATA_LOGGING,908.5158872811725,0.1,10000,CloudNode,0,0.0,12000.0,66.95599193503867,571.7996592877563,504.8436673527176,315.6473490817457,37.854828636715524,,
8-10,HEALTH_MONITORING,250.84256692075334,1.0,100,CloudNode,0,0.0,12000.0,8.329696155121828,573.0346081926037,564.7049120374819,361.15185710814757,10.451773621698056,,
8-135,GPS_TRACKING,233.06744868566332,0.2,200,FogNode_1,0,1.0,1597.9384595498836,266.8072220522929,573.1648104495575,306.35758839726464,138.05574689342023,19.253139664367488,,
9-53,SENSOR_DATA_LOGGING,629.5499463093879,0.1,10000,CloudNode,0,0.5,12000.0,92.00663239104423,573.4876490801092,481.481016689065,334.51204909736884,26.23124776289116,,
0-147,E_COMMERCE_TRANSACTION,320.9009395763262,0.5,300,FogNode_9,0,0.0,1349.236560939329,289.03843251386644,574.4802787555532,285.44184624168673,0.0,32.276100199911774,,
7-159,GPS_TRACKING,150.55226692747095,0.2,200,FogNode_9,0,0.75,1349.236560939329,346.7789327809308,574.6040592271478,227.82512644621698,88.62866619911722,15.142492443588331,,
4-48,SENSOR_DATA_LOGGING,201.86932567533728,0.1,10000,CloudNode,0,0.6666666666666666,12000.0,95.85945647906621,574.840207384919,478.9807509058528,366.11513601582396,8.411221903139053,,
0-28,E_COMMERCE_TRANSACTION,964.0553625940423,0.5,300,CloudNode,0,0.0,12000.0,68.38789949687305,576.4681339660299,508.08023446915684,315.6110288970382,40.16897344141843,,
3-17,HEALTH_MONITORING,585.4738329317986,1.0,100,CloudNode,0,0.0,12000.0,33.12466054676841,577.6208439011459,544.4961833543775,341.5219547011032,24.39474303882494,,
8-17,HEALTH_MONITORING,363.26179248837076,1.0,100,CloudNode,0,0.0,12000.0,22.240680010920997,579.9339255776489,557.6932455667279,358.83918538481976,15.135908020348781,,
5-21,HEALTH_MONITORING,322.17741868060136,1.0,100,CloudNode,0,0.0,12000.0,35.70744486292771,581.9029007185896,546.195455855662,363.37139286302704,13.424059111691724,,
3-51,SENSOR_DATA_LOGGING,104.54610272232051,0.1,10000,CloudNode,5,1.0,12000.0,110.7890294629258,582.1998243069693,471.4107948440435,377.1350500029196,4.356087613430021,,
1-135,E_COMMERCE_TRANSACTION,86.11082057382707,0.5,300,FogNode_1,0,0.4,1597.9384595498836,252.9045931130654,587.0119226769414,334.10732956387596,229.46360492020983,7.113407146603243,,
9-94,E_COMMERCE_TRANSACTION,388.57352802671767,0.5,300,FogNode_3,0,0.8571428571428571,1899.4436001125757,162.73813952011932,587.7524940557541,425.0143545356348,169.02840558292755,18.448650305564126,,
4-202,GPS_TRACKING,110.68142296866804,0.2,200,FogNode_2,0,0.0,681.967788340379,401.74549204208313,588.190121064096,186.44462902201292,0.0,13.58548328139547,,
1-59,SENSOR_DATA_LOGGING,452.64198905239095,0.1,10000,CloudNode,0,0.625,12000.0,94.58541705438759,588.811442477212,494.2260254228245,360.257735645565,18.860082877182954,,
4-238,GPS_TRACKING,69.7380744192989,0.2,200,FogNode_6,0,0.5,816.2509881302752,477.8337923219217,590.2805873514519,112.44679502953022,0.0,9.39687653313044,,
1-214,GPS_TRACKING,122.14531305631438,0.2,200,FogNode_6,0,0.0,816.2509881302752,415.998467488866,591.1680418642617,175.16957437539565,0.0,16.45850470418381,,
2-158,SENSOR_DATA_LOGGING,169.28395803343972,0.1,10000,FogNode_3,16,1.0,1899.4436001125757,272.64336290553973,592.1692619675462,319.52589906200643,209.35896467675235,8.037244739651914,,
5-49,GPS_TRACKING,653.5572733399231,0.2,200,CloudNode,0,0.7083333333333334,12000.0,96.02673166609837,592.454426390255,496.4276947241566,348.994324445152,27.231553055830126,,
8-111,SMART_HOME_CONTROL,636.452964041332,0.1,150,FogNode_4,0,0.25,1758.3565909566523,218.7065782214063,593.9746402729286,375.2680620515223,0.0,53.01882293707587,,
5-85,E_COMMERCE_TRANSACTION,297.42208917573873,0.5,300,FogNode_7,1,1.0,1727.0272900361456,173.230945008699,596.0004555843697,422.76951057567067,201.44792472339137,20.385036387356212,,
6-247,GPS_TRACKING,69.69994873923315,0.2,200,FogNode_6,0,0.625,816.2509881302752,485.85087560160525,596.011505341172,110.16062973956673,0.0,9.391739277602486,,
6-55,SENSOR_DATA_LOGGING,174.56571816578906,0.1,10000,CloudNode,3,1.0,12000.0,109.41481706500748,596.7469674874517,487.3321504224442,383.00855726104453,7.273571590241211,,
0-179,GPS_TRACKING,175.16802816728756,0.2,200,FogNode_9,0,0.875,1349.236560939329,355.9768997843537,598.0546312147908,242.0777314304371,84.5076377580466,17.61833678771015,,
8-149,SENSOR_DATA_LOGGING,101.39854258599114,0.1,10000,FogNode_3,16,1.0,1899.4436001125757,283.01977977420665,598.3159388341272,315.29615905992057,247.85432187124752,4.8141886122880155,,
1-70,SMART_HOME_CONTROL,408.0964287832315,0.1,150,CloudNode,16,1.0,12000.0,116.64420395234895,598.4767840769821,481.8325801246331,369.55512654708014,17.004017865967977,,
1-47,SMART_HOME_CONTROL,331.23964483664196,0.1,150,CloudNode,0,0.125,12000.0,78.73060022754689,599.4029630241431,520.6723627965962,376.19886172747977,13.801651868193414,,
6-147,E_COMMERCE_TRANSACTION,94.16821283465737,0.5,300,FogNode_8,0,0.0,770.9711269175084,293.868290948109,600.4955048326997,306.6272138845907,134.42874612741207,8.951128197040202,,
9-57,GPS_TRACKING,472.2099760832082,0.2,200,CloudNode,0,0.6666666666666666,12000.0,99.11144375498566,603.1771667798139,504.06572302482823,370.23433752278754,19.675415670133674,,
3-129,GPS_TRACKING,200.4494394334359,0.2,200,FogNode_1,0,1.0,1597.9384595498836,277.1442295304172,603.690829162012,326.54659963159486,177.29592538626366,16.55864461047541,,
4-47,GPS_TRACKING,448.9321922542042,0.2,200,CloudNode,0,0.5416666666666666,12000.0,93.36208354522367,604.5439047381262,511.1818211929026,371.99713470722963,18.705508010591842,,
8-102,SMART_HOME_CONTROL,659.6651152767668,0.1,150,FogNode_7,0,0.875,1727.0272900361456,198.97707367972177,605.9294555125939,406.9523818328721,8.858909371512567,45.212840161447374,,
1-51,GPS_TRACKING,573.2203410869461,0.2,200,CloudNode,0,0.20833333333333334,12000.0,82.23825111921026,607.9747404087125,525.7364892895022,367.87439959126016,23.884180878622754,,
5-39,E_COMMERCE_TRANSACTION,152.7343112999073,0.5,300,CloudNode,0,0.0,12000.0,69.55769555065254,609.474826762444,539.9171312117915,397.4644632775668,6.363929637496137,,
0-33,SENSOR_DATA_LOGGING,819.3181185178582,0.1,10000,CloudNode,0,0.20833333333333334,12000.0,82.12196238164775,609.8906339509614,527.7686715693136,352.44295300959504,34.138254938244096,,
8-14,HEALTH_MONITORING,772.4504764979118,1.0,100,CloudNode,0,0.0,12000.0,18.33674770821203,610.5464532693787,592.2097055611667,356.222532108519,32.18543652074633,,
0-36,SENSOR_DATA_LOGGING,88.50137684874159,0.1,10000,CloudNode,0,0.4166666666666667,12000.0,90.46210470717305,610.552281517209,520.090176810036,403.23056220562734,3.6875573686975662,,
1-22,HEALTH_MONITORING,463.5584220216529,1.0,100,CloudNode,0,0.0,12000.0,42.67625616414505,615.0980024678342,572.4217463036892,378.86420125015553,19.314934250902205,,
8-267,SMART_HOME_CONTROL,53.67310901727129,0.1,150,FogNode_5,0,0.0,782.8923712617282,533.5672277377862,615.7031486210833,82.1359208832971,0.0,7.97795895851515,,
3-34,E_COMMERCE_TRANSACTION,920.3193246663204,0.5,300,CloudNode,0,0.0,12000.0,68.57332383892849,618.1662454070284,549.5929215681,352.4139663120209,38.346638527763346,,
5-40,SENSOR_DATA_LOGGING,980.8200794686313,0.1,10000,CloudNode,0,0.0,12000.0,70.20566047690929,618.4804868314408,548.2748263545315,348.02791249491474,40.867503311192976,,
1-141,GPS_TRACKING,271.53970306386384,0.2,200,FogNode_1,0,1.0,1597.9384595498836,271.79210631596203,620.1928152280699,348.40070891210786,149.86441910304984,22.431239784841893,,
7-35,SMART_HOME_CONTROL,79.62933849315937,0.1,150,CloudNode,0,0.5,12000.0,91.99589479002645,621.7337806755975,529.737885885571,413.5544909386637,3.3178891038816403,,
0-48,SMART_HOME_CONTROL,892.4721308424326,0.1,150,CloudNode,6,1.0,12000.0,113.34755987808853,621.7385989088586,508.3910390307701,357.1773054456292,37.186338785101356,,
6-58,SMART_HOME_CONTROL,504.7360935630422,0.1,150,CloudNode,22,1.0,12000.0,120.44174536251808,623.9642418488431,503.52249648632505,383.18049398417963,21.030670565126755,,
9-71,SENSOR_DATA_LOGGING,568.7511690470392,0.1,10000,CloudNode,14,1.0,12000.0,115.73764085209719,625.0167746550659,509.2791338029687,379.37551909087625,23.697965376959964,,
5-18,HEALTH_MONITORING,775.2665142535299,1.0,100,CloudNode,0,0.0,12000.0,29.262481133122172,625.5602319944891,596.2977508613669,368.13815208408016,32.30277142723041,,
4-40,SENSOR_DATA_LOGGING,190.22480145875747,0.1,10000,CloudNode,0,0.25,12000.0,85.55764701479372,626.3985200576085,540.8408730428148,409.7239122880066,7.926033394114894,,
4-56,SENSOR_DATA_LOGGING,386.33841330799675,0.1,10000,CloudNode,14,1.0,12000.0,116.38369987521234,631.5978307998095,515.2141309245972,399.65414593795515,16.097433887833198,,
3-39,SENSOR_DATA_LOGGING,708.9809009592212,0.1,10000,CloudNode,0,0.5416666666666666,12000.0,93.2033295766283,632.1163499392055,538.9130203625772,377.26845583084526,29.540870873300882,,
2-36,GPS_TRACKING,492.6546944798579,0.2,200,CloudNode,0,0.0,12000.0,71.74540801896727,633.5089842635765,561.7635762446092,393.2053479280018,20.527278936660746,,
7-72,E_COMMERCE_TRANSACTION,429.7781119085631,0.5,300,FogNode_3,0,1.0,1899.4436001125757,161.0752261203475,634.0709743130275,472.99574819267997,192.284949993656,20.404956909574942,,
1-58,SMART_HOME_CONTROL,559.5961774607752,0.1,150,CloudNode,0,0.5,12000.0,92.11743840665372,635.44445726561,543.3270188589563,389.6109040121237,23.316507394198965,,
8-19,HEALTH_MONITORING,744.0194940065655,1.0,100,CloudNode,0,0.0,12000.0,25.519923773117547,636.8418318854661,611.3219081123486,377.69333346579117,31.000812250273565,,
2-51,SENSOR_DATA_LOGGING,987.4027676587535,0.1,10000,CloudNode,0,0.7083333333333334,12000.0,96.69319169129857,637.1890160713239,540.4958243800253,363.377165632615,41.1417819857814,,
1-225,GPS_TRACKING,136.29581628690767,0.2,200,FogNode_6,0,0.25,816.2509881302752,446.33757202918406,637.6316762163442,191.29410418716014,0.0,18.365218258390453,,
2-135,GPS_TRACKING,116.7775658939364,0.2,200,FogNode_0,0,1.0,1189.2931772946604,232.1288330703099,638.4001520925107,406.27131902220077,281.8737991622552,7.435716471918186,,
2-60,GPS_TRACKING,943.3658314782223,0.2,200,CloudNode,7,1.0,12000.0,113.65630599578746,640.7834746872079,527.1271686914205,369.24744319914157,39.30690964492592,,
5-44,SENSOR_DATA_LOGGING,855.2827141859448,0.1,10000,CloudNode,0,0.20833333333333334,12000.0,82.0236214957001,642.7749825736307,560.7513610779306,376.15367339471186,35.636779757747696,,
4-38,SENSOR_DATA_LOGGING,260.57035425290127,0.1,10000,CloudNode,0,0.20833333333333334,12000.0,83.3395439379137,643.4479768633392,560.1084329254255,419.7922184075163,10.857098093870885,,
8-67,SENSOR_DATA_LOGGING,209.18273776178455,0.1,10000,CloudNode,24,1.0,12000.0,121.33946556340675,643.8304148710905,522.4909493076838,423.38858334453295,8.715947406741023,,
8-54,SENSOR_DATA_LOGGING,314.09046867684793,0.1,10000,CloudNode,0,0.875,12000.0,103.86482512371721,644.6546925545115,540.7898674307943,416.8467862702918,13.08710286153533,,
2-160,E_COMMERCE_TRANSACTION,66.0291302152159,0.5,300,FogNode_1,0,1.0,1597.9384595498836,274.5996559286915,645.012276693737,370.4126207650455,283.3455516362034,5.454507152840597,,
9-68,SENSOR_DATA_LOGGING,486.6676847910984,0.1,10000,CloudNode,10,1.0,12000.0,114.6413149785944,645.0995451373844,530.45823015879,404.54695526552007,20.2778201996291,,
8-258,GPS_TRACKING,77.37133144574669,0.2,200,FogNode_5,0,0.0,782.8923712617282,517.1126328640703,645.475030540689,128.36239767661868,0.0,11.500457457033319,,
1-76,SENSOR_DATA_LOGGING,444.00248844266395,0.1,10000,CloudNode,30,1.0,12000.0,124.52975945498251,646.475034132666,521.9452746776835,409.13599257802196,18.500103685110997,,
8-182,E_COMMERCE_TRANSACTION,183.60371439769855,0.5,300,FogNode_9,0,0.5,1349.236560939329,339.77610751394025,646.7490244916842,306.9729169777439,120.42546314687343,18.466795051457307,,
8-50,GPS_TRACKING,991.2006506911631,0.2,200,CloudNode,0,0.5416666666666666,12000.0,92.90316926334799,647.0360683108061,554.1328990474581,369.5242948038666,41.300027112131794,,
1-25,HEALTH_MONITORING,483.99316955587295,1.0,100,CloudNode,0,0.0,12000.0,46.720426844603416,648.3075045383686,601.5870776937652,407.9313587513317,20.16638206482804,,
2-56,GPS_TRACKING,106.57481988423352,0.2,200,CloudNode,0,1.0,12000.0,108.25529210462982,649.6647096775607,541.4094175729309,434.35834144253744,4.440617495176396,,
7-144,SENSOR_DATA_LOGGING,110.7258451032126,0.1,10000,FogNode_3,18,1.0,1899.4436001125757,291.7465705574809,650.4630934330606,358.71652287557976,287.00807145965325,5.257029233233752,,
2-251,GPS_TRACKING,140.59031150551,0.2,200,FogNode_6,0,0.25,816.2509881302752,448.09212276201066,650.6421687669078,202.55004600489718,0.0,18.943881229476982,,
3-55,SMART_HOME_CONTROL,393.5478808169471,0.1,150,CloudNode,23,1.0,12000.0,122.56335817048297,650.9619021417741,528.3985439712911,416.58912660204567,16.397828367372796,,
1-148,SMART_HOME_CONTROL,213.9962822493521,0.1,150,FogNode_3,16,1.0,1899.4436001125757,283.1448925214433,652.879660124444,369.73476760300065,243.39314484370846,10.160091445132213,,
1-174,E_COMMERCE_TRANSACTION,254.47928931903246,0.5,300,FogNode_9,0,0.375,1349.236560939329,330.97140095150223,653.7525573015344,322.7811563500321,83.61607221906053,25.59543468993124,,
3-198,E_COMMERCE_TRANSACTION,178.84642930077152,0.5,300,FogNode_6,0,0.0,816.2509881302752,390.54278033380984,657.0008735784622,266.4580932446524,0.0,24.098712626133445,,
8-229,SMART_HOME_CONTROL,63.776030541199034,0.1,150,FogNode_2,0,0.8333333333333334,681.967788340379,446.8526685621673,657.0359554403349,210.18328687816756,94.62358449003023,7.828126648827933,,
4-50,SENSOR_DATA_LOGGING,938.0886248095743,0.1,10000,CloudNode,0,0.6666666666666666,12000.0,97.63609542173052,658.1079776451135,560.471882223383,381.3216922326292,39.087026033732265,,
4-110,SENSOR_DATA_LOGGING,199.2164262337327,0.1,10000,FogNode_0,0,1.0,1189.2931772946604,228.8990091893791,658.468072296326,429.56906310694694,246.72393917268715,12.684943813336984,,
5-144,SENSOR_DATA_LOGGING,219.66081558950773,0.1,10000,FogNode_3,16,1.0,1899.4436001125757,280.7885342065331,660.6724919121972,379.8839577056641,244.5998707599718,10.429031522618796,,
0-167,E_COMMERCE_TRANSACTION,252.78876422486215,0.5,300,FogNode_9,0,0.375,1349.236560939329,332.632216722517,661.2279580440154,328.5957413214984,89.86646457429123,25.42540228864895,,
7-41,GPS_TRACKING,301.14603039240023,0.2,200,CloudNode,0,0.75,12000.0,100.7267120870926,661.9373344181662,561.2106223310736,430.8829628067216,12.547751266350009,,
5-51,SENSOR_DATA_LOGGING,628.2709601293083,0.1,10000,CloudNode,0,0.75,12000.0,100.74042987338669,662.9081948613181,562.1677649879314,409.1469728790481,26.17795667205451,,
0-55,GPS_TRACKING,207.65655878359408,0.2,200,CloudNode,26,1.0,12000.0,123.07387660749836,664.3407815427722,541.2669049352738,439.40106390731773,8.652356615983088,,
1-144,SMART_HOME_CONTROL,305.46517965920395,0.1,150,FogNode_3,15,1.0,1899.4436001125757,277.45688020846706,666.8126567138024,389.35577650533537,211.45401667192942,14.502841479390463,,
7-89,GPS_TRACKING,248.4859406867821,0.2,200,FogNode_7,0,0.875,1727.0272900361456,194.94612599879926,666.9347794710238,471.98865347222454,298.7712668424797,17.030997787301146,,
4-163,GPS_TRACKING,86.00354980315393,0.2,200,FogNode_8,0,1.0,770.9711269175084,331.2654159506007,667.1105883430345,335.84517239243377,193.76627853771555,8.175038864125465,,
7-199,GPS_TRACKING,83.43688839281828,0.2,200,FogNode_2,0,0.6666666666666666,681.967788340379,439.6493956856203,667.3717617979765,227.72236611235627,80.94859510075588,10.241379464674708,,
2-48,SMART_HOME_CONTROL,299.7140942185937,0.1,150,CloudNode,0,0.5416666666666666,12000.0,93.22636924733018,667.7511570918468,574.5247878445166,436.0533245227161,12.48808725910807,,
9-173,E_COMMERCE_TRANSACTION,126.48083439378223,0.5,300,FogNode_9,0,0.75,1349.236560939329,344.29579784597064,668.2227980849487,323.9270002389781,180.3295973572611,12.721396483450265,,
2-58,SMART_HOME_CONTROL,844.5142335372811,0.1,150,CloudNode,5,1.0,12000.0,110.68814746789722,668.8529702050888,558.1648227371916,398.9574594334372,35.18809306405338,,
8-34,E_COMMERCE_TRANSACTION,710.6547821574499,0.5,300,CloudNode,0,0.0,12000.0,50.95922836014355,669.1118657974156,618.152637437272,409.1767042047743,29.610615923227076,,
2-169,SENSOR_DATA_LOGGING,69.14078385960411,0.1,10000,FogNode_3,19,1.0,1899.4436001125757,293.9099808014064,670.4715201652477,376.56153936384135,324.78975844068054,3.2826583677895926,,
6-48,GPS_TRACKING,285.1270712666595,0.2,200,CloudNode,0,0.5416666666666666,12000.0,92.14146169369067,673.4252989497824,581.2838372560917,441.7958733936883,11.880294636110813,,
6-14,HEALTH_MONITORING,369.65572240954754,1.0,100,CloudNode,0,0.0,12000.0,41.062974608073375,674.2526203974683,633.189645789395,436.42294813197043,15.402321767064482,,
0-60,SENSOR_DATA_LOGGING,494.310401421846,0.1,10000,CloudNode,34,1.0,12000.0,128.71083306523389,674.701517715397,545.9906846501631,428.6249404348214,20.59626672591025,,
2-27,E_COMMERCE_TRANSACTION,485.4637277755912,0.5,300,CloudNode,0,0.0,12000.0,55.49104616353735,677.6443267192898,622.1532805557524,430.9504051925874,20.227655323982965,,
0-213,E_COMMERCE_TRANSACTION,156.2224521496497,0.5,300,FogNode_2,0,0.0,681.967788340379,402.7197206677437,678.2192935433796,275.499572875636,0.0,19.175372478346905,,
9-65,GPS_TRACKING,677.8610485288993,0.2,200,CloudNode,6,1.0,12000.0,112.77830457654359,678.2270196196002,565.4487150430566,419.7487427851288,28.244210355370804,,
6-246,GPS_TRACKING,72.12255909084534,0.2,200,FogNode_6,0,0.625,816.2509881302752,485.03035410567696,678.6388988752775,193.60854476960054,76.53254789825303,9.718174593626692,,
0-49,SENSOR_DATA_LOGGING,428.9905122585313,0.1,10000,CloudNode,8,1.0,12000.0,113.87761326328629,679.5796242259681,565.7020109626818,436.7164480210642,17.874604677438803,,
6-195,E_COMMERCE_TRANSACTION,165.32777701632267,0.5,300,FogNode_2,0,0.0,681.967788340379,384.300488183703,680.1771161637595,295.87662798005647,0.0,20.29299669594372,,
7-100,SENSOR_DATA_LOGGING,363.0909657914387,0.1,10000,FogNode_4,0,0.25,1758.3565909566523,216.60859815042585,681.55081425865,464.94221610822416,240.6818020222931,30.246784464810816,,
2-200,E_COMMERCE_TRANSACTION,117.57992445948939,0.5,300,FogNode_9,0,0.875,1349.236560939329,352.8556498923084,685.2001532555151,332.34450336320674,197.03118715800116,11.826146188175592,,
7-94,SENSOR_DATA_LOGGING,765.3681405159371,0.1,10000,FogNode_7,0,0.875,1727.0272900361456,202.49780991453758,686.9321888590978,484.4343789445602,27.33292956588275,52.457628272934706,,
3-19,HEALTH_MONITORING,621.1208073733907,1.0,100,CloudNode,0,0.0,12000.0,34.75533631347306,687.2045245467259,652.4491882332528,430.06384178486724,25.880033640557944,,
7-22,HEALTH_MONITORING,117.88023220814158,1.0,100,CloudNode,0,0.0,12000.0,54.61301036126214,688.050372303612,633.4373619423499,466.6735699580005,4.911676342005899,,
0-145,E_COMMERCE_TRANSACTION,108.70129672814247,0.5,300,FogNode_1,0,1.0,1597.9384595498836,274.1436789291135,688.2187745999734,414.07509567085987,296.75548778685624,8.979551882542731,,
8-76,VOICE_ASSISTANT,72.8936770860318,2.0,150,FogNode_3,1,1.0,1899.4436001125757,145.36534173803534,688.8394248396428,543.4740831016074,331.35436958289097,3.4608378107384805,,
7-34,GPS_TRACKING,769.8741502428637,0.2,200,CloudNode,0,0.4583333333333333,12000.0,91.71046990764638,689.1729538419712,597.4624839343248,422.3434982333115,32.07808959345265,,
1-85,SENSOR_DATA_LOGGING,381.1053268042384,0.1,10000,CloudNode,52,1.0,12000.0,137.28223805590957,689.8667548788,552.5845168228904,449.7953880951827,15.879388616843269,,
5-50,SENSOR_DATA_LOGGING,800.452430288821,0.1,10000,CloudNode,0,0.7083333333333334,12000.0,96.64438440918319,690.6686110395782,594.024226630395,421.29411886075843,33.35218459536754,,
7-48,SENSOR_DATA_LOGGING,345.87174692182015,0.1,10000,CloudNode,12,1.0,12000.0,114.84443551213704,690.7599799949845,575.9155444828475,453.594470251237,14.411322788409173,,
4-98,SENSOR_DATA_LOGGING,409.85132871322827,0.1,10000,FogNode_7,0,0.875,1727.0272900361456,203.64144407903404,691.3079834357492,487.66653935671513,229.7950501010601,28.090833039266304,,
5-175,E_COMMERCE_TRANSACTION,61.53308029971215,0.5,300,FogNode_9,0,0.75,1349.236560939329,349.6495611483364,692.354874556163,342.7053134078267,244.32522668890653,6.188974915389255,,
5-61,SENSOR_DATA_LOGGING,537.8630413967196,0.1,10000,CloudNode,23,1.0,12000.0,122.23299191787032,693.1294246547618,570.8964327368915,440.50934694609316,22.41096005819665,,
1-109,SENSOR_DATA_LOGGING,552.6775269638547,0.1,10000,FogNode_7,0,0.875,1727.0272900361456,203.00967540188884,693.7305763559094,490.7209009540206,151.98118130021976,37.88000927858199,,
7-42,SENSOR_DATA_LOGGING,372.8648028205044,0.1,10000,CloudNode,0,0.8333333333333334,12000.0,102.04432664179085,693.9802617630268,591.935935121236,454.4786586734938,15.53603345085435,,
2-140,E_COMMERCE_TRANSACTION,298.98253183212654,0.5,300,FogNode_1,0,0.4,1597.9384595498836,249.7400778328363,694.51085412162,444.77077628878374,206.03343894534157,24.69822566399519,,
2-273,GPS_TRACKING,105.24624407861297,0.2,200,FogNode_6,0,0.625,816.2509881302752,486.91546606915244,695.2728614207867,208.3573953516343,54.29241187909747,14.181434882130192,,
7-38,E_COMMERCE_TRANSACTION,114.51471582739583,0.5,300,CloudNode,0,0.7083333333333334,12000.0,97.16355367013699,698.7158468275875,601.5522931574505,476.10911597981783,4.77144649280816,,
6-75,VOICE_ASSISTANT,87.26517063700973,2.0,150,FogNode_3,1,1.0,1899.4436001125757,152.0341591718087,698.8221511949015,546.7879920230928,333.10089726369944,4.143165966845995,,
9-74,GPS_TRACKING,324.5037423924329,0.2,200,CloudNode,21,1.0,12000.0,118.79765857714719,701.7434962480997,582.9458376709525,464.04559714141647,13.520989266351371,,
9-63,E_COMMERCE_TRANSACTION,459.88815132555874,0.5,300,CloudNode,0,1.0,12000.0,107.93432460335114,702.6647941532354,594.7304695498843,455.8052333064573,19.162006305231614,,
1-78,SENSOR_DATA_LOGGING,415.68702253420247,0.1,10000,CloudNode,30,1.0,12000.0,127.72656791608411,703.4935554162723,575.7669875001882,460.1243671341475,17.320292605591767,,
5-45,E_COMMERCE_TRANSACTION,705.4778086125932,0.5,300,CloudNode,0,0.25,12000.0,86.62650883117671,703.8893625217672,617.2628536905905,437.6817422535523,29.394908692191386,,
9-56,SENSOR_DATA_LOGGING,862.7238338084751,0.1,10000,CloudNode,0,0.625,12000.0,95.22652856746579,704.0100027565784,608.7834741891126,428.29073704695213,35.94682640868646,,
4-57,SMART_HOME_CONTROL,656.346836211069,0.1,150,CloudNode,28,1.0,12000.0,123.99106537199069,705.6574718260298,581.6664064540391,442.8418138317065,27.347784842127876,,
3-137,SENSOR_DATA_LOGGING,206.580958757941,0.1,10000,FogNode_3,18,1.0,1899.4436001125757,292.8784613705167,707.0746083443446,414.1961469738279,289.9754615445795,9.808027549553943,,
2-67,GPS_TRACKING,730.96323583999,0.2,200,CloudNode,30,1.0,12000.0,126.66490308634701,707.3886371193319,580.7237340329848,438.94847764839096,30.456801493332918,,
0-39,E_COMMERCE_TRANSACTION,399.0821936947751,0.5,300,CloudNode,0,0.625,12000.0,95.53172813650745,707.5094698720328,611.9777417355253,464.387988631471,16.628424737282298,,
4-44,GPS_TRACKING,996.6636382075159,0.2,200,CloudNode,0,0.4583333333333333,12000.0,91.69680792606938,708.6155351784487,616.9187272523793,422.6457512144607,41.527651591979826,,
5-173,E_COMMERCE_TRANSACTION,182.7920655240407,0.5,300,FogNode_9,0,0.75,1349.236560939329,344.8765295910224,710.0822035466156,365.20567395559317,177.71513708463317,18.385159701907032,,
8-24,HEALTH_MONITORING,803.2962351649122,1.0,100,CloudNode,0,0.0,12000.0,29.69409723714071,711.5960454849209,681.9019482477802,437.52698175786645,33.470676465204676,,
1-219,E_COMMERCE_TRANSACTION,192.63724345319736,0.5,300,FogNode_6,0,0.0,816.2509881302752,426.84869699563643,711.8511477467491,285.0024507511127,0.0,25.956959773918637,,
1-75,SENSOR_DATA_LOGGING,972.7695622079398,0.1,10000,CloudNode,27,1.0,12000.0,123.51910031402244,712.6619609838044,589.142860669782,428.24457317670095,40.532065091997495,,
2-208,SENSOR_DATA_LOGGING,80.24631594857453,0.1,10000,FogNode_3,21,1.0,1899.4436001125757,362.15687548278134,712.7187950744993,350.561919591718,293.74714123342545,3.809925572550255,,
1-66,GPS_TRACKING,318.7704513573758,0.2,200,CloudNode,5,1.0,12000.0,110.14698914084136,714.6145765833933,604.4675874425519,475.5788429945135,13.28210213989066,,
2-61,GPS_TRACKING,563.773744355119,0.2,200,CloudNode,14,1.0,12000.0,115.69206953973297,714.7323024547734,599.0402329150404,459.05116335301983,23.49057268146329,,
4-60,GPS_TRACKING,267.30919540439385,0.2,200,CloudNode,34,1.0,12000.0,129.1877360773484,715.4051909384613,586.2174548611129,479.3124230440686,11.137883141849743,,
7-232,SMART_HOME_CONTROL,98.23154202336622,0.1,150,FogNode_6,0,0.75,816.2509881302752,498.4071376967427,716.3562809700234,217.94914327328064,80.06302055699791,13.236236872596269,,
0-185,GPS_TRACKING,229.14665177072573,0.2,200,FogNode_9,0,1.0,1349.236560939329,362.6829357184717,716.769829632983,354.08689391451134,155.47450898160122,23.047487186515717,,
0-44,E_COMMERCE_TRANSACTION,196.40587732016607,0.5,300,CloudNode,0,0.9583333333333334,12000.0,107.55151880989659,719.0319505965826,611.480431786686,487.5542929686391,8.183578221673587,,
3-43,SENSOR_DATA_LOGGING,142.5219735227982,0.1,10000,CloudNode,0,0.6666666666666666,12000.0,98.89304868532479,719.2654682462318,620.372419560907,490.43024031098605,5.938415563449925,,
6-141,GPS_TRACKING,251.85827557948775,0.2,200,FogNode_3,16,1.0,1899.4436001125757,281.59271606979445,720.3483108331308,438.7555947633363,283.1045185356731,11.957698910484936,,
5-54,SMART_HOME_CONTROL,183.66916316261526,0.1,150,CloudNode,0,0.9166666666666666,12000.0,104.6754786944671,720.9632354229144,616.2877567284473,488.8588682265801,7.652881798442303,,
2-289,SMART_HOME_CONTROL,69.38965170641902,0.1,150,FogNode_6,0,1.0,816.2509881302752,511.39224941770095,722.6418663606339,211.24961694293296,112.71044789041616,9.349928216281521,,
8-56,SMART_HOME_CONTROL,412.7591965026685,0.1,150,CloudNode,0,0.9166666666666666,12000.0,106.0754384998439,725.1565797035403,619.0811412036963,477.48741281369774,17.198299854277852,,
6-125,E_COMMERCE_TRANSACTION,222.22301151765174,0.5,300,FogNode_1,0,1.0,1597.9384595498836,263.3695961559939,726.0804895479389,462.710893391945,271.12416608240926,18.3573068719522,,
7-9,HEALTH_MONITORING,646.6265511448873,1.0,100,CloudNode,0,0.0,12000.0,23.507255710151348,727.310844878523,703.8035891683717,463.68578270087744,26.942772964370306,,
8-63,GPS_TRACKING,449.36462354168526,0.2,200,CloudNode,19,1.0,12000.0,117.8786022463704,727.3138068406071,609.4352045942367,476.720983875176,18.723525980903553,,
1-208,E_COMMERCE_TRANSACTION,149.70809301118263,0.5,300,FogNode_2,0,0.16666666666666666,681.967788340379,407.23112237245465,727.816832034686,320.5857096622313,55.52445608170768,18.375773821310272,,
6-112,HEALTH_MONITORING,135.28301526947956,1.0,100,FogNode_1,0,0.2,1597.9384595498836,237.89877756726673,729.6732437422345,491.77446617496776,312.51051832556647,11.175403523264585,,
3-25,HEALTH_MONITORING,350.5979270519981,1.0,100,CloudNode,0,0.0,12000.0,52.28052176589881,730.9599901690996,678.6794684032008,486.95313286253855,14.60824696049992,,
7-40,GPS_TRACKING,73.2264834202289,0.2,200,CloudNode,0,0.7083333333333334,12000.0,100.34824585394323,733.4160137922928,633.0677679383496,505.50128259865454,3.0511034758428712,,
1-143,HEALTH_MONITORING,138.3275571210565,1.0,100,FogNode_3,15,1.0,1899.4436001125757,276.94240158948014,733.4977956552818,456.5553940658017,289.5149693313372,6.567500215233008,,
4-228,E_COMMERCE_TRANSACTION,52.267602092344156,0.5,300,FogNode_2,0,0.8333333333333334,681.967788340379,448.78135433883944,733.6782880929392,284.89693375409973,156.05436373457462,6.415535826506168,,
4-213,E_COMMERCE_TRANSACTION,100.1980652788233,0.5,300,FogNode_2,0,0.16666666666666666,681.967788340379,420.4659904198972,735.115044780307,314.6490543604098,117.41959726087623,12.298713769328467,,
5-124,HEALTH_MONITORING,76.56968744351842,1.0,100,FogNode_1,0,0.2,1597.9384595498836,247.13452964566665,736.1365695475254,489.0020399018587,348.21775742364986,6.325237156542096,,
0-56,GPS_TRACKING,728.8509479200656,0.2,200,CloudNode,27,1.0,12000.0,123.71709590230745,738.3819057126286,614.6648098103212,466.41674140646955,30.368789496669397,,
5-64,SMART_HOME_CONTROL,312.6282134718736,0.1,150,CloudNode,31,1.0,12000.0,124.58752657526736,740.6669277060494,616.079401130782,495.426940889034,13.026175561328067,,
8-184,E_COMMERCE_TRANSACTION,245.0554620542786,0.5,300,FogNode_9,0,0.75,1349.236560939329,344.8012991035507,743.3939524810942,398.59265337754346,168.36838709218404,24.64758955907736,,
6-69,SENSOR_DATA_LOGGING,551.4010398061955,0.1,10000,CloudNode,64,1.0,12000.0,145.03880976225585,744.6659334781037,599.6271237158479,483.9322492618645,22.97504332525815,,
8-65,SENSOR_DATA_LOGGING,923.1474716960967,0.1,10000,CloudNode,22,1.0,12000.0,118.9653043743197,746.0408217720903,627.0755173977707,459.90446950142643,38.46447798733736,,
0-263,GPS_TRACKING,127.18286536042322,0.2,200,FogNode_6,0,0.625,816.2509881302752,483.64629909507954,746.9814708338871,263.33517173880756,76.84582242950387,17.1372911121119,,
3-150,E_COMMERCE_TRANSACTION,113.83438630173595,0.5,300,FogNode_8,0,0.5,770.9711269175084,319.6256235916535,748.1461526032172,428.52052901156367,235.35349392013393,10.820489784672072,,
7-46,GPS_TRACKING,350.7702593599161,0.2,200,CloudNode,8,1.0,12000.0,113.82322748199662,748.4963231928914,634.6730957108948,498.7991152659362,14.615427473329838,,
3-273,E_COMMERCE_TRANSACTION,81.48511881735874,0.5,300,FogNode_5,0,0.0,782.8923712617282,524.1547419251239,749.5571774723743,225.40243554725043,70.42977530570397,12.111929894827409,,
6-35,E_COMMERCE_TRANSACTION,134.55975996792034,0.5,300,CloudNode,0,0.0,12000.0,72.88096085777676,749.5952190432887,676.7142581855119,516.3623929163765,5.606656665330014,,
1-83,SMART_HOME_CONTROL,441.0782347201356,0.1,150,CloudNode,45,1.0,12000.0,134.8720713392929,755.7884701565939,620.916398817301,498.64634293117314,18.37825978000565,,
8-47,E_COMMERCE_TRANSACTION,818.2573279719329,0.5,300,CloudNode,0,0.25,12000.0,86.93914725758138,758.8567217039059,671.9175744463246,477.45681306064273,34.09405533216387,,
1-71,SMART_HOME_CONTROL,192.9097368260955,0.1,150,CloudNode,17,1.0,12000.0,116.85642366765737,760.7417448802784,643.885321212621,522.3130202135462,8.037905701087313,,
8-261,E_COMMERCE_TRANSACTION,113.7274513593062,0.5,300,FogNode_5,0,0.0,782.8923712617282,519.1493009760414,760.968903575395,241.81960259935352,43.46625761684629,16.904423015799434,,
8-31,HEALTH_MONITORING,804.7140228311818,1.0,100,CloudNode,0,0.0,12000.0,39.72387594740687,761.0397636656253,721.3158877182184,479.4581693581399,33.529750951299235,,
4-128,E_COMMERCE_TRANSACTION,301.6996779075181,0.5,300,FogNode_1,0,0.8,1597.9384595498836,259.9859015721192,761.9703780885657,501.9844765164465,266.81071583216556,24.922682546211103,,
1-40,HEALTH_MONITORING,262.15316348553756,1.0,100,CloudNode,0,0.0,12000.0,72.11159736652591,762.5130246631775,690.4014272966516,518.366239342052,10.923048478564064,,
9-27,HEALTH_MONITORING,997.7970627015688,1.0,100,CloudNode,0,0.0,12000.0,41.85217379290575,762.7293794510989,720.8772056581931,467.6886163448588,41.574877612565366,,
9-316,GPS_TRACKING,65.08183268084198,0.2,200,FogNode_6,0,0.875,816.2509881302752,662.6130058365651,763.6578697017071,101.04486386514202,0.0,8.76946992506126,,
1-65,SENSOR_DATA_LOGGING,932.1096067104961,0.1,10000,CloudNode,0,0.9583333333333334,12000.0,106.95033782038513,764.8803251059339,657.9299872855488,474.8197410183815,38.837900279604,,
4-65,SENSOR_DATA_LOGGING,748.368584422834,0.1,10000,CloudNode,44,1.0,12000.0,134.71218826033322,765.8576041181751,631.145415857842,488.2436356149643,31.182024350951416,,
0-128,VOICE_ASSISTANT,116.82864419232092,2.0,150,FogNode_1,0,0.2,1597.9384595498836,238.35395272001747,767.622958967779,529.2690062477616,287.61405316057255,9.650932449460553,,
9-81,HEALTH_MONITORING,132.03260243673492,1.0,100,FogNode_7,0,0.25,1727.0272900361456,131.521537116661,767.7587744559487,636.2372373392877,464.8840608746616,9.04939311148423,,
9-46,HEALTH_MONITORING,788.7269488827967,1.0,100,CloudNode,0,0.0,12000.0,71.83151227937219,769.6166082620002,697.785095982628,488.5138180213526,32.86362287011653,,
0-42,E_COMMERCE_TRANSACTION,807.9298210305697,0.5,300,CloudNode,0,0.9166666666666666,12000.0,104.29085025736306,771.3374878424592,667.046637585096,487.4172252388991,33.663742542940405,,
1-309,E_COMMERCE_TRANSACTION,70.96097822042469,0.5,300,FogNode_2,1,1.0,681.967788340379,614.3876241043224,771.4250315178173,157.03740741349486,6.838986964659625,8.710036042073206,,
8-53,GPS_TRACKING,320.46748357097107,0.2,200,CloudNode,0,0.7916666666666666,12000.0,101.47384192931132,772.7464454030046,671.2726034736933,523.6401658142269,13.352811815457128,,
4-64,GPS_TRACKING,808.8961402368232,0.2,200,CloudNode,43,1.0,12000.0,134.50096075269465,779.0040571713228,644.503096418628,493.34519831481583,33.70400584320096,,
5-65,SMART_HOME_CONTROL,578.9764084732806,0.1,150,CloudNode,31,1.0,12000.0,124.67350011448511,779.2080242085397,654.5345240940545,509.09043912870476,24.124017019720025,,
7-28,E_COMMERCE_TRANSACTION,355.4697303443741,0.5,300,CloudNode,0,0.0,12000.0,73.6892691439258,779.2176965719865,705.5284274280607,526.9446113250921,14.811238764348921,,
7-101,SENSOR_DATA_LOGGING,326.11674427307156,0.1,10000,FogNode_4,0,0.25,1758.3565909566523,217.46761805919684,779.4414255372556,561.9738074780587,359.00583734159665,27.166698716649822,,
0-359,SMART_HOME_CONTROL,88.07986638649152,0.1,150,FogNode_6,0,1.0,816.2509881302752,654.1126057796969,781.8570873993557,127.74448161965881,0.0,11.86834647185843,,
4-52,SMART_HOME_CONTROL,693.2665284714701,0.1,150,CloudNode,0,0.7916666666666666,12000.0,101.14555928756009,782.9287904094961,681.783231121936,503.9360591830091,28.88610535297792,,
4-16,HEALTH_MONITORING,749.836806061272,1.0,100,CloudNode,0,0.0,12000.0,46.333010934489614,783.4496359280204,737.1166249935308,499.9732627279637,31.243200252553002,,
6-265,E_COMMERCE_TRANSACTION,169.97235361868726,0.5,300,FogNode_5,0,0.0,782.8923712617282,518.6950091702518,783.9404750137192,265.2454658434674,0.0,25.264652748469594,,
9-264,SENSOR_DATA_LOGGING,90.77620025093115,0.1,10000,FogNode_8,1,1.0,770.9711269175084,569.7027482194935,784.8532599964749,215.15051177698138,80.82030900978214,8.628701567406509,,
9-76,SENSOR_DATA_LOGGING,920.6374380854186,0.1,10000,CloudNode,24,1.0,12000.0,121.78066218949445,785.3353216855669,663.5546594960724,490.7055035901445,38.35989325355911,,
3-48,GPS_TRACKING,940.3001147498258,0.2,200,CloudNode,5,1.0,12000.0,110.38740334266438,785.8678127678517,675.4804094251873,489.75500022099914,39.17917144790941,,
7-13,HEALTH_MONITORING,341.61197424280056,1.0,100,CloudNode,0,0.0,12000.0,30.222797383267643,787.3243862241393,757.1015888408716,535.9636636198455,14.23383226011669,,
2-57,SENSOR_DATA_LOGGING,907.9609890500952,0.1,10000,CloudNode,3,1.0,12000.0,109.32944489282492,791.0686066926359,681.739161799811,495.757780709781,37.831707877087304,,
5-69,GPS_TRACKING,951.7183250205368,0.2,200,CloudNode,39,1.0,12000.0,133.13833277228107,791.9718214021825,658.8334886299015,493.77603626961,39.65493020918903,,
9-80,GPS_TRACKING,436.42130112495744,0.2,200,CloudNode,33,1.0,12000.0,129.91411515628496,792.156911917007,662.2427967607221,533.034964875925,18.18422088020656,,
5-98,SMART_HOME_CONTROL,771.7936410603155,0.1,150,FogNode_7,0,0.875,1727.0272900361456,202.14208773078974,792.7846652606081,590.6425775298184,124.62578181737373,52.898026169295186,,
9-64,SMART_HOME_CONTROL,963.1612891729436,0.1,150,CloudNode,5,1.0,12000.0,111.01191990617565,794.9957432191853,683.9838233130097,495.1674554665623,40.131720382205984,,
5-60,SENSOR_DATA_LOGGING,812.446146646313,0.1,10000,CloudNode,24,1.0,12000.0,121.46640777815763,795.0146904323824,673.5482826542247,505.59151044425187,33.851922776929705,,
2-29,HEALTH_MONITORING,363.02736500390097,1.0,100,CloudNode,0,0.0,12000.0,58.625806121082,795.1326055229257,736.5067994018438,539.3582228663134,15.126140208495872,,
7-117,VOICE_ASSISTANT,111.38107520871941,2.0,150,FogNode_1,0,0.2,1597.9384595498836,241.23507174335734,795.7834712510602,554.5483995077028,318.0888695756809,9.200921917899747,,
2-133,HEALTH_MONITORING,165.05222300699944,1.0,100,FogNode_0,0,0.6666666666666666,1189.2931772946604,227.16290990037803,797.2498513883841,570.086941488006,344.58922371173196,10.509565976521056,,
8-362,GPS_TRACKING,50.90186084606656,0.2,200,FogNode_6,0,0.75,816.2509881302752,715.5038182048235,799.7097738110946,84.20595560627112,0.0,6.858785615461545,,
4-334,GPS_TRACKING,61.31391950695578,0.2,200,FogNode_6,0,0.875,816.2509881302752,703.2412598345825,799.8425724450223,96.60131261043978,0.0,8.26176140030787,,
6-41,HEALTH_MONITORING,388.2321983332898,1.0,100,CloudNode,0,0.16666666666666666,12000.0,80.94670646041361,805.0991285974454,724.1524221370319,545.6592520177722,16.176341597220407,,
1-36,HEALTH_MONITORING,874.3431004286701,1.0,100,CloudNode,0,0.0,12000.0,53.577078499413574,806.2779388280153,752.7008603286017,511.4287298885765,36.43096251786126,,
2-322,SENSOR_DATA_LOGGING,196.76909971318406,0.1,10000,FogNode_9,3,1.0,1349.236560939329,575.1840799196021,807.0653192671614,231.88123934755924,71.58479661234492,19.79096473501783,,
5-110,SENSOR_DATA_LOGGING,790.8121864728276,0.1,10000,FogNode_4,0,0.25,1758.3565909566523,221.17727204520293,809.7524700533104,588.5751980081075,125.69066689255928,65.87750181074155,,
3-349,SMART_HOME_CONTROL,88.6373997034631,0.1,150,FogNode_2,0,1.0,681.967788340379,658.66766390996,810.2817816265464,151.6141177165864,0.0,10.879711151876394,,
0-58,GPS_TRACKING,529.5822949339101,0.2,200,CloudNode,30,1.0,12000.0,127.2593258399034,813.7484661731594,686.489140333256,542.8921775311333,22.06592895557959,,
4-59,GPS_TRACKING,335.72336101875186,0.2,200,CloudNode,30,1.0,12000.0,126.00486306839781,813.8447595194143,687.8398964510166,556.9591354559286,13.988473375781327,,
9-83,SENSOR_DATA_LOGGING,448.8747377062158,0.1,10000,CloudNode,52,1.0,12000.0,137.01673236259424,816.6142523507243,679.5975199881301,551.7593364835702,18.703114071092326,,
0-316,GPS_TRACKING,98.93050617943379,0.2,200,FogNode_9,3,1.0,1349.236560939329,575.3068484629274,816.7172740123156,241.41042554938815,145.58684348653992,9.950394456591859,,
1-110,SMART_HOME_CONTROL,85.49898967989277,0.1,150,FogNode_7,0,0.875,1727.0272900361456,207.26598739269633,817.2652241647447,609.9992367720483,539.5762250787326,5.860022100365836,,
1-48,E_COMMERCE_TRANSACTION,313.00887282148375,0.5,300,CloudNode,0,0.125,12000.0,78.96807322753699,818.2409846521307,739.2729114245938,562.3682661000174,13.042036367561822,,
8-57,GPS_TRACKING,341.4463123412538,0.2,200,CloudNode,3,1.0,12000.0,109.54822091824623,819.522466054407,709.9742451361608,561.6827177121927,14.226929680885576,,
8-8,VOICE_ASSISTANT,304.32610805963526,2.0,150,CloudNode,0,0.0,12000.0,6.589854561390031,820.375199437352,813.785344875962,565.0623948879413,12.680254502484802,,
1-87,GPS_TRACKING,313.0589245690676,0.2,200,CloudNode,72,1.0,12000.0,148.849307097382,821.0839869332743,672.2346798358924,565.1994517298492,13.044121857044482,,
0-300,SMART_HOME_CONTROL,56.87865586389357,0.1,150,FogNode_5,0,0.6666666666666666,782.8923712617282,557.6755981219604,822.2091254945865,264.53352737262605,173.3625002605122,8.454430727156705,,
2-379,GPS_TRACKING,77.47303665794007,0.2,200,FogNode_6,0,0.875,816.2509881302752,700.2454769048343,823.5880333196842,123.34255641484992,0.0,10.439126204492503,,
3-67,GPS_TRACKING,756.6954049585428,0.2,200,CloudNode,55,1.0,12000.0,137.61135598665064,823.7996952934902,686.1883393068396,537.7152740392249,31.52897520660595,,
6-379,SMART_HOME_CONTROL,62.67142096151249,0.1,150,FogNode_6,0,0.75,816.2509881302752,729.5958868937494,824.1933913607369,94.59750446698752,0.0,8.444678317189137,,
0-66,GPS_TRACKING,634.4101005570707,0.2,200,CloudNode,54,1.0,12000.0,139.22740034327597,824.2049962222151,684.9775958789392,544.4876992832418,26.433754189877945,,
1-50,E_COMMERCE_TRANSACTION,930.7380885130384,0.5,300,CloudNode,0,0.20833333333333334,12000.0,81.48074457938748,826.0578305689779,744.5770859895904,525.882555163468,38.78075368804327,,
4-273,SENSOR_DATA_LOGGING,156.02780760674074,0.1,10000,FogNode_1,8,1.0,1597.9384595498836,538.9975083010349,827.3164331117998,288.3189248107649,173.39186057108122,12.889080771760412,,
3-177,SENSOR_DATA_LOGGING,309.9820368865761,0.1,10000,FogNode_3,21,1.0,1899.4436001125757,359.8241322388145,830.0088878986631,470.18475565984863,293.62819213109196,14.717292319341196,,
1-77,GPS_TRACKING,520.671515731658,0.2,200,CloudNode,31,1.0,12000.0,125.46361071039027,830.7136792017775,705.2500684913872,558.3160935271155,21.694646488819085,,
1-68,E_COMMERCE_TRANSACTION,622.8485617897052,0.5,300,CloudNode,5,1.0,12000.0,110.43033618856923,830.9081039871315,720.4777677985624,551.6204340721094,25.95202340790438,,
0-113,SENSOR_DATA_LOGGING,388.8521623547325,0.1,10000,FogNode_7,0,0.875,1727.0272900361456,210.75770658113996,831.0863853411863,620.3286787600464,380.83571167466107,26.6515694946237,,
0-63,SMART_HOME_CONTROL,607.8580670717101,0.1,150,CloudNode,43,1.0,12000.0,133.9111841071632,833.5836293321386,699.6724452249754,554.6533495837513,25.327419461321256,,
2-79,GPS_TRACKING,333.0844678330109,0.2,200,CloudNode,72,1.0,12000.0,149.88772216101555,834.0349778140995,684.147255653084,575.404655611289,13.87851949304212,,
2-65,SENSOR_DATA_LOGGING,886.6732397179635,0.1,10000,CloudNode,23,1.0,12000.0,122.25591679467118,834.929200308789,712.6732835141178,536.0641975432723,36.94471832158181,,
3-53,SMART_HOME_CONTROL,220.3974512124517,0.1,150,CloudNode,19,1.0,12000.0,117.70581386078584,834.9807066184286,717.2748927576428,585.033231918954,9.183227133852153,,
2-72,SMART_HOME_CONTROL,478.45036268489366,0.1,150,CloudNode,54,1.0,12000.0,139.47639680138565,835.0034690800002,695.5270722786145,564.3015746890592,19.935431778537236,,
3-59,GPS_TRACKING,256.27263737639447,0.2,200,CloudNode,30,1.0,12000.0,125.88118352840472,835.1045192878589,709.2233357594542,582.3869125584245,10.678026557349769,,
7-32,E_COMMERCE_TRANSACTION,877.6942154802355,0.5,300,CloudNode,0,0.25,12000.0,83.6931879917993,835.8705640744519,752.1773760826526,537.3554240529515,36.57059231167648,,
5-336,GPS_TRACKING,106.42917634152349,0.2,200,FogNode_2,0,1.0,681.967788340379,658.789248492317,836.8738387163402,178.08459022402315,0.0,13.063545417642164,,
2-359,GPS_TRACKING,75.71687872532496,0.2,200,FogNode_2,0,1.0,681.967788340379,669.1172029331112,838.8438922857101,169.7266893525989,32.65431282828672,9.293794409686468,,
7-267,SENSOR_DATA_LOGGING,70.04930010298233,0.1,10000,FogNode_8,1,1.0,770.9711269175084,572.6061411879734,839.0046785029522,266.39853731497874,159.19645786006674,6.658512957399673,,
9-75,GPS_TRACKING,926.1278944216637,0.2,200,CloudNode,24,1.0,12000.0,121.71747914764221,839.6903491983161,717.9728700506739,537.2140907851472,38.58866226756932,,
5-56,SENSOR_DATA_LOGGING,115.72459993022395,0.1,10000,CloudNode,19,1.0,12000.0,118.05836136088737,844.7482359487109,726.6898745878235,598.140427361694,4.821858330425997,,
2-93,SENSOR_DATA_LOGGING,659.2387583062854,0.1,10000,CloudNode,107,1.0,12000.0,165.17108118301434,846.9083845943729,681.7373034113587,562.187075479205,27.468281596095224,,
9-55,E_COMMERCE_TRANSACTION,975.1487502665162,0.5,300,CloudNode,0,0.5416666666666666,12000.0,94.3448778845078,847.1199999737181,752.7751220892103,539.7428496808714,40.63119792777151,,
2-304,SMART_HOME_CONTROL,136.48870260208363,0.1,150,FogNode_1,8,1.0,1597.9384595498836,538.287395025532,853.0384527788051,314.75105775327313,207.04688366264702,11.275002445109276,,
4-252,E_COMMERCE_TRANSACTION,167.58421690849107,0.5,300,FogNode_6,0,0.75,816.2509881302752,503.0530598462092,855.9518337418485,352.89877389563935,94.99217517810018,22.581182636649473,,
0-69,GPS_TRACKING,881.8009912881945,0.2,200,CloudNode,64,1.0,12000.0,145.28524618045785,856.9330518687033,711.6478056882454,555.1307320463025,36.74170797034144,,
4-292,SENSOR_DATA_LOGGING,235.50757274178068,0.1,10000,FogNode_9,3,1.0,1349.236560939329,581.1760968191674,859.7489162817868,278.57281946261946,89.74390637083195,23.68726631242463,,
2-78,SENSOR_DATA_LOGGING,980.1600857122631,0.1,10000,CloudNode,72,1.0,12000.0,149.78681554956458,860.8977037146751,711.1108881651105,551.707818594798,40.8400035713443,,
4-286,SENSOR_DATA_LOGGING,228.1029077316574,0.1,10000,FogNode_9,3,1.0,1349.236560939329,575.0536075082942,861.4155969937865,286.36198948549224,95.80165877133174,22.942507789345655,,
5-278,GPS_TRACKING,82.11532958082472,0.2,200,FogNode_5,0,1.0,782.8923712617282,567.262351740238,865.8560280322162,298.5936762919781,167.95140219314248,12.205604282210636,,
3-58,SENSOR_DATA_LOGGING,979.6027006612973,0.1,10000,CloudNode,30,1.0,12000.0,125.37733683853382,866.9688800740083,741.5915432354745,556.6796843780662,40.81677919422072,,
4-287,SENSOR_DATA_LOGGING,211.7094708697866,0.1,10000,FogNode_9,3,1.0,1349.236560939329,576.7196239397325,866.9927683792168,290.2731444394843,113.50201578936833,21.293661851177816,,
9-66,SENSOR_DATA_LOGGING,572.0552864639781,0.1,10000,CloudNode,9,1.0,12000.0,114.11419841855026,867.1937399264052,753.079541507855,586.9381240733005,23.835636935999087,,
8-356,E_COMMERCE_TRANSACTION,71.11036818930816,0.5,300,FogNode_6,0,0.875,816.2509881302752,700.6250614124456,868.97535031527,168.35028890282445,29.403375558980656,9.58178664473502,,
7-19,HEALTH_MONITORING,354.30899290976276,1.0,100,CloudNode,0,0.0,12000.0,52.46260799116256,869.216098607463,816.7534906163004,602.3138687215318,14.762874704573449,,
9-67,SMART_HOME_CONTROL,626.7902222789832,0.1,150,CloudNode,9,1.0,12000.0,114.38688818901808,873.3165054565229,758.9296172675048,588.2007299086524,26.116259261624297,,
8-352,SMART_HOME_CONTROL,69.59674702754211,0.1,150,FogNode_2,0,1.0,681.967788340379,693.0065241885553,873.4778677623431,180.47134357378775,58.8310278740712,8.542584815247984,,
7-96,SMART_HOME_CONTROL,139.99878296581838,0.1,150,FogNode_7,0,0.875,1727.0272900361456,206.97044472312572,873.8481109707731,666.8776662476473,564.2839354380233,9.595387796692908,,
0-67,SENSOR_DATA_LOGGING,632.4570871707292,0.1,10000,CloudNode,56,1.0,12000.0,140.81814264963901,876.5044525577176,735.6863099080786,590.7341021591774,26.35237863211372,,
0-25,HEALTH_MONITORING,504.05478008494515,1.0,100,CloudNode,0,0.0,12000.0,57.712301903018,876.9337653158677,819.2214634128497,600.4656735280115,21.00228250353938,,
8-66,GPS_TRACKING,397.61069516063804,0.2,200,CloudNode,24,1.0,12000.0,121.26621296055048,877.8824605454307,756.6162475848803,607.0658094213125,16.56711229835992,,
6-51,E_COMMERCE_TRANSACTION,208.78772885580315,0.5,300,CloudNode,0,0.875,12000.0,105.85265151904716,878.2966811193254,772.4440296002782,622.2221555119042,8.699488702325132,,
7-63,SENSOR_DATA_LOGGING,526.9241231902513,0.1,10000,CloudNode,64,1.0,12000.0,144.75284745150762,878.8910502176162,734.1382027661086,598.8388539661214,21.955171799593803,,
2-203,E_COMMERCE_TRANSACTION,305.20254500736803,0.5,300,FogNode_9,0,0.875,1349.236560939329,355.0805129030859,879.9564372163272,524.8759243132413,250.78658180250682,30.697161363664048,,
8-41,HEALTH_MONITORING,161.29171024203197,1.0,100,CloudNode,0,0.0,12000.0,65.62423702301139,880.6347157799079,815.0104787568965,627.9773768307091,6.720487926751332,,
6-65,GPS_TRACKING,908.7480231699532,0.2,200,CloudNode,33,1.0,12000.0,129.99996439913357,880.8281305282749,750.8281661291413,574.2308611315225,37.86450096541471,,
6-188,SENSOR_DATA_LOGGING,365.3882065558135,0.1,10000,FogNode_3,20,1.0,1899.4436001125757,368.01700819999564,881.2053400656373,513.1883318656417,307.2968153708006,17.34786021774994,,
7-16,HEALTH_MONITORING,665.1321541575273,1.0,100,CloudNode,0,0.0,12000.0,46.3428561252194,881.4855100821052,835.1426539568857,592.7565915512337,27.71383975656364,,
0-65,SENSOR_DATA_LOGGING,566.2658616084882,0.1,10000,CloudNode,55,1.0,12000.0,138.61874456190336,883.0593858751593,744.4406413132559,598.5092525922059,23.594410900353672,,
4-327,GPS_TRACKING,102.73431988932252,0.2,200,FogNode_2,0,1.0,681.967788340379,675.012987594345,884.3222358655082,209.30924827116326,36.45941118542214,12.610023867121965,,
2-417,E_COMMERCE_TRANSACTION,54.006928334265794,0.5,300,FogNode_6,1,1.0,816.2509881302752,766.2296754836572,884.5050872954259,118.27541181176878,0.0,7.277178811095449,,
0-386,E_COMMERCE_TRANSACTION,69.58055342892516,0.5,300,FogNode_6,0,0.625,816.2509881302752,716.925620454883,884.9538402082552,168.02821975337224,28.875566329099456,9.375651322795282,,
6-52,GPS_TRACKING,657.588089975117,0.2,200,CloudNode,0,0.9166666666666666,12000.0,106.17949418269396,885.5126866997039,779.3331925170099,597.3325000356422,27.399503748963205,,
8-9,VOICE_ASSISTANT,785.1208186129757,2.0,150,CloudNode,0,0.0,12000.0,7.762600224258652,885.8019343217666,878.0393340975079,587.740887899539,32.71336744220732,,
7-98,SENSOR_DATA_LOGGING,379.0056696346123,0.1,10000,FogNode_7,0,0.875,1727.0272900361456,212.07854601922594,886.3902981077212,674.3117520884953,441.41019426432763,25.976699941579547,,
7-39,HEALTH_MONITORING,234.6623796751815,1.0,100,CloudNode,0,0.6666666666666666,12000.0,98.02355131737258,886.5240783802734,788.5005270629008,627.969050547519,9.777599153132563,,
0-317,SENSOR_DATA_LOGGING,296.46457622876426,0.1,10000,FogNode_9,3,1.0,1349.236560939329,578.0911494892131,887.9504461575505,309.8592966683374,76.95488263744323,29.818299630774554,,
3-50,SENSOR_DATA_LOGGING,892.7001105835184,0.1,10000,CloudNode,5,1.0,12000.0,110.57484095955579,888.2364354013741,777.6615944418184,582.2953304305233,37.195837940979935,,
1-57,E_COMMERCE_TRANSACTION,774.1982551794353,0.5,300,CloudNode,0,0.4166666666666667,12000.0,91.47854706737172,888.7215174871681,797.2429704197964,590.9065598424733,32.25826063247647,,
8-48,HEALTH_MONITORING,144.42096402579662,1.0,100,CloudNode,0,0.375,12000.0,89.03120419650472,888.9688456513508,799.937641454846,635.5841447167693,6.017540167741526,,
6-76,SMART_HOME_CONTROL,752.0602714455183,0.1,150,CloudNode,90,1.0,12000.0,154.90999062349,893.579793274258,738.669802650768,597.0255404751964,31.33584464356326,,
8-372,GPS_TRACKING,120.37064918532674,0.2,200,FogNode_6,0,0.5,816.2509881302752,723.4960427311241,894.7015949451373,171.2055522140132,0.0,16.219377119685102,,
2-86,SENSOR_DATA_LOGGING,935.2773092199234,0.1,10000,CloudNode,99,1.0,12000.0,159.88815034851834,896.1807604204577,736.2926100719393,585.9361494617307,38.96988788416348,,
1-74,SENSOR_DATA_LOGGING,630.8870009515575,0.1,10000,CloudNode,22,1.0,12000.0,119.3234068224472,899.4823013403361,780.1588945178889,609.0091807365463,26.286958372981566,,
4-74,SMART_HOME_CONTROL,645.0297907814992,0.1,150,CloudNode,98,1.0,12000.0,157.76095605995286,900.8724825388431,743.1115264788903,608.9407513878634,26.876241282562464,,
0-23,HEALTH_MONITORING,863.2501376982025,1.0,100,CloudNode,0,0.0,12000.0,52.429752471611266,905.9724892889498,853.5427368173384,599.5768122817203,35.968755737425106,,
8-116,SENSOR_DATA_LOGGING,481.5496009106134,0.1,10000,FogNode_0,0,1.0,1189.2931772946604,228.88700532261643,907.1062559351863,678.2192506125698,256.6762026591713,30.66227894139212,,
3-280,SENSOR_DATA_LOGGING,232.01683197208882,0.1,10000,FogNode_1,8,1.0,1597.9384595498836,540.106445198788,907.1679797768338,367.0615345780458,203.27075706228027,19.166350752255404,,
1-124,HEALTH_MONITORING,131.19954086344222,1.0,100,FogNode_0,0,1.0,1189.2931772946604,232.30693165812036,907.5670913828889,675.2601597247685,479.1898582278698,8.354023991153047,,
2-73,SENSOR_DATA_LOGGING,903.3724813932729,0.1,10000,CloudNode,56,1.0,12000.0,140.06375643185748,908.8646694482446,768.8009130163871,599.3901918965125,37.640520058053035,,
9-385,SMART_HOME_CONTROL,68.68179527158532,0.1,150,FogNode_5,0,1.0,782.8923712617282,791.9638789941579,909.937397978448,117.97351898429008,13.747340047465968,10.208846737339693,,
7-55,SENSOR_DATA_LOGGING,444.8548716642253,0.1,10000,CloudNode,37,1.0,12000.0,132.45846282722542,910.3877447618751,777.9292819346497,632.6862818310672,18.535619652676054,,
3-181,SMART_HOME_CONTROL,367.42215068964765,0.1,150,FogNode_3,20,1.0,1899.4436001125757,368.04624287439174,913.7850365500046,545.7387936756129,332.1373044236611,17.444427588812797,,
8-62,GPS_TRACKING,966.645720919067,0.2,200,CloudNode,17,1.0,12000.0,117.35705063762065,915.5572791565891,798.2002285189684,598.1022404304865,40.27690503829446,,
9-54,HEALTH_MONITORING,467.12782148633823,1.0,100,CloudNode,0,0.5416666666666666,12000.0,92.31750867435926,917.818368674811,825.5008600004518,636.9061272755903,19.463659228597425,,
7-270,SENSOR_DATA_LOGGING,137.02944996170018,0.1,10000,FogNode_9,3,1.0,1349.236560939329,576.6000010333661,918.2780039307972,341.67800289743116,218.29320746126837,13.782372414184454,,
4-72,GPS_TRACKING,395.08517625269815,0.2,200,CloudNode,81,1.0,12000.0,153.01169776329112,921.6452821748929,768.6335844116018,642.8596995131004,16.46188234386242,,
1-5,VOICE_ASSISTANT,778.6919284719651,2.0,150,CloudNode,0,0.0,12000.0,6.2402039007369,921.8240459080337,915.5838420072968,618.2757614544306,32.44549701966521,,
6-111,GPS_TRACKING,337.9861649754831,0.2,200,FogNode_0,0,1.0,1189.2931772946604,231.0424884785541,922.5909398882632,691.5484514097091,377.23694933572824,21.520993993583076,,
2-395,GPS_TRACKING,132.71737477392568,0.2,200,FogNode_6,0,0.625,816.2509881302752,727.769821986354,926.2517001581105,198.48187817175642,13.846470402982732,17.88304014609639,,
8-74,GPS_TRACKING,326.70818132017354,0.2,200,CloudNode,57,1.0,12000.0,143.0314747411202,926.7079831170172,783.676508375897,651.4948827318672,13.612840888340564,,
9-119,SMART_HOME_CONTROL,406.400756791606,0.1,150,FogNode_7,0,0.875,1727.0272900361456,211.30231298037384,929.048662605201,717.7463496248272,466.76762691968474,27.854334014010995,,
0-187,GPS_TRACKING,411.614901593208,0.2,200,FogNode_3,21,1.0,1899.4436001125757,365.10416234476367,929.4216766808879,564.3175143361243,325.32667975254026,19.542606050945786,,
6-66,GPS_TRACKING,537.4176082942577,0.2,200,CloudNode,43,1.0,12000.0,134.1559182243897,930.297487390892,796.1415691665023,640.6512926180746,22.39240034559407,,
6-404,E_COMMERCE_TRANSACTION,65.29523412040587,0.5,300,FogNode_2,1,1.0,681.967788340379,774.6645915449309,932.6191733740178,157.95458182908692,13.712033566778132,8.014599810021327,,
2-98,SENSOR_DATA_LOGGING,473.4261595508895,0.1,10000,CloudNode,128,1.0,12000.0,171.31655750707523,933.0319732368322,761.715415729757,646.8090690782185,19.726089981287064,,
2-454,SMART_HOME_CONTROL,64.41722671949543,0.1,150,FogNode_6,0,0.875,816.2509881302752,832.6063631735274,934.8702395462337,102.26387637270636,1.4984688206245664,8.67991740710089,,
9-82,GPS_TRACKING,231.89531056542498,0.2,200,CloudNode,41,1.0,12000.0,133.470441195774,934.8818883703744,801.4114471746004,665.0871590542667,9.662304606892707,,
6-72,SENSOR_DATA_LOGGING,553.2105970104694,0.1,10000,CloudNode,71,1.0,12000.0,148.4714966921405,935.0697287355565,786.598232043416,643.0299315293285,23.05044154210289,,
7-391,GPS_TRACKING,86.70577480072632,0.2,200,FogNode_6,0,0.875,816.2509881302752,801.580591957223,935.6867127084286,134.1061207512056,0.0,11.683194113062074,,
9-70,HEALTH_MONITORING,197.59305827310217,1.0,100,CloudNode,11,1.0,12000.0,114.7927029422061,938.1113703643181,823.318667422112,669.4360910196413,8.233044094712591,,
6-3,VOICE_ASSISTANT,660.6357022311532,2.0,150,CloudNode,0,0.0,12000.0,3.833533432799127,938.1123610610887,934.2788276282896,638.3848092080889,27.526487592964717,,
6-67,GPS_TRACKING,833.5471166153909,0.2,200,CloudNode,46,1.0,12000.0,135.3038997717046,938.6783583254122,803.3744585537077,628.7693625424382,34.73112985897462,,
3-60,SENSOR_DATA_LOGGING,694.7663934743794,0.1,10000,CloudNode,34,1.0,12000.0,128.5635027053204,938.7253299844731,810.1618272791527,636.5834229368219,28.94859972809914,,
1-67,E_COMMERCE_TRANSACTION,393.4660694539819,0.5,300,CloudNode,5,1.0,12000.0,110.35538168726907,938.761328410115,828.4059467228459,656.5124447307148,16.39441956058258,,
5-80,GPS_TRACKING,688.9580075154445,0.2,200,CloudNode,101,1.0,12000.0,162.7890823577375,938.8986773750589,776.1095950173215,637.2236857688142,28.70658364647685,,
6-68,SENSOR_DATA_LOGGING,650.5371322643034,0.1,10000,CloudNode,54,1.0,12000.0,138.45838231948784,940.0133620104585,801.5549796909706,640.4305640633402,27.105713844345974,,
9-96,SMART_HOME_CONTROL,756.5652862147152,0.1,150,CloudNode,112,1.0,12000.0,166.37063677117212,941.343788303885,774.9731515327129,636.5453721300265,31.523553592279804,,
5-100,SENSOR_DATA_LOGGING,882.5620421366231,0.1,10000,FogNode_7,0,0.875,1727.0272900361456,205.28496583996485,941.6906900253418,736.405724185377,208.08744650000057,60.489990480915615,,
1-84,SENSOR_DATA_LOGGING,648.7132674708372,0.1,10000,CloudNode,52,1.0,12000.0,136.87483161702335,942.2958743572773,805.4210427402539,642.3778282641053,27.029719477951552,,
0-40,HEALTH_MONITORING,75.19513311217544,1.0,100,CloudNode,0,0.7083333333333334,12000.0,96.02604205651487,948.5621354499585,852.5360933934437,685.8503291232109,3.1331305463406434,,
5-59,E_COMMERCE_TRANSACTION,240.71048223224443,0.5,300,CloudNode,22,1.0,12000.0,119.50737526159489,950.356694243579,830.8493189819841,677.2804931247023,10.029603426343517,,
4-33,HEALTH_MONITORING,346.915716015877,1.0,100,CloudNode,0,0.041666666666666664,12000.0,75.79400426821273,950.7336889093567,874.939684641144,669.5038447249947,14.454821500661543,,
2-449,SMART_HOME_CONTROL,72.07278706599786,0.1,150,FogNode_2,0,1.0,681.967788340379,822.2531387138481,950.826322930524,128.57318421667594,0.0,8.846503934141394,,
0-190,SMART_HOME_CONTROL,479.0899654885821,0.1,150,FogNode_3,21,1.0,1899.4436001125757,372.4469311720436,951.0486271272154,578.6016959551717,313.2724878404392,22.746179553425247,,
9-84,SMART_HOME_CONTROL,880.1594460271307,0.1,150,CloudNode,52,1.0,12000.0,137.24154430753805,951.2290810476916,813.9875367401535,636.4814339775251,36.673310251130445,,
4-5,VOICE_ASSISTANT,204.63993213978046,2.0,150,CloudNode,0,0.0,12000.0,12.873955666181583,951.9352160486894,939.0612603825078,681.1463422826178,8.52666383915752,,
2-69,E_COMMERCE_TRANSACTION,916.4258015635575,0.5,300,CloudNode,34,1.0,12000.0,130.77116226166717,952.8732693546808,822.1021070930136,635.3110698126052,38.184408398481565,,
9-312,E_COMMERCE_TRANSACTION,148.5912462055977,0.5,300,FogNode_2,0,1.0,681.967788340379,657.5358007740828,953.0010633666187,295.46526259253596,28.184410499532305,18.23868754975548,,
8-77,E_COMMERCE_TRANSACTION,213.29534238158115,0.5,300,CloudNode,73,1.0,12000.0,149.52709817929806,955.8859822294498,806.3588840501518,683.8011592328181,8.887305932565882,,
9-44,HEALTH_MONITORING,59.94512087229884,1.0,100,CloudNode,0,0.0,12000.0,68.96742354178363,956.9306427880476,887.963219246264,692.1790085377352,2.4977133696791185,,
3-37,HEALTH_MONITORING,89.59987560265492,1.0,100,CloudNode,0,0.4166666666666667,12000.0,89.89996387842862,957.8233505438002,867.9233866653716,693.5453124641452,3.7333281501106215,,
3-179,SENSOR_DATA_LOGGING,427.52973345589146,0.1,10000,FogNode_3,20,1.0,1899.4436001125757,366.3984806056089,958.579358187885,592.180877582276,344.7202437160917,20.298208650015034,,
5-258,GPS_TRACKING,357.7747505995615,0.2,200,FogNode_1,8,1.0,1597.9384595498836,534.5752978526165,960.0342725293671,425.4589746767506,178.6366610090347,29.554909021069673,,
5-55,E_COMMERCE_TRANSACTION,900.6989188823251,0.5,300,CloudNode,0,0.875,12000.0,105.98233145970664,961.5823216204672,855.5999901607605,640.7273958651342,37.52912162009687,,
1-292,SMART_HOME_CONTROL,331.5638289835455,0.1,150,FogNode_9,3,1.0,1349.236560939329,575.7736008445995,962.511635467768,386.73803462316846,119.42388553336377,33.348569751987135,,
0-71,SMART_HOME_CONTROL,991.7473869260818,0.1,150,CloudNode,71,1.0,12000.0,147.83208115062973,963.2803313570814,815.4482502064517,636.4603359460904,41.32280778858674,,
2-50,HEALTH_MONITORING,296.7984944513718,1.0,100,CloudNode,0,0.7083333333333334,12000.0,96.26061335932641,963.6318852460066,867.3712718866802,682.9556929011417,12.366603935473826,,
1-49,HEALTH_MONITORING,299.3339647471944,1.0,100,CloudNode,0,0.125,12000.0,79.04986305047709,963.6698270467393,884.6199639962622,683.9129000134676,12.472248531133099,,
7-64,GPS_TRACKING,377.32696237528893,0.2,200,CloudNode,71,1.0,12000.0,148.0000973606114,964.4758867681063,816.4757894074949,679.8340707885583,15.721956765637039,,
5-68,E_COMMERCE_TRANSACTION,332.9702348170921,0.5,300,CloudNode,35,1.0,12000.0,130.99290763277045,966.4258778935032,835.4329702607328,683.9560837393758,13.873759784045504,,
7-416,GPS_TRACKING,63.57217094394379,0.2,200,FogNode_2,0,1.0,681.967788340379,854.5305441442065,973.3627577803693,118.8322136361628,0.0,7.803104101448441,,
6-77,SMART_HOME_CONTROL,571.4389964003424,0.1,150,CloudNode,92,1.0,12000.0,155.68072073374023,974.3278994837124,818.6471787499721,674.1139152812152,23.8099581833476,,
2-49,HEALTH_MONITORING,894.3882003715865,1.0,100,CloudNode,0,0.625,12000.0,95.56975654752908,975.4048325698086,879.8350760222795,651.7808532886932,37.26617501548277,,
6-6,VOICE_ASSISTANT,801.3097592617111,2.0,150,CloudNode,0,0.0,12000.0,15.699714546854489,977.1635580336844,961.4638434868299,660.7046280808346,33.38790663590463,,
8-79,GPS_TRACKING,972.8371131856175,0.2,200,CloudNode,101,1.0,12000.0,162.53675869830838,977.2505198525924,814.713761154284,649.3882125230089,40.534879716067394,,
2-95,SMART_HOME_CONTROL,525.0953474736826,0.1,150,CloudNode,114,1.0,12000.0,167.43914394942476,982.5192740329219,815.0801300834971,683.4778137854621,21.878972811403443,,
5-314,GPS_TRACKING,111.35984080207724,0.2,200,FogNode_8,2,1.0,770.9711269175084,624.6406584769,983.4456788388732,358.8050203619732,184.45977273122128,10.585272684016829,,
1-80,SMART_HOME_CONTROL,940.7388102106553,0.1,150,CloudNode,33,1.0,12000.0,129.3522833899728,987.2595702991325,857.9072869091597,659.2624691229447,39.197450425443975,,
6-73,SMART_HOME_CONTROL,368.29030825740193,0.1,150,CloudNode,71,1.0,12000.0,148.76014631692962,987.6215018094978,838.8613554925681,696.7798826341166,15.345429510725081,,
2-80,SMART_HOME_CONTROL,623.0022700010152,0.1,150,CloudNode,88,1.0,12000.0,154.27884574377546,990.0292168945066,835.7503711507311,683.5021100325605,25.958427916708963,,
4-331,E_COMMERCE_TRANSACTION,123.35887080877997,0.5,300,FogNode_2,0,1.0,681.967788340379,689.881776929011,991.1684348055525,301.2866578765414,72.7237206276393,15.141564248400735,,
5-410,E_COMMERCE_TRANSACTION,101.35927215869265,0.5,300,FogNode_6,0,0.875,816.2509881302752,805.0442669392812,993.1519499551292,188.107683015848,13.90716407918444,13.657683753017738,,
4-395,GPS_TRACKING,74.50729125586804,0.2,200,FogNode_2,0,1.0,681.967788340379,853.4915799668347,993.5756236790107,140.08404371217603,3.4722928422389714,9.14532477582258,,
6-191,SENSOR_DATA_LOGGING,544.5480446508586,0.1,10000,FogNode_3,22,1.0,1899.4436001125757,373.4229517183842,993.7627967267659,620.3398450083818,319.7887824617932,25.85399088136455,,
0-75,SENSOR_DATA_LOGGING,375.0010946044903,0.1,10000,CloudNode,74,1.0,12000.0,150.44188050791442,994.8819764630475,844.4400959551331,702.6640935635514,15.625045608520429,,
5-96,GPS_TRACKING,535.8115091279176,0.2,200,FogNode_7,0,0.875,1727.0272900361456,201.18203044823863,997.1829371936556,796.000906745417,461.1971725939663,36.7240279315065,,
2-40,HEALTH_MONITORING,748.2773503514934,1.0,100,CloudNode,0,0.125,12000.0,78.37405390621218,997.426174598181,919.0521206919688,680.9866424310792,31.178222931312224,,
0-57,GPS_TRACKING,986.3333594188985,0.2,200,CloudNode,31,1.0,12000.0,125.60945793811152,1000.0128152930525,874.403357354941,667.2271929009412,41.097223309120764,,
3-49,E_COMMERCE_TRANSACTION,593.7705822695684,0.5,300,CloudNode,5,1.0,12000.0,110.53746911775258,1000.709962903489,890.1724937857364,693.4106044664974,24.740440927898685,,
7-69,SENSOR_DATA_LOGGING,478.6850957621463,0.1,10000,CloudNode,84,1.0,12000.0,153.47421611083996,1004.3663114149518,850.8920953041119,701.8258994131231,19.945212323422766,,
7-381,GPS_TRACKING,109.67649862280612,0.2,200,FogNode_5,0,1.0,782.8923712617282,788.6614153804229,1005.9474411673943,217.28602578697144,53.527600532122506,16.302290304160117,,
1-448,GPS_TRACKING,58.743099746164845,0.2,200,FogNode_6,1,1.0,816.2509881302752,905.8826597465807,1006.8371965244094,100.95453677782871,7.6706193422731985,7.915355565586415,,
1-17,VOICE_ASSISTANT,798.6231017945547,2.0,150,CloudNode,0,0.0,12000.0,27.25277073184325,1007.8957134534313,980.642942721588,684.9516625137512,33.27596257477311,,
3-81,SENSOR_DATA_LOGGING,95.99294812099254,0.1,10000,CloudNode,150,1.0,12000.0,177.51072753919863,1008.0122276364685,830.5015000972699,734.3439986599319,3.9997061717080222,,
6-9,VOICE_ASSISTANT,306.15054042089156,2.0,150,CloudNode,0,0.0,12000.0,31.219794984958497,1008.0318190679961,976.8120240830376,718.2872639825449,12.756272517537148,,
0-313,GPS_TRACKING,201.47401316014597,0.2,200,FogNode_9,5,1.0,1349.236560939329,574.3973932110033,1010.7400512762002,436.34265806519693,260.7888475262662,20.264183224332772,,
9-387,E_COMMERCE_TRANSACTION,132.98949214998535,0.5,300,FogNode_6,1,1.0,816.2509881302752,797.6377792954503,1012.8379520824965,215.2001727870462,0.0,17.919706678785236,,
0-86,SENSOR_DATA_LOGGING,886.6163875976331,0.1,10000,CloudNode,101,1.0,12000.0,160.72337269301806,1013.8980609769279,853.1746882839099,683.8258140184323,36.942349483234715,,
3-68,GPS_TRACKING,717.3310501990978,0.2,200,CloudNode,56,1.0,12000.0,141.24694535358398,1015.6635697460413,874.4166243924573,695.7728091953022,29.888793758295744,,
8-3,VOICE_ASSISTANT,182.9802684570803,2.0,150,CloudNode,0,0.0,12000.0,2.7244960283830495,1015.9583186082457,1013.2338225798626,735.0258765180334,7.624177852378346,,
2-71,E_COMMERCE_TRANSACTION,792.5918831963488,0.5,300,CloudNode,37,1.0,12000.0,132.43661145372988,1016.7830125090525,884.3464010553225,693.5214387776525,33.02466179984786,,
8-281,E_COMMERCE_TRANSACTION,182.34276709334597,0.5,300,FogNode_5,0,0.6666666666666666,782.8923712617282,566.7290392397107,1016.8495871557598,450.1205479160491,164.56870156566276,27.10338824949922,,
8-87,SENSOR_DATA_LOGGING,333.599158517103,0.1,10000,CloudNode,149,1.0,12000.0,176.38217205117283,1017.8291467709319,841.446974719759,725.0793213597083,13.899964938212625,,
0-321,SENSOR_DATA_LOGGING,206.43257858714443,0.1,10000,FogNode_9,3,1.0,1349.236560939329,582.1281669774751,1019.9923123905558,437.8641454130807,266.23440492225075,20.76291393786985,,
8-412,E_COMMERCE_TRANSACTION,111.54559942585703,0.5,300,FogNode_6,0,0.875,816.2509881302752,807.0639356373592,1021.1610926760334,214.09715703867414,26.964598942505063,15.030243297465308,,
6-70,GPS_TRACKING,872.720347390765,0.2,200,CloudNode,66,1.0,12000.0,145.65183331960225,1021.2888310658557,875.6369977462534,691.9722727041457,36.36334780794854,,
1-82,E_COMMERCE_TRANSACTION,422.80082586664275,0.5,300,CloudNode,37,1.0,12000.0,132.57527861311746,1022.4929724546861,889.9176938415686,722.3980217174412,17.61670107777678,,
8-23,VOICE_ASSISTANT,682.5454323128046,2.0,150,CloudNode,0,0.0,12000.0,29.65453766771509,1023.3046639195702,993.6501262518551,703.4818949408237,28.439393013033524,,
4-78,E_COMMERCE_TRANSACTION,563.6767830990559,0.5,300,CloudNode,105,1.0,12000.0,164.7940116141862,1024.2235851108471,859.429573496661,713.1951405274931,23.486532629127332,,
6-315,SMART_HOME_CONTROL,185.42141877524273,0.1,150,FogNode_8,2,1.0,770.9711269175084,627.9904616056434,1025.3569731726004,397.366511566957,135.123609939257,17.625171381859683,,
0-95,SENSOR_DATA_LOGGING,871.1956304590417,0.1,10000,CloudNode,145,1.0,12000.0,174.56282034842258,1025.4729052262676,850.9100848778451,692.9253555071739,36.299817935793406,,
4-75,GPS_TRACKING,812.7588008379472,0.2,200,CloudNode,100,1.0,12000.0,159.3399442174771,1025.5532506136292,866.2133063961521,697.527386985269,33.864950034914465,,
3-185,SMART_HOME_CONTROL,378.0112074859247,0.1,150,FogNode_3,22,1.0,1899.4436001125757,375.528230732623,1029.0204339448426,653.4922032122196,439.86525337844995,17.947173637655425,,
4-8,VOICE_ASSISTANT,832.3677287818215,2.0,150,CloudNode,0,0.0,12000.0,23.722828656220333,1030.9462990189522,1007.2234703627319,701.1621506830645,34.68198869924257,,
0-74,SENSOR_DATA_LOGGING,817.2231858958246,0.1,10000,CloudNode,74,1.0,12000.0,150.32407822136187,1031.3822635150668,881.0581852937049,702.3245142402966,34.05096607899269,,
1-61,HEALTH_MONITORING,821.0046466816455,1.0,100,CloudNode,0,0.7083333333333334,12000.0,100.27768648446096,1032.0868809368765,931.8091944524156,702.5091427208818,34.20852694506856,,
1-56,HEALTH_MONITORING,86.3495034676045,1.0,100,CloudNode,0,0.4166666666666667,12000.0,89.87930248172466,1032.7490425692629,942.8697400875383,757.033376985323,3.5978959778168544,,
2-125,SENSOR_DATA_LOGGING,962.8356673452679,0.1,10000,FogNode_4,0,0.25,1758.3565909566523,215.54058873376295,1034.2898469379813,818.7492582042184,252.26188879983198,80.20767699836635,,
0-192,SENSOR_DATA_LOGGING,229.303946101899,0.1,10000,FogNode_3,22,1.0,1899.4436001125757,374.15292536508235,1034.506676344052,660.3537509789696,522.7742397830207,10.886866989634422,,
6-426,E_COMMERCE_TRANSACTION,89.65180118621589,0.5,300,FogNode_6,0,0.75,816.2509881302752,828.5641447830606,1036.0853205639792,207.5211757809186,43.98672606618402,12.080157270394809,,
4-86,E_COMMERCE_TRANSACTION,356.3057017458079,0.5,300,FogNode_7,1,1.0,1727.0272900361456,178.4070541712715,1037.3979496120385,858.990895440767,602.1877659000916,24.420865024652194,,
2-451,E_COMMERCE_TRANSACTION,116.61741896639656,0.5,300,FogNode_6,0,0.75,816.2509881302752,828.2338170687638,1037.5711542623312,209.33733719356746,14.254617759909593,15.713647053844038,,
4-73,SENSOR_DATA_LOGGING,378.20747641135165,0.1,10000,CloudNode,93,1.0,12000.0,155.8655959285265,1039.5295173374145,883.663921408888,741.7472176640086,15.758644850472987,,
1-72,HEALTH_MONITORING,111.97181122251486,1.0,100,CloudNode,17,1.0,12000.0,117.35856525237011,1040.277283287495,922.9187180351249,762.1536138832766,4.665492134271453,,
3-6,VOICE_ASSISTANT,762.853520227269,2.0,150,CloudNode,0,0.0,12000.0,9.063665144698176,1040.73468471929,1031.6710195745918,713.7469512721452,31.785563342802874,,
0-318,GPS_TRACKING,105.61820011445086,0.2,200,FogNode_9,3,1.0,1349.236560939329,579.2198829479505,1040.7916073956856,461.57172444773505,360.0136722685569,10.623040288785232,,
1-268,SMART_HOME_CONTROL,392.475755422363,0.1,150,FogNode_1,8,1.0,1597.9384595498836,541.9338375093661,1041.3972826445965,499.4634451352305,234.9804817914818,32.42147531385282,,
5-432,GPS_TRACKING,128.14315960969827,0.2,200,FogNode_6,0,0.875,816.2509881302752,848.0722042521745,1041.9437385031733,193.87153425099882,11.072525813774746,17.2666862319378,,
0-76,SENSOR_DATA_LOGGING,700.0720780977024,0.1,10000,CloudNode,74,1.0,12000.0,150.5839266699286,1045.960841650973,895.3769149810444,722.7301708374094,29.1696699207376,,
0-315,GPS_TRACKING,323.6810228951142,0.2,200,FogNode_9,3,1.0,1349.236560939329,574.8271590853933,1046.9647055317685,472.13754644637515,209.13764595320868,32.555719972542455,,
3-431,GPS_TRACKING,78.6132897895653,0.2,200,FogNode_2,0,1.0,681.967788340379,852.0297131161992,1047.893371266673,195.86365815047384,50.540742037920495,9.649311560025465,,
0-68,E_COMMERCE_TRANSACTION,414.8630141351438,0.5,300,CloudNode,56,1.0,12000.0,141.48349763726657,1050.2354875906367,908.7519899533702,748.3055712628044,17.28595892229766,,
0-104,GPS_TRACKING,640.9101037103287,0.2,200,CloudNode,177,1.0,12000.0,186.00341096115008,1050.835349907375,864.831938946225,732.0372595652794,26.70458765459703,,
9-93,E_COMMERCE_TRANSACTION,685.9115386783528,0.5,300,CloudNode,100,1.0,12000.0,161.94204151794443,1052.0412713529104,890.099229834966,729.6713327712121,28.579647444931368,,
1-53,HEALTH_MONITORING,167.8557327923716,1.0,100,CloudNode,0,0.25,12000.0,85.57148242487851,1053.517495070112,967.9460126452336,769.6777753153995,6.993988866348817,,
9-91,GPS_TRACKING,548.7438149423241,0.2,200,CloudNode,97,1.0,12000.0,157.0519413794861,1053.624364698625,896.5724233191388,742.1847493591889,22.864325622596837,,
0-54,HEALTH_MONITORING,966.7577041917945,1.0,100,CloudNode,25,1.0,12000.0,122.82400985691552,1054.8910414996953,932.0670316427799,711.2076461068725,40.28157100799144,,
6-87,SENSOR_DATA_LOGGING,954.0184739541354,0.1,10000,CloudNode,167,1.0,12000.0,181.65133100718168,1054.9063720659865,873.2550410588049,712.1727466087207,39.75076974808898,,
3-83,SENSOR_DATA_LOGGING,101.35820045064241,0.1,10000,CloudNode,160,1.0,12000.0,179.99617044704024,1058.6820042948568,878.6858338478166,779.0767023592712,4.223258352110101,,
1-60,HEALTH_MONITORING,229.28138281952542,1.0,100,CloudNode,0,0.7083333333333334,12000.0,97.14751894831605,1059.8414666209171,962.6939476726011,770.0992980303596,9.55339095081356,,
9-90,GPS_TRACKING,518.0120280576219,0.2,200,CloudNode,92,1.0,12000.0,155.60144677860904,1059.9506815138543,904.3492347352453,749.2727480981222,21.58383450240091,,
6-50,HEALTH_MONITORING,671.0464253866584,1.0,100,CloudNode,0,0.8333333333333334,12000.0,102.82147133278585,1060.28684686384,957.4653755310542,738.668449046515,27.960267724444098,,
2-102,SENSOR_DATA_LOGGING,351.2754066291475,0.1,10000,CloudNode,154,1.0,12000.0,178.9555001416442,1061.3598314893054,882.4043313476612,762.7354703361437,14.636475276214478,,
6-290,GPS_TRACKING,56.522907882095204,0.2,200,FogNode_9,3,1.0,1349.236560939329,578.1428349790199,1061.8848236954261,483.74198871640624,414.8876659785087,5.685053589439457,,
5-84,SMART_HOME_CONTROL,441.5185898409033,0.1,150,CloudNode,118,1.0,12000.0,168.30228930101248,1062.266121046343,893.9638317453305,757.1044996609642,18.396607910037638,,
1-271,SENSOR_DATA_LOGGING,381.6134198845,0.1,10000,FogNode_1,8,1.0,1597.9384595498836,546.5798167864042,1066.1325261871207,519.5527094007165,265.67428212134996,31.524163980283635,,
3-85,SENSOR_DATA_LOGGING,318.28450617563317,0.1,10000,CloudNode,174,1.0,12000.0,184.8176387166482,1066.8009921354644,881.9833534188163,770.225906079362,13.261854423984715,,
7-105,SENSOR_DATA_LOGGING,506.1584174833119,0.1,10000,FogNode_4,0,0.25,1758.3565909566523,222.28660755251164,1067.3002251041462,845.0136175516345,542.8358716821095,42.16481818900836,,
5-93,SENSOR_DATA_LOGGING,230.24156170578067,0.1,10000,CloudNode,204,1.0,12000.0,197.6022704267814,1070.02214671619,872.4198762894086,779.493221177476,9.593398404407528,,
0-46,HEALTH_MONITORING,69.40493999914673,1.0,100,CloudNode,5,1.0,12000.0,110.0644662027784,1075.8058917161188,965.7414255133405,796.1027165983334,2.8918724999644474,,
7-86,GPS_TRACKING,536.8929266463399,0.2,200,CloudNode,188,1.0,12000.0,190.60335171657806,1076.123340735595,885.519989019017,762.4531301746857,22.370538610264163,,
0-105,SENSOR_DATA_LOGGING,638.9185711109876,0.1,10000,CloudNode,181,1.0,12000.0,188.04726268052937,1076.5478781788192,888.5006154982899,755.1908810176399,26.621607129624483,,
0-100,SENSOR_DATA_LOGGING,781.0678860633558,0.1,10000,CloudNode,159,1.0,12000.0,179.80628466811262,1078.9870514822076,899.1807668140949,747.1645467758553,32.54449525263983,,
6-86,GPS_TRACKING,669.2768065822671,0.2,200,CloudNode,158,1.0,12000.0,179.4615280063332,1079.9966523260362,900.535124319703,756.0598683683047,27.886533607594462,,
6-23,VOICE_ASSISTANT,587.3449867731651,2.0,150,CloudNode,0,0.0,12000.0,52.478891809055895,1081.6944581336934,1029.2155663246374,763.3619749568627,24.472707782215217,,
1-433,GPS_TRACKING,134.47482570740897,0.2,200,FogNode_5,0,1.0,782.8923712617282,876.8662483443546,1081.704080914298,204.83783256994332,9.629121831880525,19.988308113509188,,
1-99,SENSOR_DATA_LOGGING,367.0083946414615,0.1,10000,CloudNode,172,1.0,12000.0,184.24793842856897,1082.6253042396988,898.3773658111298,780.402856843164,15.29201644339423,,
2-106,SENSOR_DATA_LOGGING,277.20483507951167,0.1,10000,CloudNode,171,1.0,12000.0,184.15785018094962,1082.9418695442098,898.7840193632602,787.1574530191958,11.550201461646319,,
3-92,SMART_HOME_CONTROL,849.6685517825622,0.1,150,FogNode_7,0,0.875,1727.0272900361456,205.20858664034756,1087.9837361524371,882.7751495120896,371.3211456628016,58.23550091145233,,
4-417,E_COMMERCE_TRANSACTION,112.3375116229119,0.5,300,FogNode_6,1,1.0,816.2509881302752,899.02448908998,1088.2249381423792,189.20044905239922,0.0,15.136949730110162,,
0-93,SENSOR_DATA_LOGGING,972.2861233644888,0.1,10000,CloudNode,127,1.0,12000.0,170.95806005934924,1089.0556626817036,918.0976026223543,741.3525028776363,40.5119218068537,,
4-88,SENSOR_DATA_LOGGING,362.3051798675333,0.1,10000,CloudNode,168,1.0,12000.0,182.4747234559022,1091.5519298115998,909.0772063556976,788.3434811380683,15.09604916114722,,
9-111,SENSOR_DATA_LOGGING,908.3683889768969,0.1,10000,CloudNode,202,1.0,12000.0,195.88260725766116,1091.6556843563205,895.7730770986593,748.534276594488,37.84868287403737,,
8-60,HEALTH_MONITORING,850.799550177429,1.0,100,CloudNode,9,1.0,12000.0,114.17237430905641,1093.3929349694718,979.2205606604153,754.6587136660323,35.44998125739288,,
4-431,GPS_TRACKING,74.31514328265426,0.2,200,FogNode_6,1,1.0,816.2509881302752,929.2094352186913,1097.8816722596025,168.67223704091123,51.26978211487324,10.013614969783971,,
1-102,GPS_TRACKING,942.2213857874365,0.2,200,CloudNode,181,1.0,12000.0,187.93235777782064,1099.8072798814753,911.8749221036546,753.6283387528337,39.25922440780985,,
9-59,HEALTH_MONITORING,988.05424141873,1.0,100,CloudNode,0,0.875,12000.0,103.91781747736641,1100.1670002224928,996.2491827451264,750.3056149032429,41.168926725780416,,
8-437,E_COMMERCE_TRANSACTION,87.25900008176266,0.5,300,FogNode_2,0,1.0,681.967788340379,858.3406689757902,1101.3145490139614,242.97388003817116,64.59259580119044,10.710520835078658,,
4-426,E_COMMERCE_TRANSACTION,67.68893872495156,0.5,300,FogNode_6,1,1.0,816.2509881302752,911.8950272135843,1104.0877166057655,192.19268939218125,54.40722136484726,9.120765165276499,,
0-475,SMART_HOME_CONTROL,79.16974226715628,0.1,150,FogNode_5,0,1.0,782.8923712617282,887.623068045573,1107.0721234012556,219.44905535568262,100.75188712622582,11.767772840592306,,
6-42,HEALTH_MONITORING,627.6339138832675,1.0,100,CloudNode,0,0.20833333333333334,12000.0,82.34586782514158,1107.1938676566342,1024.8479998314926,783.0303623294947,26.151413078469478,,
4-114,HEALTH_MONITORING,238.67185308671094,1.0,100,FogNode_0,0,1.0,1189.2931772946604,231.81665391888018,1107.7900382382418,875.9733843193616,588.3703538888783,15.197236008429629,,
9-251,GPS_TRACKING,322.28248629914236,0.2,200,FogNode_1,8,1.0,1597.9384595498836,540.9643640568935,1108.8543991586696,567.8900351017761,344.56765096591073,26.622978691741583,,
6-59,HEALTH_MONITORING,224.96009559173262,1.0,100,CloudNode,22,1.0,12000.0,120.52486912680489,1112.1396096021163,991.6147404753114,815.1499680934954,9.373337316322193,,
1-455,E_COMMERCE_TRANSACTION,63.692711616151946,0.5,300,FogNode_6,1,1.0,816.2509881302752,916.1863740074268,1114.1161132274565,197.92973922002966,65.0492120105879,8.582292414882536,,
1-272,SMART_HOME_CONTROL,418.15162891617615,0.1,150,FogNode_1,8,1.0,1597.9384595498836,546.8077005674473,1114.7203882858605,567.9126877184132,291.0919432422695,34.54249728053565,,
2-325,SENSOR_DATA_LOGGING,346.31912362821083,0.1,10000,FogNode_9,3,1.0,1349.236560939329,582.0718112973011,1116.4267544416912,534.3549431443901,259.1498403012504,34.832651939652926,,
3-182,GPS_TRACKING,357.95381720647845,0.2,200,FogNode_3,21,1.0,1899.4436001125757,371.1740899189774,1117.8736092285367,746.6995193095593,536.7449708547391,16.994891115511294,,
2-84,SENSOR_DATA_LOGGING,500.07220367225676,0.1,10000,CloudNode,100,1.0,12000.0,159.06397422300014,1118.220561818174,959.1565875951738,802.0186308904679,20.836341819677365,,
7-84,GPS_TRACKING,678.7247730688882,0.2,200,CloudNode,177,1.0,12000.0,186.8204463945492,1118.8265188020837,932.0060724075345,789.2020302553873,28.28019887787034,,
4-396,E_COMMERCE_TRANSACTION,113.51498431814508,0.5,300,FogNode_2,0,1.0,681.967788340379,854.268854047708,1119.4531836264223,265.18432957871426,45.514049083226155,13.933286004812082,,
8-81,GPS_TRACKING,486.87381291413277,0.2,200,CloudNode,123,1.0,12000.0,169.43205707151006,1120.5694700688805,951.1374129973705,804.810501916606,20.286408871422196,,
6-443,GPS_TRACKING,115.96419606782345,0.2,200,FogNode_2,0,1.0,681.967788340379,862.3344890060059,1120.8698323901588,258.53534338415284,64.13641169171967,14.233912111573215,,
6-192,SENSOR_DATA_LOGGING,309.09617509287625,0.1,10000,FogNode_3,23,1.0,1899.4436001125757,379.32471783639704,1121.3092097478664,741.9844919114694,565.412990607018,14.675233472630707,,
9-79,HEALTH_MONITORING,663.3737081056889,1.0,100,CloudNode,32,1.0,12000.0,128.02944058113079,1122.0821344776052,994.0526938964745,793.338365426099,27.640571171070373,,
0-92,GPS_TRACKING,570.7441025250462,0.2,200,CloudNode,115,1.0,12000.0,167.83350744693772,1123.6853492793489,955.8518418324112,801.8511503094983,23.781004271876924,,
9-107,SENSOR_DATA_LOGGING,842.3595579348357,0.1,10000,CloudNode,181,1.0,12000.0,187.83290603854533,1125.1030018938895,937.2700958553442,783.037033740252,35.09831491395149,,
6-190,SMART_HOME_CONTROL,332.5823287808204,0.1,150,FogNode_3,21,1.0,1899.4436001125757,371.79128246973136,1126.143233127156,754.3519506574246,558.1352087361527,15.790306438645583,,
2-81,E_COMMERCE_TRANSACTION,818.5940445496033,0.5,300,CloudNode,89,1.0,12000.0,154.40138874969838,1126.8981746739905,972.4967859242921,786.6237413207019,34.1080851895668,,
3-91,SENSOR_DATA_LOGGING,971.5808315752267,0.1,10000,CloudNode,217,1.0,12000.0,200.16499845929408,1126.9259109489085,926.7609124896144,774.9805072643298,40.482534648967786,,
8-292,SENSOR_DATA_LOGGING,322.6985145992584,0.1,10000,FogNode_9,3,1.0,1349.236560939329,583.2991333726407,1127.1216366970345,543.8225033243939,285.8695287059701,32.45689964423131,,
2-210,GPS_TRACKING,467.7866504176892,0.2,200,FogNode_3,21,1.0,1899.4436001125757,363.8514881577731,1127.48096014194,763.6294719841669,490.90583530762524,22.209522030470726,,
2-16,VOICE_ASSISTANT,472.46241060604854,2.0,150,CloudNode,0,0.0,12000.0,27.341152360961203,1128.4275302322076,1101.0863778712464,812.617472476923,19.68593377525202,,
2-42,HEALTH_MONITORING,616.6519003858645,1.0,100,CloudNode,0,0.25,12000.0,84.27183557001419,1130.3747098476963,1046.102874277682,804.0228636918853,25.693829182744352,,
2-100,SENSOR_DATA_LOGGING,941.0445251924474,0.1,10000,CloudNode,143,1.0,12000.0,174.33847519520143,1132.0447417979956,957.7062666027941,781.8194745200266,39.21018854968531,,
2-87,E_COMMERCE_TRANSACTION,873.0530550756378,0.5,300,CloudNode,100,1.0,12000.0,160.36351823958393,1132.7051027701575,972.3415845305735,787.2615169581607,36.37721062815157,,
8-70,E_COMMERCE_TRANSACTION,951.9151712426176,0.5,300,CloudNode,51,1.0,12000.0,136.52475184502697,1132.8437593403303,996.3190074953034,781.7235807327197,39.663132135109066,,
8-434,E_COMMERCE_TRANSACTION,97.76954855475188,0.5,300,FogNode_2,0,1.0,681.967788340379,855.7724161616344,1134.5323153675386,278.75989920590416,80.47531542017384,12.000627853295375,,
4-82,SENSOR_DATA_LOGGING,470.00057468476587,0.1,10000,CloudNode,142,1.0,12000.0,174.0417486397926,1139.3337147795567,965.2919661397641,821.4976423014747,19.583357278531913,,
5-86,SENSOR_DATA_LOGGING,955.005720596217,0.1,10000,CloudNode,141,1.0,12000.0,173.92859908921474,1139.8706569135247,965.94205782431,787.5275752901562,39.79190502484237,,
3-304,SENSOR_DATA_LOGGING,299.9564490308645,0.1,10000,FogNode_9,3,1.0,1349.236560939329,584.7836640261108,1140.5936880107165,555.8100239846057,315.96354507493766,30.169510931666146,,
2-21,VOICE_ASSISTANT,693.250647412476,2.0,150,CloudNode,0,0.0,12000.0,40.82468114303487,1140.7127568285828,1099.8880756855478,806.665510996221,28.8854436421865,,
6-82,E_COMMERCE_TRANSACTION,709.4431504279656,0.5,300,CloudNode,130,1.0,12000.0,171.71168317433686,1141.7455667753627,970.0338836010259,806.7213819418855,29.560131267831903,,
3-77,GPS_TRACKING,750.3054590988523,0.2,200,CloudNode,127,1.0,12000.0,170.87921740394376,1144.2199130585977,973.3406956546539,806.011738774837,31.262727462452176,,
1-79,E_COMMERCE_TRANSACTION,846.8984313971413,0.5,300,CloudNode,34,1.0,12000.0,128.85365610411722,1146.3807609992139,1017.5271048950966,801.5377472611923,35.28743464154755,,
4-275,SENSOR_DATA_LOGGING,302.6962003674903,0.1,10000,FogNode_1,8,1.0,1597.9384595498836,545.5736334692124,1149.4634702299816,603.8898367607692,395.85077372492947,25.005002862534642,,
2-68,HEALTH_MONITORING,470.00012499466123,1.0,100,CloudNode,33,1.0,12000.0,128.78084386907096,1151.3062866850046,1022.5254428159336,833.1054985692036,19.583338541444217,,
9-108,SENSOR_DATA_LOGGING,328.37473506839393,0.1,10000,CloudNode,186,1.0,12000.0,189.77934957643845,1152.467563149589,962.6882135731506,844.328285773217,13.682280627849748,,
6-320,SMART_HOME_CONTROL,98.59203862411908,0.1,150,FogNode_8,2,1.0,770.9711269175084,636.4010544898391,1153.2372986243577,516.8362441345186,367.6030246049819,9.371633488272307,,
5-461,E_COMMERCE_TRANSACTION,131.92116058042262,0.5,300,FogNode_6,1,1.0,816.2509881302752,908.1459266073344,1154.7703277565508,246.6244011492164,38.63106563987401,17.77575403972515,,
5-53,HEALTH_MONITORING,773.973027862219,1.0,100,CloudNode,0,0.8333333333333334,12000.0,102.97012327693282,1156.0496821334514,1053.0795588565186,815.0101554207931,32.248876160925796,,
8-89,GPS_TRACKING,691.5758083523388,0.2,200,CloudNode,158,1.0,12000.0,179.43974404073492,1157.4385972441703,977.9988532034354,821.456713857302,28.815658681347447,,
3-78,SENSOR_DATA_LOGGING,309.81058174246897,0.1,10000,CloudNode,135,1.0,12000.0,172.34778589891198,1158.6613078188693,986.3135219199573,849.9647644422027,12.90877423926954,,
0-111,SENSOR_DATA_LOGGING,396.85794760663674,0.1,10000,FogNode_7,0,0.875,1727.0272900361456,207.79046888031772,1158.841179432385,951.0507105520672,699.5951879725257,27.20027865110131,,
2-127,SMART_HOME_CONTROL,839.379268282847,0.1,150,FogNode_4,0,0.25,1758.3565909566523,219.87986102310782,1158.9165958070753,939.0367347839674,445.6712815772793,69.92331455188335,,
8-101,GPS_TRACKING,840.4823739587418,0.2,200,CloudNode,205,1.0,12000.0,198.13782781294051,1161.6958821862156,963.5580543732751,814.4604170648648,35.020098914947575,,
6-484,E_COMMERCE_TRANSACTION,62.249910174723134,0.5,300,FogNode_6,0,0.875,816.2509881302752,942.3078201290635,1164.4881354676459,222.18031533858232,92.18164335028916,8.387881727179677,,
1-450,E_COMMERCE_TRANSACTION,124.48364987607117,0.5,300,FogNode_6,1,1.0,816.2509881302752,912.4531093109325,1165.3445360698759,252.89142675894334,55.21868297481615,16.77358455935754,,
8-73,E_COMMERCE_TRANSACTION,74.01841864881916,0.5,300,CloudNode,57,1.0,12000.0,142.52650746048943,1167.8640837402838,1025.3375762797943,876.1891402798522,3.0841007770341315,,
3-98,SENSOR_DATA_LOGGING,632.7573945728739,0.1,10000,FogNode_4,0,0.25,1758.3565909566523,218.8849477678778,1169.6097355404067,950.724787772529,573.0689400014505,52.710968697454284,,
0-108,SENSOR_DATA_LOGGING,526.8624067951686,0.1,10000,CloudNode,197,1.0,12000.0,193.61192294174805,1170.8033752402546,977.1914522985065,845.9292233979304,21.952600283132025,,
5-286,GPS_TRACKING,176.22597781625035,0.2,200,FogNode_9,3,1.0,1349.236560939329,583.6964224771622,1171.4032309745508,587.7068084973886,435.3638271391709,17.724744979974925,,
8-61,HEALTH_MONITORING,518.2418438416375,1.0,100,CloudNode,15,1.0,12000.0,116.40926125264151,1175.8919230902939,1059.4826618376524,849.9997282363042,21.59341016006823,,
0-51,HEALTH_MONITORING,267.067069293971,1.0,100,CloudNode,22,1.0,12000.0,119.7700940094616,1179.6941863520012,1059.9240923425396,872.3703146797382,11.127794553915457,,
6-512,SENSOR_DATA_LOGGING,90.35170171377341,0.1,10000,FogNode_2,0,1.0,681.967788340379,998.0717502236258,1180.380129818204,182.30837959457824,29.853565932682272,11.09013147965738,,
4-407,E_COMMERCE_TRANSACTION,127.70852047049942,0.5,300,FogNode_2,0,0.8333333333333334,681.967788340379,878.5389197658218,1180.8403635302695,302.30144376444775,65.81158794807493,15.67545775260645,,
4-83,SENSOR_DATA_LOGGING,635.7098681444976,0.1,10000,CloudNode,147,1.0,12000.0,175.0932668375166,1181.4033525775824,1006.3100857400658,846.9508573305881,26.487911172687397,,
8-86,SENSOR_DATA_LOGGING,655.885876704312,0.1,10000,CloudNode,143,1.0,12000.0,174.14776997315357,1181.5830673409346,1007.435297367781,845.8628248205054,27.328578196012998,,
7-45,HEALTH_MONITORING,913.3047567101595,1.0,100,CloudNode,6,1.0,12000.0,113.12679937429853,1183.3025973824808,1070.1757980081823,828.5146302247647,38.05436486292331,,
2-66,HEALTH_MONITORING,496.85984975065617,1.0,100,CloudNode,30,1.0,12000.0,125.05617501320742,1185.624900537819,1060.5687255246116,859.9618142689378,20.702493739610674,,
8-90,SENSOR_DATA_LOGGING,657.9589445606798,0.1,10000,CloudNode,167,1.0,12000.0,180.5514829635308,1186.874653844719,1006.3231708811882,849.4646849832504,27.414956023361658,,
8-92,SENSOR_DATA_LOGGING,147.6320257351304,0.1,10000,CloudNode,168,1.0,12000.0,182.29125958827137,1188.1945919015548,1005.9033323132834,888.9685748268566,6.151334405630434,,
0-62,E_COMMERCE_TRANSACTION,815.8928106491373,0.5,300,CloudNode,38,1.0,12000.0,132.72170175615298,1188.5605376229753,1055.8388358668224,841.4204609012464,33.995533777047385,,
7-56,HEALTH_MONITORING,856.9447609687041,1.0,100,CloudNode,39,1.0,12000.0,133.04417948009748,1190.2385822161423,1057.1944027360448,839.7795798746905,35.70603170702934,,
1-9,VOICE_ASSISTANT,724.0195119774396,2.0,150,CloudNode,0,0.0,12000.0,13.399027718124525,1190.7096691791496,1177.3106414610252,848.5192172240365,30.167479665726653,,
1-461,E_COMMERCE_TRANSACTION,126.49396163513399,0.5,300,FogNode_6,1,1.0,816.2509881302752,933.4358034493197,1192.540598066478,259.1047946171583,53.90610553581598,17.044464585086867,,
9-110,GPS_TRACKING,496.6320783807794,0.2,200,CloudNode,202,1.0,12000.0,195.80888616640468,1192.6922932167363,996.8834070503316,866.6397845127842,20.693003265865805,,
6-298,SMART_HOME_CONTROL,422.1874478134614,0.1,150,FogNode_9,3,1.0,1349.236560939329,584.8385609693325,1192.8648329979665,608.0262720286339,278.23106093256206,42.46346048959207,,
5-89,GPS_TRACKING,906.3594333670968,0.2,200,CloudNode,194,1.0,12000.0,192.4641212797841,1193.7505145987654,1001.2863933189814,839.1857091120353,37.7649763902957,,
1-320,SENSOR_DATA_LOGGING,163.32581695717562,0.1,10000,FogNode_8,2,1.0,770.9711269175084,635.352985414004,1195.2899506343472,559.9369652203432,328.4755945770552,15.524881289155674,,
3-79,SENSOR_DATA_LOGGING,522.194960738022,0.1,10000,CloudNode,146,1.0,12000.0,174.665546022603,1195.9838098777575,1021.3182638551546,867.7356536229496,21.75812336408425,,
4-90,SENSOR_DATA_LOGGING,100.36649289011481,0.1,10000,CloudNode,178,1.0,12000.0,187.1151462068989,1196.9244120304847,1009.8092658235859,898.8059620702368,4.181937203754784,,
4-102,SMART_HOME_CONTROL,536.6719201328444,0.1,150,FogNode_7,0,1.0,1727.0272900361456,209.46964173926864,1197.1392499216859,987.6696081824173,656.9685280632957,36.78299971027426,,
6-108,HEALTH_MONITORING,327.5347868998424,1.0,100,FogNode_0,0,1.0,1189.2931772946604,229.18170879884087,1197.9938373007421,968.8121285019013,599.561970683847,20.855511000198288,,
1-95,SENSOR_DATA_LOGGING,627.9398411362959,0.1,10000,CloudNode,108,1.0,12000.0,165.6814141889446,1198.7090810939053,1033.0276669049608,862.1161787799334,26.16416004734566,,
7-77,GPS_TRACKING,723.7806257104762,0.2,200,CloudNode,141,1.0,12000.0,173.16690007882903,1199.6487669220965,1026.4818668432674,856.3780256967244,30.157526071269842,,
1-114,SENSOR_DATA_LOGGING,564.6068735457746,0.1,10000,FogNode_7,0,0.875,1727.0272900361456,211.7878611922169,1200.772228964275,988.984367772058,644.4490769594769,38.69763571925342,,
7-93,SMART_HOME_CONTROL,967.3868669334157,0.1,150,CloudNode,223,1.0,12000.0,201.93251072130332,1202.6977067220564,1000.7651960007531,841.665583934167,40.30778612222565,,
8-58,HEALTH_MONITORING,962.8379070132328,1.0,100,CloudNode,5,1.0,12000.0,110.97376332742752,1203.9218415304517,1092.9480782030241,843.1274506170082,40.118246125551366,,
4-186,GPS_TRACKING,151.90016588254042,0.2,200,FogNode_3,20,1.0,1899.4436001125757,369.8132954506691,1207.451834704121,837.6385392534519,729.2411823561846,7.211899009063442,,
2-55,HEALTH_MONITORING,168.92671841308828,1.0,100,CloudNode,0,1.0,12000.0,107.80322306100996,1211.0016385649087,1103.1984155038988,905.1206272829222,7.038613267212012,,
8-93,SENSOR_DATA_LOGGING,879.7386565054171,0.1,10000,CloudNode,173,1.0,12000.0,184.32655995782417,1214.0243115373676,1029.6977515795434,856.7202039908818,36.65577735439238,,
6-88,E_COMMERCE_TRANSACTION,694.1561311890072,0.5,300,CloudNode,169,1.0,12000.0,183.09039353954208,1216.5076520846198,1033.4172585450779,873.2275500431317,28.923172132875298,,
8-191,SENSOR_DATA_LOGGING,427.3878676093906,0.1,10000,FogNode_3,22,1.0,1899.4436001125757,373.58885138799,1218.7696711525505,845.1808197645605,599.7359819736637,20.291473159294174,,
4-11,VOICE_ASSISTANT,953.2535961858345,2.0,150,CloudNode,0,0.0,12000.0,30.137721803931154,1219.3084565956776,1189.1707347917466,856.6157629558614,39.718899841076436,,
6-57,HEALTH_MONITORING,938.6399492213606,1.0,100,CloudNode,8,1.0,12000.0,114.0136488144687,1219.9655625438095,1105.9519137293407,857.5539589278168,39.109997884223354,,
9-106,SENSOR_DATA_LOGGING,58.18548231612123,0.1,10000,CloudNode,178,1.0,12000.0,187.02410330291838,1221.3564422776299,1034.3323389747115,921.7185003720093,2.424395096505051,,
8-36,VOICE_ASSISTANT,504.1236907522958,2.0,150,CloudNode,0,0.0,12000.0,56.12711399009895,1221.7044939146926,1165.5773799245937,892.6288123779686,21.00515378134566,,
2-123,SENSOR_DATA_LOGGING,388.4370667746586,0.1,10000,FogNode_7,0,0.875,1727.0272900361456,211.42880193617964,1222.0995143755533,1010.6707124393737,765.8025754182097,26.623119225420467,,
9-270,GPS_TRACKING,145.36542581790363,0.2,200,FogNode_9,3,1.0,1349.236560939329,586.8946265199346,1224.1657751785006,637.271148658566,503.8607684077633,14.620801844631396,,
4-96,GPS_TRACKING,488.28979283745497,0.2,200,FogNode_7,0,0.875,1727.0272900361456,202.68914472514408,1224.4249558094311,1021.7358110842871,711.7153231021891,33.46693321317069,,
5-82,GPS_TRACKING,420.4966010443086,0.2,200,CloudNode,105,1.0,12000.0,163.72688572052513,1225.7510525995087,1062.0241668789836,899.5613658775275,17.520691710179523,,
4-71,E_COMMERCE_TRANSACTION,511.71247247090446,0.5,300,CloudNode,78,1.0,12000.0,151.98058800664472,1225.9453034217229,1073.9647154150782,894.7044211481632,21.321353019621018,,
5-91,SENSOR_DATA_LOGGING,396.8582365162486,0.1,10000,CloudNode,197,1.0,12000.0,194.30081443605945,1229.055329587445,1034.7545151513855,904.2538669617816,16.535759854843693,,
4-87,SENSOR_DATA_LOGGING,373.708222084124,0.1,10000,CloudNode,167,1.0,12000.0,181.7224150180776,1230.7911187624402,1049.0687037443627,906.7345260399829,15.571175920171832,,
3-46,HEALTH_MONITORING,727.1576673634855,1.0,100,CloudNode,0,0.8333333333333334,12000.0,102.23066358179287,1231.399847520545,1129.1691839387522,884.0218125172812,30.29823614014523,,
5-289,GPS_TRACKING,55.53585962847119,0.2,200,FogNode_9,3,1.0,1349.236560939329,586.1916947742528,1234.0257837431845,647.8340889689317,577.004695270612,5.585776633821384,,
3-86,SENSOR_DATA_LOGGING,152.3276739415653,0.1,10000,CloudNode,178,1.0,12000.0,187.17228933319473,1234.0504151060936,1046.8781257728988,925.3963519685167,6.346986414231888,,
5-115,HEALTH_MONITORING,388.3066619289255,1.0,100,FogNode_0,0,1.0,1189.2931772946604,231.6343210243276,1234.0691426367475,1002.4348216124199,585.4260517948253,24.72511068506867,,
1-69,HEALTH_MONITORING,282.9102145528914,1.0,100,CloudNode,5,1.0,12000.0,111.13702449465133,1237.6001627501084,1126.4631382554571,919.2618188137087,11.787925606370473,,
7-65,E_COMMERCE_TRANSACTION,981.7031458600608,0.5,300,CloudNode,74,1.0,12000.0,150.71206008424178,1237.8582776217897,1087.146217537548,871.0029086445168,40.9042977441692,,
1-113,SENSOR_DATA_LOGGING,727.3950530215548,0.1,10000,FogNode_7,0,0.875,1727.0272900361456,211.18872913251363,1238.448524057088,1027.2597949245744,588.4576849665823,49.85498778830057,,
3-56,HEALTH_MONITORING,688.3513333260407,1.0,100,CloudNode,25,1.0,12000.0,123.02889430351017,1238.7659636880858,1115.7370693845755,894.1468642836,28.681305555251697,,
1-96,SMART_HOME_CONTROL,889.2329832673706,0.1,150,CloudNode,119,1.0,12000.0,168.57779290285492,1241.966832345898,1073.389039443043,881.4515653918878,37.05137430280711,,
2-114,SENSOR_DATA_LOGGING,688.8719775925051,0.1,10000,CloudNode,203,1.0,12000.0,196.786360044547,1243.0308986705277,1046.2445386259806,896.3138789290645,28.70299906635438,,
8-194,SENSOR_DATA_LOGGING,399.85944429696104,0.1,10000,FogNode_3,23,1.0,1899.4436001125757,380.69277131672,1245.020662794222,864.3278914775021,638.6353270716622,18.98448177021624,,
8-84,GPS_TRACKING,706.2636359805355,0.2,200,CloudNode,137,1.0,12000.0,172.57883101306032,1249.0938852145202,1076.5150542014599,900.2199683722681,29.42765149918898,,
0-103,SMART_HOME_CONTROL,624.0579711004133,0.1,150,CloudNode,177,1.0,12000.0,185.82834388406502,1250.7139120189397,1064.8855681348746,906.7081222775959,26.00241546251722,,
6-95,GPS_TRACKING,573.1570983732253,0.2,200,CloudNode,206,1.0,12000.0,198.3917045532925,1251.684933061554,1053.2932285082613,909.8069172107125,23.881545765551053,,
9-101,E_COMMERCE_TRANSACTION,855.5699255469502,0.5,300,CloudNode,143,1.0,12000.0,174.32496786145583,1252.8805611365137,1078.5555932750578,893.3651269095119,35.64874689778959,,
2-31,VOICE_ASSISTANT,792.5279964860426,2.0,150,CloudNode,0,0.0,12000.0,60.647124590968296,1254.238591608725,1193.5914670177567,898.8228107720438,33.02199985358511,,
6-89,GPS_TRACKING,358.42906569008295,0.2,200,CloudNode,178,1.0,12000.0,186.30394459127493,1255.8143922292297,1069.5104476379547,928.8659112234361,14.934544403753456,,
4-101,GPS_TRACKING,382.84879343130604,0.2,200,FogNode_7,0,0.875,1727.0272900361456,208.1028478185409,1259.0787508594196,1050.9759030408786,805.922047351068,26.240104111235645,,
9-117,SENSOR_DATA_LOGGING,299.8475963355766,0.1,10000,FogNode_7,0,0.875,1727.0272900361456,209.13179431973816,1261.6043836462593,1052.472589326521,856.2694928910272,20.551278416817155,,
1-464,E_COMMERCE_TRANSACTION,179.30404029239358,0.5,300,FogNode_6,0,0.875,816.2509881302752,936.8074363902571,1261.6115158165117,324.8040794262546,56.46213383398401,24.160373548438546,,
6-333,SENSOR_DATA_LOGGING,83.89189472695622,0.1,10000,FogNode_8,2,1.0,770.9711269175084,646.2249442383255,1262.0505755396323,615.8256313013068,492.1276660906933,7.9743161921537205,,
1-33,VOICE_ASSISTANT,861.1611373350107,2.0,150,CloudNode,0,0.0,12000.0,51.44241156481602,1264.4557213279872,1213.0133097631713,901.3735715886173,35.881714055625444,,
3-193,SMART_HOME_CONTROL,275.93227384092506,0.1,150,FogNode_3,24,1.0,1899.4436001125757,382.55315108477464,1266.5792634754796,884.026112390705,724.5959669743463,13.100681495112983,,
6-64,HEALTH_MONITORING,786.6439817694559,1.0,100,CloudNode,33,1.0,12000.0,129.68740069318818,1268.251371869511,1138.5639711763229,909.0399874916226,32.776832573727326,,
1-195,SENSOR_DATA_LOGGING,457.2715563091643,0.1,10000,FogNode_3,21,1.0,1899.4436001125757,372.6091670722668,1269.760172825251,897.1510057529841,634.2721450143705,21.710287573807133,,
2-105,SENSOR_DATA_LOGGING,999.8008254924199,0.1,10000,CloudNode,170,1.0,12000.0,183.37003125058786,1270.1913893024207,1086.821358051833,897.5246985661015,41.65836772885083,,
9-61,HEALTH_MONITORING,641.8783789983394,1.0,100,CloudNode,0,0.875,12000.0,105.18138935718478,1273.4554274603377,1168.2740381031529,924.0355244180975,26.74493245826414,,
2-324,GPS_TRACKING,288.18829308791965,0.2,200,FogNode_9,3,1.0,1349.236560939329,580.1539038435825,1275.4784227951163,695.3245189515338,453.5768920151287,28.985874072004247,,
7-75,E_COMMERCE_TRANSACTION,986.0402353511203,0.5,300,CloudNode,135,1.0,12000.0,172.28702807313414,1275.9205342113587,1103.6335061382247,902.2153508131455,41.08500980629668,,
1-296,GPS_TRACKING,201.53248727898162,0.2,200,FogNode_9,3,1.0,1349.236560939329,583.5872814687147,1276.4894296500183,692.9021481813037,513.2518069361495,20.270064530012753,,
7-26,VOICE_ASSISTANT,269.0027737313728,2.0,150,CloudNode,0,0.0,12000.0,65.82520117842154,1276.655489419673,1210.8302882412513,951.1000609058493,11.208448905473867,,
4-53,HEALTH_MONITORING,627.8875662866938,1.0,100,CloudNode,0,0.875,12000.0,103.05830782718714,1278.0750164567332,1175.0167086295462,928.8171571625439,26.16198192861224,,
9-112,SENSOR_DATA_LOGGING,61.67453772707363,0.1,10000,CloudNode,205,1.0,12000.0,197.77399048876782,1278.5949722709272,1080.8209817821594,968.5176375360383,2.5697724052947346,,
7-276,SENSOR_DATA_LOGGING,313.8535111191544,0.1,10000,FogNode_9,4,1.0,1349.236560939329,590.8492045581781,1279.5803344031442,688.7311298449661,439.45061229639646,31.56727239985703,,
8-115,VOICE_ASSISTANT,55.87404723245015,2.0,150,FogNode_0,0,1.0,1189.2931772946604,227.7758656350947,1281.050028678278,1053.2741630431833,834.1905620194703,3.5577344858892714,,
6-62,HEALTH_MONITORING,721.2937472713659,1.0,100,CloudNode,30,1.0,12000.0,127.40424165178328,1281.8123061873064,1154.4080645355232,924.9681376144567,30.05390613630691,,
7-76,GPS_TRACKING,891.9345254574524,0.2,200,CloudNode,139,1.0,12000.0,173.10574892161583,1285.329515686363,1112.2237667647473,916.6806565393302,37.16393856072719,,
3-54,HEALTH_MONITORING,217.08740434329184,1.0,100,CloudNode,23,1.0,12000.0,122.15019120056095,1286.3419888981189,1164.1917976975578,963.5211185525663,9.045308514303827,,
1-42,VOICE_ASSISTANT,643.9621962201418,2.0,150,CloudNode,0,0.0,12000.0,72.99861553137745,1287.713931457772,1214.7153159263946,935.7331445649266,26.83175817583924,,
1-73,HEALTH_MONITORING,171.37254694419494,1.0,100,CloudNode,19,1.0,12000.0,117.9149423322127,1290.2015797900417,1172.286637457829,970.7911325724067,7.140522789341456,,
0-96,SENSOR_DATA_LOGGING,879.3913721914382,0.1,10000,CloudNode,151,1.0,12000.0,177.36573342043832,1292.591070944964,1115.2253375245257,923.4581354319846,36.64130717464326,,
9-97,E_COMMERCE_TRANSACTION,720.6588675078275,0.5,300,CloudNode,124,1.0,12000.0,169.92694952790697,1298.820869313738,1128.893919785831,938.6034917214674,30.027452812826148,,
2-111,SENSOR_DATA_LOGGING,559.9586516178476,0.1,10000,CloudNode,195,1.0,12000.0,192.85776453208496,1299.5437821046678,1106.6860175725828,950.0195166473409,23.331610484076986,,
9-72,HEALTH_MONITORING,835.2774955528982,1.0,100,CloudNode,19,1.0,12000.0,117.88191223126177,1300.3975767251818,1182.51566449392,933.0876252447333,34.80322898137076,,
9-85,HEALTH_MONITORING,278.85506428586575,1.0,100,CloudNode,55,1.0,12000.0,138.3497196711545,1301.8328942947494,1163.483174623595,971.342711141186,11.618961011911074,,
1-18,VOICE_ASSISTANT,916.4796456048781,2.0,150,CloudNode,0,0.0,12000.0,30.81976020881736,1305.4286333878515,1274.6088731790342,931.8495873475802,38.18665190020325,,
9-126,SMART_HOME_CONTROL,946.3081999394697,0.1,150,CloudNode,299,1.0,12000.0,228.90860202741433,1310.2588641821676,1081.3502621547532,933.287264612721,39.42950833081123,,
7-52,HEALTH_MONITORING,369.4173269351674,1.0,100,CloudNode,33,1.0,12000.0,129.60249330400683,1312.5970834319037,1182.9945901278968,974.2889320987604,15.392388622298641,,
7-88,E_COMMERCE_TRANSACTION,744.3461662554548,0.5,300,CloudNode,197,1.0,12000.0,193.64672059257234,1312.7427592068943,1119.096038614322,948.9261931384231,31.014423593977284,,
5-119,SMART_HOME_CONTROL,527.0393114731139,0.1,150,CloudNode,316,1.0,12000.0,236.53556242647642,1314.1113319251801,1077.5757694987037,965.3698507672541,21.959971311379746,,
1-91,HEALTH_MONITORING,606.0875563117733,1.0,100,CloudNode,81,1.0,12000.0,152.6046301396747,1314.9630176873018,1162.358387547627,959.9460149915064,25.25364817965722,,
9-89,HEALTH_MONITORING,880.9959390029544,1.0,100,CloudNode,92,1.0,12000.0,155.48976961474878,1316.4472269207738,1160.957457306025,942.2631451248518,36.7081641251231,,
1-106,SMART_HOME_CONTROL,953.1820801842555,0.1,150,CloudNode,194,1.0,12000.0,192.60687584132566,1317.032002765463,1124.4251269241372,938.9542913347818,39.71592000767731,,
8-502,HEALTH_MONITORING,148.61202469762043,1.0,100,FogNode_2,0,1.0,681.967788340379,999.482469170417,1319.2310360364338,319.74856686601686,10.108431368754964,18.24123798548729,,
1-103,SMART_HOME_CONTROL,988.8924476190298,0.1,150,CloudNode,181,1.0,12000.0,187.97830411744076,1320.2659815900422,1132.2876774726014,938.170410489999,41.20385198412624,,
0-32,VOICE_ASSISTANT,335.0705999780957,2.0,150,CloudNode,0,0.041666666666666664,12000.0,75.50920343857156,1320.5136209431387,1245.004417504567,981.9371738100972,13.96127499908732,,
5-29,VOICE_ASSISTANT,986.7512632097024,2.0,150,CloudNode,0,0.0,12000.0,42.77882176267547,1324.19610428004,1281.4172825173644,941.4509548346382,41.11463596707093,,
1-89,HEALTH_MONITORING,879.6841041889987,1.0,100,CloudNode,74,1.0,12000.0,150.237841528679,1324.9919417439705,1174.7541002152916,948.850756357663,36.65350434120828,,
9-252,SMART_HOME_CONTROL,456.21133076017105,0.1,150,FogNode_1,8,1.0,1597.9384595498836,547.1745500893111,1326.8972204135887,779.7226703242776,474.91182599153365,37.686517431435824,,
0-97,E_COMMERCE_TRANSACTION,513.0077174776079,0.5,300,CloudNode,153,1.0,12000.0,178.40332737316538,1329.092632021253,1150.6893046480875,976.4274587989343,21.375321561567,,
5-94,GPS_TRACKING,890.5884618055318,0.2,200,CloudNode,205,1.0,12000.0,198.00135319651395,1330.0300973796907,1132.0287441831767,951.6146391130538,37.10785257523049,,
8-88,E_COMMERCE_TRANSACTION,985.3802814555107,0.5,300,CloudNode,152,1.0,12000.0,178.09378638283582,1331.2089086691462,1153.1151222863105,947.7782083876878,41.05751172731294,,
8-109,GPS_TRACKING,126.77833787695438,0.2,200,FogNode_7,0,1.0,1727.0272900361456,214.5603205031709,1332.4871669327413,1117.9268464295703,1021.9441748666087,8.689270652063822,,
8-98,SENSOR_DATA_LOGGING,513.5311050716317,0.1,10000,CloudNode,197,1.0,12000.0,194.22110136466597,1332.995838546011,1138.7747371813452,979.5679181271619,21.397129377984655,,
5-292,SENSOR_DATA_LOGGING,435.2990079599058,0.1,10000,FogNode_9,3,1.0,1349.236560939329,587.4031570140144,1333.3662093287612,745.9630523147468,406.5115237736966,43.78221645715805,,
8-196,SENSOR_DATA_LOGGING,128.3055203906099,0.1,10000,FogNode_3,23,1.0,1899.4436001125757,383.3854853488266,1337.309175271549,953.9236899227225,865.3502787122125,6.0916750813684715,,
1-105,SENSOR_DATA_LOGGING,613.9986955085944,0.1,10000,CloudNode,189,1.0,12000.0,190.87748664139963,1338.8804894168215,1148.003002775422,977.2456573293589,25.583278979524767,,
1-123,VOICE_ASSISTANT,278.2605994475123,2.0,150,FogNode_0,0,1.0,1189.2931772946604,227.34785133361302,1341.761446432548,1114.4135950989348,712.2921649944011,17.718017214684302,,
4-195,SMART_HOME_CONTROL,184.61951433555456,0.1,150,FogNode_3,23,1.0,1899.4436001125757,384.93162655450897,1342.2172914936016,957.2856649390926,842.0788647733048,8.76534455874086,,
6-38,VOICE_ASSISTANT,392.73820558117217,2.0,150,CloudNode,0,0.041666666666666664,12000.0,75.52845618741993,1342.9870479805986,1267.4585917931786,995.971599588875,16.36409189921551,,
3-89,GPS_TRACKING,834.486997254738,0.2,200,CloudNode,203,1.0,12000.0,196.49683641881117,1347.6155995612949,1151.1187631424837,970.9593446046836,34.77029155228075,,
7-115,SMART_HOME_CONTROL,345.48159537699934,0.1,150,CloudNode,317,1.0,12000.0,237.11587268184496,1349.303753891222,1112.1878812093769,1002.6983751888331,14.39506647404164,,
8-38,VOICE_ASSISTANT,611.4944992922018,2.0,150,CloudNode,0,0.0,12000.0,62.105071318089244,1351.3554516661986,1289.2503803481095,987.6990461355035,25.478937470508406,,
1-29,VOICE_ASSISTANT,860.0446377030055,2.0,150,CloudNode,0,0.0,12000.0,48.09273309571488,1356.9999021616136,1308.9071690658986,975.7170819408495,35.83519323762523,,
4-111,SENSOR_DATA_LOGGING,964.8798711216426,0.1,10000,CloudNode,302,1.0,12000.0,230.45522349959825,1357.0621453464764,1126.606921846878,970.2456611482316,40.203327963401776,,
0-77,HEALTH_MONITORING,553.9498983226811,1.0,100,CloudNode,78,1.0,12000.0,152.14267431444227,1358.9052507337844,1206.7625764193422,996.5111304577053,23.081245763445043,,
0-61,HEALTH_MONITORING,686.1916440181338,1.0,100,CloudNode,33,1.0,12000.0,129.5438264321271,1359.0155312962606,1229.4717048641335,988.3188772677175,28.591318500755577,,
9-129,GPS_TRACKING,351.4615425184548,0.2,200,CloudNode,317,1.0,12000.0,237.0786748070782,1359.3185592562286,1122.2398844491504,1011.0081318307883,14.644230938268949,,
8-123,SENSOR_DATA_LOGGING,408.52496440021497,0.1,10000,CloudNode,325,1.0,12000.0,239.1120893206903,1363.1363790546043,1124.024289733914,1010.417137130021,17.021873516675623,,
7-257,SENSOR_DATA_LOGGING,474.9945356936408,0.1,10000,FogNode_1,8,1.0,1597.9384595498836,549.4334326473015,1363.3871124666448,813.9536798193433,499.5479996253066,39.2381526768032,,
9-124,SENSOR_DATA_LOGGING,722.6127764747367,0.1,10000,CloudNode,294,1.0,12000.0,227.26947309836072,1365.6463647607463,1138.3768916623856,991.1850707395732,30.108865686447363,,
3-99,SENSOR_DATA_LOGGING,369.0412572852292,0.1,10000,FogNode_4,0,0.25,1758.3565909566523,219.5351378804883,1368.7951034904618,1149.2599656099735,919.6810188887185,30.74246516543959,,
7-90,SENSOR_DATA_LOGGING,839.5851192932358,0.1,10000,CloudNode,204,1.0,12000.0,197.44648820234016,1369.5092087124374,1172.0627205100973,987.457419844556,34.98271330388483,,
6-84,HEALTH_MONITORING,462.2107131005569,1.0,100,CloudNode,148,1.0,12000.0,175.63710296317927,1371.5133979710574,1195.876295007878,1012.5626107665738,19.258779712523204,,
7-87,GPS_TRACKING,882.5074073124275,0.2,200,CloudNode,187,1.0,12000.0,190.7817990289343,1372.3631532564405,1181.5813542275062,986.8520672208252,36.77114197135115,,
1-295,E_COMMERCE_TRANSACTION,125.53361462033307,0.5,300,FogNode_9,3,1.0,1349.236560939329,582.6252249058575,1372.6208124442503,789.9955875383928,645.8305573481007,12.626125461933324,,
8-295,GPS_TRACKING,272.78525941521417,0.2,200,FogNode_9,4,1.0,1349.236560939329,589.7206363277705,1373.5807195724753,783.8600832447048,556.2877730194514,27.436642527655305,,
7-258,SENSOR_DATA_LOGGING,358.442363523685,0.1,10000,FogNode_1,8,1.0,1597.9384595498836,549.882897688072,1373.7789696045027,823.8960719164306,580.8240169253626,29.610058914125837,,
7-17,VOICE_ASSISTANT,690.5729141052369,2.0,150,CloudNode,0,0.0,12000.0,48.48850149935339,1377.8137244321454,1329.325222932792,1002.5993297311388,28.77387142105154,,
6-63,HEALTH_MONITORING,486.7964094246291,1.0,100,CloudNode,30,1.0,12000.0,127.65387226842354,1379.446856868874,1251.7929846004504,1018.2272357556054,20.283183726026213,,
3-94,SMART_HOME_CONTROL,277.3470581214356,0.1,150,FogNode_7,0,0.875,1727.0272900361456,211.9441957939211,1382.6916831974086,1170.7474874034874,987.3378090869385,19.00911222633174,,
6-37,VOICE_ASSISTANT,70.81002165674835,2.0,150,CloudNode,0,0.041666666666666664,12000.0,73.85827017833091,1383.7145595702077,1309.8562893918768,1050.635278813003,2.950417569031181,,
0-122,VOICE_ASSISTANT,224.11441696791493,2.0,150,FogNode_0,0,1.0,1189.2931772946604,232.38527930717845,1386.4372095882368,1154.0519302810583,798.5013812415075,14.27030311075524,,
5-48,VOICE_ASSISTANT,216.3495055593285,2.0,150,CloudNode,0,0.5416666666666666,12000.0,94.03734150134026,1387.5383341757147,1293.5009926743744,1043.673417022883,9.014562731638687,,
7-83,E_COMMERCE_TRANSACTION,888.1184088108232,0.5,300,CloudNode,174,1.0,12000.0,185.31931437962493,1391.0418701663648,1205.7225557867398,999.395827923278,37.00493370045096,,
9-109,E_COMMERCE_TRANSACTION,931.7490204256509,0.5,300,CloudNode,197,1.0,12000.0,194.61586250865753,1391.7570836273178,1197.1412211186603,997.5245108262927,38.82287585106879,,
0-123,SENSOR_DATA_LOGGING,922.6942087533188,0.1,10000,CloudNode,311,1.0,12000.0,233.36243883735662,1391.8542017500783,1158.4917629127217,998.0929652148726,38.44559203138828,,
5-75,HEALTH_MONITORING,953.4252176695426,1.0,100,CloudNode,60,1.0,12000.0,143.2579224998276,1392.0491849043656,1248.791262404538,996.5560226755338,39.726050736230945,,
5-92,E_COMMERCE_TRANSACTION,813.0474623368063,0.5,300,CloudNode,197,1.0,12000.0,194.59993375482426,1392.7458969387044,1198.1459631838802,1006.4314007033892,33.87697759736693,,
2-47,VOICE_ASSISTANT,362.23980268234874,2.0,150,CloudNode,0,0.4166666666666667,12000.0,91.64212198525253,1395.8330149842755,1304.190892999023,1040.1586259489504,15.093325111764532,,
7-60,HEALTH_MONITORING,962.3279974259632,1.0,100,CloudNode,56,1.0,12000.0,140.22162577877384,1396.6412267062708,1256.419600927497,999.5640904583132,40.096999892748464,,
4-26,VOICE_ASSISTANT,789.1800981115787,2.0,150,CloudNode,0,0.0,12000.0,67.28219666581205,1396.973916845111,1329.691720179299,1011.9173893713396,32.88250408798245,,
5-81,HEALTH_MONITORING,295.66544801975994,1.0,100,CloudNode,105,1.0,12000.0,163.35187391833998,1397.0019405914204,1233.6500666730803,1045.3198643828714,12.319393667489997,,
5-52,VOICE_ASSISTANT,886.7317451996267,2.0,150,CloudNode,0,0.8333333333333334,12000.0,101.73214563489584,1398.0904163800087,1296.3582707451128,1006.0631408394278,36.94715604998445,,
3-303,E_COMMERCE_TRANSACTION,165.0564129211619,0.5,300,FogNode_9,3,1.0,1349.236560939329,584.741986964251,1398.8226199144822,814.0806329502311,642.889641134996,16.60131419096178,,
1-52,VOICE_ASSISTANT,456.030006325186,2.0,150,CloudNode,0,0.20833333333333334,12000.0,82.41156834197668,1401.1388795817031,1318.7273112397265,1038.985337552715,19.001250263549416,,
5-183,GPS_TRACKING,542.7497703626173,0.2,200,FogNode_3,20,1.0,1899.4436001125757,368.6458678574355,1403.6150602147359,1034.9691923573005,721.3261778447159,25.768612616752115,,
6-301,GPS_TRACKING,174.4584969625514,0.2,200,FogNode_9,4,1.0,1349.236560939329,590.069069196844,1404.7800604865042,814.7109912896602,656.4175917566448,17.546972396289974,,
7-113,SENSOR_DATA_LOGGING,760.5039783070944,0.1,10000,CloudNode,316,1.0,12000.0,235.27040258919786,1406.3623795061899,1171.091976916992,1021.8445942150915,31.6876657627956,,
4-189,GPS_TRACKING,539.1094861365053,0.2,200,FogNode_3,22,1.0,1899.4436001125757,375.58903574190697,1409.9681838151118,1034.3791480732048,728.9274764489444,25.595779611268057,,
7-122,SENSOR_DATA_LOGGING,171.4999264313957,0.1,10000,CloudNode,354,1.0,12000.0,254.15204157788128,1410.9328872422204,1156.7808456643393,1066.5762169564994,7.145830267974821,,
9-50,VOICE_ASSISTANT,160.36975872976456,2.0,150,CloudNode,0,0.25,12000.0,85.08816975081514,1414.5030261425168,1329.4148563917017,1069.4173190687584,6.682073280406857,,
2-109,E_COMMERCE_TRANSACTION,328.9062329579132,0.5,300,FogNode_7,0,1.0,1727.0272900361456,190.10460932008922,1414.8714153735004,1224.7668060534113,988.8680958714858,22.542930639269546,,
5-187,GPS_TRACKING,284.04363960045276,0.2,200,FogNode_3,23,1.0,1899.4436001125757,377.0032732542369,1416.1197076263973,1039.1164343721603,862.4427133461497,13.485792007293226,,
7-170,GPS_TRACKING,396.6533184697183,0.2,200,FogNode_3,21,1.0,1899.4436001125757,371.26547070002937,1416.2778922118086,1045.0124215117794,809.1647105938586,18.832261688413933,,
7-61,HEALTH_MONITORING,697.7622779496849,1.0,100,CloudNode,63,1.0,12000.0,144.25063403275033,1417.4654157520356,1273.2147817192854,1035.1877408719693,29.073428247903536,,
5-43,VOICE_ASSISTANT,867.7743843361369,2.0,150,CloudNode,0,0.125,12000.0,80.11585151134447,1419.9301315893063,1339.8142800779617,1025.8588733245626,36.15726601400571,,
9-43,VOICE_ASSISTANT,867.5660731347205,2.0,150,CloudNode,0,0.0,12000.0,65.54345397490498,1421.6009266524486,1356.0574726775437,1027.1328574644456,36.14858638061335,,
8-121,SENSOR_DATA_LOGGING,788.2261845601664,0.1,10000,CloudNode,312,1.0,12000.0,233.84112897081476,1422.7476607264903,1188.9065317556756,1034.1734281962888,32.842757690006934,,
7-24,VOICE_ASSISTANT,521.5302069272384,2.0,150,CloudNode,0,0.0,12000.0,59.27837335835599,1422.9077074461438,1363.6293340877878,1051.6920723224885,21.730425288634933,,
5-121,SMART_HOME_CONTROL,882.7012528002364,0.1,150,CloudNode,326,1.0,12000.0,239.50958730195364,1424.9138893995516,1185.404302097598,1028.8777130542767,36.779218866676516,,
0-134,SMART_HOME_CONTROL,496.86093852266526,0.1,150,CloudNode,342,1.0,12000.0,247.9584826818042,1425.11963778043,1177.1611550986256,1055.9102407767905,20.702539105111054,,
6-119,SMART_HOME_CONTROL,824.1175347802742,0.1,150,CloudNode,336,1.0,12000.0,244.89517483301853,1425.676363393303,1180.7811885602846,1034.2157802503052,34.338230615844765,,
7-103,SMART_HOME_CONTROL,692.5079105526112,0.1,150,FogNode_4,0,0.25,1758.3565909566523,221.44052256053283,1428.1279990592443,1206.6874764987115,796.8070625186892,57.68840176181328,,
3-42,VOICE_ASSISTANT,209.12110194955812,2.0,150,CloudNode,0,0.625,12000.0,95.561972433953,1428.359645738017,1332.797673304064,1078.6646559304686,8.713379247898256,,
8-118,SENSOR_DATA_LOGGING,858.5203289168923,0.1,10000,CloudNode,307,1.0,12000.0,231.94725189287036,1430.4486114768588,1198.5013595839885,1035.9875316206014,35.77168037153718,,
8-197,SMART_HOME_CONTROL,402.5846803255154,0.1,150,FogNode_3,23,1.0,1899.4436001125757,383.5928910077288,1430.7184125111542,1047.1255215034253,816.9195641779844,19.113870220186683,,
8-326,SENSOR_DATA_LOGGING,181.7387407603782,0.1,10000,FogNode_8,2,1.0,770.9711269175084,640.4127218291931,1431.0169894496719,790.6042676204788,534.1614232524789,17.27511564620127,,
0-135,SMART_HOME_CONTROL,877.525049203779,0.1,150,CloudNode,343,1.0,12000.0,248.3212991911211,1432.142618729909,1183.8213195387877,1035.021532236171,36.56354371682413,,
5-116,VOICE_ASSISTANT,179.71979399488296,2.0,150,FogNode_0,1,1.0,1189.2931772946604,233.53128751371605,1432.1648231007096,1198.6335355869935,877.0776851064134,11.443511622354197,,
3-109,GPS_TRACKING,450.0543234582862,0.2,200,CloudNode,335,1.0,12000.0,244.76891628224104,1433.3375419391327,1188.5686256568918,1065.9195267138375,18.752263477428592,,
9-49,VOICE_ASSISTANT,128.8841607983557,2.0,150,CloudNode,0,0.20833333333333334,12000.0,82.65152940835284,1433.64805417934,1350.9965247709872,1087.697250529512,5.370173366598155,,
2-134,SENSOR_DATA_LOGGING,768.2355530727212,0.1,10000,CloudNode,300,1.0,12000.0,229.00587690451823,1435.533027393784,1206.5271504892658,1044.945021482415,32.00981471136338,,
0-90,HEALTH_MONITORING,225.4881130729211,1.0,100,CloudNode,110,1.0,12000.0,165.87151325683288,1436.2560918414456,1270.3845785846127,1083.5878751366126,9.395338044705046,,
2-222,SENSOR_DATA_LOGGING,188.5284150247121,0.1,10000,FogNode_3,27,1.0,1899.4436001125757,388.74007341295277,1436.5637227682678,1047.823649355315,932.13418447801,8.950930906477055,,
7-256,SENSOR_DATA_LOGGING,519.7074112164773,0.1,10000,FogNode_1,8,1.0,1597.9384595498836,548.7839999186356,1439.9565750179024,891.1725750992669,546.1057491157388,42.93177545463561,,
4-121,SENSOR_DATA_LOGGING,586.6266985422872,0.1,10000,CloudNode,350,1.0,12000.0,252.9184950041761,1440.9347431162228,1188.0162481120467,1062.8741039695926,24.442779105928633,,
6-56,VOICE_ASSISTANT,79.07169025532355,2.0,150,CloudNode,5,1.0,12000.0,110.99738011768933,1442.122334915061,1331.1249547973716,1095.680416623873,3.2946537606384814,,
7-127,SMART_HOME_CONTROL,660.4890849635135,0.1,150,CloudNode,366,1.0,12000.0,259.1869306705679,1442.5790912560074,1183.3921605854393,1059.343013573236,27.520378540146396,,
4-122,SENSOR_DATA_LOGGING,133.90636178674384,0.1,10000,CloudNode,360,1.0,12000.0,256.06780545726514,1444.8069176615688,1188.7391122043036,1094.078437272681,5.579431741114327,,
7-124,SMART_HOME_CONTROL,321.11935164425665,0.1,150,CloudNode,366,1.0,12000.0,257.40865315822384,1448.3608726228033,1190.9522194645795,1087.0418905180627,13.37997298517736,,
2-328,E_COMMERCE_TRANSACTION,103.69421523924692,0.5,300,FogNode_9,3,1.0,1349.236560939329,588.0913696240842,1449.4748039837737,861.3834343596894,733.4280898334559,10.42952658733835,,
5-123,SENSOR_DATA_LOGGING,578.6554711372257,0.1,10000,CloudNode,336,1.0,12000.0,245.27066222232708,1454.5836687676253,1209.3130065452983,1074.5962120056524,24.11064463071774,,
0-201,SENSOR_DATA_LOGGING,96.82540378011043,0.1,10000,FogNode_3,26,1.0,1899.4436001125757,388.01223216773514,1454.5907268648916,1066.5784946971564,996.2893054706408,4.597065641876359,,
8-99,E_COMMERCE_TRANSACTION,711.0295395824386,0.5,300,CloudNode,202,1.0,12000.0,196.33954126787054,1456.2544022232903,1259.9148609554197,1065.9002916247064,29.626230815934942,,
0-129,GPS_TRACKING,342.6468082806301,0.2,200,CloudNode,322,1.0,12000.0,238.35852203406256,1459.0025121669114,1220.6439901328488,1092.3389547664033,14.276950345026256,,
9-92,HEALTH_MONITORING,796.3578077298248,1.0,100,CloudNode,99,1.0,12000.0,159.83804591228838,1459.1090475828564,1299.271001670568,1063.3902099049358,33.18157532207603,,
0-27,VOICE_ASSISTANT,372.97707270894267,2.0,150,CloudNode,0,0.0,12000.0,68.13171990337948,1459.4410684637621,1391.3093485603827,1091.6968462639422,15.54071136287261,,
6-71,HEALTH_MONITORING,422.04843035126163,1.0,100,CloudNode,71,1.0,12000.0,147.8374271918239,1460.2903403097016,1312.4529131178776,1088.8819383800635,17.585351264635904,,
2-124,SENSOR_DATA_LOGGING,455.38818022771596,0.1,10000,FogNode_7,0,1.0,1727.0272900361456,214.72679062477133,1460.8225066108057,1246.0957159860343,964.7883404103454,31.21188695177506,,
2-139,GPS_TRACKING,841.8844922338407,0.2,200,CloudNode,331,1.0,12000.0,243.66579575154887,1461.1989111858516,1217.5331154343028,1062.7478425126178,35.07852050974336,,
1-64,VOICE_ASSISTANT,785.7005672405014,2.0,150,CloudNode,0,0.9166666666666666,12000.0,104.96807527149943,1463.5654636500506,1358.5973883785512,1066.5253513718055,32.73752363502089,,
2-85,HEALTH_MONITORING,399.9244242286605,1.0,100,CloudNode,100,1.0,12000.0,159.71350607921622,1465.4696540822972,1305.756148003081,1093.7304783973943,16.663517676194186,,
1-129,GPS_TRACKING,903.7436579046811,0.2,200,CloudNode,330,1.0,12000.0,241.5457938903683,1467.0690551193745,1225.5232612290063,1063.1233444051272,37.65598574602838,,
7-78,HEALTH_MONITORING,853.943952245268,1.0,100,CloudNode,141,1.0,12000.0,173.32277947950195,1468.13591286555,1294.8131333860479,1066.511759473895,35.5809980102195,,
0-131,SMART_HOME_CONTROL,359.30538880300566,0.1,150,CloudNode,325,1.0,12000.0,240.26268300009355,1472.521206989591,1232.2585239894975,1102.1671827469074,14.971057866791902,,
2-91,HEALTH_MONITORING,993.2025166843671,1.0,100,CloudNode,105,1.0,12000.0,163.90728858414724,1474.6210781404423,1310.713789556295,1063.0456441135657,41.38343819518196,,
4-55,VOICE_ASSISTANT,381.3712234983596,2.0,150,CloudNode,14,1.0,12000.0,116.15619259923061,1476.5878529530987,1360.4316603538682,1104.3171281687908,15.890467645764982,,
7-110,E_COMMERCE_TRANSACTION,636.8872952975997,0.5,300,CloudNode,307,1.0,12000.0,231.5998253490249,1477.9878306743517,1246.3880053253267,1089.4673682580594,26.53697063739999,,
0-330,SMART_HOME_CONTROL,109.28458225750423,0.1,150,FogNode_0,11,1.0,1189.2931772946604,599.5586447061625,1478.3275729939185,878.768928287756,767.28096747553,6.958606836837797,,
0-47,VOICE_ASSISTANT,451.4982049748358,2.0,150,CloudNode,6,1.0,12000.0,113.21134499465695,1478.5595935307924,1365.3482485361355,1100.842444979874,18.812425207284825,,
7-128,SENSOR_DATA_LOGGING,141.59793382809795,0.1,10000,CloudNode,371,1.0,12000.0,260.7133271259934,1478.8688829383827,1218.1555558123894,1123.1388275318775,5.899913909504081,,
3-108,SENSOR_DATA_LOGGING,556.884527665116,0.1,10000,CloudNode,331,1.0,12000.0,241.77833811700046,1479.7445859112258,1237.9662477942254,1094.1076012919348,23.203521986046503,,
8-51,VOICE_ASSISTANT,692.1632412784259,2.0,150,CloudNode,0,0.625,12000.0,94.94835190849311,1480.4279308330258,1385.4795789245327,1087.7568733100416,28.840135053267744,,
9-102,HEALTH_MONITORING,250.1944160765865,1.0,100,CloudNode,150,1.0,12000.0,177.7026332298879,1484.4149983230993,1306.7123650932115,1120.385433977872,10.424767336524436,,
3-114,SENSOR_DATA_LOGGING,874.281862383792,0.1,10000,CloudNode,358,1.0,12000.0,255.13897155506277,1487.3598480078329,1232.22087645277,1081.3596325184621,36.428410932658004,,
2-147,SENSOR_DATA_LOGGING,483.9692149145437,0.1,10000,CloudNode,374,1.0,12000.0,261.744016594603,1488.6916405323486,1226.9476239377457,1107.5564955292311,20.165383954772654,,
7-97,GPS_TRACKING,396.1501820855807,0.2,200,FogNode_7,0,0.875,1727.0272900361456,207.34735278695828,1490.9870832544916,1283.6397304675334,1023.9371149066004,27.15176905337631,,
4-94,HEALTH_MONITORING,176.8584686785946,1.0,100,CloudNode,188,1.0,12000.0,190.59244049444658,1491.326058676315,1300.7336181818682,1132.0501090632204,7.369102861608107,,
7-120,SENSOR_DATA_LOGGING,864.110364951239,0.1,10000,CloudNode,347,1.0,12000.0,251.664406466304,1491.939328668576,1240.2749222022721,1086.0484972159811,36.00459853963496,,
8-126,SMART_HOME_CONTROL,239.16754428399986,0.1,150,CloudNode,340,1.0,12000.0,245.88953772270025,1494.5517068307756,1248.6621691080754,1130.134382014448,9.96531434516666,,
0-127,SENSOR_DATA_LOGGING,843.5502775604662,0.1,10000,CloudNode,321,1.0,12000.0,238.01458722599088,1495.9722198566753,1257.9576326306844,1089.1153595994938,35.14792823168609,,
7-70,HEALTH_MONITORING,433.9851425872024,1.0,100,CloudNode,88,1.0,12000.0,154.1123751081256,1496.455768858635,1342.3433937505094,1118.3553539181346,18.082714274466767,,
8-59,VOICE_ASSISTANT,474.04450679363936,2.0,150,CloudNode,8,1.0,12000.0,113.99698911788474,1498.944777363232,1384.9477882453473,1117.7344793889597,19.751854449734974,,
3-119,SENSOR_DATA_LOGGING,689.3822177905431,0.1,10000,CloudNode,394,1.0,12000.0,268.04493961096176,1499.5708530642728,1231.525913453311,1101.8297159936878,28.72425907460596,,
1-299,GPS_TRACKING,359.3917179640851,0.2,200,FogNode_9,6,1.0,1349.236560939329,595.5750848748662,1500.3925042787437,904.8174194038775,615.5959530503083,36.14748874011396,,
3-124,VOICE_ASSISTANT,91.2211277171463,2.0,150,FogNode_3,16,1.0,1899.4436001125757,272.1406249439798,1502.6159105090599,1230.47528556508,1015.2306726169463,4.330986452626081,,
2-136,SENSOR_DATA_LOGGING,317.55351632578174,0.1,10000,CloudNode,326,1.0,12000.0,239.30375148345468,1505.3316759655313,1266.0279244820767,1134.0303649539264,13.23139651357424,,
8-297,SMART_HOME_CONTROL,492.3723544170499,0.1,150,FogNode_9,5,1.0,1349.236560939329,594.9718438222886,1505.520320353279,910.5484765309903,526.0025090905942,49.52263295898297,,
2-82,HEALTH_MONITORING,616.1159048874133,1.0,100,CloudNode,100,1.0,12000.0,158.86348033458296,1510.3455042408625,1351.4820239062797,1117.5764074929684,25.671496036975554,,
3-287,SENSOR_DATA_LOGGING,642.8066793030581,0.1,10000,FogNode_1,8,1.0,1597.9384595498836,552.4432193187965,1511.126886851423,958.6836675326265,541.7169024510098,53.100709016219426,,
1-134,SMART_HOME_CONTROL,231.27291177029528,0.1,150,CloudNode,347,1.0,12000.0,252.1236688834694,1511.2120713161007,1259.0884024326313,1144.034714933505,9.636371323762303,,
6-116,SENSOR_DATA_LOGGING,705.0856952528422,0.1,10000,CloudNode,330,1.0,12000.0,241.64219481096964,1513.3408100386955,1271.698615227726,1113.553643829321,29.378570635535095,,
5-309,SENSOR_DATA_LOGGING,97.36675910300582,0.1,10000,FogNode_0,11,1.0,1189.2931772946604,613.0689049218854,1514.034256947535,900.9653520256495,803.5261452735153,6.199749146484849,,
9-254,GPS_TRACKING,224.33024079109384,0.2,200,FogNode_1,8,1.0,1597.9384595498836,549.1262040588815,1514.1662538897087,965.0400498308272,803.1897653416069,18.531379998573765,,
0-139,GPS_TRACKING,953.9301560265059,0.2,200,CloudNode,366,1.0,12000.0,258.07822409419026,1515.750271510321,1257.6720474161307,1096.1963082662994,39.747089834437745,,
5-83,HEALTH_MONITORING,758.3728725279469,1.0,100,CloudNode,106,1.0,12000.0,164.07774807680752,1519.4521416006191,1355.3743935238117,1115.1525664026642,31.598869688664454,,
9-299,SENSOR_DATA_LOGGING,198.56994735507843,0.1,10000,FogNode_8,2,1.0,770.9711269175084,639.623583828214,1519.6087906559355,879.9852068277215,600.6657240271257,18.875000399292627,,
5-63,VOICE_ASSISTANT,341.5405773281555,2.0,150,CloudNode,27,1.0,12000.0,123.16612045951278,1519.7877734536612,1396.6216529941485,1143.5310782658562,14.230857388673146,,
0-101,HEALTH_MONITORING,159.16276463579877,1.0,100,CloudNode,163,1.0,12000.0,180.21810841230533,1524.4756350357507,1344.2575266234453,1162.1444482746824,6.631781859824949,,
3-106,GPS_TRACKING,556.1454066442052,0.2,200,CloudNode,316,1.0,12000.0,236.50772455514465,1526.7733813867096,1290.265656831565,1133.282637103478,23.172725276841884,,
5-128,SENSOR_DATA_LOGGING,827.9797672835488,0.1,10000,CloudNode,365,1.0,12000.0,256.99894234680283,1528.1073615231521,1271.1084191763493,1117.4277253462292,34.499156970147865,,
8-290,HEALTH_MONITORING,177.1079884271664,1.0,100,FogNode_9,3,1.0,1349.236560939329,579.3058885567684,1530.0879543669262,950.7820658101577,729.8408365555077,17.81345728755775,,
8-140,SMART_HOME_CONTROL,318.65328886741287,0.1,150,CloudNode,405,1.0,12000.0,271.7227549886415,1531.8861167044824,1260.163361715841,1156.674614378803,13.277220369475536,,
4-115,SENSOR_DATA_LOGGING,901.2067018214893,0.1,10000,CloudNode,312,1.0,12000.0,233.85827216436016,1536.2994696709757,1302.4411975066155,1118.9376848886468,37.550279242562056,,
2-53,VOICE_ASSISTANT,593.0471211683808,2.0,150,CloudNode,0,0.7083333333333334,12000.0,100.2557719380824,1536.7804414385312,1436.5246695004487,1140.0596338859298,24.7102967153492,,
7-129,SENSOR_DATA_LOGGING,495.0530325435439,0.1,10000,CloudNode,387,1.0,12000.0,266.48414025876633,1537.226639235304,1270.7424989765377,1147.7504820964555,20.627209689314327,,
0-138,SMART_HOME_CONTROL,839.4933104103269,0.1,150,CloudNode,359,1.0,12000.0,255.5499546875577,1538.0936887330772,1282.5437340455196,1124.1469414156675,34.97888793376362,,
9-104,HEALTH_MONITORING,75.02903724690066,1.0,100,CloudNode,168,1.0,12000.0,182.65548340234056,1538.1385364750574,1355.4830530727168,1181.7297587242122,3.1262098852875275,,
8-327,GPS_TRACKING,85.17234160934649,0.2,200,FogNode_8,2,1.0,770.9711269175084,641.0280079532727,1541.4910897572697,900.463081803997,766.2200056615982,8.096028645313472,,
0-125,SENSOR_DATA_LOGGING,959.9717986247406,0.1,10000,CloudNode,319,1.0,12000.0,237.65693793794514,1545.4673039676923,1307.810366029747,1121.593237747573,39.998824942697524,,
5-90,HEALTH_MONITORING,686.2182515675449,1.0,100,CloudNode,197,1.0,12000.0,194.12913829122127,1545.8764948296441,1351.7473565384228,1141.2358527695403,28.592427148647705,,
5-291,HEALTH_MONITORING,62.78899484908099,1.0,100,FogNode_9,3,1.0,1349.236560939329,586.7551554116066,1546.929187812851,960.1740324012445,819.1284623239553,6.315294345589348,,
1-132,SMART_HOME_CONTROL,895.8071037359732,0.1,150,CloudNode,331,1.0,12000.0,243.84875203718514,1547.1717989675888,1303.3230469304035,1128.195456545725,37.32529598899888,,
0-322,HEALTH_MONITORING,197.39521526768104,1.0,100,FogNode_9,3,1.0,1349.236560939329,583.4626932359151,1551.0814734353617,967.6187801994465,731.2177248965281,19.853939210568907,,
7-119,E_COMMERCE_TRANSACTION,693.8452339860348,0.5,300,CloudNode,344,1.0,12000.0,249.23050206720723,1552.3721429962786,1303.1416409290714,1146.5059981293878,28.91021808275145,,
4-124,SMART_HOME_CONTROL,474.28899180302477,0.1,150,CloudNode,366,1.0,12000.0,258.58088703077556,1555.274354160573,1296.6934671297975,1166.3831067796152,19.76204132512603,,
0-130,SENSOR_DATA_LOGGING,427.7398209174705,0.1,10000,CloudNode,325,1.0,12000.0,239.15498969286804,1555.432758530117,1316.2777688372491,1170.2939525533181,17.82249253822794,,
9-51,VOICE_ASSISTANT,927.4503113370032,2.0,150,CloudNode,0,0.2916666666666667,12000.0,87.73248674079956,1555.8471194755427,1468.1146327347433,1133.7904018720421,38.64376297237513,,
4-126,SENSOR_DATA_LOGGING,684.9269005208512,0.1,10000,CloudNode,365,1.0,12000.0,259.6319922233317,1556.022019073303,1296.3900268499713,1150.3923421998227,28.538620855035468,,
6-39,VOICE_ASSISTANT,922.5679813025324,2.0,150,CloudNode,0,0.041666666666666664,12000.0,76.34445025143664,1556.6252510197703,1480.2808007683336,1133.5531386578782,38.44033255427218,,
9-47,VOICE_ASSISTANT,951.8497554505922,2.0,150,CloudNode,0,0.041666666666666664,12000.0,75.97059767328201,1557.3086436285678,1481.3380459552857,1133.232705854707,39.660406477108005,,
7-109,E_COMMERCE_TRANSACTION,567.6496953216562,0.5,300,CloudNode,302,1.0,12000.0,230.65487311313404,1560.6449513155003,1329.9900782023662,1164.027899423962,23.65207063840234,,
4-125,SENSOR_DATA_LOGGING,991.9534256676378,0.1,10000,CloudNode,366,1.0,12000.0,259.15022466443384,1567.0777837954024,1307.9275591309686,1137.1260687586364,41.33139273615158,,
8-119,VOICE_ASSISTANT,268.13188583181443,2.0,150,FogNode_0,0,1.0,1189.2931772946604,232.91941677439385,1567.2162719968771,1334.2968552224834,934.8516331014582,17.073079618194313,,
3-131,SMART_HOME_CONTROL,852.7349047564182,0.1,150,CloudNode,434,1.0,12000.0,280.47573561209924,1567.51701092167,1287.0412753095707,1148.1013448218796,35.53062103151743,,
2-337,GPS_TRACKING,68.69805183185625,0.2,200,FogNode_0,11,1.0,1189.2931772946604,604.7445220799267,1571.7980221346243,967.0535000546976,883.472829665291,4.374292542274567,,
0-121,E_COMMERCE_TRANSACTION,868.897889726079,0.5,300,CloudNode,294,1.0,12000.0,227.10957327393749,1571.979010541446,1344.8694372675086,1150.9744135826732,36.204078738586624,,
7-118,SENSOR_DATA_LOGGING,550.6039238420042,0.1,10000,CloudNode,343,1.0,12000.0,248.07373885008883,1573.9910218433192,1325.9172829932304,1177.9575964249605,22.94183016008351,,
2-164,SENSOR_DATA_LOGGING,328.6631268429082,0.1,10000,CloudNode,453,1.0,12000.0,286.27585458565983,1574.5603928711644,1288.2845382855046,1194.989460686881,13.694296951787841,,
0-195,E_COMMERCE_TRANSACTION,307.1119586170965,0.5,300,FogNode_3,22,1.0,1899.4436001125757,376.12879345258,1577.9631133991577,1201.8343199465776,992.8866779895496,14.581027065729817,,
6-53,VOICE_ASSISTANT,832.7995553415717,2.0,150,CloudNode,0,0.9583333333333334,12000.0,106.92412362164126,1579.7454671859934,1472.8213435643522,1161.2876014295637,34.69998147256548,,
2-330,GPS_TRACKING,482.0646771421305,0.2,200,FogNode_9,3,1.0,1349.236560939329,589.4498136597109,1581.4527707269465,992.0029570672356,606.0134659994465,48.4858905144364,,
9-184,E_COMMERCE_TRANSACTION,288.39883355808047,0.5,300,FogNode_3,22,1.0,1899.4436001125757,374.8694355344945,1582.55173545951,1207.6822999250153,1006.9520015398497,13.69256741668667,,
0-107,HEALTH_MONITORING,670.8507988571774,1.0,100,CloudNode,192,1.0,12000.0,191.78870672696712,1582.6776146248078,1390.8889078978407,1176.70706741876,27.95211661904906,,
9-138,SMART_HOME_CONTROL,323.5227877928656,0.1,150,CloudNode,377,1.0,12000.0,263.24939041906487,1582.8073517916148,1319.55796137255,1200.6233052019752,13.480116158036065,,
8-138,SENSOR_DATA_LOGGING,275.58924476614084,0.1,10000,CloudNode,401,1.0,12000.0,269.89542342652993,1583.6107217126787,1313.7152982861487,1204.5664364339864,11.482885198589202,,
7-74,HEALTH_MONITORING,332.9274396791051,1.0,100,CloudNode,128,1.0,12000.0,171.152972302339,1583.7659723798952,1412.613000077556,1200.4112544774239,13.871976653296045,,
8-132,SENSOR_DATA_LOGGING,201.85476529263124,0.1,10000,CloudNode,366,1.0,12000.0,257.60403156367465,1584.3382413627226,1326.734209799048,1209.9238365291026,8.410615220526301,,
8-131,GPS_TRACKING,809.2920844910435,0.2,200,CloudNode,365,1.0,12000.0,257.05078760584354,1586.8931486415395,1329.8423610356958,1169.9921569826377,33.72050352046015,,
9-137,SENSOR_DATA_LOGGING,365.0855863612844,0.1,10000,CloudNode,366,1.0,12000.0,259.33045505867807,1587.7324424920082,1328.40198743333,1201.4951398253565,15.211899431720184,,
8-85,HEALTH_MONITORING,612.5345576914591,1.0,100,CloudNode,139,1.0,12000.0,173.10259493785253,1587.8249879128193,1414.7223929749669,1186.403124157389,25.52227323714413,,
6-133,SENSOR_DATA_LOGGING,508.49142950622735,0.1,10000,CloudNode,403,1.0,12000.0,270.9071718190409,1587.841589759878,1316.934417940837,1193.8072513162258,21.187142896092805,,
0-143,GPS_TRACKING,632.1335130283315,0.2,200,CloudNode,401,1.0,12000.0,269.62626668005043,1589.904431987665,1320.2781653076145,1186.668140837176,26.33889637618048,,
6-292,VOICE_ASSISTANT,56.71827182064029,2.0,150,FogNode_9,3,1.0,1349.236560939329,581.079692048617,1593.1187806523803,1012.0390886037634,802.1713084037503,5.704703223573453,,
4-51,VOICE_ASSISTANT,238.3393397057103,2.0,150,CloudNode,0,0.6666666666666666,12000.0,98.81794177535497,1593.8526334854619,1495.034691710107,1216.033953006526,9.930805821071262,,
5-122,GPS_TRACKING,483.8071792920435,0.2,200,CloudNode,336,1.0,12000.0,244.9933427900531,1595.5916191015767,1350.5982763115237,1202.1865537392537,20.15863247050181,,
3-87,E_COMMERCE_TRANSACTION,368.64069518925345,0.5,300,FogNode_7,0,1.0,1727.0272900361456,190.0709808616077,1596.1455743525032,1406.0745934908955,1144.0922169854132,25.266294128049633,,
4-69,VOICE_ASSISTANT,182.63963114457104,2.0,150,CloudNode,60,1.0,12000.0,143.33031682186606,1597.8975838868555,1454.5672670649894,1222.4679133092186,7.609984631023793,,
9-105,HEALTH_MONITORING,763.1064287194542,1.0,100,CloudNode,178,1.0,12000.0,186.5703103000271,1599.8916720642635,1413.3213617642364,1186.102245312784,31.796101196643924,,
2-101,HEALTH_MONITORING,203.28230050946576,1.0,100,CloudNode,154,1.0,12000.0,178.88453791414454,1600.7061640890174,1421.8216261748728,1222.6661435665505,8.470095854561073,,
5-139,SENSOR_DATA_LOGGING,771.3343590135725,0.1,10000,CloudNode,423,1.0,12000.0,276.39651324257534,1602.4163997261885,1326.0198864836132,1186.4842543192465,32.13893162556552,,
4-112,E_COMMERCE_TRANSACTION,949.4373092356694,0.5,300,CloudNode,305,1.0,12000.0,231.1306779867016,1603.5954108053897,1372.4647328186882,1174.892599602593,39.55988788481956,,
9-73,VOICE_ASSISTANT,213.18609892662712,2.0,150,CloudNode,21,1.0,12000.0,118.7285458443762,1605.4979507358937,1486.7694048915175,1226.1765888400896,8.882754121942797,,
6-109,GPS_TRACKING,752.5413677538664,0.2,200,CloudNode,300,1.0,12000.0,229.68647685490697,1608.5882754757997,1378.9017986208928,1194.0010106143127,31.35589032307777,,
6-193,GPS_TRACKING,506.33171283328807,0.2,200,FogNode_3,23,1.0,1899.4436001125757,379.94127616210056,1608.785729115692,1228.8444529535914,936.8868540225685,24.039560173117003,,
5-267,SMART_HOME_CONTROL,451.29876503839847,0.1,150,FogNode_1,8,1.0,1597.9384595498836,546.6980785510821,1609.3228434663831,1062.624764915301,757.2812467991716,37.28070222864775,,
7-49,VOICE_ASSISTANT,172.1183281215387,2.0,150,CloudNode,22,1.0,12000.0,119.59431346992405,1609.934813111705,1490.3404996417808,1232.6128026882027,7.171597005064112,,
7-133,SENSOR_DATA_LOGGING,657.8593211992754,0.1,10000,CloudNode,415,1.0,12000.0,273.4420135486168,1610.2543686300567,1336.8123550814398,1201.0599364385346,27.41080504996981,,
9-134,SMART_HOME_CONTROL,709.8270678873287,0.1,150,CloudNode,349,1.0,12000.0,252.49634211835382,1611.524398653556,1359.0280565352023,1199.379991167205,29.576127828638693,,
4-116,SMART_HOME_CONTROL,896.9594946993769,0.1,150,CloudNode,313,1.0,12000.0,234.18443858383748,1612.8403132913586,1378.6558747075212,1186.9605106483655,37.373312279140706,,
6-182,HEALTH_MONITORING,70.05325208847394,1.0,100,FogNode_3,23,1.0,1899.4436001125757,356.5679528229363,1614.8440463651705,1258.276093542234,1127.4998955430399,3.325980431839718,,
2-152,GPS_TRACKING,423.57370215246516,0.2,200,CloudNode,377,1.0,12000.0,263.83255371501264,1615.0432756986988,1351.2107219836862,1221.642390518145,17.648904256352715,,
4-80,HEALTH_MONITORING,532.253078732477,1.0,100,CloudNode,114,1.0,12000.0,167.59244483044597,1616.3334337691524,1448.7409889387063,1214.3368966851874,22.177211613853206,,
4-123,SENSOR_DATA_LOGGING,94.84886571237728,0.1,10000,CloudNode,366,1.0,12000.0,257.7930121298708,1617.838885254403,1360.0458731245321,1244.7853635682468,3.9520360713490534,,
1-155,SENSOR_DATA_LOGGING,241.02217832314625,0.1,10000,CloudNode,483,1.0,12000.0,298.87299648128726,1619.9768535911924,1321.1038571099052,1236.623958100056,10.042590763464428,,
2-162,SMART_HOME_CONTROL,362.878491311365,0.1,150,CloudNode,441,1.0,12000.0,282.7675393196198,1620.1443062636122,1337.3767669439924,1227.867814887462,15.119937137973542,,
4-103,SMART_HOME_CONTROL,727.0163469401768,0.1,150,FogNode_7,0,0.875,1727.0272900361456,210.58704320237263,1621.7362468084636,1411.149203606091,967.7060284562565,49.8290316218625,,
4-127,GPS_TRACKING,792.7460182059369,0.2,200,CloudNode,366,1.0,12000.0,259.84142893009545,1622.6874192035984,1362.845990273503,1201.002675654253,33.03108409191404,,
2-145,SMART_HOME_CONTROL,607.9392464080006,0.1,150,CloudNode,350,1.0,12000.0,252.66889105728575,1625.2219967384976,1372.553105681212,1216.4906146923531,25.33080193366669,,
8-108,GPS_TRACKING,668.536492320354,0.2,200,FogNode_7,0,0.875,1727.0272900361456,208.8320718908773,1625.5509723955633,1416.718900504686,1002.5222673798617,45.82087618305109,,
6-136,VOICE_ASSISTANT,233.52401657087714,2.0,150,FogNode_3,15,1.0,1899.4436001125757,275.8034509323543,1625.5592906426089,1349.7558397102546,1054.7530314611536,11.087227021215531,,
8-120,E_COMMERCE_TRANSACTION,522.2599379631251,0.5,300,CloudNode,310,1.0,12000.0,233.10918693151584,1627.8599028596495,1394.7507159281338,1223.0268020162316,21.760830748463547,,
4-104,E_COMMERCE_TRANSACTION,56.34940080279822,0.5,300,FogNode_7,0,1.0,1727.0272900361456,214.67872519846185,1628.7735479391968,1414.0948227407348,1333.1362726468824,3.8621360940412,,
7-58,VOICE_ASSISTANT,746.8139001401605,2.0,150,CloudNode,51,1.0,12000.0,136.44288212853553,1629.3122754737492,1492.8693933452137,1210.3392055782742,31.117245839173354,,
5-127,SMART_HOME_CONTROL,379.13580350129877,0.1,150,CloudNode,352,1.0,12000.0,253.65847096496503,1629.4922341786305,1375.8337632136654,1234.7639755057744,15.797325145887449,,
4-89,HEALTH_MONITORING,563.9045974258878,1.0,100,CloudNode,178,1.0,12000.0,187.04433228680782,1629.7994015771055,1442.7550692902978,1222.5944959408225,23.496024892745325,,
1-305,GPS_TRACKING,181.50887028092865,0.2,200,FogNode_0,11,1.0,1189.2931772946604,605.7233524791121,1630.9466863851305,1025.2233339060185,848.5079719845754,11.557429598875054,,
6-145,SENSOR_DATA_LOGGING,237.28738853658302,0.1,10000,CloudNode,468,1.0,12000.0,291.7473610675107,1631.2983476982713,1339.5509866307607,1245.5557122517912,9.886974522357626,,
4-67,VOICE_ASSISTANT,579.7484586795513,2.0,150,CloudNode,46,1.0,12000.0,136.0316383668869,1631.923093269308,1495.8914549024212,1223.0719820182526,24.156185778314637,,
0-114,GPS_TRACKING,993.6793090373219,0.2,200,FogNode_4,0,0.25,1758.3565909566523,215.28389008150208,1632.4184236242202,1417.1345335427181,828.360767169317,82.7770633788176,,
2-334,HEALTH_MONITORING,142.34970016864924,1.0,100,FogNode_9,9,1.0,1349.236560939329,597.5571794684715,1635.5918402604025,1038.034660791931,838.1611581781348,14.317481251805189,,
3-66,VOICE_ASSISTANT,342.3597665287298,2.0,150,CloudNode,46,1.0,12000.0,135.8983589679675,1637.1182560198606,1501.219897051893,1243.619624602804,14.264990272030406,,
3-135,SMART_HOME_CONTROL,414.2922517867918,0.1,150,CloudNode,454,1.0,12000.0,285.72477121003476,1638.1197651209557,1352.394993910921,1238.9919130842854,17.262177157782993,,
4-141,GPS_TRACKING,297.86648579022904,0.2,200,CloudNode,440,1.0,12000.0,282.6041835977056,1639.8654828478846,1357.261299250179,1248.7696408511956,12.411103574592877,,
9-148,SENSOR_DATA_LOGGING,432.07335772409044,0.1,10000,CloudNode,442,1.0,12000.0,282.91184718492065,1641.5040638795679,1358.5922166946473,1240.6177621813276,18.003056571837103,,
7-99,GPS_TRACKING,833.2896286862034,0.2,200,FogNode_4,0,0.25,1758.3565909566523,216.49429618869053,1643.5122607573444,1427.017964568654,929.0693562665267,69.41602565267715,,
3-305,E_COMMERCE_TRANSACTION,420.2328114855007,0.5,300,FogNode_9,3,1.0,1349.236560939329,586.9290058057308,1644.8259070951317,1057.8969012894008,695.27109646612,42.26686387613578,,
3-118,SENSOR_DATA_LOGGING,700.8309719461308,0.1,10000,CloudNode,381,1.0,12000.0,265.3426983466476,1645.2957296370505,1379.953031290403,1225.423817767514,29.20129049775545,,
0-319,HEALTH_MONITORING,367.71527378558693,1.0,100,FogNode_9,3,1.0,1349.236560939329,579.4213435914482,1646.116525695003,1066.6951821035548,705.0739104921591,36.984668967971956,,
4-129,SENSOR_DATA_LOGGING,743.9467902879423,0.1,10000,CloudNode,370,1.0,12000.0,260.4194088459291,1649.8205537701479,1389.4011449242187,1226.2080300300597,30.997782928664265,,
2-143,SENSOR_DATA_LOGGING,498.6953889668672,0.1,10000,CloudNode,348,1.0,12000.0,251.04547287752513,1651.812317710629,1400.766844833104,1244.7660581335526,20.778974540286136,,
0-136,SENSOR_DATA_LOGGING,787.9878777525586,0.1,10000,CloudNode,348,1.0,12000.0,251.20915579174005,1653.5072462392577,1402.2980904475176,1225.939482029894,32.832828239689945,,
3-110,GPS_TRACKING,482.6951671867547,0.2,200,CloudNode,341,1.0,12000.0,246.7089758198578,1656.5580310347152,1409.8490552148573,1250.0307570675093,20.112298632781446,,
2-138,GPS_TRACKING,672.9493295961129,0.2,200,CloudNode,331,1.0,12000.0,243.28974207885656,1656.7852748886935,1413.495532809837,1236.811800705884,28.039555399838036,,
4-130,SENSOR_DATA_LOGGING,309.34763566510736,0.1,10000,CloudNode,374,1.0,12000.0,261.5412430813593,1657.0773173370303,1395.5360742556709,1262.0244472569138,12.889484819379474,,
6-151,SMART_HOME_CONTROL,388.51315448574815,0.1,150,CloudNode,482,1.0,12000.0,297.8073363579586,1662.175497784251,1364.3681614262925,1260.9515202670405,16.18804810357284,,
0-132,GPS_TRACKING,296.48617292523517,0.2,200,CloudNode,331,1.0,12000.0,241.946654646551,1664.5726639249874,1422.6260092784364,1270.0450926025196,12.353590538551465,,
4-140,SENSOR_DATA_LOGGING,325.6135869050374,0.1,10000,CloudNode,421,1.0,12000.0,275.81246350886613,1665.2542306963755,1389.4417671875094,1268.3634307970656,13.56723278770989,,
1-324,GPS_TRACKING,96.51070059463363,0.2,200,FogNode_8,2,1.0,770.9711269175084,645.8186247348724,1666.671783592721,1020.8531588578487,865.6711259252501,9.173792593107281,,
4-291,VOICE_ASSISTANT,116.69376020901535,2.0,150,FogNode_9,3,1.0,1349.236560939329,580.5170535033991,1667.9415033831192,1087.4244498797202,829.3886617396099,11.737016109031412,,
1-140,SENSOR_DATA_LOGGING,472.2418121339348,0.1,10000,CloudNode,382,1.0,12000.0,265.00755804118035,1668.845718523125,1403.8381604819447,1260.921367001499,19.676742172247284,,
3-117,GPS_TRACKING,616.59251418438,0.2,200,CloudNode,374,1.0,12000.0,262.81379739098577,1669.221594769768,1406.407797378782,1251.4716670415705,25.6913547576825,,
6-49,VOICE_ASSISTANT,940.9828717103901,2.0,150,CloudNode,0,0.7916666666666666,12000.0,101.07673271121988,1672.2678727946611,1571.1911400834413,1231.4423850701878,39.20761965459959,,
8-128,SMART_HOME_CONTROL,652.7557594405384,0.1,150,CloudNode,347,1.0,12000.0,252.0028374283544,1674.5406195503238,1422.5377821219693,1252.8734013028497,27.19815664335577,,
4-117,E_COMMERCE_TRANSACTION,880.3678234974869,0.5,300,CloudNode,331,1.0,12000.0,242.13232594249683,1675.7803850176458,1433.648059075149,1238.331636112614,36.68199264572862,,
9-154,SENSOR_DATA_LOGGING,251.64592307322434,0.1,10000,CloudNode,472,1.0,12000.0,294.4163247827852,1678.0478109264657,1383.6314861436804,1285.0914352741352,10.48524679471768,,
1-136,SMART_HOME_CONTROL,457.9594671097784,0.1,150,CloudNode,374,1.0,12000.0,262.9249049254282,1679.6673528053827,1416.7424478799544,1270.8731778440465,19.081644462907434,,
7-275,VOICE_ASSISTANT,120.16890529178951,2.0,150,FogNode_9,3,1.0,1349.236560939329,587.4983963167821,1682.1831514015162,1094.6847550847342,834.3338730219855,12.086544941975733,,
2-310,GPS_TRACKING,510.93276920134724,0.2,200,FogNode_1,8,1.0,1597.9384595498836,545.715654482668,1683.1320726982608,1137.4164182155928,793.6061679691654,42.206923446451604,,
7-169,E_COMMERCE_TRANSACTION,519.3521123952453,0.5,300,FogNode_3,20,1.0,1899.4436001125757,368.7187149841214,1683.3914707,1314.6727557158786,990.0889975789784,24.657741240615643,,
0-188,HEALTH_MONITORING,191.54316907980393,1.0,100,FogNode_3,21,1.0,1899.4436001125757,365.26365034316154,1683.393460409096,1318.1298100659344,1131.1583777082406,9.094065060782714,,
0-193,HEALTH_MONITORING,110.26998287789928,1.0,100,FogNode_3,22,1.0,1899.4436001125757,374.28619486569653,1683.6131243396787,1309.326929473982,1166.2191060644036,5.23538585771862,,
9-152,SMART_HOME_CONTROL,824.9691878161321,0.1,150,CloudNode,464,1.0,12000.0,290.55534612073495,1691.4348515216095,1400.8795054008747,1255.336259785766,34.37371615900551,,
0-106,HEALTH_MONITORING,772.9231480199086,1.0,100,CloudNode,188,1.0,12000.0,190.4574672689274,1692.270165194642,1501.8126979257147,1259.810682480708,32.20513116749619,,
0-59,VOICE_ASSISTANT,551.4722014969345,2.0,150,CloudNode,31,1.0,12000.0,127.89215622064795,1695.776570561559,1567.8844143409112,1278.6693136410236,22.978008395705604,,
2-165,SENSOR_DATA_LOGGING,999.8597584020063,0.1,10000,CloudNode,464,1.0,12000.0,290.6774956225692,1696.1619598248592,1405.48446420229,1246.5891960318393,41.66082326675026,,
3-323,SENSOR_DATA_LOGGING,153.39399316138503,0.1,10000,FogNode_0,11,1.0,1189.2931772946604,612.8926808623999,1696.1953968164757,1083.302715954076,936.6289177877262,9.767237678848048,,
0-137,GPS_TRACKING,726.9234717417131,0.2,200,CloudNode,349,1.0,12000.0,252.4996351048668,1697.6952119983366,1445.19557689347,1267.4673935349065,30.288477989238046,,
1-117,SENSOR_DATA_LOGGING,474.3269759389541,0.1,10000,FogNode_4,0,0.25,1758.3565909566523,218.71083509463827,1697.883848571482,1479.1730134768438,1186.7611207661923,39.513144525088414,,
8-145,SENSOR_DATA_LOGGING,829.4076578383495,0.1,10000,CloudNode,420,1.0,12000.0,275.67261956328525,1698.4295802936117,1422.7569607303265,1261.0542386508107,34.55865240993123,,
4-179,HEALTH_MONITORING,173.67734399150743,1.0,100,FogNode_3,22,1.0,1899.4436001125757,358.9974195588534,1700.2216338096844,1341.224214250831,1156.3985836409088,8.245833424551195,,
3-126,SMART_HOME_CONTROL,984.9782930304066,0.1,150,CloudNode,419,1.0,12000.0,274.7473919310384,1702.058378010393,1427.3109860793545,1253.4134054133144,41.040762209600274,,
3-308,VOICE_ASSISTANT,89.8850417603916,2.0,150,FogNode_9,4,1.0,1349.236560939329,590.0404785552372,1702.2110265191964,1112.170547963959,874.8784975091323,9.040604923631326,,
8-147,GPS_TRACKING,398.99715453437176,0.2,200,CloudNode,429,1.0,12000.0,278.67847953321825,1702.4713576476322,1423.792878114414,1295.4651883394913,16.624881438932157,,
2-154,GPS_TRACKING,937.0953297854517,0.2,200,CloudNode,399,1.0,12000.0,269.02945858255987,1703.3132742206185,1434.2838156380585,1257.5306134738667,39.045638741060486,,
8-163,SENSOR_DATA_LOGGING,70.05644357965647,0.1,10000,CloudNode,493,1.0,12000.0,306.9130243257864,1707.8964149753645,1400.983390649578,1322.1117594328448,2.9190184824856864,,
9-281,SENSOR_DATA_LOGGING,162.07061980015243,0.1,10000,FogNode_0,11,1.0,1189.2931772946604,612.19507651209,1708.072763211355,1095.877686699265,940.5926780752869,10.319714818825128,,
4-191,E_COMMERCE_TRANSACTION,515.8620404202145,0.5,300,FogNode_3,23,1.0,1899.4436001125757,378.61247210662344,1708.1495915930334,1329.53711948641,1012.4719858890513,24.49203999551136,,
1-138,SMART_HOME_CONTROL,558.4343113065335,0.1,150,CloudNode,378,1.0,12000.0,263.45797239289345,1708.711690393129,1445.2537180002355,1290.1250851943482,23.26809630443889,,
3-47,VOICE_ASSISTANT,670.3874661658527,2.0,150,CloudNode,0,1.0,12000.0,108.23150586225363,1709.3728684197454,1601.1413625574917,1281.9742258981025,27.932811090243863,,
1-127,E_COMMERCE_TRANSACTION,634.6652084130864,0.5,300,CloudNode,321,1.0,12000.0,237.91263492240085,1709.6740422564508,1471.7614073340499,1284.8458841561671,26.4443836838786,,
1-145,SENSOR_DATA_LOGGING,954.5225919998887,0.1,10000,CloudNode,427,1.0,12000.0,278.33898570799977,1711.4666426026322,1433.1276568946323,1262.3232688763085,39.77177466666203,,
4-70,VOICE_ASSISTANT,482.51866377626413,2.0,150,CloudNode,76,1.0,12000.0,151.28607979918172,1712.4777614426832,1561.1916816435014,1297.5282325983924,20.104944324011004,,
3-116,SMART_HOME_CONTROL,542.7735384378614,0.1,150,CloudNode,359,1.0,12000.0,255.63202599837936,1714.07684672628,1458.4448207279008,1295.7301316219541,22.615564101577558,,
8-142,E_COMMERCE_TRANSACTION,759.264791203086,0.5,300,CloudNode,416,1.0,12000.0,273.4980507271174,1715.0843836442195,1441.586332917102,1280.299658769177,31.63603296679525,,
1-151,GPS_TRACKING,290.0419527568012,0.2,200,CloudNode,464,1.0,12000.0,290.62842060932013,1715.605014251343,1424.9765936420229,1315.1691463517948,12.085081364866717,,
8-107,GPS_TRACKING,977.1331034650221,0.2,200,FogNode_7,0,0.875,1727.0272900361456,207.83654170807816,1724.6302142105044,1516.7936725024263,926.5056386815185,66.97180402648318,,
5-133,SMART_HOME_CONTROL,953.5393945325856,0.1,150,CloudNode,399,1.0,12000.0,269.010822583556,1724.7573458480992,1455.7465232645432,1274.4068827974538,39.7308081055244,,
4-137,SMART_HOME_CONTROL,228.4121740031483,0.1,150,CloudNode,405,1.0,12000.0,271.78964347576397,1726.9307628089603,1455.1411193331962,1327.5952209191692,9.517173916797846,,
1-153,GPS_TRACKING,577.5925123453073,0.2,200,CloudNode,478,1.0,12000.0,296.75785874578736,1727.8000621674917,1431.0422034217042,1303.7607044217389,24.06635468105447,,
8-274,SENSOR_DATA_LOGGING,466.09805195209634,0.1,10000,FogNode_1,8,1.0,1597.9384595498836,549.028049945103,1731.6436854735764,1182.6156355284734,869.1715580441668,38.50323561754136,,
8-129,E_COMMERCE_TRANSACTION,662.7668939671682,0.5,300,CloudNode,350,1.0,12000.0,252.6493484822807,1733.2783854237298,1480.6290369414492,1302.4141385201788,27.61528724863201,,
6-302,HEALTH_MONITORING,384.4643301703228,1.0,100,FogNode_9,5,1.0,1349.236560939329,592.1041119001541,1734.4243386322132,1142.3202267320592,769.3063973707742,38.66928298886398,,
5-132,SMART_HOME_CONTROL,939.2189581765952,0.1,150,CloudNode,398,1.0,12000.0,268.87103219655313,1734.8262775494316,1465.9552453528784,1284.9713844377927,39.134123257358134,,
3-138,GPS_TRACKING,728.6233910734633,0.2,200,CloudNode,472,1.0,12000.0,294.4441873745695,1735.2592354731123,1440.8150480985428,1299.2974984394048,30.359307961394304,,
3-121,SENSOR_DATA_LOGGING,454.0163603913856,0.1,10000,CloudNode,400,1.0,12000.0,269.7202635704469,1735.5299086976188,1465.809645127172,1318.038018237175,18.917348349641067,,
1-131,HEALTH_MONITORING,312.81262227189325,1.0,100,CloudNode,331,1.0,12000.0,243.56765848105698,1735.7417607791085,1492.1741022980516,1327.960193654227,13.033859261328885,,
2-168,GPS_TRACKING,327.6141006015511,0.2,200,CloudNode,470,1.0,12000.0,293.88282193939745,1736.0128654432583,1442.1300435038609,1328.2862389407583,13.65058752506463,,
6-189,E_COMMERCE_TRANSACTION,607.7791501184815,0.5,300,FogNode_3,20,1.0,1899.4436001125757,368.8139563434044,1736.0971737024945,1367.28321735909,996.1204378786709,28.8560702024402,,
4-135,SENSOR_DATA_LOGGING,862.4751252915624,0.1,10000,CloudNode,404,1.0,12000.0,271.54502120855926,1736.4455910326176,1464.9005698240583,1292.0353436483597,35.9364635538151,,
6-130,SMART_HOME_CONTROL,901.1222681055759,0.1,150,CloudNode,395,1.0,12000.0,268.1772555409469,1740.3477530385069,1472.17049749756,1292.262640814791,37.54676117106567,,
8-114,SMART_HOME_CONTROL,658.3983244744074,0.1,150,FogNode_4,0,0.25,1758.3565909566523,226.71837941956818,1743.2346954711754,1516.5163160516072,1128.0772432940155,54.84695045761323,,
0-158,SMART_HOME_CONTROL,604.1684094516539,0.1,150,CloudNode,494,1.0,12000.0,305.7443799717869,1746.5093272791637,1440.7649473073768,1317.3108468233972,25.17368372715225,,
2-122,E_COMMERCE_TRANSACTION,443.1517657439137,0.5,300,FogNode_7,0,0.875,1727.0272900361456,210.58379179529743,1747.5850931994523,1537.001301404155,1230.2840895534293,30.373214359586743,,
3-144,SMART_HOME_CONTROL,504.686112743665,0.1,150,CloudNode,486,1.0,12000.0,302.50446119174507,1751.4300444817175,1448.9255832899723,1328.6990058432416,21.02858803098604,,
5-97,E_COMMERCE_TRANSACTION,581.3256108390635,0.5,300,FogNode_7,0,0.875,1727.0272900361456,201.47256149968098,1751.4761778998047,1550.0036164001237,1162.675837677846,39.84352259342223,,
5-138,E_COMMERCE_TRANSACTION,671.1342981700074,0.5,300,CloudNode,421,1.0,12000.0,275.7548412232564,1751.704428742393,1475.9495875191367,1317.1846287246115,27.963929090416975,,
0-50,VOICE_ASSISTANT,923.0790286382371,2.0,150,CloudNode,14,1.0,12000.0,115.9325137262738,1752.7036374041656,1636.7711236778919,1300.4724323361932,38.46162619325988,,
5-304,GPS_TRACKING,145.2602447319348,0.2,200,FogNode_0,11,1.0,1189.2931772946604,607.5299688496942,1753.0866662531434,1145.556697403449,999.1827167238018,9.249327867041957,,
0-353,GPS_TRACKING,180.92639022660381,0.2,200,FogNode_8,2,1.0,770.9711269175084,645.9442613286543,1754.2821576729114,1108.337896344257,846.3924529789176,17.197897936000953,,
1-196,HEALTH_MONITORING,136.1064358401863,1.0,100,FogNode_3,22,1.0,1899.4436001125757,373.9843125698226,1755.269074446394,1381.2847618765713,1219.6932204970713,6.462046068613418,,
3-302,VOICE_ASSISTANT,281.5756390476014,2.0,150,FogNode_9,3,1.0,1349.236560939329,581.5740987538196,1755.6217530747726,1174.047654320953,799.4098698429182,28.32077572522331,,
7-67,VOICE_ASSISTANT,484.21137251374824,2.0,150,CloudNode,81,1.0,12000.0,152.72738751161216,1755.955961960822,1603.2285744492096,1332.1571274761302,20.17547385473951,,
6-100,E_COMMERCE_TRANSACTION,226.8963764023182,0.5,300,FogNode_7,0,1.0,1727.0272900361456,214.6475888010407,1756.9307008522974,1542.2831120512567,1357.1714372692713,15.551268911931986,,
9-128,HEALTH_MONITORING,578.9597619817209,1.0,100,CloudNode,316,1.0,12000.0,236.93955432829665,1759.7132894344422,1522.7737351061455,1329.5167652122775,24.123323415905038,,
5-101,GPS_TRACKING,743.212688383883,0.2,200,FogNode_7,0,0.875,1727.0272900361456,208.11058914980381,1762.829346625992,1554.718757476188,1094.7731758777438,50.93911396506368,,
7-130,GPS_TRACKING,434.8947392409694,0.2,200,CloudNode,389,1.0,12000.0,267.07424234107555,1763.171991079041,1496.0977487379655,1341.8034549802724,18.12061413504039,,
3-104,HEALTH_MONITORING,851.7395169343905,1.0,100,CloudNode,302,1.0,12000.0,230.65793675895387,1769.4078733714775,1538.7499366125237,1318.690414462857,35.48914653893294,,
7-147,GPS_TRACKING,953.1282397250416,0.2,200,CloudNode,478,1.0,12000.0,296.8357585628456,1771.6975185050621,1474.8617599422164,1314.0743559296595,39.713676655210065,,
2-186,SMART_HOME_CONTROL,502.163212721095,0.1,150,CloudNode,506,1.0,12000.0,317.21328612367785,1775.1253198171544,1457.9120336934766,1347.743787030884,20.923467196712295,,
4-188,HEALTH_MONITORING,176.35828002987802,1.0,100,FogNode_3,22,1.0,1899.4436001125757,373.94208544562787,1776.2388076882767,1402.2967222426487,1221.3465761122939,8.37311860456501,,
5-308,SMART_HOME_CONTROL,95.22903916701588,0.1,150,FogNode_0,11,1.0,1189.2931772946604,611.1268414373153,1776.2673597143355,1165.1405182770202,1063.8242797551634,6.06363156928834,,
0-89,VOICE_ASSISTANT,412.07721889290497,2.0,150,CloudNode,105,1.0,12000.0,164.73968903008682,1780.8490955202392,1616.1094064901524,1357.376385293916,17.16988412053771,,
7-146,SENSOR_DATA_LOGGING,576.48883371082,0.1,10000,CloudNode,474,1.0,12000.0,295.7753752339416,1783.570644840187,1487.7952696062455,1348.3497900965522,24.020368071284167,,
8-155,SENSOR_DATA_LOGGING,523.8219783176926,0.1,10000,CloudNode,469,1.0,12000.0,292.05086360696305,1783.9995845649812,1491.9487209580182,1352.0436225600224,21.82591576323719,,
5-125,E_COMMERCE_TRANSACTION,588.5413504046254,0.5,300,CloudNode,348,1.0,12000.0,251.02949546723318,1785.057977976977,1534.028482509744,1348.5089163120438,24.522556266859393,,
8-144,SMART_HOME_CONTROL,998.6707510062656,0.1,150,CloudNode,419,1.0,12000.0,274.69253103320784,1785.6939202314877,1511.0013891982799,1322.506382899363,41.61128129192773,,
5-120,HEALTH_MONITORING,992.8122900912513,1.0,100,CloudNode,317,1.0,12000.0,237.35969297734948,1786.0476317282228,1548.6879387508734,1323.218723328228,41.367178753802136,,
7-136,SENSOR_DATA_LOGGING,336.3050505035656,0.1,10000,CloudNode,428,1.0,12000.0,278.5487522284968,1787.7387103097394,1509.1899580812426,1369.319170568676,14.012710437648568,,
3-130,SENSOR_DATA_LOGGING,634.4314341734697,0.1,10000,CloudNode,426,1.0,12000.0,278.2281679105731,1788.1285216542349,1509.9003537436618,1349.1221333713074,26.434643090561238,,
5-149,SENSOR_DATA_LOGGING,986.0699594164242,0.1,10000,CloudNode,477,1.0,12000.0,296.33165127407506,1794.6502580607187,1498.3186067866436,1329.727282452515,41.08624830901768,,
6-135,SENSOR_DATA_LOGGING,957.1711642008462,0.1,10000,CloudNode,419,1.0,12000.0,274.7750110533637,1794.8486473276234,1520.0736362742598,1332.0039237745034,39.88213184170193,,
5-131,SMART_HOME_CONTROL,998.7783095942611,0.1,150,CloudNode,381,1.0,12000.0,265.312811804583,1797.3083725258018,1531.9955607212187,1331.0386999938287,41.61576289976088,,
6-122,E_COMMERCE_TRANSACTION,498.1625599166598,0.5,300,CloudNode,350,1.0,12000.0,252.71357435704638,1797.4695086205436,1544.7559342634972,1365.6278679806974,20.756773329860824,,
5-67,VOICE_ASSISTANT,872.9815763000094,2.0,150,CloudNode,30,1.0,12000.0,126.60038486439257,1797.5058105397668,1670.9054256753743,1340.2693624728286,36.374232345833725,,
9-77,VOICE_ASSISTANT,802.1999619322738,2.0,150,CloudNode,25,1.0,12000.0,122.78184240553992,1802.591757606798,1679.809915201258,1348.2746803542636,33.42499841384474,,
4-120,HEALTH_MONITORING,77.05446676864167,1.0,100,CloudNode,349,1.0,12000.0,252.39999264257924,1803.890714184597,1551.4907215420178,1402.5480257547251,3.2106027820267364,,
7-143,GPS_TRACKING,925.7261766014774,0.2,200,CloudNode,464,1.0,12000.0,290.33331961337865,1804.9439102176148,1514.6105906042362,1342.6411979104332,38.571924025061556,,
8-166,GPS_TRACKING,859.0845246230749,0.2,200,CloudNode,498,1.0,12000.0,312.03595807598094,1808.0359680845404,1496.0000100085595,1348.4670420984612,35.79518852596146,,
5-297,HEALTH_MONITORING,410.11583908008816,1.0,100,FogNode_9,5,1.0,1349.236560939329,594.9390797993684,1809.4817241226583,1214.54264432329,816.2387332807147,41.24930245824791,,
3-72,VOICE_ASSISTANT,906.5867928069773,2.0,150,CloudNode,89,1.0,12000.0,154.59004151379028,1810.375176950013,1655.7851354362226,1349.2450451495558,37.774449700290724,,
3-151,SMART_HOME_CONTROL,708.75774403211,0.1,150,CloudNode,515,1.0,12000.0,321.65844579747835,1810.7675740784023,1489.1091282809239,1361.5487114773687,29.531572668004586,,
6-156,SENSOR_DATA_LOGGING,294.51922693398416,0.1,10000,CloudNode,495,1.0,12000.0,308.21542550285074,1812.2819792209048,1504.066553718054,1393.7562024604279,12.271634455582674,,
6-127,E_COMMERCE_TRANSACTION,528.2268898217103,0.5,300,CloudNode,382,1.0,12000.0,265.05100238366975,1813.42678085662,1548.3757784729503,1378.4875571936375,22.009453742571264,,
6-157,GPS_TRACKING,618.9710698012319,0.2,200,CloudNode,494,1.0,12000.0,309.46463863702525,1814.752913562477,1505.2882749254518,1372.5784723897732,25.790461241717995,,
9-157,SENSOR_DATA_LOGGING,323.00222717672983,0.1,10000,CloudNode,494,1.0,12000.0,305.96072713065774,1815.0453739189625,1509.0846467883048,1394.127800649413,13.458426132363742,,
5-270,SENSOR_DATA_LOGGING,133.5159476081704,0.1,10000,FogNode_1,8,1.0,1597.9384595498836,552.9999977738407,1815.1988103973358,1262.198812623495,1157.6341928340216,11.029430326786782,,
2-141,E_COMMERCE_TRANSACTION,537.6090765427455,0.5,300,CloudNode,347,1.0,12000.0,249.75998579277407,1816.4982748836242,1566.73828909085,1380.6049224090193,22.40037818928106,,
7-156,SENSOR_DATA_LOGGING,277.1688693944203,0.1,10000,CloudNode,515,1.0,12000.0,321.7300902841306,1817.946053110492,1496.2159628263612,1400.1346421538412,11.548702891434178,,
2-153,E_COMMERCE_TRANSACTION,824.7942233206728,0.5,300,CloudNode,379,1.0,12000.0,264.31022080339045,1820.162896425107,1555.8526756217166,1362.2703227218844,34.3664259716947,,
8-64,VOICE_ASSISTANT,111.53741108647611,2.0,150,FogNode_7,0,0.875,1727.0272900361456,118.47296994327452,1821.5141684847872,1703.0411985415126,1464.7699166257146,7.644671550289121,,
6-79,VOICE_ASSISTANT,844.5348566121804,2.0,150,CloudNode,101,1.0,12000.0,160.86498299694927,1823.0815421218474,1662.2165591248981,1362.5220123896024,35.18895235884085,,
5-186,HEALTH_MONITORING,236.52905298291148,1.0,100,FogNode_3,23,1.0,1899.4436001125757,377.0020554664246,1824.7470753489292,1447.7450198825045,1235.097183228881,11.229899802355929,,
1-191,HEALTH_MONITORING,274.7372107349409,1.0,100,FogNode_3,20,1.0,1899.4436001125757,370.20868995814635,1828.0343493086968,1457.8256593505505,1220.0087308914508,13.043942423238104,,
7-173,HEALTH_MONITORING,175.58169100220294,1.0,100,FogNode_3,23,1.0,1899.4436001125757,383.5816798636473,1828.5356598948704,1444.9539800312232,1260.9330883438506,8.336247797962532,,
6-138,SMART_HOME_CONTROL,556.9759898950633,0.1,150,CloudNode,430,1.0,12000.0,278.8979320331624,1830.4142503895698,1551.5163183564073,1391.6717040106396,23.207332912294305,,
2-184,SENSOR_DATA_LOGGING,242.17158270486635,0.1,10000,CloudNode,501,1.0,12000.0,315.79687539843013,1830.9485393038078,1515.1516639053777,1413.260899239879,10.090482612702765,,
1-142,GPS_TRACKING,402.9946550618964,0.2,200,CloudNode,422,1.0,12000.0,276.03888786090175,1831.0886984615915,1555.0498106006899,1402.5722698842599,16.79144396091235,,
1-98,VOICE_ASSISTANT,238.16248047839525,2.0,150,CloudNode,123,1.0,12000.0,169.42186513275576,1832.1288525941043,1662.7069874613485,1414.5041856187959,9.923436686599802,,
5-76,VOICE_ASSISTANT,470.28682677685947,2.0,150,CloudNode,69,1.0,12000.0,145.8772078709687,1833.8408269587903,1687.9636190878216,1400.1686219708154,19.59528444903581,,
4-276,SENSOR_DATA_LOGGING,518.7716667388261,0.1,10000,FogNode_1,8,1.0,1597.9384595498836,549.6444930854369,1835.777478767808,1286.1329856823709,940.1881788078292,42.85447586080568,,
7-111,HEALTH_MONITORING,619.972153422237,1.0,100,CloudNode,312,1.0,12000.0,233.52921014041826,1836.7223240954968,1603.1931139550786,1392.3521374607221,25.83217305925988,,
0-157,GPS_TRACKING,673.9679688459106,0.2,200,CloudNode,494,1.0,12000.0,305.3272512915004,1837.0130929240652,1531.685841632565,1389.1765588249605,28.08199870191294,,
4-280,SMART_HOME_CONTROL,518.3256913665002,0.1,150,FogNode_1,9,1.0,1597.9384595498836,556.7796978186926,1838.5377515958876,1281.758053777195,943.177963738455,42.81763491120641,,
6-158,SENSOR_DATA_LOGGING,108.54188341140298,0.1,10000,CloudNode,497,1.0,12000.0,310.6335088976872,1840.1338554125418,1529.5003465148548,1430.4326361702156,4.5225784754751235,,
4-148,SENSOR_DATA_LOGGING,371.8200325822993,0.1,10000,CloudNode,478,1.0,12000.0,296.8942404521553,1841.3601796652044,1544.465939213049,1412.90967110123,15.492501357595804,,
6-142,SENSOR_DATA_LOGGING,813.8032252911565,0.1,10000,CloudNode,442,1.0,12000.0,282.9516802546721,1842.942255258084,1559.990575003412,1383.4611715628384,33.908467720464856,,
5-146,SENSOR_DATA_LOGGING,477.83976867487786,0.1,10000,CloudNode,446,1.0,12000.0,284.2443325953538,1843.7106949075035,1559.4663623121496,1408.7196068695885,19.909990361453247,,
6-120,HEALTH_MONITORING,448.4327682726763,1.0,100,CloudNode,341,1.0,12000.0,246.13575732641078,1845.4053654405968,1599.269608114186,1412.0258826549648,18.684698678028177,,
0-343,HEALTH_MONITORING,74.51919056603315,1.0,100,FogNode_8,2,1.0,770.9711269175084,626.846584438511,1850.9384239898814,1224.0918395513704,1035.7461024532975,7.083396910881372,,
7-152,SENSOR_DATA_LOGGING,813.9413004128266,0.1,10000,CloudNode,488,1.0,12000.0,303.06028197378447,1853.8760734292916,1550.8157914555072,1392.2191743382646,33.91422085053444,,
4-190,HEALTH_MONITORING,284.58850477335113,1.0,100,FogNode_3,23,1.0,1899.4436001125757,377.2193200803092,1857.97689089083,1480.7575708105207,1240.4277844065423,13.511661054753894,,
1-166,SENSOR_DATA_LOGGING,542.4162573266048,0.1,10000,CloudNode,513,1.0,12000.0,320.06422226122913,1861.6996296608413,1541.6354073996122,1417.3005164112158,22.60067738860853,,
7-140,SENSOR_DATA_LOGGING,926.839367774872,0.1,10000,CloudNode,452,1.0,12000.0,285.33275271638183,1862.930534212727,1577.5977814963453,1392.2701011572876,38.618306990619665,,
9-181,VOICE_ASSISTANT,65.47484833843285,2.0,150,FogNode_3,21,1.0,1899.4436001125757,361.46866953098447,1863.006200812512,1501.5375312815274,1301.0618715625856,3.108607493000756,,
0-87,VOICE_ASSISTANT,983.7072477561688,2.0,150,CloudNode,101,1.0,12000.0,162.44817776736872,1865.5462488198677,1703.098071052499,1391.4230405839194,40.987801989840364,,
8-156,E_COMMERCE_TRANSACTION,400.8942427552021,0.5,300,CloudNode,470,1.0,12000.0,293.99961420493514,1867.2486805217238,1573.2490663167887,1432.3848089099024,16.703926781466752,,
3-71,VOICE_ASSISTANT,456.0301446009662,2.0,150,CloudNode,77,1.0,12000.0,151.4451342600169,1868.9510513538883,1717.5059170938714,1430.409337478221,19.00125602504026,,
8-174,SENSOR_DATA_LOGGING,810.6433362267164,0.1,10000,CloudNode,523,1.0,12000.0,325.2874470408718,1870.1453689590244,1544.8579219181524,1407.5744076251249,33.776805676113185,,
1-273,SMART_HOME_CONTROL,301.2029475669208,0.1,150,FogNode_1,8,1.0,1597.9384595498836,551.1183222153188,1871.626783346733,1320.5084611314142,1110.7100920680696,24.881648851128492,,
9-160,SMART_HOME_CONTROL,315.23021915652595,0.1,150,CloudNode,500,1.0,12000.0,312.7878681462739,1871.6745503703073,1558.8866822240334,1441.9443096738064,13.134592464855249,,
8-177,SENSOR_DATA_LOGGING,148.26542326818011,0.1,10000,CloudNode,532,1.0,12000.0,328.54954404688146,1874.0550815998563,1545.5055375529748,1457.9029569360666,6.177725969507505,,
8-72,VOICE_ASSISTANT,849.1289265216956,2.0,150,CloudNode,52,1.0,12000.0,136.7959375547523,1875.7046540944227,1738.9087165396704,1409.7354812716112,35.38037193840398,,
2-183,GPS_TRACKING,387.76579866662945,0.2,200,CloudNode,501,1.0,12000.0,315.4442669093686,1876.024511463056,1560.5802445536874,1440.7919397986846,16.15690827777623,,
9-166,SMART_HOME_CONTROL,948.5119592285345,0.1,150,CloudNode,517,1.0,12000.0,322.7399502167109,1876.3510357948464,1553.6110855781355,1402.5724019744243,39.52133163452227,,
6-117,HEALTH_MONITORING,425.0384578228571,1.0,100,CloudNode,331,1.0,12000.0,242.66868897878663,1876.7800511504424,1634.1113621716559,1438.9427089040878,17.709935742619045,,
6-162,SMART_HOME_CONTROL,748.8422888629228,0.1,150,CloudNode,515,1.0,12000.0,321.6113307604787,1877.1564376343872,1555.5451068739085,1415.9727434972817,31.201762035955117,,
4-151,SENSOR_DATA_LOGGING,706.6911919598934,0.1,10000,CloudNode,494,1.0,12000.0,305.5403644966573,1879.0538290884315,1573.5134645917742,1420.5317710993515,29.445466331662224,,
0-91,VOICE_ASSISTANT,679.5130535712881,2.0,150,CloudNode,114,1.0,12000.0,167.34221778935046,1879.7076299194548,1712.3654121301042,1423.4410011060886,28.31304389880367,,
4-184,HEALTH_MONITORING,508.6104621367717,1.0,100,FogNode_3,20,1.0,1899.4436001125757,368.01595146208325,1882.6121770465065,1514.5962255844233,1161.6793720975531,24.147750376519454,,
1-128,HEALTH_MONITORING,511.86125425135594,1.0,100,CloudNode,326,1.0,12000.0,239.7015507475036,1882.788959933488,1643.0874091859844,1438.1918922705909,21.327552260473162,,
1-156,SMART_HOME_CONTROL,660.4359615875884,0.1,150,CloudNode,484,1.0,12000.0,299.8323067449607,1885.450580521869,1585.6182737769082,1430.3258960909138,27.518165066149518,,
7-121,HEALTH_MONITORING,599.5108008319995,1.0,100,CloudNode,352,1.0,12000.0,253.6768142200705,1886.6815574981633,1633.0047432780927,1435.185761594419,24.979616701333313,,
1-133,E_COMMERCE_TRANSACTION,885.8889538331416,0.5,300,CloudNode,341,1.0,12000.0,246.27597469789572,1888.8694534050576,1642.593478707162,1416.1998745883507,36.91203974304757,,
5-70,VOICE_ASSISTANT,317.76671198096284,2.0,150,CloudNode,55,1.0,12000.0,137.61352505287593,1889.411093544474,1751.797568491598,1459.050370811133,13.240279665873452,,
8-117,HEALTH_MONITORING,863.4816531001019,1.0,100,CloudNode,302,1.0,12000.0,230.82123732849965,1889.9028575355003,1659.0816202070007,1418.532012778901,35.97840221250424,,
4-155,SENSOR_DATA_LOGGING,931.8267237581388,0.1,10000,CloudNode,495,1.0,12000.0,307.36865681392936,1891.079007836465,1583.7103510225356,1415.2928038659393,38.82611348992245,,
2-347,E_COMMERCE_TRANSACTION,173.68521186594631,0.5,300,FogNode_8,2,1.0,770.9711269175084,636.0095226608651,1891.9528684504296,1255.9433457895645,984.6759495333289,16.509590131777404,,
8-160,SENSOR_DATA_LOGGING,723.4666033527187,0.1,10000,CloudNode,486,1.0,12000.0,302.0592846619707,1897.3019765367917,1595.242691874821,1435.265894203139,30.14444180636328,,
3-152,GPS_TRACKING,255.73825040931067,0.2,200,CloudNode,519,1.0,12000.0,322.9077869763916,1897.3360323304985,1574.4282453541068,1471.2010901055942,10.655760433721278,,
5-162,SMART_HOME_CONTROL,281.58330335065693,0.1,150,CloudNode,520,1.0,12000.0,323.519911771808,1899.1699293736442,1575.6500176018362,1471.0130332774484,11.732637639610706,,
7-123,HEALTH_MONITORING,879.5668415043577,1.0,100,CloudNode,365,1.0,12000.0,256.9397327714334,1905.4260893861342,1648.4863566147008,1431.3871334757841,36.64861839601491,,
6-168,SENSOR_DATA_LOGGING,376.6525177263931,0.1,10000,CloudNode,546,1.0,12000.0,335.26668598098024,1908.167760960975,1572.901074979995,1470.6897720715303,15.69385490526638,,
6-148,SENSOR_DATA_LOGGING,506.6109958628152,0.1,10000,CloudNode,474,1.0,12000.0,295.1951494502229,1909.4662635102918,1614.2711140600688,1463.0199940367972,21.108791494283967,,
9-159,GPS_TRACKING,499.7216397950149,0.2,200,CloudNode,497,1.0,12000.0,311.88175133939836,1913.3180203532252,1601.4362690138269,1467.0689451716082,20.821734991458953,,
3-285,SMART_HOME_CONTROL,486.14512795165643,0.1,150,FogNode_1,8,1.0,1597.9384595498836,549.5483206535636,1913.5555409437293,1364.0072202901656,1037.6350541411666,40.1592762026094,,
5-117,HEALTH_MONITORING,422.0255580608918,1.0,100,CloudNode,316,1.0,12000.0,236.23133507132707,1914.8764264245292,1678.6450913532021,1473.0246737183254,17.58439825253716,,
0-110,E_COMMERCE_TRANSACTION,785.7826423963127,0.5,300,FogNode_7,0,0.875,1727.0272900361456,205.26709283296168,1915.8139516966949,1710.5468588637332,1202.8771166375366,53.85681945209195,,
2-340,SENSOR_DATA_LOGGING,249.0018396017422,0.1,10000,FogNode_0,11,1.0,1189.2931772946604,613.6250071292163,1917.4423655563025,1303.8173584270862,1073.3176566697712,15.854989492983968,,
3-128,GPS_TRACKING,495.00598237074627,0.2,200,CloudNode,422,1.0,12000.0,276.16176489996167,1918.4069361652828,1642.245171265321,1470.5606459092955,20.625249265447763,,
7-81,VOICE_ASSISTANT,351.6486119217795,2.0,150,CloudNode,149,1.0,12000.0,176.2691232322782,1918.7151445379557,1742.4460213056775,1480.4857319294642,14.652025496740812,,
3-139,SMART_HOME_CONTROL,402.07290785591545,0.1,150,CloudNode,474,1.0,12000.0,294.95257331452314,1918.9566561765284,1624.0040828620054,1476.7254414280637,16.75303782732981,,
6-165,SENSOR_DATA_LOGGING,367.53287517560165,0.1,10000,CloudNode,537,1.0,12000.0,329.9316060558693,1921.706747434432,1591.7751413785627,1481.9006254521737,15.3138697989834,,
8-175,SMART_HOME_CONTROL,276.40869441444744,0.1,150,CloudNode,524,1.0,12000.0,325.51096615965804,1922.2039872415148,1596.6930210818568,1488.7987150139197,11.51702893393531,,
3-147,SENSOR_DATA_LOGGING,958.2612621617433,0.1,10000,CloudNode,488,1.0,12000.0,303.56748711546743,1922.7973604382294,1619.229873322762,1440.464601678742,39.92755259007264,,
5-150,E_COMMERCE_TRANSACTION,482.0204665987272,0.5,300,CloudNode,478,1.0,12000.0,296.7623051220763,1922.9573321500486,1626.1950270279722,1474.3718315920496,20.0841861082803,,
3-136,SENSOR_DATA_LOGGING,871.0065389321343,0.1,10000,CloudNode,464,1.0,12000.0,290.43570385018046,1926.4599516736362,1636.0242478234557,1450.0916001382786,36.29193912217226,,
4-66,VOICE_ASSISTANT,753.8984747758117,2.0,150,CloudNode,46,1.0,12000.0,135.6898988361333,1931.7759242518725,1796.0860254157392,1464.5570458179168,31.41243644899215,,
1-154,SMART_HOME_CONTROL,704.1667086067555,0.1,150,CloudNode,482,1.0,12000.0,297.9987390344719,1935.0315948454095,1637.0328558109377,1470.3027934336128,29.340279525281478,,
6-139,E_COMMERCE_TRANSACTION,583.7006113315946,0.5,300,CloudNode,434,1.0,12000.0,279.47215096824897,1935.3232751091296,1655.8511241408805,1477.9350296888042,24.32085880548311,,
4-147,SMART_HOME_CONTROL,815.1102185753551,0.1,150,CloudNode,475,1.0,12000.0,295.85086341058366,1938.0712205069706,1642.220357096387,1465.5422122244636,33.96292577397313,,
8-141,E_COMMERCE_TRANSACTION,498.71818849837643,0.5,300,CloudNode,409,1.0,12000.0,272.04788915772906,1938.8958813720299,1666.8479922143008,1487.093601639437,20.779924520765686,,
5-147,SMART_HOME_CONTROL,806.6864046694793,0.1,150,CloudNode,462,1.0,12000.0,289.461035458854,1941.2789486556462,1651.8179131967922,1469.4447914786633,33.611933527894976,,
6-144,E_COMMERCE_TRANSACTION,636.0657926216737,0.5,300,CloudNode,462,1.0,12000.0,289.529079532086,1942.9083402539732,1653.3792607218872,1480.7667526197158,26.502741359236403,,
2-175,SENSOR_DATA_LOGGING,941.391229646686,0.1,10000,CloudNode,485,1.0,12000.0,301.08258162105136,1943.9955179570916,1642.9129363360403,1461.6096165923318,39.22463456861192,,
9-165,SENSOR_DATA_LOGGING,253.98750887141006,0.1,10000,CloudNode,512,1.0,12000.0,320.39623995523385,1944.1229578893328,1623.726717934099,1508.697770637906,10.582812869642087,,
9-187,HEALTH_MONITORING,361.87866296144045,1.0,100,FogNode_3,24,1.0,1899.4436001125757,386.41478626219885,1945.7873203895706,1559.3725341273716,1279.667022683163,17.181234501290252,,
7-286,GPS_TRACKING,202.83017145331178,0.2,200,FogNode_0,11,1.0,1189.2931772946604,617.5152114777786,1946.8141814111511,1329.2989699333725,1128.8821309924501,12.915046099241327,,
0-144,HEALTH_MONITORING,156.54319664727814,1.0,100,CloudNode,404,1.0,12000.0,271.61309134322465,1948.3685414964027,1676.7554501531781,1520.4539208637448,6.522633193636589,,
1-160,GPS_TRACKING,366.340843283976,0.2,200,CloudNode,498,1.0,12000.0,310.9644438968421,1948.9353397722807,1637.9708958754386,1506.0887978355563,15.264201803499002,,
2-192,GPS_TRACKING,494.4906555420656,0.2,200,CloudNode,542,1.0,12000.0,331.759524637495,1949.3753155894806,1617.6157909519857,1496.8441986591897,20.603777314252735,,
5-77,VOICE_ASSISTANT,334.5883200488233,2.0,150,CloudNode,73,1.0,12000.0,149.1054502618405,1950.0863472455835,1800.980896983743,1508.4027841716493,13.941180002034303,,
0-154,SENSOR_DATA_LOGGING,930.1018931560122,0.1,10000,CloudNode,486,1.0,12000.0,302.28965238944073,1956.562320184766,1654.272667795325,1472.4369543910038,38.75424554816718,,
1-92,VOICE_ASSISTANT,370.5056156647235,2.0,150,CloudNode,95,1.0,12000.0,156.0265506095922,1957.3354196456964,1801.3088690361042,1511.9003393891626,15.437733986030146,,
2-121,E_COMMERCE_TRANSACTION,583.7145959134782,0.5,300,FogNode_7,0,0.875,1727.0272900361456,209.83873612953724,1959.724302516177,1749.8855663866398,1357.8806363817419,40.007261432745686,,
4-164,GPS_TRACKING,338.49347869401333,0.2,200,CloudNode,545,1.0,12000.0,333.28576046523364,1959.9837141430403,1626.6979536778067,1517.1108681144844,14.103894945583889,,
4-165,SMART_HOME_CONTROL,464.9747949835849,0.1,150,CloudNode,544,1.0,12000.0,334.7919562912105,1960.4546470163973,1625.6626907251868,1507.9161314831463,19.373949790982703,,
7-285,GPS_TRACKING,247.63474899889076,0.2,200,FogNode_0,11,1.0,1189.2931772946604,613.2450617679291,1961.3067701994191,1348.06170843149,1117.284470636766,15.767941111418457,,
9-163,GPS_TRACKING,582.9038462331523,0.2,200,CloudNode,506,1.0,12000.0,317.26294251806934,1963.4517469439586,1646.1888044258892,1502.695340197991,24.28766025971468,,
2-178,GPS_TRACKING,249.6568517907645,0.2,200,CloudNode,493,1.0,12000.0,306.5383997077322,1963.7130779032036,1657.1746781954714,1524.1927430208407,10.402368824615188,,
3-195,HEALTH_MONITORING,264.84674352778165,1.0,100,FogNode_3,24,1.0,1899.4436001125757,387.09843719679577,1964.180930353671,1577.0824931568754,1346.3763369146982,12.574363932417741,,
7-131,HEALTH_MONITORING,917.6516336040901,1.0,100,CloudNode,394,1.0,12000.0,267.9294101466509,1965.3404228720651,1697.4110127254141,1480.0257065050812,38.23548473350375,,
7-153,GPS_TRACKING,750.2418892661494,0.2,200,CloudNode,493,1.0,12000.0,306.4988986803207,1967.9462468249799,1661.4473481446591,1494.7484513051827,31.260078719422893,,
3-143,GPS_TRACKING,625.536935771247,0.2,200,CloudNode,486,1.0,12000.0,302.43814253974364,1970.8432225188928,1668.4050799791491,1506.279509653628,26.064038990468628,,
3-80,VOICE_ASSISTANT,287.92182140996505,2.0,150,CloudNode,147,1.0,12000.0,174.85395670458692,1972.3620266138998,1797.508069909313,1528.4774445253188,11.996742558748544,,
1-158,SENSOR_DATA_LOGGING,713.8475548382079,0.1,10000,CloudNode,493,1.0,12000.0,306.4336201835776,1972.8053165897425,1666.3716964061648,1501.59562198943,29.743648118258662,,
5-148,SENSOR_DATA_LOGGING,932.1709408701696,0.1,10000,CloudNode,474,1.0,12000.0,295.2832767501598,1974.9828882759725,1679.6996115258128,1487.7221335417305,38.8404558695904,,
5-141,E_COMMERCE_TRANSACTION,798.1844561922446,0.5,300,CloudNode,426,1.0,12000.0,277.70912154050836,1975.9816348596455,1698.272513319137,1498.1129857915944,33.25768567467686,,
3-148,GPS_TRACKING,445.74069501430847,0.2,200,CloudNode,495,1.0,12000.0,309.1030582979302,1976.040939289889,1666.9378809919588,1522.821761560778,18.57252895892952,,
2-204,VOICE_ASSISTANT,185.30574596806616,2.0,150,FogNode_3,21,1.0,1899.4436001125757,359.8713167386944,1980.1700860873875,1620.298769348693,1349.050498931268,8.79792538708785,,
4-118,HEALTH_MONITORING,839.8597547466896,1.0,100,CloudNode,342,1.0,12000.0,247.7258579274695,1988.944969072086,1741.2191111446166,1506.1969948341975,34.994156447778735,,
6-132,HEALTH_MONITORING,226.5749205753182,1.0,100,CloudNode,402,1.0,12000.0,270.6033620636442,1991.2432699951764,1720.6399079315322,1547.755541385799,9.440621690638258,,
5-161,SENSOR_DATA_LOGGING,595.7836747717996,0.1,10000,CloudNode,514,1.0,12000.0,320.86287478700876,1993.7715974536495,1672.9087226666406,1524.6592791892333,24.82431978215832,,
1-274,SENSOR_DATA_LOGGING,286.20649292676785,0.1,10000,FogNode_1,8,1.0,1597.9384595498836,552.6018195957096,1994.3086448320037,1441.7068252362942,1239.9654175549977,23.64282791201647,,
4-149,E_COMMERCE_TRANSACTION,664.8204500058378,0.5,300,CloudNode,483,1.0,12000.0,298.96939391726283,1996.6806528227994,1697.7112589055366,1523.7351493721342,27.700852083576574,,
0-85,VOICE_ASSISTANT,496.82683931697915,2.0,150,CloudNode,101,1.0,12000.0,160.70560454358267,2001.3859507527886,1840.680346209206,1536.6800568898614,20.70111830487413,,
7-148,E_COMMERCE_TRANSACTION,706.9700397595658,0.5,300,CloudNode,479,1.0,12000.0,296.97593247966216,2002.9096879370554,1705.9337554573933,1524.7239043240845,29.457084989981908,,
7-82,VOICE_ASSISTANT,967.4227804415978,2.0,150,CloudNode,153,1.0,12000.0,178.4990492317926,2003.415925475029,1824.9168762432364,1508.9300795785698,40.30928251839991,,
3-158,SENSOR_DATA_LOGGING,464.1084789421624,0.1,10000,CloudNode,548,1.0,12000.0,338.8880544835019,2004.0161294505785,1665.1280749670766,1541.3803468293293,19.337853289256767,,
3-88,VOICE_ASSISTANT,678.3626753431466,2.0,150,CloudNode,190,1.0,12000.0,191.00256917638742,2005.465562717543,1814.4629935411556,1528.9188056549565,28.265111472631112,,
0-329,E_COMMERCE_TRANSACTION,106.81931753455535,0.5,300,FogNode_0,11,1.0,1189.2931772946604,598.4284527375858,2007.259846707201,1408.8313939696152,1264.3660975096632,6.801633111895465,,
9-136,HEALTH_MONITORING,241.74912238545903,1.0,100,CloudNode,356,1.0,12000.0,254.71400794566821,2009.0907292708744,1754.376721325206,1562.883683272125,10.072880099394126,,
1-104,VOICE_ASSISTANT,467.5808057959053,2.0,150,CloudNode,182,1.0,12000.0,188.20540944542248,2009.8082896685517,1821.6028802231292,1546.3355686371,19.48253357482939,,
1-186,SMART_HOME_CONTROL,562.2493700926819,0.1,150,CloudNode,611,1.0,12000.0,358.5431892386155,2010.5671920775937,1652.0240028389783,1539.8768977335035,23.42705708719508,,
2-167,E_COMMERCE_TRANSACTION,656.5791558722206,0.5,300,CloudNode,469,1.0,12000.0,293.0214209345042,2012.0503493017147,1719.0289283672105,1534.3516777163697,27.357464828009192,,
1-162,SENSOR_DATA_LOGGING,589.1954318902384,0.1,10000,CloudNode,501,1.0,12000.0,313.64938856698615,2012.551366268145,1698.901977701159,1540.0187690852401,24.549809662093267,,
6-185,VOICE_ASSISTANT,297.0419689363373,2.0,150,FogNode_3,21,1.0,1899.4436001125757,362.29785207594335,2014.3605649934632,1652.0627129175198,1326.5135426190027,14.102925227078082,,
0-82,VOICE_ASSISTANT,917.043953616071,2.0,150,CloudNode,97,1.0,12000.0,157.2260515055465,2014.4915499749766,1857.26549846943,1522.297334544392,38.21016473400296,,
7-149,SENSOR_DATA_LOGGING,987.3987252686422,0.1,10000,CloudNode,483,1.0,12000.0,298.7000453820168,2017.3148219511297,1718.614776569113,1520.210141392109,41.14161355286009,,
1-202,HEALTH_MONITORING,459.57850429389276,1.0,100,FogNode_3,24,1.0,1899.4436001125757,386.5166034878965,2018.1930853865745,1631.676481898678,1298.1160896215442,21.81981659102947,,
6-81,VOICE_ASSISTANT,851.6092588127959,2.0,150,CloudNode,128,1.0,12000.0,171.1461299253977,2020.3427538238802,1849.1966238984826,1529.345319431306,35.48371911719983,,
5-134,HEALTH_MONITORING,572.8968620417475,1.0,100,CloudNode,399,1.0,12000.0,269.17771397018726,2020.546721759888,1751.3690077897008,1548.1532558403371,23.87070258507281,,
1-165,SENSOR_DATA_LOGGING,109.63383581238972,0.1,10000,CloudNode,512,1.0,12000.0,319.184868893895,2021.6875192525108,1702.502650358616,1582.7697687533873,4.568076492182905,,
7-91,HEALTH_MONITORING,679.1882123371968,1.0,100,FogNode_7,0,0.875,1727.0272900361456,199.31569444339445,2022.0436579459597,1822.7279635025652,1343.1042560528022,46.55093527426731,,
9-135,HEALTH_MONITORING,277.111706446157,1.0,100,CloudNode,351,1.0,12000.0,253.14741073233535,2024.478592956635,1771.3311822242997,1573.994907625093,11.546321101923208,,
0-159,GPS_TRACKING,774.8271694819967,0.2,200,CloudNode,493,1.0,12000.0,306.4145845856467,2025.0235778065637,1718.608993220917,1537.0321343372548,32.2844653950832,,
8-185,SENSOR_DATA_LOGGING,724.9439489272115,0.1,10000,CloudNode,582,1.0,12000.0,349.027254592578,2028.3582425689142,1679.3309879763362,1543.914060296966,30.205997871967146,,
4-177,SMART_HOME_CONTROL,941.6279699351276,0.1,150,CloudNode,600,1.0,12000.0,353.8259740557204,2028.5553447401776,1674.729370684457,1528.2342218255158,39.23449874729698,,
7-73,VOICE_ASSISTANT,345.40652932341465,2.0,150,CloudNode,106,1.0,12000.0,164.04594855868336,2031.6935653806734,1867.64761682199,1575.3081025765687,14.391938721808945,,
0-160,GPS_TRACKING,685.3648048399722,0.2,200,CloudNode,499,1.0,12000.0,312.6957900065978,2032.0966220126368,1719.4008320060389,1550.0884469744267,28.556866868332175,,
2-187,SMART_HOME_CONTROL,943.9306262825509,0.1,150,CloudNode,509,1.0,12000.0,317.8980776272002,2035.2232057083118,1717.3251280811114,1534.3044436001028,39.33044276177295,,
9-168,GPS_TRACKING,323.1665760293612,0.2,200,CloudNode,559,1.0,12000.0,341.3369396590951,2044.2453699535765,1702.9084302944814,1586.0632900107707,13.465274001223381,,
0-166,SENSOR_DATA_LOGGING,297.911142464332,0.1,10000,CloudNode,543,1.0,12000.0,332.2451021829787,2045.3726502985824,1713.1275481156035,1588.3699697540537,12.412964269347166,,
8-153,E_COMMERCE_TRANSACTION,677.690974005536,0.5,300,CloudNode,459,1.0,12000.0,288.96367041833605,2047.717517828971,1758.753847410635,1565.0410494699095,28.237123916897332,,
7-79,VOICE_ASSISTANT,456.1085961318173,2.0,150,CloudNode,147,1.0,12000.0,174.93142669711773,2047.8173393462032,1872.8859126490854,1580.547751085121,19.004524838825724,,
1-279,SENSOR_DATA_LOGGING,336.3283292106965,0.1,10000,FogNode_1,10,1.0,1597.9384595498836,557.9152093637017,2049.0141483561456,1491.098938992444,1259.200368386161,27.783271889289907,,
8-164,SENSOR_DATA_LOGGING,876.131974107604,0.1,10000,CloudNode,495,1.0,12000.0,308.3365413155705,2049.0519371321893,1740.7153958166189,1550.428212457636,36.50549892115017,,
9-133,HEALTH_MONITORING,649.6753157547898,1.0,100,CloudNode,341,1.0,12000.0,246.7130527756313,2050.820262469032,1804.1072096934008,1569.368402827305,27.069804823116243,,
9-303,HEALTH_MONITORING,122.89157287910695,1.0,100,FogNode_8,2,1.0,770.9711269175084,647.7850043186716,2051.3512798675356,1403.566275548864,1156.9429220099328,11.681417646825595,,
6-146,E_COMMERCE_TRANSACTION,579.5675033596593,0.5,300,CloudNode,469,1.0,12000.0,291.86728118902846,2051.713217421667,1759.8459362326387,1575.2952718358774,24.148645973319137,,
1-164,E_COMMERCE_TRANSACTION,607.3064638938454,0.5,300,CloudNode,506,1.0,12000.0,317.48627467908335,2056.0744347086966,1738.5881600296132,1576.320097250261,25.304435995576892,,
2-219,HEALTH_MONITORING,435.34903593140695,1.0,100,FogNode_3,23,1.0,1899.4436001125757,385.4464858092776,2057.2325397185646,1671.786053909287,1349.5593769478232,20.66945261441165,,
9-178,SMART_HOME_CONTROL,764.5155852936578,0.1,150,CloudNode,606,1.0,12000.0,357.46046754163206,2057.4812295614543,1700.020762019822,1567.5304792364088,31.854816053902404,,
4-93,VOICE_ASSISTANT,978.4830335943386,2.0,150,CloudNode,181,1.0,12000.0,187.86834163299565,2057.521887659174,1869.6535460261782,1550.8863177840988,40.77012639976411,,
0-162,GPS_TRACKING,363.7023520809714,0.2,200,CloudNode,514,1.0,12000.0,320.97684131762236,2058.666771908995,1737.6899305913728,1595.0196617183674,15.154264670040476,,
8-150,HEALTH_MONITORING,539.7551329836672,1.0,100,CloudNode,454,1.0,12000.0,285.7403230795561,2059.471144390282,1773.7308213107258,1583.6544189321542,22.4897972076528,,
4-145,HEALTH_MONITORING,695.0154080449803,1.0,100,CloudNode,455,1.0,12000.0,286.85499691548125,2061.9340801209937,1775.0790832055125,1575.8089498029804,28.958975335207512,,
3-169,SENSOR_DATA_LOGGING,468.704363467456,0.1,10000,CloudNode,589,1.0,12000.0,349.9632440611574,2063.5372899122563,1713.5740458510988,1592.1877409046808,19.529348477810668,,
5-181,SENSOR_DATA_LOGGING,670.7659243604226,0.1,10000,CloudNode,612,1.0,12000.0,360.89830749214667,2064.987889634243,1704.0895821420963,1579.8950944378726,27.94858018168427,,
7-284,E_COMMERCE_TRANSACTION,144.62336531838446,0.5,300,FogNode_0,11,1.0,1189.2931772946604,611.2178198830106,2068.4186504179993,1457.2008305349887,1284.3600187774641,9.208775088691851,,
1-159,GPS_TRACKING,288.9186917702475,0.2,200,CloudNode,495,1.0,12000.0,309.73790591153085,2069.449207946103,1759.711302034572,1609.9792490094164,12.038278823760313,,
8-176,GPS_TRACKING,518.1598603582177,0.2,200,CloudNode,530,1.0,12000.0,327.91936072391456,2075.2766103758217,1747.3572496519073,1598.1025354429082,21.589994181592402,,
6-179,SENSOR_DATA_LOGGING,627.5770488572304,0.1,10000,CloudNode,595,1.0,12000.0,350.6762491567179,2077.321665211333,1726.645416054615,1592.446681465768,26.1490437023846,,
7-312,SENSOR_DATA_LOGGING,113.73509248319306,0.1,10000,FogNode_3,60,1.0,1899.4436001125757,656.1619475367148,2078.0711952059196,1421.909247669205,1339.4166009768446,5.399901942237174,,
8-171,SMART_HOME_CONTROL,427.49581241999505,0.1,150,CloudNode,509,1.0,12000.0,317.9828722022796,2079.870020988576,1761.8871487862964,1608.9753476175542,17.812325517499794,,
8-186,SENSOR_DATA_LOGGING,372.8382008421736,0.1,10000,CloudNode,584,1.0,12000.0,349.1712250168463,2080.1217872023703,1730.9505621855242,1612.9656517599979,15.534925035090566,,
9-162,SENSOR_DATA_LOGGING,863.9252427236365,0.1,10000,CloudNode,501,1.0,12000.0,315.2796938298931,2082.5609623045634,1767.2812684746702,1581.002228708143,35.99688511348485,,
3-97,GPS_TRACKING,774.6856106286223,0.2,200,FogNode_4,0,0.25,1758.3565909566523,215.7954177995763,2084.0859274486647,1868.2905096490883,1402.111016250878,64.53409999226918,,
5-160,GPS_TRACKING,868.6895348139768,0.2,200,CloudNode,513,1.0,12000.0,320.51121194404436,2084.441143869546,1763.9299319255017,1582.4791676420275,36.1953972839157,,
0-156,E_COMMERCE_TRANSACTION,787.194232396571,0.5,300,CloudNode,494,1.0,12000.0,305.18944552173383,2087.2870386188915,1782.0975930971576,1589.4874635623821,32.79975968319046,,
5-164,GPS_TRACKING,391.0687814678232,0.2,200,CloudNode,538,1.0,12000.0,330.21589559701397,2090.0702946837728,1759.8543990867588,1620.1564328599875,16.2945325611593,,
4-146,HEALTH_MONITORING,318.439879126341,1.0,100,CloudNode,464,1.0,12000.0,290.5365057265871,2090.073946506118,1799.5374407795307,1624.5736937561294,13.268328296930875,,
3-183,VOICE_ASSISTANT,275.1101041545089,2.0,150,FogNode_3,22,1.0,1899.4436001125757,374.7264180090907,2090.6245264736067,1715.898108464516,1403.8084485700656,13.061646615116,,
3-351,SENSOR_DATA_LOGGING,67.54876620893492,0.1,10000,FogNode_3,59,1.0,1899.4436001125757,661.400531003382,2092.7949360987104,1431.3944050953285,1376.0725572230356,3.207072732641893,,
3-175,GPS_TRACKING,428.13569139492125,0.2,200,CloudNode,610,1.0,12000.0,358.0917122179225,2094.3447461919054,1736.2530339739828,1620.5760912171838,17.838987141455053,,
1-312,HEALTH_MONITORING,104.37810467872848,1.0,100,FogNode_0,11,1.0,1189.2931772946604,616.3958692353611,2095.0246692685832,1478.628800033222,1302.1095224503172,6.646190870018142,,
8-172,GPS_TRACKING,435.8801075795055,0.2,200,CloudNode,513,1.0,12000.0,320.1023287302837,2095.794486688574,1775.6921579582904,1621.1957611022476,18.16167114914606,,
4-160,SMART_HOME_CONTROL,837.4936244699915,0.1,150,CloudNode,523,1.0,12000.0,324.45284054240074,2098.346480112677,1773.8936395702763,1595.0931966885414,34.89556768624964,,
4-166,SENSOR_DATA_LOGGING,256.97510313767714,0.1,10000,CloudNode,548,1.0,12000.0,338.8529903041824,2098.7362571394724,1759.88326683529,1634.8178517880783,10.707295964069882,,
3-160,SMART_HOME_CONTROL,523.9674930601875,0.1,150,CloudNode,556,1.0,12000.0,340.6605358005508,2101.1858454141893,1760.5253096136385,1620.0041089833187,21.83197887750781,,
4-170,SENSOR_DATA_LOGGING,993.7920817232726,0.1,10000,CloudNode,563,1.0,12000.0,343.5739003313739,2103.158760634153,1759.5848603027794,1588.6469537715698,41.40800340513636,,
4-99,HEALTH_MONITORING,493.4390034032468,1.0,100,FogNode_7,0,0.875,1727.0272900361456,204.2612350822655,2107.2299798388276,1902.968744756562,1528.7033060639155,33.81985536848446,,
7-297,HEALTH_MONITORING,198.6041165798949,1.0,100,FogNode_8,2,1.0,770.9711269175084,630.3369327155829,2108.5409588266302,1478.2040261110474,1130.9404881717642,18.87824834360971,,
8-105,HEALTH_MONITORING,598.2605682996067,1.0,100,FogNode_7,0,0.875,1727.0272900361456,201.06721836307898,2109.239951571954,1908.172733208875,1470.4430758698602,41.00422899894923,,
4-144,HEALTH_MONITORING,740.3777251912268,1.0,100,CloudNode,445,1.0,12000.0,284.1516892253744,2109.4156615949064,1825.263972369532,1612.1402941767653,30.84907188296778,,
0-169,SENSOR_DATA_LOGGING,940.8088231393235,0.1,10000,CloudNode,549,1.0,12000.0,336.5855794650052,2110.0943006422835,1773.5087211772784,1598.0964992879622,39.20036763080515,,
4-178,SENSOR_DATA_LOGGING,551.6663378593435,0.1,10000,CloudNode,611,1.0,12000.0,358.20751818573297,2110.960084455855,1752.7525662701219,1624.9551296671748,22.986097410805975,,
6-101,GPS_TRACKING,649.9764445733175,0.2,200,FogNode_4,0,0.25,1758.3565909566523,220.8310119087604,2112.8846560742695,1892.053644165509,1499.457423898023,54.14537754570798,,
9-140,HEALTH_MONITORING,357.97709603600583,1.0,100,CloudNode,384,1.0,12000.0,265.6867217513652,2117.118463288559,1851.4317415371936,1643.5776735516772,14.915712334833577,,
7-158,SENSOR_DATA_LOGGING,999.5971088294216,0.1,10000,CloudNode,549,1.0,12000.0,336.57672309901807,2118.5229647774304,1781.9462416784122,1600.1402143352598,41.64987953455923,,
3-140,HEALTH_MONITORING,268.38773125552245,1.0,100,CloudNode,474,1.0,12000.0,295.1995595044312,2121.101901410766,1825.9023419063349,1653.8155089224745,11.182822135646768,,
1-169,SMART_HOME_CONTROL,382.4516746068324,0.1,150,CloudNode,520,1.0,12000.0,323.07080985739657,2121.9449193900205,1798.8741095326238,1645.6283362951324,15.93548644195135,,
0-200,VOICE_ASSISTANT,206.07598660230556,2.0,150,FogNode_3,23,1.0,1899.4436001125757,383.74063818853097,2122.853381832085,1739.1127436435538,1457.0504004973272,9.784052538284714,,
0-168,SENSOR_DATA_LOGGING,863.074271351543,0.1,10000,CloudNode,547,1.0,12000.0,336.10149417914516,2123.6360733676293,1787.534579188484,1614.9838644511146,35.96142797298096,,
7-167,VOICE_ASSISTANT,498.9300911705153,2.0,150,FogNode_3,20,1.0,1899.4436001125757,367.1949220400795,2125.6779069589566,1758.482984918877,1330.6873205569782,23.68814681141936,,
6-83,VOICE_ASSISTANT,610.423860133456,2.0,150,CloudNode,141,1.0,12000.0,173.60321272344444,2126.1452653869433,1952.542052663499,1634.3502016454995,25.434327505560667,,
0-152,HEALTH_MONITORING,531.7160712550017,1.0,100,CloudNode,482,1.0,12000.0,298.62569213097964,2126.8706349091467,1828.2449427781671,1639.1896506355451,22.154836302291738,,
7-281,VOICE_ASSISTANT,70.25591035819721,2.0,150,FogNode_0,11,1.0,1189.2931772946604,603.9013753277715,2127.492318458382,1523.5909431306109,1294.5388557197227,4.473487916116771,,
3-164,SENSOR_DATA_LOGGING,704.8973726681869,0.1,10000,CloudNode,562,1.0,12000.0,343.1603529751419,2128.1906556684517,1785.0303026933097,1629.1322763944193,29.370723861174454,,
0-149,HEALTH_MONITORING,980.2891019290739,1.0,100,CloudNode,469,1.0,12000.0,293.47846440711356,2129.5080978402925,1836.029633433179,1612.194298778014,40.84537924704475,,
0-173,SMART_HOME_CONTROL,969.9136643179332,0.1,150,CloudNode,572,1.0,12000.0,345.37034585516017,2131.6464011621933,1786.2760553070332,1614.4453243332287,40.41306934658055,,
6-180,SENSOR_DATA_LOGGING,968.7984705115457,0.1,10000,CloudNode,598,1.0,12000.0,352.60391784468663,2136.8076405846587,1784.203722739972,1618.7507557242516,40.36660293798107,,
0-153,E_COMMERCE_TRANSACTION,904.6535905520319,0.5,300,CloudNode,483,1.0,12000.0,299.3296950668843,2137.321879333663,1837.9921842667788,1623.3430153770396,37.69389960633467,,
9-314,SENSOR_DATA_LOGGING,113.34517802758552,0.1,10000,FogNode_3,59,1.0,1899.4436001125757,661.2552572716035,2137.744026776632,1476.4887695050284,1395.5121542245515,5.381389627522587,,
8-187,GPS_TRACKING,701.1288611282951,0.2,200,CloudNode,601,1.0,12000.0,354.53826961119347,2138.2974260826004,1783.7591564714069,1637.0895258906994,29.213702547012293,,
2-179,HEALTH_MONITORING,130.5934268832882,1.0,100,CloudNode,495,1.0,12000.0,307.2567058361655,2140.3908834138997,1833.1341775777341,1680.2032443150365,5.441392786803675,,
8-181,SENSOR_DATA_LOGGING,168.32988800322073,0.1,10000,CloudNode,548,1.0,12000.0,337.39219830580726,2140.898125576082,1803.5059272702747,1678.2074583579938,7.01374533346753,,
7-150,HEALTH_MONITORING,389.09372650162175,1.0,100,CloudNode,483,1.0,12000.0,299.29234248574113,2141.840138803375,1842.5477963176338,1664.1094796561404,16.21223860423424,,
2-198,GPS_TRACKING,524.0160078595877,0.2,200,CloudNode,595,1.0,12000.0,351.4752145593334,2142.0144807676425,1790.539266208309,1653.5132394527825,21.834000327482823,,
9-176,GPS_TRACKING,515.4797291734092,0.2,200,CloudNode,589,1.0,12000.0,349.7625096187788,2144.1424895119735,1794.3799798931948,1656.1849383875833,21.478322048892046,,
9-171,SMART_HOME_CONTROL,804.8972675505249,0.1,150,CloudNode,566,1.0,12000.0,344.23316207605274,2147.1965594982476,1802.9633974221947,1637.3213403756008,33.53738614793854,,
1-178,E_COMMERCE_TRANSACTION,440.9643208507339,0.5,300,CloudNode,549,1.0,12000.0,339.26472248812297,2147.707111193416,1808.442388705293,1665.1243662535305,18.37351336878058,,
5-179,GPS_TRACKING,579.5459993242347,0.2,200,CloudNode,606,1.0,12000.0,356.25259428742834,2151.4542605778392,1795.201666290411,1658.0073141863886,24.147749971843112,,
9-118,HEALTH_MONITORING,333.03630832232733,1.0,100,FogNode_7,0,0.875,1727.0272900361456,209.70747494785178,2152.5621981555432,1942.8547232076914,1663.607800345947,22.8260022054045,,
8-162,E_COMMERCE_TRANSACTION,712.110454609663,0.5,300,CloudNode,494,1.0,12000.0,305.2616042103089,2153.687284076044,1848.425679865735,1649.6735419680158,29.67126894206929,,
6-310,HEALTH_MONITORING,229.50183028733113,1.0,100,FogNode_0,11,1.0,1189.2931772946604,613.8358335102042,2154.2800712061476,1540.4442376959432,1257.317805725214,14.61334226946316,,
3-127,HEALTH_MONITORING,779.8937188822355,1.0,100,CloudNode,421,1.0,12000.0,275.7433581048643,2155.061437923959,1879.318079819095,1646.0699911378183,32.495571620093145,,
2-148,HEALTH_MONITORING,436.59406944897063,1.0,100,CloudNode,374,1.0,12000.0,261.78739114643304,2158.327758510768,1896.540367364335,1674.5722397413529,18.191419560373774,,
6-106,SENSOR_DATA_LOGGING,931.0791360923458,0.1,10000,FogNode_4,0,0.25,1758.3565909566523,225.34475396520793,2161.9350989567147,1936.5903449915068,1391.022203873414,77.56224363137673,,
2-303,E_COMMERCE_TRANSACTION,269.0570940329682,0.5,300,FogNode_1,8,1.0,1597.9384595498836,537.6275700930624,2162.6862769147547,1625.0587068216923,1409.018853343308,22.22615744205486,,
6-167,GPS_TRACKING,941.2502704095482,0.2,200,CloudNode,546,1.0,12000.0,334.40272774039187,2162.878666403675,1828.4759386632834,1640.7374275311904,39.21876126706451,,
3-84,VOICE_ASSISTANT,258.60636323198185,2.0,150,CloudNode,173,1.0,12000.0,184.31286799191085,2163.5650110369743,1979.2521430450633,1690.762421453986,10.77526513466591,,
8-143,HEALTH_MONITORING,436.8130070073301,1.0,100,CloudNode,419,1.0,12000.0,274.62045359342915,2164.591739585729,1889.9712859923,1679.217904485967,18.200541958638755,,
3-162,GPS_TRACKING,493.68066475980754,0.2,200,CloudNode,563,1.0,12000.0,342.0528547300243,2167.2853207835938,1825.2324660535694,1677.7014468244586,20.570027698325315,,
9-113,HEALTH_MONITORING,764.9483975685106,1.0,100,FogNode_7,0,0.875,1727.0272900361456,200.90036104822772,2167.5580138936816,1966.6576528454539,1437.3715808769293,52.42885947744835,,
5-170,GPS_TRACKING,370.36623746393605,0.2,200,CloudNode,548,1.0,12000.0,337.275098844785,2168.1857324556577,1830.9106336108725,1687.844745660805,15.431926560997336,,
5-176,SENSOR_DATA_LOGGING,121.03903866029259,0.1,10000,CloudNode,594,1.0,12000.0,350.95741864954,2168.4143450657925,1817.4569264162526,1703.6689495050905,5.043293277512191,,
8-106,HEALTH_MONITORING,721.8525412123303,1.0,100,FogNode_7,0,0.875,1727.0272900361456,203.54069840076215,2169.4501991425277,1965.9095007417654,1461.718932384879,49.47510912756789,,
5-269,GPS_TRACKING,413.046991604667,0.2,200,FogNode_1,8,1.0,1597.9384595498836,552.4492297407114,2172.0429621182698,1619.5937323775584,1331.616057651519,34.12081550708913,,
2-199,GPS_TRACKING,922.7643333457079,0.2,200,CloudNode,598,1.0,12000.0,352.83527719235843,2172.691514467383,1819.8562372750246,1650.9725141147571,38.448513889404495,,
8-133,HEALTH_MONITORING,361.27809965766835,1.0,100,CloudNode,374,1.0,12000.0,261.97764374451356,2174.248997816779,1912.2713540722657,1691.9017127434568,15.053254152402847,,
5-177,GPS_TRACKING,635.7614964286626,0.2,200,CloudNode,599,1.0,12000.0,353.0285446213603,2176.6161980700176,1823.5876534486574,1675.7096843953368,26.490062351194272,,
5-171,E_COMMERCE_TRANSACTION,727.731813563328,0.5,300,CloudNode,556,1.0,12000.0,340.6893732245037,2179.1672825743744,1838.4779093498707,1672.2318974750863,30.322158898472004,,
2-357,SENSOR_DATA_LOGGING,169.64063393054607,0.1,10000,FogNode_3,58,1.0,1899.4436001125757,667.9303822668753,2179.935224575141,1512.0048423082658,1406.0583631036134,8.054178957820492,,
1-180,GPS_TRACKING,849.4672005716435,0.2,200,CloudNode,571,1.0,12000.0,346.72299238613493,2180.883234023254,1834.1602416371188,1664.7383898431249,35.394466690485146,,
8-159,HEALTH_MONITORING,548.1821184649648,1.0,100,CloudNode,483,1.0,12000.0,299.2795850464286,2186.5799687814956,1887.300383735067,1690.6056290998736,22.840921602706867,,
4-169,GPS_TRACKING,429.2605934245184,0.2,200,CloudNode,563,1.0,12000.0,342.0974010366019,2187.225976696549,1845.128575659947,1698.2043515311148,17.88585805935493,,
4-194,SENSOR_DATA_LOGGING,494.9722175997352,0.1,10000,CloudNode,670,1.0,12000.0,382.74248187473387,2188.954795993394,1806.21231411866,1694.7320729321718,20.623842399988966,,
8-189,SENSOR_DATA_LOGGING,819.9213322154569,0.1,10000,CloudNode,618,1.0,12000.0,362.36147166092223,2189.4286790953875,1827.0672074344652,1674.2741937102826,34.1633888423107,,
1-181,SENSOR_DATA_LOGGING,716.4845017428892,0.1,10000,CloudNode,586,1.0,12000.0,349.3752730472792,2191.3534429741007,1841.9781699268215,1682.3397666923252,29.853520905953715,,
5-272,SENSOR_DATA_LOGGING,569.3797334897095,0.1,10000,FogNode_1,8,1.0,1597.9384595498836,555.4737085583064,2192.0989191129484,1636.6252105546419,1259.5255192191228,47.035086163930885,,
2-201,E_COMMERCE_TRANSACTION,374.62150780410116,0.5,300,CloudNode,600,1.0,12000.0,353.5097070031718,2194.7834700206495,1841.2737630174777,1708.193882256107,15.60922949183755,,
2-157,HEALTH_MONITORING,955.0400677333489,1.0,100,CloudNode,403,1.0,12000.0,270.89172066960646,2196.7051355996714,1925.813414930065,1671.1162867906316,39.793336155556204,,
5-178,SMART_HOME_CONTROL,722.8042302361869,0.1,150,CloudNode,601,1.0,12000.0,355.1212488672072,2198.531111935616,1843.4098630684089,1688.3190144185457,30.116842926507786,,
1-197,SENSOR_DATA_LOGGING,698.9303468938065,0.1,10000,CloudNode,659,1.0,12000.0,376.8616745840635,2200.084334377859,1823.2226597937952,1690.9328317656984,29.122097787241938,,
2-116,HEALTH_MONITORING,783.6846031858407,1.0,100,FogNode_7,0,0.875,1727.0272900361456,200.21333582349223,2201.3617113844716,2001.1483755609793,1460.0932834290788,53.713021774635976,,
1-194,SMART_HOME_CONTROL,669.1704272219984,0.1,150,CloudNode,645,1.0,12000.0,371.1740960882602,2202.9607617667475,1831.7866656784872,1694.7236713373857,27.88210113424993,,
0-504,SMART_HOME_CONTROL,130.7539493557556,0.1,150,FogNode_0,21,1.0,1189.2931772946604,979.6951535378569,2204.9672400762183,1225.2720865383615,1095.8622737763756,8.325651314534134,,
2-217,VOICE_ASSISTANT,427.1973566143857,2.0,150,FogNode_3,24,1.0,1899.4436001125757,382.1196510290419,2205.0766621968687,1822.9570111678267,1425.9126343158368,20.282428099678146,,
5-189,SENSOR_DATA_LOGGING,472.31079221877707,0.1,10000,CloudNode,671,1.0,12000.0,382.9425841490162,2207.5449651405556,1824.6023809915393,1711.9114422971218,19.679616342449044,,
1-340,SMART_HOME_CONTROL,161.873345009917,0.1,150,FogNode_3,57,1.0,1899.4436001125757,672.4665986239877,2208.07483563062,1535.6082370066322,1436.5985697438139,7.685404487138804,,
2-120,HEALTH_MONITORING,181.23060215889137,1.0,100,FogNode_7,0,0.875,1727.0272900361456,209.38173185586066,2212.1678712111743,2002.7861393553137,1807.3786094362852,12.421378754180429,,
4-187,SENSOR_DATA_LOGGING,897.1722171169301,0.1,10000,CloudNode,648,1.0,12000.0,371.80853146882936,2215.1552348403106,1843.3467033714812,1690.3651873571662,37.38217571320542,,
7-145,HEALTH_MONITORING,412.33738737178163,1.0,100,CloudNode,469,1.0,12000.0,292.9722388302994,2215.2446829709024,1922.272444140603,1722.767318234949,17.180724473824235,,
1-188,SMART_HOME_CONTROL,967.0354595065659,0.1,150,CloudNode,617,1.0,12000.0,361.76362767463627,2217.3939288768725,1855.6303012022363,1687.3933427736977,40.29314414610691,,
9-164,HEALTH_MONITORING,318.96380716382356,1.0,100,CloudNode,506,1.0,12000.0,317.6039815198908,2221.3637872843015,1903.7598057644107,1732.5196679963494,13.290158631825982,,
2-526,SENSOR_DATA_LOGGING,81.77640986619396,0.1,10000,FogNode_0,21,1.0,1189.2931772946604,989.3142806496033,2223.0405849528206,1233.7263043032171,1150.710716790083,5.207046346630221,,
3-101,SENSOR_DATA_LOGGING,926.0888197837384,0.1,10000,FogNode_4,0,0.25,1758.3565909566523,220.63831168194994,2224.562466860102,2003.9241551781522,1454.9629172383868,77.14653231928536,,
7-261,GPS_TRACKING,565.5671083980349,0.2,200,FogNode_1,8,1.0,1597.9384595498836,553.7458182766197,2225.5622587825937,1671.816440505974,1289.700903020203,46.72013440300574,,
1-177,SMART_HOME_CONTROL,732.9624309368352,0.1,150,CloudNode,548,1.0,12000.0,338.67331337098244,2225.6719421637986,1886.9986287928161,1708.6955649045128,30.5401012890348,,
5-140,HEALTH_MONITORING,648.3621166303866,1.0,100,CloudNode,426,1.0,12000.0,277.24069497209297,2226.7216908532487,1949.4809958811556,1715.9128791377589,27.015088192932772,,
6-172,E_COMMERCE_TRANSACTION,721.7571279810917,0.5,300,CloudNode,548,1.0,12000.0,338.7205469788815,2227.431748115351,1888.7112011364698,1711.2125656233507,30.073213665878818,,
4-175,SMART_HOME_CONTROL,897.2044713330325,0.1,150,CloudNode,595,1.0,12000.0,351.51513851594956,2228.4543233537966,1876.939184837847,1699.7637665038615,37.38351963887636,,
9-169,GPS_TRACKING,523.0345167007852,0.2,200,CloudNode,559,1.0,12000.0,341.39806967303593,2230.166178506561,1888.7681088335253,1727.780623557916,21.793104862532715,,
8-103,HEALTH_MONITORING,544.9977073698044,1.0,100,FogNode_7,0,0.875,1727.0272900361456,199.6228423239669,2231.3837811453063,2031.7609388213396,1622.1007534696907,37.35364150843112,,
2-223,SENSOR_DATA_LOGGING,496.57065069563737,0.1,10000,CloudNode,694,1.0,12000.0,391.8956912873689,2232.7343305320705,1840.8386392447017,1729.7799653579461,20.69044377898489,,
4-173,SMART_HOME_CONTROL,227.41712555713485,0.1,150,CloudNode,595,1.0,12000.0,350.7015999322041,2234.106661970072,1883.4050620378678,1749.981739803409,9.475713564880618,,
2-151,HEALTH_MONITORING,954.0453150158552,1.0,100,CloudNode,374,1.0,12000.0,262.89450388615904,2234.5652141752803,1971.6707102891212,1700.7437083104307,39.751888125660635,,
4-192,SENSOR_DATA_LOGGING,879.7448534844489,0.1,10000,CloudNode,661,1.0,12000.0,379.34932309039215,2236.1907375273795,1856.8414144369874,1707.7441879593357,36.656035561852036,,
5-142,HEALTH_MONITORING,821.7042545614103,1.0,100,CloudNode,426,1.0,12000.0,277.7874528134012,2236.889699612577,1959.1022467991756,1712.1362978812572,34.237677273392094,,
2-177,HEALTH_MONITORING,84.12688822533731,1.0,100,CloudNode,488,1.0,12000.0,304.1869042229986,2237.1767525253395,1932.9898483023408,1761.5710161183101,3.505287009389055,,
3-194,VOICE_ASSISTANT,522.5505570497454,2.0,150,FogNode_3,23,1.0,1899.4436001125757,384.860874452847,2239.2881022743195,1854.4272278214726,1412.4296013184328,24.809596636561498,,
6-143,HEALTH_MONITORING,756.4428723430852,1.0,100,CloudNode,457,1.0,12000.0,287.6337234943775,2239.653104098608,1952.0193806042303,1719.0812617051658,31.51845301429522,,
9-170,GPS_TRACKING,802.7126605788322,0.2,200,CloudNode,563,1.0,12000.0,343.24815222760935,2241.1417195316817,1897.8935673040723,1716.9137905527368,33.44636085745134,,
3-141,HEALTH_MONITORING,566.8212009120654,1.0,100,CloudNode,486,1.0,12000.0,302.00211215371013,2243.940235675677,1941.9381235219666,1734.43735468881,23.617550038002722,,
5-180,GPS_TRACKING,438.2409778123284,0.2,200,CloudNode,611,1.0,12000.0,359.2535379174934,2244.0650466249162,1884.811508707423,1743.429231449276,18.26004074218035,,
6-177,SMART_HOME_CONTROL,691.9547227606683,0.1,150,CloudNode,571,1.0,12000.0,345.6453141799836,2244.888870259938,1899.2435560799543,1728.3522797137066,28.831446781694513,,
6-166,GPS_TRACKING,686.1356342780516,0.2,200,CloudNode,544,1.0,12000.0,333.7947109113013,2246.1327655165646,1912.3380546052633,1729.3649506612553,28.588984761585483,,
0-184,GPS_TRACKING,862.2423952941732,0.2,200,CloudNode,617,1.0,12000.0,361.7152771815904,2251.0208155155556,1889.3055383339652,1721.1153373472964,35.92676647059055,,
7-141,HEALTH_MONITORING,256.8688693587274,1.0,100,CloudNode,454,1.0,12000.0,286.6831611678494,2254.140069645298,1967.4569084774485,1763.8018509918497,10.702869556613642,,
5-118,VOICE_ASSISTANT,245.59302359459878,2.0,150,CloudNode,316,1.0,12000.0,236.36108170755958,2254.5727472696217,2018.211665562062,1764.3195436631909,10.233042649774948,,
1-183,SENSOR_DATA_LOGGING,242.31680725029833,0.1,10000,CloudNode,598,1.0,12000.0,351.90600878544905,2257.082766883435,1905.1767580979858,1765.5273304567452,10.096533635429097,,
6-203,SENSOR_DATA_LOGGING,77.93517052213957,0.1,10000,CloudNode,707,1.0,12000.0,399.02819514621916,2257.515413059067,1858.487217912848,1774.290955946899,3.2472987717558155,,
3-496,GPS_TRACKING,66.68637512939537,0.2,200,FogNode_0,21,1.0,1189.2931772946604,982.968829877104,2261.039515947749,1278.070686070645,1198.7978047840998,4.246200665396021,,
1-170,E_COMMERCE_TRANSACTION,477.6115770145921,0.5,300,CloudNode,520,1.0,12000.0,323.4888756381602,2261.1647520355173,1937.6758763973571,1754.0080319413403,19.900482375608004,,
7-165,SENSOR_DATA_LOGGING,878.2679832652257,0.1,10000,CloudNode,629,1.0,12000.0,366.2243103186663,2262.617677700823,1896.3933673821568,1729.483081556893,36.594499302717736,,
1-338,SENSOR_DATA_LOGGING,159.12134716377687,0.1,10000,FogNode_3,57,1.0,1899.4436001125757,670.4957065365915,2263.707834172155,1593.2121276355633,1489.3995389725221,7.554745442599843,,
3-161,SMART_HOME_CONTROL,789.2067546816672,0.1,150,CloudNode,557,1.0,12000.0,340.92948481702024,2264.2983414924215,1923.3688566754013,1735.572829482133,32.8836147784028,,
2-181,HEALTH_MONITORING,280.755604141636,1.0,100,CloudNode,501,1.0,12000.0,313.53772673019614,2264.538019876818,1951.000293146622,1767.6961319836385,11.698150172568168,,
0-150,HEALTH_MONITORING,388.61450457994846,1.0,100,CloudNode,470,1.0,12000.0,294.0606342435161,2266.9497562236093,1972.889121980093,1764.6699122307707,16.19227102416452,,
6-93,VOICE_ASSISTANT,634.8114078969918,2.0,150,CloudNode,201,1.0,12000.0,195.6157754797991,2268.1456336289853,2072.529858149186,1749.5277692882023,26.450475329041325,,
1-316,VOICE_ASSISTANT,169.26269235260924,2.0,150,FogNode_8,2,1.0,770.9711269175084,624.246881821155,2270.8960675294993,1646.6491857083442,1253.7699070056694,16.089209008188504,,
4-113,VOICE_ASSISTANT,854.4969580631038,2.0,150,CloudNode,307,1.0,12000.0,231.71355507967732,2274.1688416053394,2042.4552865256621,1738.8813003411383,35.60403991929599,,
1-184,GPS_TRACKING,587.1581996866606,0.2,200,CloudNode,600,1.0,12000.0,354.3470837462163,2277.384173327685,1923.0370895814685,1759.883658222406,24.46492498694419,,
6-181,GPS_TRACKING,282.4957300573028,0.2,200,CloudNode,600,1.0,12000.0,353.52013820374617,2277.6813804834064,1924.1612422796602,1776.371088190051,11.770655419054284,,
4-152,HEALTH_MONITORING,142.46227643048246,1.0,100,CloudNode,494,1.0,12000.0,305.8891577336698,2278.821612592816,1972.9324548591462,1786.1855271684,5.935928184603436,,
7-168,SMART_HOME_CONTROL,963.4536905172669,0.1,150,CloudNode,639,1.0,12000.0,368.62536901446373,2280.372141920964,1911.7467729065004,1736.7813322652764,40.143903771552786,,
5-200,GPS_TRACKING,324.37260981991477,0.2,200,CloudNode,716,1.0,12000.0,401.6664131003246,2281.603798087948,1879.9373849876233,1776.5007313525539,13.515525409163116,,
6-114,VOICE_ASSISTANT,546.7660882099435,2.0,150,CloudNode,321,1.0,12000.0,238.1396290314914,2281.7545782115412,2043.6149491800497,1764.9350447424138,22.78192034208098,,
5-203,SMART_HOME_CONTROL,482.08915074834465,0.1,150,CloudNode,721,1.0,12000.0,403.75081891893024,2284.2391425206115,1880.4883236016813,1769.6476145714414,20.087047947847694,,
6-204,SENSOR_DATA_LOGGING,330.6729904679507,0.1,10000,CloudNode,720,1.0,12000.0,403.15207169847895,2285.071495598063,1881.919423899584,1778.590295214097,13.778041269497944,,
0-182,SMART_HOME_CONTROL,565.0740136710189,0.1,150,CloudNode,611,1.0,12000.0,358.6582955405673,2286.7426052378596,1928.0843096972924,1767.9446643017238,23.544750569625787,,
2-171,HEALTH_MONITORING,297.42866731428336,1.0,100,CloudNode,474,1.0,12000.0,295.2951819269415,2287.4033999770136,1992.108218050072,1783.194023746524,12.392861138095139,,
6-171,E_COMMERCE_TRANSACTION,590.9492057562144,0.5,300,CloudNode,548,1.0,12000.0,337.32822614019545,2293.186002822028,1955.8577766818325,1770.3364115365355,24.6228835731756,,
5-193,SENSOR_DATA_LOGGING,404.1624580007681,0.1,10000,CloudNode,697,1.0,12000.0,392.7063748395773,2297.978546325819,1905.2721714862419,1784.0275796454207,16.84010241669867,,
1-199,SMART_HOME_CONTROL,995.0213059914446,0.1,150,CloudNode,675,1.0,12000.0,385.1080422780545,2300.3123710428263,1915.2043287647718,1751.513010664768,41.45922108297686,,
6-153,HEALTH_MONITORING,202.24518739298782,1.0,100,CloudNode,488,1.0,12000.0,304.1390593125673,2301.092908136694,1996.9538488241267,1800.3107774366981,8.426882808041158,,
6-206,GPS_TRACKING,287.6478560673191,0.2,200,CloudNode,729,1.0,12000.0,405.8031788230986,2301.3548279999613,1895.5516491768626,1795.9180128867888,11.985327336138294,,
5-207,GPS_TRACKING,259.3814041568736,0.2,200,CloudNode,742,1.0,12000.0,410.74394801531275,2301.987258934037,1891.2433109187243,1797.8977149933253,10.8075585065364,,
0-221,SMART_HOME_CONTROL,406.3418936650641,0.1,150,CloudNode,747,1.0,12000.0,413.73312352499147,2302.007458101074,1888.2743345760825,1787.0343750107309,16.930912236044335,,
5-191,GPS_TRACKING,935.2534396016139,0.2,200,CloudNode,675,1.0,12000.0,384.7737993134964,2304.6594774867167,1919.8856781732202,1759.1866191391673,38.96889331673391,,
2-202,E_COMMERCE_TRANSACTION,952.8137138171301,0.5,300,CloudNode,600,1.0,12000.0,354.29126583593575,2305.073084981893,1950.7818191459571,1758.2462776771831,39.700571409047086,,
3-189,SENSOR_DATA_LOGGING,579.4144446944404,0.1,10000,CloudNode,660,1.0,12000.0,378.31135996959773,2305.367303941305,1927.0559439717074,1778.4678395578906,24.142268528935016,,
8-199,SENSOR_DATA_LOGGING,978.9331211447644,0.1,10000,CloudNode,680,1.0,12000.0,387.36587687091725,2309.009508210748,1921.643631339831,1759.137961941401,40.78888004769852,,
4-315,VOICE_ASSISTANT,154.68900754859396,2.0,150,FogNode_8,2,1.0,770.9711269175084,640.690922294985,2309.182723670757,1668.491801375772,1301.6814895850787,14.703912239171064,,
6-121,VOICE_ASSISTANT,772.7978646128763,2.0,150,CloudNode,345,1.0,12000.0,249.57642186625603,2309.288692311011,2059.7122704447547,1769.5233580075637,32.199911025536515,,
1-193,E_COMMERCE_TRANSACTION,775.5506278683675,0.5,300,CloudNode,645,1.0,12000.0,371.02149001743066,2310.761984505595,1939.7404944881646,1769.9910760511357,32.31460949451531,,
5-338,GPS_TRACKING,195.89646025917696,0.2,200,FogNode_3,58,1.0,1899.4436001125757,666.8700434892651,2311.2084376220487,1644.3383941327836,1516.6535616584142,9.300750130283967,,
5-158,HEALTH_MONITORING,602.8523351035561,1.0,100,CloudNode,501,1.0,12000.0,314.5615699469773,2311.4024466274805,1996.8408766805032,1781.9582495283278,25.118847295981507,,
3-154,HEALTH_MONITORING,143.8590108956867,1.0,100,CloudNode,534,1.0,12000.0,329.0105270971079,2313.975509842011,1984.964982744903,1813.7702401479464,5.994125453986946,,
2-172,HEALTH_MONITORING,598.0810952469063,1.0,100,CloudNode,481,1.0,12000.0,297.5164342192478,2314.3781111473936,2016.8616769281457,1783.9329290537119,24.920045635287764,,
9-250,E_COMMERCE_TRANSACTION,429.75870675143074,0.5,300,FogNode_1,8,1.0,1597.9384595498836,540.0829286012362,2317.959866623974,1777.8769380227377,1454.600387178999,35.50132997861326,,
0-214,SENSOR_DATA_LOGGING,984.088369246458,0.1,10000,CloudNode,725,1.0,12000.0,404.1916277082819,2319.184116629211,1914.9924889209292,1765.6780365984168,41.00368205193575,,
7-162,E_COMMERCE_TRANSACTION,511.44417703303327,0.5,300,CloudNode,605,1.0,12000.0,356.7074788844282,2320.3017285694928,1963.5942496850646,1796.028876521039,21.31017404304305,,
6-97,VOICE_ASSISTANT,263.79283604455975,2.0,150,FogNode_7,0,0.875,1727.0272900361456,200.74208036324308,2322.194071556402,2121.451991193159,1800.6821428540816,18.080118313992696,,
4-205,GPS_TRACKING,501.50001930056226,0.2,200,CloudNode,734,1.0,12000.0,407.82003040016946,2326.86316387311,1919.0431334729406,1800.1935884364184,20.89583413752343,,
1-209,SENSOR_DATA_LOGGING,509.66450461350644,0.1,10000,CloudNode,743,1.0,12000.0,411.97435992008207,2329.8754420281393,1917.9010821080574,1801.6139538001084,21.236021025562767,,
1-163,HEALTH_MONITORING,418.90919750960063,1.0,100,CloudNode,501,1.0,12000.0,316.008235275435,2336.0020079291608,2019.9937726537257,1813.3725517845683,17.45454989623336,,
1-161,HEALTH_MONITORING,659.521959051881,1.0,100,CloudNode,500,1.0,12000.0,312.9852801146148,2336.714741465865,2023.72946135125,1797.9106846767213,27.48008162716171,,
7-482,SMART_HOME_CONTROL,249.1355958326294,0.1,150,FogNode_0,21,1.0,1189.2931772946604,985.1178710073347,2336.974387799223,1351.8565167918887,1128.246578938792,15.863506312131689,,
5-153,HEALTH_MONITORING,301.9988585474392,1.0,100,CloudNode,489,1.0,12000.0,303.3881346312817,2339.5446826930133,2036.1565480617317,1821.9129934887158,12.583285772809969,,
3-286,E_COMMERCE_TRANSACTION,283.88134366824886,0.5,300,FogNode_1,8,1.0,1597.9384595498836,551.4888238331674,2340.3410182295197,1788.8521943963524,1566.0908000847385,23.450752941156246,,
6-99,HEALTH_MONITORING,407.82781942359213,1.0,100,FogNode_7,0,0.875,1727.0272900361456,213.11563769385248,2345.3843493915488,2132.2687116976963,1806.6862548299496,27.95214357402281,,
5-206,SMART_HOME_CONTROL,801.2225688538201,0.1,150,CloudNode,741,1.0,12000.0,410.06861831847175,2345.5901599973013,1935.5215416788296,1796.3637971890712,33.38427370224251,,
4-199,SENSOR_DATA_LOGGING,387.9762345626941,0.1,10000,CloudNode,691,1.0,12000.0,391.07855681690086,2346.3068627222356,1955.2283059053348,1821.5707424454836,16.165676440112257,,
2-209,E_COMMERCE_TRANSACTION,557.6928727275803,0.5,300,CloudNode,620,1.0,12000.0,363.0454134115182,2346.786777103458,1983.7413636919398,1812.8420497982206,23.237203030315847,,
4-212,SENSOR_DATA_LOGGING,524.1193983321311,0.1,10000,CloudNode,759,1.0,12000.0,419.89879849005916,2348.3360940143943,1928.4372955243352,1815.9760670224136,21.838308263838798,,
9-161,HEALTH_MONITORING,354.4459968626976,1.0,100,CloudNode,500,1.0,12000.0,314.1647858105444,2349.8388949747177,2035.6741091641734,1827.3944036792163,14.7685832026124,,
4-156,HEALTH_MONITORING,51.37325968313796,1.0,100,CloudNode,495,1.0,12000.0,308.8186035129412,2351.0678820770527,2042.2492785641116,1852.549936968792,2.140552486797415,,
3-204,SENSOR_DATA_LOGGING,772.86839599279,0.1,10000,CloudNode,719,1.0,12000.0,402.5206747701636,2351.1483049039252,1948.6276301337616,1801.5636704187323,32.20284983303292,,
4-161,HEALTH_MONITORING,842.5698778478949,1.0,100,CloudNode,536,1.0,12000.0,329.8561493297126,2351.8179545752723,2021.9618052455598,1798.3964836739983,35.107078243662286,,
3-163,HEALTH_MONITORING,537.4717430222112,1.0,100,CloudNode,563,1.0,12000.0,342.82216865872124,2353.798820129266,2010.9766514705448,1818.8847087503286,22.3946559592588,,
1-198,GPS_TRACKING,978.5881553093639,0.2,200,CloudNode,673,1.0,12000.0,383.2634845454979,2355.7178545477864,1972.4543700022884,1792.9046188099023,40.77450647122349,,
6-510,SMART_HOME_CONTROL,158.40239387777672,0.1,150,FogNode_0,21,1.0,1189.2931772946604,995.7501930299808,2356.230951215664,1360.480758185683,1212.370239306429,10.086143518507908,,
2-311,E_COMMERCE_TRANSACTION,297.8170365164476,0.5,300,FogNode_1,8,1.0,1597.9384595498836,546.9403617536743,2358.418748204762,1811.4783864510875,1573.5337649131181,24.601946907706076,,
6-169,HEALTH_MONITORING,585.955205153074,1.0,100,CloudNode,548,1.0,12000.0,336.5116493675286,2360.2320470569034,2023.7203976893747,1819.7649002928697,24.414800214711416,,
5-151,HEALTH_MONITORING,633.004052855287,1.0,100,CloudNode,481,1.0,12000.0,297.66935304184494,2362.0390300489516,2064.3696770071065,1818.901629345121,26.37516886897029,,
8-206,SMART_HOME_CONTROL,845.8625857390482,0.1,150,CloudNode,744,1.0,12000.0,411.3676111347525,2363.6745516336155,1952.306940498863,1807.3010931526376,35.244274405793675,,
7-154,HEALTH_MONITORING,765.9224596086758,1.0,100,CloudNode,496,1.0,12000.0,310.41515285203343,2365.8343297351303,2055.419176883097,1813.4143618497733,31.91343581702816,,
0-364,SMART_HOME_CONTROL,456.938176280972,0.1,150,FogNode_3,57,1.0,1899.4436001125757,670.6817083115998,2366.242131268586,1695.5604229569863,1438.3211792466495,21.69445939428546,,
3-192,E_COMMERCE_TRANSACTION,790.7627752525995,0.5,300,CloudNode,670,1.0,12000.0,382.25965829271087,2370.9699829196093,1988.7103246268985,1816.0735545666464,32.94844896885831,,
0-216,GPS_TRACKING,929.1638260694992,0.2,200,CloudNode,729,1.0,12000.0,405.8555602994249,2375.408865164944,1969.553304865519,1811.6591733414045,38.71515941956247,,
6-178,HEALTH_MONITORING,367.39219158419485,1.0,100,CloudNode,571,1.0,12000.0,345.8779571027986,2376.922878687585,2031.0449215847866,1852.220644351003,15.308007982674786,,
3-206,GPS_TRACKING,610.3662283058884,0.2,200,CloudNode,734,1.0,12000.0,406.7922792624314,2377.7270162319337,1970.9347369695024,1833.8944844837044,25.431926179412017,,
5-198,SMART_HOME_CONTROL,204.89564715942836,0.1,150,CloudNode,710,1.0,12000.0,399.917262261248,2380.749188896901,1980.8319266356532,1865.3034027339932,8.537318631642847,,
4-201,SENSOR_DATA_LOGGING,954.9652912007257,0.1,10000,CloudNode,706,1.0,12000.0,398.78488798274,2380.935268933355,1982.150380950615,1813.587227850627,39.7902204666969,,
2-214,SENSOR_DATA_LOGGING,917.1530652493024,0.1,10000,CloudNode,659,1.0,12000.0,376.5486680408766,2381.796726045414,2005.2480580045371,1816.2806897830467,38.21471105205426,,
1-218,SENSOR_DATA_LOGGING,626.5514152852762,0.1,10000,CloudNode,775,1.0,12000.0,425.63956953838914,2382.088059968579,1956.4484904301896,1836.5879574469486,26.106308970219843,,
3-187,GPS_TRACKING,875.0063904544971,0.2,200,CloudNode,659,1.0,12000.0,377.5286338864414,2383.6791837101364,2006.150549823695,1819.4721406512801,36.458599602270716,,
4-209,SENSOR_DATA_LOGGING,75.33491062769284,0.1,10000,CloudNode,755,1.0,12000.0,416.48777408567923,2389.957092929111,1973.4693188434317,1882.3542832144892,3.138954609487201,,
1-173,HEALTH_MONITORING,154.7570542012909,1.0,100,CloudNode,535,1.0,12000.0,329.22489653482126,2390.6234374153746,2061.3985408805534,1878.0141897222104,6.448210591720455,,
6-348,GPS_TRACKING,352.9380738496544,0.2,200,FogNode_3,58,1.0,1899.4436001125757,667.7820758855138,2390.887956529976,1723.105880644462,1514.4435836502741,16.756754215958683,,
8-183,HEALTH_MONITORING,865.6380848709949,1.0,100,CloudNode,559,1.0,12000.0,341.230549267183,2391.320623701794,2050.090074434611,1826.3443904053775,36.06825353629146,,
3-213,GPS_TRACKING,409.9504731800984,0.2,200,CloudNode,754,1.0,12000.0,414.90957640298046,2394.394586488578,1979.4850100855977,1862.701946824845,17.081269715837433,,
3-203,GPS_TRACKING,402.74187429552273,0.2,200,CloudNode,711,1.0,12000.0,400.20449979469424,2395.6008529069118,1995.3963531122176,1864.0932391519354,16.780911428980115,,
0-226,SENSOR_DATA_LOGGING,634.3038603652661,0.1,10000,CloudNode,757,1.0,12000.0,419.3766581091285,2398.4488150277402,1979.0721569186117,1851.5118254637287,26.429327515219423,,
1-266,HEALTH_MONITORING,335.0592695470262,1.0,100,FogNode_1,8,1.0,1597.9384595498836,537.0762268534924,2401.781130304866,1864.7049034513739,1567.1861378770036,27.678437932060586,,
0-165,HEALTH_MONITORING,757.6042358704651,1.0,100,CloudNode,537,1.0,12000.0,330.0277191702696,2402.678369015552,2072.6506498452827,1845.535869838409,31.56684316126938,,
3-495,GPS_TRACKING,58.31054180588908,0.2,200,FogNode_0,21,1.0,1189.2931772946604,982.763988378147,2405.260528547076,1422.4965401689287,1342.8988078679045,3.7128762949753935,,
8-216,SENSOR_DATA_LOGGING,873.125379979674,0.1,10000,CloudNode,764,1.0,12000.0,423.26920690556994,2409.4751897975043,1986.2059828919344,1842.7155924295407,36.38022416581975,,
9-320,SENSOR_DATA_LOGGING,604.3847887934675,0.1,10000,FogNode_3,57,1.0,1899.4436001125757,670.5773809360817,2410.985372896964,1740.407991960882,1406.6538780908895,28.694913096823857,,
5-328,VOICE_ASSISTANT,78.98146015229275,2.0,150,FogNode_8,2,1.0,770.9711269175084,641.9426997389043,2411.6268456290927,1769.6841458901886,1501.330687166775,7.507556464450631,,
2-155,VOICE_ASSISTANT,788.1508104465238,2.0,150,CloudNode,400,1.0,12000.0,269.36724086607137,2414.0153282182714,2144.6480873522,1853.9858705253218,32.839617101938494,,
0-210,SMART_HOME_CONTROL,583.4218151078655,0.1,150,CloudNode,709,1.0,12000.0,399.50114359127565,2414.4528143274524,2014.9516707361768,1867.1972440218578,24.309242296161063,,
4-138,VOICE_ASSISTANT,945.2900673050954,2.0,150,CloudNode,413,1.0,12000.0,272.93680825761464,2414.776180204585,2141.8393719469705,1842.234492663811,39.38708613771231,,
2-224,SENSOR_DATA_LOGGING,65.02155136419222,0.1,10000,CloudNode,711,1.0,12000.0,400.5110081724297,2414.893652411187,2014.3826442387572,1906.5274838090404,2.7092313068413425,,
2-236,GPS_TRACKING,731.6214148189251,0.2,200,CloudNode,756,1.0,12000.0,417.6560244110793,2416.6863057826968,1999.0302813716175,1859.2978947462225,30.484225617455213,,
1-341,SENSOR_DATA_LOGGING,531.1197879822209,0.1,10000,FogNode_3,57,1.0,1899.4436001125757,673.2529994125549,2417.3626413807942,1744.1096419682394,1449.7756536819625,25.21644561997962,,
5-498,SENSOR_DATA_LOGGING,98.26610373492404,0.1,10000,FogNode_0,21,1.0,1189.2931772946604,992.3107252789755,2419.600022597242,1427.2892973182666,1324.0855231778164,6.257014184014054,,
9-499,GPS_TRACKING,188.7998841656299,0.2,200,FogNode_0,21,1.0,1189.2931772946604,989.4487470847968,2419.7891731139503,1430.3404260291536,1249.255752077906,12.021678974381793,,
4-207,GPS_TRACKING,354.1903602136283,0.2,200,CloudNode,754,1.0,12000.0,415.2165992546394,2420.13930076651,2004.9227015118709,1888.6221991894822,14.757931675567846,,
3-356,SENSOR_DATA_LOGGING,298.26257655540047,0.1,10000,FogNode_3,57,1.0,1899.4436001125757,671.8748216783206,2420.734121521631,1748.8592998433105,1571.7333120039816,14.160877098474877,,
0-141,VOICE_ASSISTANT,492.8550441916393,2.0,150,CloudNode,382,1.0,12000.0,265.45383453360785,2422.006522615992,2156.552688082384,1880.7868801898035,20.535626841318305,,
5-212,SENSOR_DATA_LOGGING,874.0064423136556,0.1,10000,CloudNode,756,1.0,12000.0,419.1487934435929,2422.6727651675224,2003.5239717239294,1855.4172884120653,36.41693509640231,,
6-201,GPS_TRACKING,626.7111830504647,0.2,200,CloudNode,707,1.0,12000.0,395.63373924199357,2429.148810608457,2033.5150713664634,1877.2189515075033,26.11296596043603,,
0-219,SENSOR_DATA_LOGGING,945.4960381242565,0.1,10000,CloudNode,746,1.0,12000.0,412.46112379705903,2429.859218587407,2017.3980947903483,1856.2244685025912,39.395668255177355,,
1-201,GPS_TRACKING,663.0262419921177,0.2,200,CloudNode,679,1.0,12000.0,386.3840385865469,2430.6610519976207,2044.2770134110738,1875.8749323449342,27.626093416338236,,
9-182,E_COMMERCE_TRANSACTION,955.9107379527331,0.5,300,CloudNode,637,1.0,12000.0,367.85572164810355,2430.807533066653,2062.9518114185494,1856.0652199887577,39.82961408136388,,
0-172,HEALTH_MONITORING,592.625505400514,1.0,100,CloudNode,559,1.0,12000.0,341.352301021273,2431.473518751955,2090.121217730682,1881.6315407164832,24.692729391688086,,
6-209,GPS_TRACKING,974.0269379246595,0.2,200,CloudNode,742,1.0,12000.0,411.16878490904253,2432.986866068994,2021.8180811599514,1856.3496718965766,40.58445574686081,,
9-175,HEALTH_MONITORING,955.7189839019912,1.0,100,CloudNode,588,1.0,12000.0,349.5091936533161,2433.4420687877655,2083.932875134449,1857.6438294316638,39.82162432924964,,
3-201,SENSOR_DATA_LOGGING,83.05919263536953,0.1,10000,CloudNode,696,1.0,12000.0,393.3886498835773,2436.070409994738,2042.6817601111607,1923.9517057632534,3.4607996931403973,,
3-212,SENSOR_DATA_LOGGING,565.6806203870847,0.1,10000,CloudNode,743,1.0,12000.0,412.07595038188197,2437.0971446280346,2025.0211942461526,1888.0841849375927,23.57002584946186,,
6-137,VOICE_ASSISTANT,556.599527781872,2.0,150,CloudNode,422,1.0,12000.0,275.9492481319903,2440.7778804704008,2164.8286323384104,1892.112183207902,23.19164699091133,,
6-276,HEALTH_MONITORING,344.4041096532275,1.0,100,FogNode_1,8,1.0,1597.9384595498836,536.2221837673297,2441.0925300486356,1904.870346281306,1595.016689028942,28.450392628954063,,
5-209,SMART_HOME_CONTROL,115.53249422468448,0.1,150,CloudNode,755,1.0,12000.0,416.1163356087259,2443.0697766398225,2026.9534410310966,1926.5866062481953,4.8138539260285205,,
2-144,VOICE_ASSISTANT,749.4037539019637,2.0,150,CloudNode,348,1.0,12000.0,251.2829938451969,2444.2470388705774,2192.9640450253805,1881.340611922451,31.22515641258182,,
5-135,VOICE_ASSISTANT,797.8034120958705,2.0,150,CloudNode,405,1.0,12000.0,271.22574614304096,2447.232806571557,2176.007060428516,1880.6433288230082,33.24180883732794,,
9-139,VOICE_ASSISTANT,229.24908295421668,2.0,150,CloudNode,381,1.0,12000.0,265.2898661715284,2450.5776089981396,2185.287742826611,1924.833634517742,9.55204512309236,,
9-185,GPS_TRACKING,957.8810225214634,0.2,200,CloudNode,660,1.0,12000.0,378.58189436575555,2450.7934014630646,2072.211507097309,1871.7245436866751,39.91170927172764,,
7-172,E_COMMERCE_TRANSACTION,670.1204290582971,0.5,300,CloudNode,671,1.0,12000.0,382.94028479007875,2451.4442219951034,2068.5039372050246,1893.2908943596349,27.92168454409571,,
9-193,SENSOR_DATA_LOGGING,585.3143883944126,0.1,10000,CloudNode,734,1.0,12000.0,406.84087271247336,2451.45456804842,2044.6136953359464,1899.8126306193965,24.388099516433858,,
3-197,SMART_HOME_CONTROL,452.91397192682547,0.1,150,CloudNode,685,1.0,12000.0,389.7834157488211,2452.1956453213547,2062.4122295725338,1911.104539111381,18.871415496951062,,
9-210,SENSOR_DATA_LOGGING,149.75866051705805,0.1,10000,CloudNode,785,1.0,12000.0,430.07903788160417,2455.549665016244,2025.47062713464,1934.4696013298674,6.239944188210751,,
5-339,GPS_TRACKING,275.76797189931784,0.2,200,FogNode_3,57,1.0,1899.4436001125757,671.9241353263144,2456.391991312705,1784.4678559863908,1617.3737957597268,13.092880785989461,,
3-222,SENSOR_DATA_LOGGING,480.7287384796756,0.1,10000,CloudNode,794,1.0,12000.0,434.59628638669733,2462.0672508226316,2027.4709644359343,1917.115652165418,20.030364103319815,,
3-216,SENSOR_DATA_LOGGING,139.71603731396144,0.1,10000,CloudNode,755,1.0,12000.0,418.5513354783572,2463.8386484308517,2045.2873129524944,1942.448885460068,5.821501554748393,,
9-209,SMART_HOME_CONTROL,294.3573984493282,0.1,150,CloudNode,785,1.0,12000.0,430.0087430263622,2465.3076636745113,2035.298920648149,1932.495822056732,12.264891602055341,,
9-198,SENSOR_DATA_LOGGING,455.15444471186976,0.1,10000,CloudNode,746,1.0,12000.0,412.75446087676306,2467.78875564673,2055.034294769967,1924.3156716997466,18.96476852966124,,
6-211,SENSOR_DATA_LOGGING,834.8670515158914,0.1,10000,CloudNode,755,1.0,12000.0,416.30718357042,2468.0210693207314,2051.7138857503114,1895.6294695536446,34.786127146495474,,
0-223,SENSOR_DATA_LOGGING,417.2801518363988,0.1,10000,CloudNode,754,1.0,12000.0,416.0020586576762,2470.8437559811046,2054.8416973234284,1929.033263224089,17.386672993183282,,
8-195,E_COMMERCE_TRANSACTION,995.8210892245925,0.5,300,CloudNode,668,1.0,12000.0,381.63755851421604,2474.30571447051,2092.668155956294,1889.1133339540747,41.49254538435802,,
7-157,HEALTH_MONITORING,240.17351198117416,1.0,100,CloudNode,524,1.0,12000.0,325.7973649271691,2475.5641243480086,2149.7667594208397,1945.7462327877615,10.007229665882257,,
3-202,SMART_HOME_CONTROL,677.4867549106783,0.1,150,CloudNode,706,1.0,12000.0,398.46931819293803,2476.5965303424,2078.127212149462,1915.8347624670287,28.22861478794493,,
1-185,HEALTH_MONITORING,566.8006780485862,1.0,100,CloudNode,601,1.0,12000.0,354.8496389031825,2478.040922904035,2123.1912840008526,1924.5239766280415,23.61669491869109,,
6-205,GPS_TRACKING,570.5424750260781,0.2,200,CloudNode,730,1.0,12000.0,404.77635305514974,2478.206258249794,2073.429905194644,1925.0416343718498,23.77260312608659,,
6-212,GPS_TRACKING,742.9977319267665,0.2,200,CloudNode,756,1.0,12000.0,417.67425899627386,2478.6027834432607,2060.928524446987,1912.5185115795725,30.958238830281935,,
8-178,HEALTH_MONITORING,404.66567630740684,1.0,100,CloudNode,534,1.0,12000.0,328.8486854908958,2480.9549462638406,2152.106260772945,1938.1693002386057,16.86106984614195,,
3-120,VOICE_ASSISTANT,861.2747693014736,2.0,150,CloudNode,396,1.0,12000.0,268.51516199221425,2486.549077646375,2218.0339156541604,1910.844053833616,35.886448720894734,,
7-187,SENSOR_DATA_LOGGING,878.2984815892727,0.1,10000,CloudNode,761,1.0,12000.0,421.5915779339099,2488.0851925436264,2066.4936146097166,1910.767479300016,36.59577006621969,,
5-105,HEALTH_MONITORING,586.7657242896584,1.0,100,FogNode_7,0,0.875,1727.0272900361456,211.17406235702381,2492.316947646142,2281.142885289118,1847.2872508196676,40.2163829648528,,
2-242,SENSOR_DATA_LOGGING,346.9946358848999,0.1,10000,CloudNode,785,1.0,12000.0,430.6432048113261,2492.7548680879268,2062.1116632766007,1953.6145688620181,14.458109828537495,,
0-203,GPS_TRACKING,169.0175482060107,0.2,200,CloudNode,685,1.0,12000.0,389.50084200368025,2495.039741947675,2105.5388999439947,1968.680276185363,7.042397841917112,,
5-202,GPS_TRACKING,984.7942734229337,0.2,200,CloudNode,720,1.0,12000.0,403.12894625732457,2496.0815176701826,2092.952571412858,1910.705113622501,41.033094725955564,,
9-149,VOICE_ASSISTANT,737.8584044008112,2.0,150,CloudNode,443,1.0,12000.0,283.169726956522,2498.585344994769,2215.415618038247,1929.068796723418,30.744100183367134,,
8-200,E_COMMERCE_TRANSACTION,389.43069400074984,0.5,300,CloudNode,683,1.0,12000.0,388.5723256881296,2500.4736271541274,2111.9013014659977,1957.1940083889929,16.226278916697908,,
7-134,VOICE_ASSISTANT,817.8402778636666,2.0,150,CloudNode,418,1.0,12000.0,274.3565382941724,2501.140222557633,2226.7836842634606,1926.3341413790758,34.076678244319446,,
9-189,SENSOR_DATA_LOGGING,686.0400027593515,0.1,10000,CloudNode,705,1.0,12000.0,398.0888380332696,2501.417039100523,2103.3282010672538,1935.4446778167603,28.58500011497298,,
0-224,SENSOR_DATA_LOGGING,305.52298004096076,0.1,10000,CloudNode,755,1.0,12000.0,416.3868241719976,2503.501171240782,2087.1143470687844,1966.4089816175838,12.730124168373365,,
0-207,SENSOR_DATA_LOGGING,973.1834445178489,0.1,10000,CloudNode,705,1.0,12000.0,397.9184856477177,2503.7713855440097,2105.852899896292,1917.6465810374812,40.5493101882437,,
3-210,SMART_HOME_CONTROL,646.7001088675906,0.1,150,CloudNode,741,1.0,12000.0,409.7848577462115,2505.346243787386,2095.5613860411745,1941.8167871555988,26.945837869482943,,
7-183,GPS_TRACKING,454.7185182432488,0.2,200,CloudNode,743,1.0,12000.0,411.99535395330145,2513.457334201613,2101.461980248311,1964.043982916627,18.946604926802035,,
3-173,HEALTH_MONITORING,249.09387321676599,1.0,100,CloudNode,601,1.0,12000.0,354.6489850243687,2513.5126908559905,2158.8637058316217,1979.6971458826374,10.378911384031916,,
9-196,SENSOR_DATA_LOGGING,360.0169695797856,0.1,10000,CloudNode,742,1.0,12000.0,411.13287185462025,2516.5504917780236,2105.4176199234034,1974.0367361311933,15.0007070658244,,
5-174,HEALTH_MONITORING,467.3872941716087,1.0,100,CloudNode,577,1.0,12000.0,347.9443448456111,2517.155199430761,2169.2108545851497,1966.3574417505715,19.474470590483694,,
8-208,SENSOR_DATA_LOGGING,288.4231784463416,0.1,10000,CloudNode,755,1.0,12000.0,418.68302761998785,2520.116782540711,2101.433754920723,1982.7862325437673,12.017632435264233,,
0-186,E_COMMERCE_TRANSACTION,661.8026331267415,0.5,300,CloudNode,622,1.0,12000.0,363.4300322137667,2520.4578831017398,2157.027850887973,1954.9316893856044,27.575109713614232,,
8-180,HEALTH_MONITORING,836.4519384250192,1.0,100,CloudNode,542,1.0,12000.0,331.74223475531505,2520.4977296651496,2188.7554949098344,1941.5332673654339,34.85216410104246,,
0-211,GPS_TRACKING,612.3663933094962,0.2,200,CloudNode,712,1.0,12000.0,400.6255000808896,2521.874288756896,2121.2487886760064,1959.9911089537484,25.515266387895675,,
5-197,E_COMMERCE_TRANSACTION,260.8790771202116,0.5,300,CloudNode,707,1.0,12000.0,397.80791033270526,2522.2135502474785,2124.405639914773,1986.5757835712634,10.869961546675484,,
5-163,HEALTH_MONITORING,260.2848462267078,1.0,100,CloudNode,532,1.0,12000.0,328.54099161886046,2523.107442952749,2194.5664513338884,1986.6486631707785,10.845201926112825,,
1-212,SENSOR_DATA_LOGGING,874.5210628381127,0.1,10000,CloudNode,750,1.0,12000.0,413.9959951867227,2524.3209772316127,2110.32498204489,1941.8462643106868,36.4383776182547,,
1-215,SMART_HOME_CONTROL,663.88889086429,0.1,150,CloudNode,761,1.0,12000.0,420.3237470953741,2529.6297887092005,2109.3060416138264,1963.0440912786944,27.66203711934542,,
9-322,SENSOR_DATA_LOGGING,555.1453455017474,0.1,10000,FogNode_3,57,1.0,1899.4436001125757,677.2289279706018,2531.5554512331646,1854.3265232625627,1547.6826097568137,26.35712834050577,,
8-192,E_COMMERCE_TRANSACTION,644.9786725430787,0.5,300,CloudNode,659,1.0,12000.0,377.6757270065126,2532.3510061551838,2154.675279148671,1966.5067347336274,26.874111355961613,,
1-187,HEALTH_MONITORING,987.4923711397281,1.0,100,CloudNode,611,1.0,12000.0,358.9988309673722,2532.86863992645,2173.869808959078,1941.478088957258,41.14551546415534,,
1-213,GPS_TRACKING,213.7619769281445,0.2,200,CloudNode,751,1.0,12000.0,414.33582585506133,2534.363989855369,2120.0281640003077,2000.5460907449428,8.906749038672686,,
5-104,VOICE_ASSISTANT,72.66609422159985,2.0,150,FogNode_7,0,0.875,1727.0272900361456,210.84739028513675,2534.392770443406,2323.545380158269,2108.5073407390482,4.980467250901149,,
7-326,SENSOR_DATA_LOGGING,217.91204208858056,0.1,10000,FogNode_3,60,1.0,1899.4436001125757,683.6796235083865,2535.4582660425135,1851.778642534127,1723.4967661396304,10.346003450824817,,
1-342,SENSOR_DATA_LOGGING,275.7499220078057,0.1,10000,FogNode_3,57,1.0,1899.4436001125757,673.3563713053816,2536.0620074949334,1862.7056361895518,1696.3707539732677,13.092023815268238,,
1-216,SENSOR_DATA_LOGGING,280.27621006250365,0.1,10000,CloudNode,765,1.0,12000.0,423.3721950815848,2536.8136850401547,2113.44148995857,1997.7772319832434,11.678175419270985,,
6-323,VOICE_ASSISTANT,205.13293762906426,2.0,150,FogNode_8,2,1.0,770.9711269175084,637.2919669195893,2536.966910479514,1899.6749435599245,1463.7415480731536,19.49884326016887,,
4-162,HEALTH_MONITORING,80.05188241161792,1.0,100,CloudNode,538,1.0,12000.0,330.13391914251196,2539.539630127418,2209.4057109849064,2014.1777812391877,3.33549510048408,,
4-206,E_COMMERCE_TRANSACTION,940.2550697502262,0.5,300,CloudNode,744,1.0,12000.0,411.7297680335507,2540.4218399684837,2128.6920719349328,1952.0944481607562,39.17729457292609,,
8-214,SMART_HOME_CONTROL,216.25928537817688,0.1,150,CloudNode,764,1.0,12000.0,422.98747801360923,2542.3425843464606,2119.3551063328514,2006.5261345785839,9.010803557424037,,
7-177,SMART_HOME_CONTROL,617.9187870831736,0.1,150,CloudNode,708,1.0,12000.0,399.3183537552676,2546.532974204606,2147.2146204493383,1981.967694149724,25.746616128465565,,
2-237,SMART_HOME_CONTROL,283.3682562422355,0.1,150,CloudNode,755,1.0,12000.0,418.3954309432687,2546.7214643062684,2128.3260333629996,2005.8095901305664,11.80701067675981,,
7-185,GPS_TRACKING,979.490524602034,0.2,200,CloudNode,755,1.0,12000.0,417.25348276340804,2549.412966030233,2132.1594832668247,1957.2027505219357,40.81210519175142,,
3-209,SENSOR_DATA_LOGGING,752.4174591262275,0.1,10000,CloudNode,741,1.0,12000.0,409.7603272406845,2550.786647470812,2141.0263202301276,1975.4056411641716,31.35072746359281,,
6-170,HEALTH_MONITORING,378.7399305185113,1.0,100,CloudNode,548,1.0,12000.0,337.03650898656616,2551.6784434172537,2214.6419344306873,2003.63830974421,15.780830438271304,,
7-175,GPS_TRACKING,616.4117000058881,0.2,200,CloudNode,707,1.0,12000.0,395.4116327032755,2554.868812907939,2159.457180204664,1988.2212527021275,25.68382083357867,,
9-190,GPS_TRACKING,955.5020855871877,0.2,200,CloudNode,710,1.0,12000.0,400.05838968958074,2556.2217041413323,2156.163314451752,1965.0302650744716,39.812586899466154,,
4-139,VOICE_ASSISTANT,211.27947823488125,2.0,150,CloudNode,420,1.0,12000.0,275.0499751784478,2557.1462533136582,2282.0962781352105,2020.1280517221908,8.803311593120052,,
4-172,HEALTH_MONITORING,556.4425301138922,1.0,100,CloudNode,589,1.0,12000.0,349.847081611118,2559.8829016988147,2210.0358200876967,1997.7389607762348,23.185105421412175,,
6-199,E_COMMERCE_TRANSACTION,228.1925008916595,0.5,300,CloudNode,692,1.0,12000.0,391.32925516713044,2561.358626087432,2170.0293709203015,2022.7953205506356,9.508020870485813,,
7-182,SMART_HOME_CONTROL,751.5940957396438,0.1,150,CloudNode,744,1.0,12000.0,411.395140647178,2563.77306386927,2152.3779232220922,1986.892437591217,31.316420655818487,,
4-100,HEALTH_MONITORING,935.6102428771729,1.0,100,FogNode_7,0,0.875,1727.0272900361456,206.06402769497183,2563.789725466173,2357.7256977712013,1724.3210519119186,64.12586535953271,,
5-167,HEALTH_MONITORING,153.65153253864258,1.0,100,CloudNode,544,1.0,12000.0,332.55321744027793,2564.482737795474,2231.929520355196,2031.0723664098732,6.402147189110107,,
3-111,VOICE_ASSISTANT,598.3383942796489,2.0,150,CloudNode,342,1.0,12000.0,247.18896164525069,2567.0167322873986,2319.8277706421477,2000.937512284705,24.930766428318705,,
7-318,SENSOR_DATA_LOGGING,383.94968744064977,0.1,10000,FogNode_3,57,1.0,1899.4436001125757,671.8057730715491,2568.3801086309536,1896.5743355594045,1672.3068783369467,18.229120121729327,,
7-164,HEALTH_MONITORING,787.5124411082431,1.0,100,CloudNode,618,1.0,12000.0,362.3744614674898,2569.39742230303,2207.0229608355403,1988.4331647228219,32.81301837951013,,
6-103,GPS_TRACKING,855.0820958695123,0.2,200,FogNode_4,0,0.25,1758.3565909566523,222.15980070284255,2570.382108932704,2348.2223082298615,1840.1598273417417,71.23141661514089,,
4-119,VOICE_ASSISTANT,435.70288164687025,2.0,150,CloudNode,344,1.0,12000.0,249.2987502886378,2570.672563325941,2321.3738130373035,2015.1103875334584,18.15428673528626,,
5-199,E_COMMERCE_TRANSACTION,865.1887758048692,0.5,300,CloudNode,714,1.0,12000.0,401.42970975503334,2570.6844096451746,2169.254699890141,1985.1674838081174,36.04953232520289,,
8-152,VOICE_ASSISTANT,489.75124106873426,2.0,150,CloudNode,457,1.0,12000.0,287.749095759399,2573.1636095775784,2285.4145138181793,2013.9453168529396,20.406301711197262,,
7-192,SENSOR_DATA_LOGGING,627.7092001804035,0.1,10000,CloudNode,774,1.0,12000.0,425.23852328095126,2574.522650262512,2149.284126981561,2005.1200229981314,26.15455000751681,,
7-194,SENSOR_DATA_LOGGING,611.8276770944584,0.1,10000,CloudNode,780,1.0,12000.0,427.65606044126423,2580.615428467072,2152.9593680258076,2011.5450943900819,25.49281987893577,,
7-190,GPS_TRACKING,750.3368418394747,0.2,200,CloudNode,770,1.0,12000.0,424.56574138441755,2582.9859532550295,2158.420211870612,2003.858312514253,31.264035076644777,,
0-217,SENSOR_DATA_LOGGING,266.6401456863314,0.1,10000,CloudNode,741,1.0,12000.0,409.2346272711211,2583.57863822796,2174.3440109568387,2039.7264112998569,11.110006070263807,,
3-217,SENSOR_DATA_LOGGING,774.2460274421355,0.1,10000,CloudNode,756,1.0,12000.0,418.80131224892494,2585.018231951994,2166.216919703069,2003.8508765057995,32.26025114342231,,
0-199,HEALTH_MONITORING,965.2228410371335,1.0,100,CloudNode,663,1.0,12000.0,379.85521228607035,2585.7814805404805,2205.9262682544104,1989.9440942223284,40.217618376547236,,
8-273,HEALTH_MONITORING,430.1308449531684,1.0,100,FogNode_1,8,1.0,1597.9384595498836,547.2950718017959,2587.138471333401,2039.843399531605,1683.9078158285552,35.53207141768125,,
3-221,GPS_TRACKING,625.7099308210744,0.2,200,CloudNode,786,1.0,12000.0,430.8492477488779,2588.9561792752443,2158.106931526366,2017.5452805641692,26.071247117544768,,
9-197,E_COMMERCE_TRANSACTION,521.0406591841556,0.5,300,CloudNode,743,1.0,12000.0,411.9983055416119,2590.1415192382815,2178.1432136966696,2026.5835759998881,21.710027466006483,,
0-198,E_COMMERCE_TRANSACTION,828.0031803897075,0.5,300,CloudNode,662,1.0,12000.0,379.6897466238171,2590.8745537893715,2211.1848071655545,2004.8945245819268,34.50013251623781,,
4-210,GPS_TRACKING,520.8436823899955,0.2,200,CloudNode,755,1.0,12000.0,417.0033260475642,2594.1902876699783,2177.186961622414,2030.2183615877352,21.701820099583145,,
9-172,HEALTH_MONITORING,415.01920063937837,1.0,100,CloudNode,566,1.0,12000.0,344.24576215418676,2594.4678350854297,2250.222072931243,2038.280510684841,17.292466693307432,,
4-203,GPS_TRACKING,555.9567970225307,0.2,200,CloudNode,725,1.0,12000.0,404.1135024421177,2595.742699115444,2191.629196673326,2029.1932210525229,23.164866542605445,,
0-118,GPS_TRACKING,764.305168314165,0.2,200,FogNode_4,0,0.25,1758.3565909566523,219.86357566582768,2596.6052746452174,2376.7416989793896,1916.6144408465987,63.66937178111578,,
3-229,SENSOR_DATA_LOGGING,387.1089345889385,0.1,10000,CloudNode,822,1.0,12000.0,445.7075160787995,2596.7418156778854,2151.034299599086,2042.2213498260999,16.129538941205773,,
8-221,SMART_HOME_CONTROL,680.5025288569451,0.1,150,CloudNode,778,1.0,12000.0,426.87187400319243,2597.130384039896,2170.2585100367037,2020.9405779022895,28.354272035706046,,
8-497,GPS_TRACKING,228.2631172933106,0.2,200,FogNode_0,21,1.0,1189.2931772946604,989.6620164194827,2597.192275614314,1607.5302591948312,1389.6838983058537,14.534468227663183,,
3-90,VOICE_ASSISTANT,683.875479041778,2.0,150,FogNode_7,0,0.875,1727.0272900361456,199.34582310823143,2597.345887770859,2398.0000646626277,1831.188656986126,46.87219622228545,,
2-234,GPS_TRACKING,219.89487807592351,0.2,200,CloudNode,751,1.0,12000.0,414.45021609143157,2603.3428051249875,2188.892589033556,2060.620649896901,9.162286586496814,,
0-513,GPS_TRACKING,224.71058712907345,0.2,200,FogNode_0,21,1.0,1189.2931772946604,996.0116630462157,2608.733826475397,1612.7221634291814,1400.7180008242776,14.308263760589462,,
7-138,VOICE_ASSISTANT,648.8699399635085,2.0,150,CloudNode,441,1.0,12000.0,282.7211013271853,2611.2187483106172,2328.497646983432,2036.2676738142331,27.036247498479522,,
6-184,HEALTH_MONITORING,506.12482210209464,1.0,100,CloudNode,617,1.0,12000.0,361.8883910208596,2612.849631834449,2250.9612408135895,2048.0456864520584,21.088534254253943,,
5-213,E_COMMERCE_TRANSACTION,523.149750260362,0.5,300,CloudNode,761,1.0,12000.0,420.2207551270497,2612.9932348247266,2192.7724796976768,2046.8267300746065,21.797906260848418,,
1-139,VOICE_ASSISTANT,190.73016678402382,2.0,150,CloudNode,379,1.0,12000.0,264.81661601497535,2613.0245646052313,2348.207948590256,2071.5108743929354,7.947090282667658,,
6-507,SENSOR_DATA_LOGGING,230.15101801065316,0.1,10000,FogNode_0,21,1.0,1189.2931772946604,993.6624706075035,2613.1191837297292,1619.4567131222257,1403.2674404772335,14.654678769421182,,
6-175,HEALTH_MONITORING,626.5331798813584,1.0,100,CloudNode,563,1.0,12000.0,343.4202155506148,2615.9841621927167,2272.5639466421017,2042.0689213206247,26.105549161723264,,
4-133,VOICE_ASSISTANT,753.6754536221703,2.0,150,CloudNode,379,1.0,12000.0,264.23499650380677,2617.675100709787,2353.44010420598,2034.2509390039277,31.403143900923762,,
7-322,SENSOR_DATA_LOGGING,306.8233181443896,0.1,10000,FogNode_3,57,1.0,1899.4436001125757,677.5996220465324,2617.9252519613524,1940.32562991482,1758.075964994485,14.567323025796773,,
4-200,GPS_TRACKING,865.2013743808639,0.2,200,CloudNode,706,1.0,12000.0,397.7736337251932,2618.6330887363447,2220.8594550111516,2026.5845605515217,36.05005726586933,,
0-245,SMART_HOME_CONTROL,445.36248989786947,0.1,150,CloudNode,827,1.0,12000.0,448.4367415040215,2620.099494079852,2171.6627525758304,2059.0237295842962,18.556770412411225,,
1-108,VOICE_ASSISTANT,705.0866401314094,2.0,150,FogNode_7,0,0.875,1727.0272900361456,202.21713063343327,2620.4339386898487,2418.216808056415,1839.0252559634184,48.32598969078174,,
3-200,HEALTH_MONITORING,94.254642880544,1.0,100,CloudNode,692,1.0,12000.0,391.23763539595365,2620.87911817861,2229.6414827826566,2085.5042024126797,3.9272767866893328,,
3-357,SENSOR_DATA_LOGGING,404.4820060092793,0.1,10000,FogNode_3,57,1.0,1899.4436001125757,678.6042402451432,2623.9329992362277,1945.3287589910847,1716.3704468133842,19.203951235826842,,
0-252,SENSOR_DATA_LOGGING,165.34502482096266,0.1,10000,CloudNode,842,1.0,12000.0,454.1378421460383,2624.997500379031,2170.859658232993,2084.466937930083,6.889376034206778,,
8-209,SENSOR_DATA_LOGGING,67.8125724689219,0.1,10000,CloudNode,755,1.0,12000.0,418.7147430299864,2626.5301658843537,2207.815422854367,2092.204445030682,2.8255238528717457,,
1-217,SMART_HOME_CONTROL,848.0815268969669,0.1,150,CloudNode,774,1.0,12000.0,425.2616725140014,2626.8951647160798,2201.6334922020783,2035.5157975393172,35.33673028737362,,
6-104,SENSOR_DATA_LOGGING,906.2661498623725,0.1,10000,FogNode_4,0,0.25,1758.3565909566523,222.56435123273243,2628.289867123815,2405.7255158910825,1868.3740552944514,75.49523255939808,,
6-174,HEALTH_MONITORING,53.869262946393256,1.0,100,CloudNode,560,1.0,12000.0,341.5129171951393,2629.4866056245637,2287.9736884294243,2095.369023942456,2.2445526227663857,,
6-218,GPS_TRACKING,531.6615557795599,0.2,200,CloudNode,769,1.0,12000.0,424.1210592748338,2634.4466488865783,2210.3255896117444,2065.092191406382,22.152564824148328,,
4-218,SENSOR_DATA_LOGGING,381.71486798246724,0.1,10000,CloudNode,781,1.0,12000.0,428.74888757223357,2635.15237745686,2206.4034898846267,2077.6217810675375,15.904786165936134,,
5-129,VOICE_ASSISTANT,622.213159620438,2.0,150,CloudNode,366,1.0,12000.0,258.3567627895808,2635.429734862996,2377.0729720734153,2059.561356025132,25.92554831751825,,
8-222,GPS_TRACKING,822.4208440352827,0.2,200,CloudNode,778,1.0,12000.0,426.95763422553233,2635.5518026236723,2208.59416839814,2044.6713541505228,34.267535168136774,,
0-218,SENSOR_DATA_LOGGING,778.2326317222042,0.1,10000,CloudNode,741,1.0,12000.0,409.2482617537217,2638.016328887762,2228.7680671340404,2049.8594588594187,32.426359655091844,,
2-196,HEALTH_MONITORING,535.4597704152307,1.0,100,CloudNode,563,1.0,12000.0,341.9664642328864,2639.0894826200324,2297.123018387146,2069.0361675785725,22.31082376730128,,
3-113,VOICE_ASSISTANT,340.3471471127103,2.0,150,CloudNode,358,1.0,12000.0,254.86120007175163,2641.355497084119,2386.4942970123675,2086.139996032857,14.181131129696261,,
3-96,VOICE_ASSISTANT,139.94541616050827,2.0,150,FogNode_7,0,0.875,1727.0272900361456,213.31703654499978,2644.822270213963,2431.5052336689632,2177.116064903895,9.591730084950182,,
0-294,HEALTH_MONITORING,459.235077335279,1.0,100,FogNode_1,8,1.0,1597.9384595498836,543.9396256342797,2645.8109657152154,2101.8713400809356,1722.5788236983942,37.93630184126443,,
9-180,HEALTH_MONITORING,919.1347273736726,1.0,100,CloudNode,613,1.0,12000.0,361.2698020478076,2647.2789702596474,2286.00916821184,2048.034309613504,38.297280307236356,,
6-220,SENSOR_DATA_LOGGING,226.08606782023278,0.1,10000,CloudNode,801,1.0,12000.0,437.1926360009103,2648.32711127625,2211.13447527534,2099.5942467371083,9.420252825843033,,
6-280,HEALTH_MONITORING,394.53087856869905,1.0,100,FogNode_1,8,1.0,1597.9384595498836,551.1859986255369,2648.681050768532,2097.495052142995,1765.5077662228246,32.59124407901936,,
8-136,VOICE_ASSISTANT,373.1830283337315,2.0,150,CloudNode,399,1.0,12000.0,269.139473308979,2651.1980797743295,2382.0586064653503,2091.968524294351,15.549292847238814,,
4-176,HEALTH_MONITORING,297.89844407024975,1.0,100,CloudNode,600,1.0,12000.0,353.3156150292397,2651.355036223541,2298.039421194301,2096.711587997619,12.41243516959374,,
4-208,SMART_HOME_CONTROL,852.4453222317089,0.1,150,CloudNode,753,1.0,12000.0,415.7107563696394,2651.652538653048,2235.9417822834084,2056.9615271897756,35.518555092987874,,
1-226,GPS_TRACKING,161.7894325065708,0.2,200,CloudNode,825,1.0,12000.0,446.3592591369482,2652.5719353289132,2206.212676191965,2105.7285438769222,6.74122635444045,,
2-226,GPS_TRACKING,966.9097820492216,0.2,200,CloudNode,721,1.0,12000.0,403.7415984504059,2655.0984654332806,2251.3568669828746,2051.1160848191216,40.28790758538423,,
3-178,HEALTH_MONITORING,841.1770358387253,1.0,100,CloudNode,619,1.0,12000.0,362.4731429467901,2659.054265595138,2296.581122648348,2063.960880559574,35.04904315994688,,
9-362,SENSOR_DATA_LOGGING,73.184934775345,0.1,10000,FogNode_7,51,1.0,1727.0272900361456,757.8252419475734,2662.810185549163,1904.9849436015897,1847.7368228272558,5.016028105162655,,
7-106,GPS_TRACKING,770.6193892907988,0.2,200,FogNode_4,0,0.25,1758.3565909566523,222.94931911932292,2662.823621198276,2439.8743020789534,1978.7663535430138,64.19536911769819,,
0-227,GPS_TRACKING,903.4114525264218,0.2,200,CloudNode,763,1.0,12000.0,422.26033883229303,2666.1588414999064,2243.8985026676132,2065.4810029152272,37.64214385526758,,
3-133,VOICE_ASSISTANT,972.0739139083068,2.0,150,CloudNode,452,1.0,12000.0,285.39533709013375,2666.7876400328396,2381.392302942706,2060.9557010168255,40.50307974617945,,
6-335,VOICE_ASSISTANT,197.14307960472703,2.0,150,FogNode_8,2,1.0,770.9711269175084,649.6759771793232,2667.3343199062983,2017.6583427269752,1592.6370473085092,18.73936995915628,,
5-204,E_COMMERCE_TRANSACTION,861.9541328374747,0.5,300,CloudNode,730,1.0,12000.0,405.07673081861157,2668.571326747675,2263.4945959290635,2071.137045167688,35.91475553489478,,
9-220,SENSOR_DATA_LOGGING,675.9709412306415,0.1,10000,CloudNode,846,1.0,12000.0,455.9933209115976,2669.1805436036693,2213.187222692072,2086.0346564560787,28.165455884610065,,
5-228,SMART_HOME_CONTROL,419.53180649443476,0.1,150,CloudNode,850,1.0,12000.0,457.1607038487208,2670.1133613313964,2212.9526574826755,2104.580813006355,17.480491937268116,,
1-222,GPS_TRACKING,429.25202854393535,0.2,200,CloudNode,790,1.0,12000.0,432.80350578964686,2670.2176512652395,2237.4141454755927,2104.314868569175,17.88550118933064,,
6-187,HEALTH_MONITORING,913.1025202959887,1.0,100,CloudNode,628,1.0,12000.0,365.796428424817,2670.2821643613106,2304.4857359364937,2068.7642946363794,38.0459383456662,,
7-132,VOICE_ASSISTANT,906.2680410146779,2.0,150,CloudNode,404,1.0,12000.0,271.0374230418595,2671.265035866667,2400.2276128248077,2070.159624893685,37.76116837561158,,
8-148,VOICE_ASSISTANT,668.5510575953458,2.0,150,CloudNode,434,1.0,12000.0,279.9883656512657,2671.696750325662,2391.7083846743963,2088.147127707813,27.856294066472742,,
7-328,SENSOR_DATA_LOGGING,267.61494316808916,0.1,10000,FogNode_3,61,1.0,1899.4436001125757,686.0419092877739,2672.4466801973876,1986.4047709096137,1832.2632444045007,12.705792203919835,,
1-121,SENSOR_DATA_LOGGING,136.82901677397814,0.1,10000,FogNode_4,0,0.25,1758.3565909566523,226.09081737002236,2674.42169565885,2448.3308782888275,2348.10437443548,11.39834963911428,,
3-227,GPS_TRACKING,326.18046851180884,0.2,200,CloudNode,809,1.0,12000.0,441.9520248103052,2674.460675968965,2232.5086511586596,2113.6501627260886,13.590852854658701,,
0-202,HEALTH_MONITORING,311.9969966457964,1.0,100,CloudNode,683,1.0,12000.0,388.7850854692588,2678.5716850493964,2289.7865995801376,2118.2428753331624,12.999874860241517,,
7-215,SENSOR_DATA_LOGGING,329.8327459916188,0.1,10000,CloudNode,863,1.0,12000.0,467.3137220359033,2678.841098389509,2211.527376353606,2117.2002533264067,13.743031082984118,,
5-137,VOICE_ASSISTANT,520.1122529045967,2.0,150,CloudNode,415,1.0,12000.0,273.34531668640994,2678.894490365722,2405.549173679312,2102.952577571017,21.671343871024867,,
2-360,GPS_TRACKING,498.3160871832716,0.2,200,FogNode_3,58,1.0,1899.4436001125757,669.6897750048403,2679.711092871398,2010.0213178665576,1721.8154331712476,23.658995199099277,,
5-217,GPS_TRACKING,347.36412883442864,0.2,200,CloudNode,809,1.0,12000.0,442.245360746886,2680.59954938925,2238.354188642364,2117.3870511781824,14.473505368101193,,
9-202,SENSOR_DATA_LOGGING,781.2805072154649,0.1,10000,CloudNode,761,1.0,12000.0,420.4719728133476,2683.7397976709667,2263.267824857619,2090.64033644519,32.55335446731104,,
2-306,HEALTH_MONITORING,389.2913490608733,1.0,100,FogNode_1,8,1.0,1597.9384595498836,543.046465456839,2684.713519789712,2141.667054332873,1804.4346115471599,32.158419186660424,,
2-252,GPS_TRACKING,239.4281962618394,0.2,200,CloudNode,829,1.0,12000.0,449.08867788111513,2686.7399897213263,2237.6513118402113,2132.0509939119947,9.976174844243308,,
1-210,GPS_TRACKING,443.28455443848264,0.2,200,CloudNode,747,1.0,12000.0,413.1856093783742,2688.1384593108696,2274.9528499324956,2117.0738069202625,18.47018976827011,,
4-219,SENSOR_DATA_LOGGING,300.2366227319046,0.1,10000,CloudNode,785,1.0,12000.0,430.30746808864177,2691.1785600608987,2260.871091972257,2131.6184734024373,12.509859280496025,,
1-235,SMART_HOME_CONTROL,284.81599913493073,0.1,150,CloudNode,861,1.0,12000.0,464.1419579141309,2692.3059933422523,2228.1640354281217,2133.659597263002,11.86733329728878,,
0-180,HEALTH_MONITORING,449.0178803131344,1.0,100,CloudNode,609,1.0,12000.0,357.9837494025162,2692.516622126042,2334.5328727235255,2120.6883935260034,18.7090783463806,,
8-235,SENSOR_DATA_LOGGING,795.4378341842772,0.1,10000,CloudNode,850,1.0,12000.0,457.0207622344438,2693.181650898103,2236.160888663659,2097.0463752224814,33.14324309101155,,
9-114,VOICE_ASSISTANT,908.931768396991,2.0,150,FogNode_7,0,0.875,1727.0272900361456,201.12368326624178,2693.8564537857155,2492.732770519474,1800.608651517646,62.29734726074309,,
8-165,VOICE_ASSISTANT,283.38606962233735,2.0,150,CloudNode,495,1.0,12000.0,308.91036669436835,2695.312256127523,2386.401889433155,2135.0748274581383,11.807752900930723,,
6-159,VOICE_ASSISTANT,448.5853100407036,2.0,150,CloudNode,498,1.0,12000.0,311.1676251320339,2696.436374765197,2385.2687496331628,2124.616001281899,18.691054585029317,,
9-205,GPS_TRACKING,956.2706991838882,0.2,200,CloudNode,772,1.0,12000.0,424.741476128041,2697.3643256417777,2272.6228495137366,2089.698961389329,39.84461246599534,,
9-156,VOICE_ASSISTANT,739.6336224722419,2.0,150,CloudNode,484,1.0,12000.0,299.87832438181346,2699.6524640937823,2399.774139711969,2104.6735887141426,30.81806760301008,,
5-103,VOICE_ASSISTANT,657.9605556919726,2.0,150,FogNode_7,0,0.875,1727.0272900361456,209.30084544209285,2703.172739055166,2493.871893613073,1943.6997656599551,45.0960112155653,,
9-367,SENSOR_DATA_LOGGING,72.84336473453136,0.1,10000,FogNode_7,51,1.0,1727.0272900361456,762.6318706421965,2704.988653228737,1942.3567825865402,1879.9461494595487,4.9926172087826535,,
2-240,SENSOR_DATA_LOGGING,777.9684939739489,0.1,10000,CloudNode,765,1.0,12000.0,423.35000430466465,2706.1862049152815,2282.8362006106167,2107.765478326596,32.4153539155812,,
9-363,SENSOR_DATA_LOGGING,107.15352981710691,0.1,10000,FogNode_7,51,1.0,1727.0272900361456,758.1838059256888,2706.8673406279136,1948.6835347022247,1871.0543332346506,7.344204360909866,,
4-326,GPS_TRACKING,326.3474059686114,0.2,200,FogNode_3,57,1.0,1899.4436001125757,672.7405260595781,2707.270372466347,2034.529846406769,1832.4296055727145,15.494285473890828,,
0-246,SMART_HOME_CONTROL,889.9332570552792,0.1,150,CloudNode,833,1.0,12000.0,449.6350254328274,2709.590839617603,2259.9558141847756,2103.7342282462832,37.080552377303306,,
3-239,SMART_HOME_CONTROL,762.4078460890825,0.1,150,CloudNode,858,1.0,12000.0,462.70944823913493,2711.8610984503403,2249.1516502112054,2114.3823225898886,31.7669935870451,,
0-369,SENSOR_DATA_LOGGING,335.64525116023935,0.1,10000,FogNode_3,59,1.0,1899.4436001125757,681.9278529655707,2712.7691501236204,2030.8412971580497,1832.5556360337687,15.935727523241708,,
4-222,GPS_TRACKING,222.0336526122886,0.2,200,CloudNode,811,1.0,12000.0,441.22308739190265,2713.8150605118803,2272.591973119978,2154.979646119851,9.251402192178691,,
6-213,SMART_HOME_CONTROL,320.5935540337496,0.1,150,CloudNode,759,1.0,12000.0,419.90012088497434,2714.8545888136823,2294.954467928708,2148.856402392058,13.358064751406236,,
3-242,SENSOR_DATA_LOGGING,546.0279319918686,0.1,10000,CloudNode,861,1.0,12000.0,464.4351486584561,2715.6156889973854,2251.1805403389294,2134.742853051195,22.751163832994525,,
4-229,SENSOR_DATA_LOGGING,454.9665371125846,0.1,10000,CloudNode,833,1.0,12000.0,449.7949306938247,2716.7549764822247,2266.9600457884,2141.694009234521,18.95693904635769,,
8-215,SENSOR_DATA_LOGGING,476.09161549336613,0.1,10000,CloudNode,764,1.0,12000.0,423.08644137570377,2718.24598634051,2295.1595449648066,2141.586273475121,19.83715064555692,,
9-253,HEALTH_MONITORING,605.0801071669624,1.0,100,FogNode_1,8,1.0,1597.9384595498836,549.0755020369093,2719.0039783396387,2169.9284763027295,1705.1590988901194,49.984207906818625,,
9-323,GPS_TRACKING,286.11920675469986,0.2,200,FogNode_3,57,1.0,1899.4436001125757,678.7200711187759,2719.0132765427265,2040.2932054239507,1862.8133925974248,13.584335551442704,,
1-221,GPS_TRACKING,607.94306107494,0.2,200,CloudNode,788,1.0,12000.0,432.21791580042634,2721.926957622912,2289.7090418224857,2134.9624679520043,25.3309608781225,,
7-206,GPS_TRACKING,634.7742699685134,0.2,200,CloudNode,837,1.0,12000.0,451.9463544944611,2723.18002019202,2271.233665697559,2134.5091174555437,26.448927915354727,,
3-251,SENSOR_DATA_LOGGING,433.0252753388651,0.1,10000,CloudNode,874,1.0,12000.0,476.25074045049035,2728.3914329538243,2252.140692503334,2152.5813705341625,18.042719805786046,,
3-226,SMART_HOME_CONTROL,703.0506676082175,0.1,150,CloudNode,809,1.0,12000.0,440.1437767403272,2728.8052068992574,2288.66143015893,2134.6485662951577,29.293777817009065,,
8-170,VOICE_ASSISTANT,102.37171049713132,2.0,150,CloudNode,508,1.0,12000.0,317.799158160384,2730.457933497673,2412.6587753372887,2178.6937782364566,4.265487937380472,,
3-252,SENSOR_DATA_LOGGING,303.74786371000164,0.1,10000,CloudNode,874,1.0,12000.0,476.4205226692283,2737.173420426174,2260.7528977569455,2170.3186834938606,12.656160987916735,,
9-153,VOICE_ASSISTANT,681.7638351219788,2.0,150,CloudNode,469,1.0,12000.0,293.63456359746294,2737.413202316082,2443.778638718619,2142.8481248796643,28.406826463415783,,
4-230,GPS_TRACKING,769.1108059885302,0.2,200,CloudNode,847,1.0,12000.0,456.1587312422398,2738.553243134676,2282.394511892436,2137.715922135864,32.04628358285542,,
1-276,HEALTH_MONITORING,148.68997527184212,1.0,100,FogNode_1,8,1.0,1597.9384595498836,554.513113592708,2738.862093174608,2184.3489795819,2001.259602121981,12.282920144979563,,
2-530,GPS_TRACKING,169.40633269471445,0.2,200,FogNode_0,21,1.0,1189.2931772946604,998.6540864316803,2739.63514498322,1740.9810585515397,1577.299345708361,10.786810367407629,,
9-212,SMART_HOME_CONTROL,153.13461255334408,0.1,150,CloudNode,794,1.0,12000.0,434.9791887910042,2741.566424612036,2306.5872358210318,2184.7526207418323,6.380608856389337,,
9-370,GPS_TRACKING,84.0658474545638,0.2,200,FogNode_7,50,1.0,1727.0272900361456,769.1661093695086,2742.5330716594285,1973.36696228992,1903.313455710017,5.761795850619047,,
0-209,HEALTH_MONITORING,600.2431261385982,1.0,100,CloudNode,706,1.0,12000.0,398.42323324800293,2743.201911409653,2344.77867816165,2153.1446590454157,25.010130255774925,,
9-218,SMART_HOME_CONTROL,376.0152847371315,0.1,150,CloudNode,826,1.0,12000.0,447.26744018020884,2745.149667573308,2297.882227393099,2171.405457386966,15.66730353071381,,
7-487,E_COMMERCE_TRANSACTION,159.35107846056104,0.5,300,FogNode_0,21,1.0,1189.2931772946604,992.2573224208286,2747.1072377292016,1754.849915308373,1566.1550257002327,10.14655023725448,,
1-227,SENSOR_DATA_LOGGING,402.21175233610353,0.1,10000,CloudNode,833,1.0,12000.0,449.8480745930969,2749.133335025394,2299.285260432297,2173.0600035581924,16.758823014004314,,
8-188,HEALTH_MONITORING,475.65812127923385,1.0,100,CloudNode,611,1.0,12000.0,358.23578184295303,2749.2290163908724,2390.993234547919,2168.5274180091274,19.819088386634743,,
0-237,GPS_TRACKING,844.6245005549874,0.2,200,CloudNode,807,1.0,12000.0,438.8957551746075,2749.279865411971,2310.3841102373635,2141.1684975989465,35.19268752312448,,
8-198,HEALTH_MONITORING,971.4456863248885,1.0,100,CloudNode,674,1.0,12000.0,384.1897443459435,2750.13435079741,2365.944606451467,2134.0915416724474,40.47690359687035,,
0-174,HEALTH_MONITORING,634.2812165739796,1.0,100,CloudNode,584,1.0,12000.0,349.18286361063764,2752.509232141614,2403.3263685309767,2158.7990406355207,26.428384023915818,,
9-373,SENSOR_DATA_LOGGING,85.37768626617529,0.1,10000,FogNode_7,51,1.0,1727.0272900361456,773.2741030550453,2752.608950491285,1979.33484743624,1910.3451527801049,5.851708075979166,,
9-151,VOICE_ASSISTANT,826.8733405106359,2.0,150,CloudNode,457,1.0,12000.0,288.2070299647444,2752.6459093801864,2464.438879415442,2145.455103985731,34.45305585460983,,
1-116,VOICE_ASSISTANT,378.1477819852447,2.0,150,FogNode_7,0,1.0,1727.0272900361456,214.99609263149605,2753.3515466983717,2538.3554540668756,2148.80814763951,25.917901111280536,,
9-217,SMART_HOME_CONTROL,802.3925416955473,0.1,150,CloudNode,825,1.0,12000.0,446.8164469475626,2753.606034862622,2306.789587915059,2148.4490236379606,33.4330225706478,,
8-210,GPS_TRACKING,163.5751597375301,0.2,200,CloudNode,758,1.0,12000.0,419.6351907351769,2755.1976879234967,2335.56249718832,2196.7394992157197,6.815631655730421,,
5-145,VOICE_ASSISTANT,712.9590315036063,2.0,150,CloudNode,444,1.0,12000.0,283.9775304887876,2755.8496273904975,2471.87209690171,2155.86198557023,29.706626312650265,,
9-380,SENSOR_DATA_LOGGING,88.46632097113387,0.1,10000,FogNode_7,52,1.0,1727.0272900361456,777.370902072576,2756.213275724009,1978.8423736514328,1910.9935295259597,6.063400257357898,,
0-204,HEALTH_MONITORING,843.6015198696471,1.0,100,CloudNode,690,1.0,12000.0,390.76771030713877,2762.816748781846,2372.0490384747072,2152.760243919096,35.15006332790196,,
6-219,E_COMMERCE_TRANSACTION,874.4016223150202,0.5,300,CloudNode,781,1.0,12000.0,428.574574356291,2764.0453619204836,2335.4707875641925,2151.682145008612,36.433400929792505,,
4-221,GPS_TRACKING,584.0480578998403,0.2,200,CloudNode,808,1.0,12000.0,439.9654634199845,2765.425647973878,2325.460184553893,2174.118669895008,24.33533574582668,,
5-109,GPS_TRACKING,181.90626765298347,0.2,200,FogNode_4,0,0.25,1758.3565909566523,220.89852099562566,2766.2760543330223,2545.3775333373965,2411.0982205684572,15.15344690139826,,
3-174,HEALTH_MONITORING,541.6708741288554,1.0,100,CloudNode,610,1.0,12000.0,358.085977548005,2768.319259702758,2410.233282154753,2179.8654374927833,22.569619755368976,,
2-260,GPS_TRACKING,253.78654079022166,0.2,200,CloudNode,861,1.0,12000.0,464.2226133914596,2770.282213424579,2306.0596000331193,2204.0468957090925,10.57443919959257,,
8-240,SENSOR_DATA_LOGGING,988.562934192303,0.1,10000,CloudNode,865,1.0,12000.0,467.8045251048705,2779.744570157803,2311.9400450529324,2156.571402862031,41.19012225801263,,
0-299,HEALTH_MONITORING,102.03001104335465,1.0,100,FogNode_1,10,1.0,1597.9384595498836,557.6481158135491,2782.8550049130245,2225.206889099475,2068.3020061578845,8.428453066494225,,
1-111,VOICE_ASSISTANT,756.8108269720886,2.0,150,FogNode_7,0,0.875,1727.0272900361456,208.34325662092135,2783.6002544547796,2575.2569978338583,1965.363011123376,51.87111787468957,,
2-119,VOICE_ASSISTANT,954.0249343817793,2.0,150,FogNode_7,0,0.875,1727.0272900361456,208.73560848416346,2783.7925009645587,2575.056892480395,1853.6339303526988,65.38799137520178,,
8-228,GPS_TRACKING,504.8707205197641,0.2,200,CloudNode,815,1.0,12000.0,444.64988116126557,2785.2744714529667,2340.624590291701,2198.3243972345927,21.036280021656836,,
4-231,SENSOR_DATA_LOGGING,805.0109171753126,0.1,10000,CloudNode,850,1.0,12000.0,456.98274816420303,2785.330229438453,2328.3474812742497,2175.1409882818243,33.54212154897136,,
3-180,HEALTH_MONITORING,977.3358485796865,1.0,100,CloudNode,635,1.0,12000.0,367.27815007763786,2787.6308589635887,2420.352708885951,2165.220041191683,40.72232702415361,,
2-258,GPS_TRACKING,640.2638592208815,0.2,200,CloudNode,854,1.0,12000.0,459.0221032277833,2790.528742027914,2331.506638800131,2192.804324767108,26.677660800870065,,
0-251,GPS_TRACKING,247.46332218148984,0.2,200,CloudNode,841,1.0,12000.0,453.5352927715454,2790.904156939703,2337.368864168158,2220.7918874082384,10.310971757562076,,
2-246,SENSOR_DATA_LOGGING,503.99303026792484,0.1,10000,CloudNode,808,1.0,12000.0,439.65550771604217,2791.228435579866,2351.5729278638237,2203.7043332138737,20.999709594496867,,
4-232,GPS_TRACKING,654.3576230209768,0.2,200,CloudNode,858,1.0,12000.0,462.49141246335984,2791.9430042344966,2329.451591771137,2192.9930252434024,27.264900959207367,,
5-192,HEALTH_MONITORING,505.73736302955234,1.0,100,CloudNode,689,1.0,12000.0,390.5071134708503,2794.790689632649,2404.283576161799,2205.0640295578214,21.072390126231348,,
6-226,GPS_TRACKING,481.0851674549852,0.2,200,CloudNode,837,1.0,12000.0,452.16402273688493,2795.9400580117463,2343.7760352748614,2207.307499503113,20.045215310624382,,
5-210,E_COMMERCE_TRANSACTION,989.5128140693818,0.5,300,CloudNode,755,1.0,12000.0,416.6654552389053,2797.3139899861308,2380.6485347472253,2172.3870115894997,41.22970058622424,,
9-381,GPS_TRACKING,158.04368977939828,0.2,200,FogNode_7,52,1.0,1727.0272900361456,779.141664642917,2798.3793223384578,2019.2376576955407,1906.213493925721,10.83216910981161,,
4-227,SENSOR_DATA_LOGGING,645.2545905977981,0.1,10000,CloudNode,827,1.0,12000.0,447.68883194313344,2798.920883456458,2351.232051513324,2200.1981768777673,26.88560794157492,,
0-259,GPS_TRACKING,257.00072293289145,0.2,200,CloudNode,871,1.0,12000.0,471.3723846606572,2801.1612970688775,2329.7889124082203,2230.1991312353634,10.708363455537143,,
5-388,SENSOR_DATA_LOGGING,101.35758810728882,0.1,10000,FogNode_7,52,1.0,1727.0272900361456,779.0627041934894,2801.222119998188,2022.1594158046987,1941.546811874371,6.946955847925931,,
1-229,GPS_TRACKING,461.7283401689841,0.2,200,CloudNode,842,1.0,12000.0,454.09856637923167,2802.5227236012324,2348.4241572220008,2215.1693464562154,19.238680840374336,,
4-142,VOICE_ASSISTANT,919.1597128250113,2.0,150,CloudNode,440,1.0,12000.0,282.6623484866142,2804.9880756892417,2522.3257272026276,2184.716786509743,38.2983213677088,,
2-174,VOICE_ASSISTANT,807.466593491076,2.0,150,CloudNode,485,1.0,12000.0,300.54318928384953,2805.842125925599,2505.298936641749,2194.0236797488997,33.6444413954615,,
0-236,SENSOR_DATA_LOGGING,658.3379804228691,0.1,10000,CloudNode,807,1.0,12000.0,438.7380336456238,2807.3707305101866,2368.6326968645626,2205.4690156844945,27.430749184286213,,
5-345,GPS_TRACKING,361.1781549369238,0.2,200,FogNode_3,60,1.0,1899.4436001125757,684.2645838066948,2808.0747014714707,2123.810117664776,1911.073070260687,17.147975860007666,,
3-245,SMART_HOME_CONTROL,555.5893790642031,0.1,150,CloudNode,871,1.0,12000.0,470.2645983385074,2809.115863703863,2338.8512653653556,2214.1169615187982,23.149557461008463,,
1-204,HEALTH_MONITORING,224.11602515072735,1.0,100,CloudNode,696,1.0,12000.0,392.3472494574638,2809.2050774571417,2416.8578279996777,2240.5942750013437,9.33816771461364,,
7-193,SMART_HOME_CONTROL,964.3120406745649,0.1,150,CloudNode,775,1.0,12000.0,425.90975857687874,2810.8172702205534,2384.9075116436748,2186.3201277336384,40.1796683614402,,
2-245,SENSOR_DATA_LOGGING,545.2202953135786,0.1,10000,CloudNode,795,1.0,12000.0,435.12325541125654,2810.860672583343,2375.737417172086,2216.486944075251,22.71751230473244,,
3-290,HEALTH_MONITORING,276.0426067575861,1.0,100,FogNode_1,10,1.0,1597.9384595498836,558.337842401155,2821.4302609198057,2263.092418518651,2002.6213344608211,22.80321379579593,,
2-247,E_COMMERCE_TRANSACTION,389.5535847910188,0.5,300,CloudNode,810,1.0,12000.0,440.72512392847244,2823.366955672288,2382.6418317438156,2240.8316967177875,16.23139936629245,,
0-235,GPS_TRACKING,663.8848954961455,0.2,200,CloudNode,801,1.0,12000.0,436.9453205743885,2823.643000994103,2386.6976804197147,2218.937477515774,27.66187064567273,,
0-241,SENSOR_DATA_LOGGING,906.8222609012627,0.1,10000,CloudNode,812,1.0,12000.0,443.35872309880637,2824.848387153743,2381.4896640549364,2203.125046814429,37.784260870885944,,
5-226,GPS_TRACKING,403.66697315714595,0.2,200,CloudNode,850,1.0,12000.0,456.82948289953475,2824.8673500096284,2368.0378671100934,2241.0545783846164,16.81945721488108,,
1-200,HEALTH_MONITORING,901.3287186731951,1.0,100,CloudNode,675,1.0,12000.0,385.1217913611322,2828.7167614187215,2443.5949700575893,2205.7598080841003,37.555363278049796,,
5-230,SMART_HOME_CONTROL,947.8296470310808,0.1,150,CloudNode,855,1.0,12000.0,461.04020917297595,2829.120154716667,2368.079945543691,2203.788570025731,39.49290195962837,,
8-406,SMART_HOME_CONTROL,131.70448945942505,0.1,150,FogNode_7,54,1.0,1727.0272900361456,791.3393920999436,2829.612350577544,2038.2729584776005,1942.5502910379087,9.026904549857344,,
5-156,VOICE_ASSISTANT,897.343714396182,2.0,150,CloudNode,500,1.0,12000.0,314.16776167756603,2829.976330789845,2515.808569112279,2207.247807606407,37.38932143317425,,
7-197,GPS_TRACKING,555.9477775099349,0.2,200,CloudNode,790,1.0,12000.0,433.18342645391374,2831.6592108976142,2398.4757844437004,2235.605716573499,23.16449072958062,,
2-215,HEALTH_MONITORING,596.942981888615,1.0,100,CloudNode,668,1.0,12000.0,380.852696220003,2835.019719943685,2454.1670237236817,2235.584920277658,24.87262424535896,,
4-153,VOICE_ASSISTANT,474.8237608682428,2.0,150,CloudNode,493,1.0,12000.0,306.70174737823584,2835.5087047507664,2528.8069573725306,2244.8582271835494,19.784323369510115,,
5-211,E_COMMERCE_TRANSACTION,300.1444289921699,0.5,300,CloudNode,756,1.0,12000.0,418.8731449509436,2835.829305969901,2416.956161018957,2256.3491500801474,12.506017874673745,,
3-230,SENSOR_DATA_LOGGING,161.17477040591078,0.1,10000,CloudNode,824,1.0,12000.0,446.2593257682601,2838.2985808767876,2392.0392551085274,2269.1592891417927,6.715615433579616,,
2-250,E_COMMERCE_TRANSACTION,532.360189164651,0.5,300,CloudNode,827,1.0,12000.0,448.0201385317091,2839.154038729703,2391.133900197994,2243.789720345813,22.181674548527127,,
3-248,SENSOR_DATA_LOGGING,573.8570202742487,0.1,10000,CloudNode,874,1.0,12000.0,474.68959207524404,2839.764422590684,2365.0748305154398,2241.5838419019997,23.910709178093697,,
7-366,HEALTH_MONITORING,75.03490180172344,1.0,100,FogNode_7,51,1.0,1727.0272900361456,755.7512857606116,2841.826754949759,2086.0754691891475,1954.8680722154277,5.142823143327593,,
4-466,HEALTH_MONITORING,113.10743650676187,1.0,100,FogNode_0,21,1.0,1189.2931772946604,980.6722374641561,2842.211992945281,1861.539755481125,1672.7774957050524,7.202023970028988,,
2-419,HEALTH_MONITORING,73.59399903359339,1.0,100,FogNode_7,50,1.0,1727.0272900361456,770.0555371231266,2843.835227190057,2073.7796900669305,1945.1973292721127,5.044064993116304,,
1-224,GPS_TRACKING,599.1401171349908,0.2,200,CloudNode,820,1.0,12000.0,445.24871862028084,2847.2423330807133,2401.9936144604326,2246.0786755756762,24.964171547291283,,
9-257,VOICE_ASSISTANT,173.25770278405992,2.0,150,FogNode_1,8,1.0,1597.9384595498836,554.3534610318999,2847.2878599797104,2292.9343989478107,2019.1889446161597,14.312400845507561,,
5-492,HEALTH_MONITORING,128.60821385962402,1.0,100,FogNode_0,21,1.0,1189.2931772946604,981.4453681267031,2847.773505073854,1866.3281369471506,1668.4707413574579,8.189023353068862,,
2-221,HEALTH_MONITORING,242.38285818039517,1.0,100,CloudNode,682,1.0,12000.0,388.2568590390545,2851.8577824126473,2463.6009233735927,2273.7166112079976,10.099285757516466,,
1-211,HEALTH_MONITORING,529.6360924087317,1.0,100,CloudNode,747,1.0,12000.0,413.38756148424744,2853.3414184912026,2439.9538570069553,2254.995616583391,22.068170517030484,,
6-408,GPS_TRACKING,168.15024330956396,0.2,200,FogNode_7,52,1.0,1727.0272900361456,780.5776316359019,2853.5772515451695,2072.9996199092675,1944.8894948775437,11.524862991540948,,
7-201,SENSOR_DATA_LOGGING,224.8467031720273,0.1,10000,CloudNode,809,1.0,12000.0,442.0387405706305,2854.2459300151017,2412.207189444471,2277.194703651925,9.368612632167805,,
8-223,E_COMMERCE_TRANSACTION,581.3119740632641,0.5,300,CloudNode,781,1.0,12000.0,428.75085502692417,2854.284790430871,2425.533935403947,2252.6442354427313,24.221332252636003,,
5-225,SMART_HOME_CONTROL,647.0305443299604,0.1,150,CloudNode,842,1.0,12000.0,454.10373023535243,2856.441935628729,2402.3382053933765,2250.5514054169403,26.95960601374835,,
4-239,SMART_HOME_CONTROL,251.55245786023792,0.1,150,CloudNode,884,1.0,12000.0,481.2885477127674,2856.7920107915875,2375.50346307882,2277.302125141162,10.481352410843247,,
7-315,E_COMMERCE_TRANSACTION,351.01827301108545,0.5,300,FogNode_3,59,1.0,1899.4436001125757,664.9082128133113,2857.247257055938,2192.3390442426266,1958.9155222988488,16.665606127443883,,
5-343,E_COMMERCE_TRANSACTION,275.17819032078114,0.5,300,FogNode_3,58,1.0,1899.4436001125757,679.0119181787638,2857.6422015290277,2178.630283350264,1984.7299484988448,13.064879202468468,,
6-222,E_COMMERCE_TRANSACTION,591.2043235173522,0.5,300,CloudNode,811,1.0,12000.0,441.3752065347077,2858.3828906636422,2417.0076841289347,2254.9864663773888,24.633513479889675,,
9-191,HEALTH_MONITORING,862.0436296621976,1.0,100,CloudNode,711,1.0,12000.0,400.4759543287807,2859.467828102105,2458.9918737733246,2237.7952913331364,35.91848456925824,,
8-500,GPS_TRACKING,305.3762531871095,0.2,200,FogNode_0,21,1.0,1189.2931772946604,997.1951115644924,2865.505040686651,1868.3099291221583,1580.724825321116,19.444584399185125,,
0-416,E_COMMERCE_TRANSACTION,143.38850262176211,0.5,300,FogNode_7,52,1.0,1727.0272900361456,780.9280217577334,2866.6264483366153,2085.698426578882,1950.698257711294,9.827716063637869,,
7-227,SENSOR_DATA_LOGGING,162.90396936444512,0.1,10000,CloudNode,894,1.0,12000.0,486.55917517370847,2866.916749271573,2380.3575740978645,2293.6901339946353,6.7876653901852135,,
3-191,HEALTH_MONITORING,729.2293163667332,1.0,100,CloudNode,668,1.0,12000.0,381.4468486097796,2868.139840207414,2486.692991597635,2253.9094138845794,30.38455484861388,,
6-225,SENSOR_DATA_LOGGING,843.2578926155896,0.1,10000,CloudNode,838,1.0,12000.0,451.3447419308966,2869.192374507757,2417.8476325768606,2246.9936137011064,35.13574552564957,,
0-261,SENSOR_DATA_LOGGING,829.4666877744934,0.1,10000,CloudNode,882,1.0,12000.0,481.0658695483863,2870.2835210500853,2389.217651501699,2249.2173473879857,34.56111199060389,,
2-243,GPS_TRACKING,419.4911978043838,0.2,200,CloudNode,787,1.0,12000.0,431.93358168386646,2874.1116385467353,2442.1780568628687,2280.3727546220744,17.47879990851599,,
3-218,E_COMMERCE_TRANSACTION,546.0430681224793,0.5,300,CloudNode,762,1.0,12000.0,421.9843279375464,2874.220350428928,2452.236022491382,2272.3801184319154,22.751794505103305,,
8-190,HEALTH_MONITORING,860.0271514745568,1.0,100,CloudNode,642,1.0,12000.0,369.6488209078359,2876.657004978788,2507.0081840709518,2252.3579153779338,35.834464644773206,,
3-358,E_COMMERCE_TRANSACTION,300.89355939522153,0.5,300,FogNode_3,58,1.0,1899.4436001125757,678.8876593372734,2877.424697327944,2198.537037990671,1987.9685356267373,14.285790606140436,,
8-243,SENSOR_DATA_LOGGING,590.3556401423103,0.1,10000,CloudNode,875,1.0,12000.0,476.1916874145273,2879.1726341350377,2402.9809467205105,2272.4643836471687,24.598151672596266,,
3-234,E_COMMERCE_TRANSACTION,655.1392393821769,0.5,300,CloudNode,839,1.0,12000.0,452.7413069005304,2879.443323768924,2426.702016868394,2269.778776272992,27.297468307590705,,
5-268,HEALTH_MONITORING,470.061602846452,1.0,100,FogNode_1,8,1.0,1597.9384595498836,551.6448482677667,2881.3059970207555,2329.661148752989,1947.1047177586238,38.83065499491987,,
6-231,SMART_HOME_CONTROL,520.7195790254798,0.1,150,CloudNode,858,1.0,12000.0,463.2499439507844,2881.691879128911,2418.441935178126,2279.7470562637727,21.696649126061658,,
7-323,GPS_TRACKING,492.0273657836031,0.2,200,FogNode_3,57,1.0,1899.4436001125757,678.2861215782181,2882.9706278104277,2204.6845062322095,1915.4568650231747,23.360419991053647,,
9-200,HEALTH_MONITORING,667.7461799632792,1.0,100,CloudNode,755,1.0,12000.0,416.5840061275764,2884.765669713607,2468.181663586031,2272.6983156820006,27.82275749846997,,
0-256,SENSOR_DATA_LOGGING,540.2975256599907,0.1,10000,CloudNode,858,1.0,12000.0,463.1839003937497,2884.789216395683,2421.6053160019333,2280.671217246132,22.512396902499614,,
0-164,VOICE_ASSISTANT,913.5028349332555,2.0,150,CloudNode,532,1.0,12000.0,328.43925541956327,2886.985908827781,2558.5466534082175,2255.9463685666788,38.06261812221898,,
8-398,HEALTH_MONITORING,102.86165624130658,1.0,100,FogNode_7,52,1.0,1727.0272900361456,774.2325159768786,2889.1722989551713,2114.939782978293,1962.058741588236,7.050043294208035,,
3-240,SENSOR_DATA_LOGGING,678.1502354766428,0.1,10000,CloudNode,857,1.0,12000.0,462.7538306790503,2891.5322395667386,2428.7784088876883,2277.0071750678253,28.256259811526785,,
2-430,HEALTH_MONITORING,87.73529852776223,1.0,100,FogNode_7,53,1.0,1727.0272900361456,787.539005117244,2892.628093778589,2105.089088661345,1966.6469436303466,6.013296651571914,,
3-257,SENSOR_DATA_LOGGING,144.26362878819373,0.1,10000,CloudNode,900,1.0,12000.0,489.1456784986796,2893.7138481945935,2404.568169695914,2318.4610224128037,6.010984532841405,,
5-397,SENSOR_DATA_LOGGING,243.88105660093817,0.1,10000,FogNode_7,53,1.0,1727.0272900361456,787.3177049467806,2893.823312307093,2106.5056073603128,1944.420708148215,16.715383268185786,,
6-244,SENSOR_DATA_LOGGING,564.447059389055,0.1,10000,CloudNode,879,1.0,12000.0,480.1959278034604,2894.2795880298013,2414.0836602263407,2288.1097592393126,23.518627474543955,,
0-247,SENSOR_DATA_LOGGING,471.79458187297143,0.1,10000,CloudNode,835,1.0,12000.0,450.236965102821,2896.1082259476684,2445.8712608448473,2296.0162157957434,19.65810757804048,,
3-246,SENSOR_DATA_LOGGING,887.3662345300828,0.1,10000,CloudNode,873,1.0,12000.0,472.1761519023509,2897.3141418831283,2425.1379899807775,2268.448537031974,36.973593105420115,,
6-356,E_COMMERCE_TRANSACTION,361.197850049453,0.5,300,FogNode_3,57,1.0,1899.4436001125757,677.5101306373796,2897.4301908616108,2219.9200602242313,1981.5274439502095,17.148910942347488,,
6-210,HEALTH_MONITORING,84.85385467161845,1.0,100,CloudNode,743,1.0,12000.0,411.675177497111,2900.785002750562,2489.109825253451,2329.571012799326,3.535577277984102,,
7-171,HEALTH_MONITORING,944.1800179906089,1.0,100,CloudNode,654,1.0,12000.0,374.0785903278427,2902.3246691599875,2528.246078832145,2268.6995023729028,39.34083408294204,,
3-250,SENSOR_DATA_LOGGING,193.97917634234543,0.1,10000,CloudNode,875,1.0,12000.0,475.39222702878976,2903.150840189643,2427.758613160853,2323.159137421862,8.082465680931058,,
5-229,GPS_TRACKING,634.0998786591397,0.2,200,CloudNode,855,1.0,12000.0,460.7549832468957,2904.6994389675756,2443.94445572068,2292.411663696096,26.420828277464153,,
5-402,E_COMMERCE_TRANSACTION,209.72455659924128,0.5,300,FogNode_7,54,1.0,1727.0272900361456,792.3541169471648,2905.2292366833394,2112.8751197361744,1944.1147661873074,14.374328179342305,,
4-279,HEALTH_MONITORING,352.73327827641975,1.0,100,FogNode_1,8,1.0,1597.9384595498836,555.9547862407236,2905.456237488477,2349.5014512477537,2034.1291053744922,29.13844515492764,,
0-239,GPS_TRACKING,565.6198018753806,0.2,200,CloudNode,812,1.0,12000.0,442.8085511925999,2905.5178741532573,2462.709322960657,2297.4056821101703,23.567491744807526,,
3-105,GPS_TRACKING,245.13844877259075,0.2,200,FogNode_4,0,0.5,1758.3565909566523,230.9548608761534,2905.6894418298216,2674.7345809536682,2507.169420610019,20.42091520481849,,
0-120,GPS_TRACKING,496.53493753258897,0.2,200,FogNode_4,0,0.25,1758.3565909566523,223.0276506853396,2910.6756699162074,2687.6480192308677,2377.545183643264,41.363147667582766,,
3-228,SMART_HOME_CONTROL,209.15244120056792,0.1,150,CloudNode,809,1.0,12000.0,442.0415783458328,2911.7089581298487,2469.667379784016,2330.0718345912333,8.714685050023665,,
1-247,SENSOR_DATA_LOGGING,337.8104671697819,0.1,10000,CloudNode,886,1.0,12000.0,481.86899893617897,2912.9400886598314,2431.071089723652,2321.081622775145,14.075436132074245,,
2-278,SENSOR_DATA_LOGGING,710.0317166903566,0.1,10000,CloudNode,903,1.0,12000.0,492.05363949794054,2913.4541001550674,2421.400460657127,2294.4153222767463,29.58465486209819,,
6-234,GPS_TRACKING,736.7844345796424,0.2,200,CloudNode,862,1.0,12000.0,465.76092926074955,2915.6446328967386,2449.883703635989,2294.525284487014,30.699351440818432,,
1-238,SENSOR_DATA_LOGGING,712.0118221100323,0.1,10000,CloudNode,866,1.0,12000.0,467.74409432845584,2915.7762541378984,2448.0321598094424,2296.2604998932743,29.66715925458468,,
2-488,SENSOR_DATA_LOGGING,125.31815773917707,0.1,10000,FogNode_7,62,1.0,1727.0272900361456,904.9714830566287,2916.3981556754284,2011.4266726187998,1918.4824995203876,8.589191248670561,,
1-246,SMART_HOME_CONTROL,512.739321508781,0.1,150,CloudNode,880,1.0,12000.0,480.42048464146313,2916.9486272213267,2436.5281425798635,2311.6381343101975,21.36413839619921,,
1-237,SENSOR_DATA_LOGGING,517.0811910385801,0.1,10000,CloudNode,864,1.0,12000.0,467.4217121633942,2922.5334230221392,2455.111710858745,2316.532885128211,21.5450496266075,,
3-220,E_COMMERCE_TRANSACTION,319.1420779780119,0.5,300,CloudNode,778,1.0,12000.0,426.26104157272687,2923.9093150479625,2497.648273475236,2331.855959869337,13.297586582417162,,
8-460,SENSOR_DATA_LOGGING,100.16647854925678,0.1,10000,FogNode_7,62,1.0,1727.0272900361456,907.7423189618885,2924.625808929904,2016.8834899680155,1937.7087679261417,6.865318294544804,,
1-280,VOICE_ASSISTANT,127.08290752377125,2.0,150,FogNode_1,10,1.0,1597.9384595498836,558.0502436158176,2926.8171477093324,2368.7669040935148,2117.816746160894,10.498012405022617,,
6-472,SENSOR_DATA_LOGGING,127.00034033411153,0.1,10000,FogNode_7,62,1.0,1727.0272900361456,910.1469631012785,2927.114213622621,2016.9672505213423,1925.2761767224276,8.70448649625271,,
4-235,SMART_HOME_CONTROL,723.5446337501155,0.1,150,CloudNode,866,1.0,12000.0,468.3886713394233,2927.212135417416,2458.823464077993,2305.590057116688,30.14769307292148,,
5-155,VOICE_ASSISTANT,711.1295305419288,2.0,150,CloudNode,500,1.0,12000.0,314.05779558024034,2927.4006344192417,2613.342838839001,2306.5588141478775,29.6303971059137,,
2-220,HEALTH_MONITORING,585.3159408005802,1.0,100,CloudNode,682,1.0,12000.0,388.0262832647147,2927.948962535086,2539.922679270371,2316.3716859582973,24.388164200024175,,
5-208,E_COMMERCE_TRANSACTION,825.8851197181343,0.5,300,CloudNode,742,1.0,12000.0,410.7486084379974,2928.2915880786163,2517.542979640619,2298.4490358416506,34.41187998825559,,
7-226,SENSOR_DATA_LOGGING,684.439239455165,0.1,10000,CloudNode,892,1.0,12000.0,485.3646276569478,2933.6936082667185,2448.3289806097705,2313.970481535908,28.518301643965206,,
7-216,SMART_HOME_CONTROL,721.8571706685988,0.1,150,CloudNode,868,1.0,12000.0,468.77578057301406,2934.2664027691185,2465.4906221961046,2311.5820331409436,30.077382111191614,,
4-198,HEALTH_MONITORING,279.62131061416505,1.0,100,CloudNode,685,1.0,12000.0,390.13936710894507,2936.7558760395814,2546.6165089306364,2345.816974477464,11.650887942256878,,
1-175,VOICE_ASSISTANT,440.3830987758094,2.0,150,CloudNode,547,1.0,12000.0,335.53468082053837,2937.483594315213,2601.9489134946743,2335.166712352803,18.34929578232539,,
7-221,SENSOR_DATA_LOGGING,569.6459736578037,0.1,10000,CloudNode,874,1.0,12000.0,476.4405808359955,2939.0027373715557,2462.56215653556,2327.4913441162275,23.735248902408486,,
1-230,GPS_TRACKING,152.56328975756222,0.2,200,CloudNode,849,1.0,12000.0,456.3028299661921,2940.1142418990385,2483.8114119328466,2358.988837773363,6.356803739898425,,
8-226,E_COMMERCE_TRANSACTION,855.8311806829648,0.5,300,CloudNode,810,1.0,12000.0,442.5226580640997,2940.5116395646705,2497.988981500571,2307.2630879699273,35.65963252845687,,
0-220,HEALTH_MONITORING,679.0098540315234,1.0,100,CloudNode,747,1.0,12000.0,412.99073914052383,2941.349824216234,2528.35908507571,2321.475399868939,28.292077251313476,,
3-145,VOICE_ASSISTANT,328.4873816523558,2.0,150,CloudNode,488,1.0,12000.0,302.94237686531227,2943.150202608928,2640.2078257436156,2348.0733844626093,13.686974235514825,,
8-219,HEALTH_MONITORING,121.0655583678403,1.0,100,CloudNode,774,1.0,12000.0,425.4776696272201,2943.782404797372,2518.3047351701516,2364.7589064968975,5.044398265326679,,
1-236,SENSOR_DATA_LOGGING,264.6906066400426,0.1,10000,CloudNode,861,1.0,12000.0,465.65562088698886,2944.5909735754763,2478.9353526884875,2354.436243077511,11.02877527666844,,
2-257,E_COMMERCE_TRANSACTION,582.0865195662451,0.5,300,CloudNode,849,1.0,12000.0,456.68758246608456,2944.615435911522,2487.9278534454374,2331.7665151882557,24.253604981926877,,
5-231,GPS_TRACKING,486.4634031795891,0.2,200,CloudNode,871,1.0,12000.0,470.79951866597264,2945.238055899208,2474.4385372332354,2338.5096469669447,20.269308465816213,,
7-324,HEALTH_MONITORING,97.91412731713811,1.0,100,FogNode_3,58,1.0,1899.4436001125757,678.9772147986773,2948.97903775095,2270.0018229522725,2132.8835105806183,4.648755935644079,,
2-524,VOICE_ASSISTANT,120.78876711266288,2.0,150,FogNode_0,21,1.0,1189.2931772946604,987.5817076200686,2949.336996245498,1961.7552886254293,1688.8498665566065,7.691126445109034,,
6-251,SMART_HOME_CONTROL,958.0879455642299,0.1,150,CloudNode,921,1.0,12000.0,498.59255229271355,2950.1241831804377,2451.531630887724,2308.2509023060557,39.92033106517625,,
6-253,SENSOR_DATA_LOGGING,94.82201002964499,0.1,10000,CloudNode,935,1.0,12000.0,503.2389211704902,2952.4928077446134,2449.253886574123,2373.885927460619,3.9509170845685415,,
6-355,E_COMMERCE_TRANSACTION,524.1566671512428,0.5,300,FogNode_3,57,1.0,1899.4436001125757,676.5788820299813,2955.6638335161724,2279.084951486191,1954.257443841938,24.88585135150626,,
3-258,GPS_TRACKING,383.3562108356161,0.2,200,CloudNode,899,1.0,12000.0,490.0475070825246,2959.158486320384,2469.1109792378593,2358.834032543906,15.973175451484002,,
6-230,GPS_TRACKING,593.8518137574389,0.2,200,CloudNode,856,1.0,12000.0,461.61451689559743,2962.4277398062845,2500.8132229106873,2345.477720779634,24.74382557322662,,
8-234,GPS_TRACKING,432.8292690979766,0.2,200,CloudNode,840,1.0,12000.0,453.23367736555304,2964.360693836781,2511.127016471228,2359.7576235934307,18.03455287908236,,
4-365,VOICE_ASSISTANT,87.89523960402889,2.0,150,FogNode_7,51,1.0,1727.0272900361456,767.3015665893703,2967.2921051289945,2199.990538539624,1983.799850287703,6.024258865806118,,
2-280,SMART_HOME_CONTROL,678.4989342786117,0.1,150,CloudNode,915,1.0,12000.0,494.74288991391256,2972.1862107532897,2477.443320839377,2347.9999794493906,28.27078892827549,,
0-250,GPS_TRACKING,890.3303386054939,0.2,200,CloudNode,841,1.0,12000.0,453.4320304170169,2977.3450350734342,2523.9130046564173,2337.053062810788,37.09709744189558,,
0-222,HEALTH_MONITORING,882.9794975820515,1.0,100,CloudNode,750,1.0,12000.0,413.95346215117655,2979.0994989517617,2565.146036800585,2339.21584463163,36.79081239925215,,
3-233,SENSOR_DATA_LOGGING,945.8035074700646,0.1,10000,CloudNode,837,1.0,12000.0,451.8749945614853,2981.1416281158263,2529.266633554341,2336.484815719111,39.40847947791936,,
5-227,E_COMMERCE_TRANSACTION,771.826591126401,0.5,300,CloudNode,850,1.0,12000.0,456.9587575590534,2981.2675098151935,2524.30875225614,2349.082421231683,32.15944129693338,,
7-205,E_COMMERCE_TRANSACTION,654.8344262523545,0.5,300,CloudNode,838,1.0,12000.0,451.4455999378937,2982.5184980561157,2531.072898118222,2359.460596075749,27.284767760514775,,
3-215,HEALTH_MONITORING,523.4872708236899,1.0,100,CloudNode,755,1.0,12000.0,417.42023963554936,2982.626676606863,2565.2064369713135,2369.4792935601117,21.811969617653745,,
3-237,GPS_TRACKING,885.3762300420216,0.2,200,CloudNode,855,1.0,12000.0,460.25198244483227,2985.4903106333504,2525.238328188518,2345.1579431781634,36.890676251750904,,
9-204,E_COMMERCE_TRANSACTION,558.0091548650366,0.5,300,CloudNode,769,1.0,12000.0,424.3213521567505,2986.6150048044583,2562.293652647708,2370.303791522006,23.25038145270986,,
5-462,SMART_HOME_CONTROL,169.28095460921577,0.1,150,FogNode_7,62,1.0,1727.0272900361456,908.8535910785833,2987.1909901396475,2078.3373990610644,1960.1186437576052,11.602360903854303,,
7-449,GPS_TRACKING,146.57007356710415,0.2,200,FogNode_7,62,1.0,1727.0272900361456,903.5394701663389,2990.0976544626765,2086.5581842963375,1972.8746052345293,10.045778009438509,,
1-232,SMART_HOME_CONTROL,550.8088611338314,0.1,150,CloudNode,855,1.0,12000.0,460.456145177621,2991.1387943270274,2530.6826491494066,2374.1654566974785,22.950369213909642,,
2-254,SENSOR_DATA_LOGGING,709.7550569973359,0.1,10000,CloudNode,843,1.0,12000.0,454.8536805098711,2995.9021307893595,2541.0484502794884,2367.584764411519,29.573127374888998,,
6-216,HEALTH_MONITORING,751.7260974026736,1.0,100,CloudNode,766,1.0,12000.0,423.54528228896265,2996.910244219341,2573.3649619303787,2365.3306810685567,31.321920725111404,,
0-232,E_COMMERCE_TRANSACTION,612.2090601147826,0.5,300,CloudNode,785,1.0,12000.0,430.3744861884086,3001.14160485667,2570.767118668261,2379.022149016969,25.50871083811594,,
3-211,HEALTH_MONITORING,459.4809607664391,1.0,100,CloudNode,743,1.0,12000.0,411.9444613126731,3002.650773900651,2590.706312587978,2390.9533728339775,19.145040031934965,,
8-231,E_COMMERCE_TRANSACTION,271.2155381380287,0.5,300,CloudNode,833,1.0,12000.0,449.6444473889432,3003.742922960662,2554.0984755717186,2406.369266012033,11.300647422417864,,
1-228,GPS_TRACKING,752.3648366530653,0.2,200,CloudNode,836,1.0,12000.0,450.80146380944706,3004.0468939373227,2553.245430127876,2371.129555743875,31.348534860544383,,
3-247,SENSOR_DATA_LOGGING,972.5541439006867,0.1,10000,CloudNode,873,1.0,12000.0,474.3042717309015,3004.955493706353,2530.6512219754513,2355.6853652025197,40.52308932919528,,
4-220,E_COMMERCE_TRANSACTION,820.681875343056,0.5,300,CloudNode,806,1.0,12000.0,438.53744271520105,3005.873750593801,2567.3363078786,2367.962924734171,34.195078139294004,,
5-466,SMART_HOME_CONTROL,136.6477502316015,0.1,150,FogNode_7,62,1.0,1727.0272900361456,922.8523980595309,3006.237312035699,2083.384913976168,1987.0910074246326,9.3657110957742,,
1-245,SENSOR_DATA_LOGGING,750.7286434816434,0.1,10000,CloudNode,876,1.0,12000.0,478.68613606651843,3007.176156201659,2528.4900201351406,2373.840245863119,31.280360145068478,,
5-222,E_COMMERCE_TRANSACTION,282.46295134700466,0.5,300,CloudNode,827,1.0,12000.0,447.3984740531513,3009.0288899122675,2561.630415859116,2409.974494398114,11.769289639458528,,
6-282,VOICE_ASSISTANT,305.06330934163657,2.0,150,FogNode_1,8,1.0,1597.9384595498836,554.1775816077734,3012.3408103958905,2458.163228788117,2100.687394201531,25.200544024275683,,
2-490,SENSOR_DATA_LOGGING,206.72887319941157,0.1,10000,FogNode_7,62,1.0,1727.0272900361456,909.7439984717911,3013.525458528005,2103.7814600562137,1963.4141377264687,14.169006794909272,,
0-260,SENSOR_DATA_LOGGING,156.45542742216116,0.1,10000,CloudNode,875,1.0,12000.0,477.8158084211425,3014.1795571418497,2536.363748720707,2424.906603606908,6.5189761425900485,,
3-157,VOICE_ASSISTANT,518.4148044818774,2.0,150,CloudNode,547,1.0,12000.0,338.23114854464797,3015.387444460113,2677.156295915465,2398.5214826962288,21.600616853411555,,
2-262,GPS_TRACKING,754.7621362583316,0.2,200,CloudNode,861,1.0,12000.0,465.3508742257952,3015.389652432808,2550.038778207013,2381.3156265630437,31.44842234409715,,
6-198,HEALTH_MONITORING,887.5637111734625,1.0,100,CloudNode,685,1.0,12000.0,390.01299393532116,3017.1138452067166,2627.1008512713956,2372.8372193682367,36.98182129889427,,
5-166,VOICE_ASSISTANT,922.5265456606002,2.0,150,CloudNode,544,1.0,12000.0,332.4114723161799,3017.3888517030537,2684.9773793868735,2370.4907322015047,38.43860606919167,,
9-167,VOICE_ASSISTANT,735.4509564722614,2.0,150,CloudNode,544,1.0,12000.0,333.7173392931808,3020.446066026406,2686.728726733225,2387.1418024708414,30.643789853010894,,
7-458,SENSOR_DATA_LOGGING,167.85445603822217,0.1,10000,FogNode_7,62,1.0,1727.0272900361456,919.161709524128,3021.818515152114,2102.6568056279857,1991.6203604035425,11.504590004064024,,
5-232,SENSOR_DATA_LOGGING,216.6369311530986,0.1,10000,CloudNode,874,1.0,12000.0,474.8927050225507,3022.099971533414,2547.2072665108635,2426.8358731621124,9.026538798045774,,
0-269,SMART_HOME_CONTROL,494.50459683614065,0.1,150,CloudNode,900,1.0,12000.0,489.5672466900691,3023.8353930098747,2534.2681463198055,2407.336864147214,20.60435820150586,,
4-242,SENSOR_DATA_LOGGING,131.44895728298184,0.1,10000,CloudNode,893,1.0,12000.0,486.1496693887012,3025.1336369154315,2538.9839675267303,2435.281690655259,5.4770398867909105,,
4-256,SENSOR_DATA_LOGGING,199.2896117039267,0.1,10000,CloudNode,954,1.0,12000.0,509.24930186445204,3025.6363575542614,2516.387055689809,2430.252092806023,8.303733820996946,,
4-236,GPS_TRACKING,983.6442812202163,0.2,200,CloudNode,873,1.0,12000.0,473.5347409709657,3025.752761565723,2552.2180205947575,2373.1992724732336,40.98517838417568,,
8-201,HEALTH_MONITORING,573.3933451547761,1.0,100,CloudNode,692,1.0,12000.0,391.11432602361896,3026.8822777146597,2635.7679516910407,2405.0582058653486,23.891389381449002,,
3-253,SENSOR_DATA_LOGGING,622.3563137379099,0.1,10000,CloudNode,877,1.0,12000.0,479.1273658685403,3029.20806121826,2550.0806953497195,2403.6629621810234,25.931513072412912,,
1-168,VOICE_ASSISTANT,806.4340683144886,2.0,150,CloudNode,515,1.0,12000.0,321.47147199257444,3029.630578832492,2708.1591068399175,2389.403309734134,33.60141951310369,,
7-459,SMART_HOME_CONTROL,68.38736064913614,0.1,150,FogNode_7,62,1.0,1727.0272900361456,922.6945625101984,3029.695963675095,2107.0014011648964,2047.1122802691655,4.68720678794025,,
6-509,HEALTH_MONITORING,225.32277434366918,1.0,100,FogNode_0,21,1.0,1189.2931772946604,995.5310425865323,3031.671395088848,2036.1403525023156,1759.0482620163702,14.347244283266237,,
1-456,SMART_HOME_CONTROL,81.32559785591742,0.1,150,FogNode_7,62,1.0,1727.0272900361456,922.5924541173792,3034.280922258911,2111.6884681415313,2045.487228861349,5.573981663940269,,
6-250,SENSOR_DATA_LOGGING,403.65106617715225,0.1,10000,CloudNode,917,1.0,12000.0,495.16583234929647,3036.288362748747,2541.1225303994506,2426.10264953481,16.81879442404801,,
7-228,GPS_TRACKING,704.3674840683653,0.2,200,CloudNode,894,1.0,12000.0,486.81839619226724,3039.964800154224,2553.146403961957,2406.3775843717412,29.348645169515223,,
9-234,SENSOR_DATA_LOGGING,207.11412733202593,0.1,10000,CloudNode,950,1.0,12000.0,507.36683974993065,3043.012272176725,2535.6454324267947,2443.792234825458,8.62975530550108,,
0-242,E_COMMERCE_TRANSACTION,561.826924838386,0.5,300,CloudNode,813,1.0,12000.0,443.98376870742646,3043.72915462254,2599.7453859151137,2420.6846862113775,23.40945520159942,,
3-255,SENSOR_DATA_LOGGING,695.816881127232,0.1,10000,CloudNode,894,1.0,12000.0,486.52323603262687,3044.5997448983944,2558.0765088657677,2411.0770874033765,28.992370046968002,,
6-238,E_COMMERCE_TRANSACTION,498.5911590253906,0.5,300,CloudNode,871,1.0,12000.0,470.8046741404645,3046.504756958469,2575.7000828180044,2427.0299911355405,20.77463162605794,,
6-233,SENSOR_DATA_LOGGING,653.6985621936915,0.1,10000,CloudNode,861,1.0,12000.0,465.31083245623523,3050.377010972167,2585.066178515932,2419.8234966090054,27.237440091403812,,
5-240,GPS_TRACKING,538.3741827721237,0.2,200,CloudNode,918,1.0,12000.0,495.5894746446841,3052.0406714326696,2556.4511967879853,2428.758272082826,22.432257615505154,,
5-223,E_COMMERCE_TRANSACTION,208.6187817059389,0.5,300,CloudNode,827,1.0,12000.0,448.31749397532644,3053.673261224242,2605.355767248916,2453.0932203814455,8.692449237747454,,
1-241,SENSOR_DATA_LOGGING,379.67982766951104,0.1,10000,CloudNode,873,1.0,12000.0,471.9907818804263,3053.73995717254,2581.7491752921137,2441.249727129105,15.81999281956296,,
5-341,HEALTH_MONITORING,328.7112651180538,1.0,100,FogNode_3,57,1.0,1899.4436001125757,675.5818427395737,3056.027235070876,2380.445392331302,2119.956722222686,15.606516512997212,,
3-459,SMART_HOME_CONTROL,283.729572729981,0.1,150,FogNode_7,62,1.0,1727.0272900361456,911.6469351666818,3056.9159277734084,2145.2689926067264,1963.1481421545996,19.446563906193866,,
3-165,VOICE_ASSISTANT,64.34959337977843,2.0,150,CloudNode,563,1.0,12000.0,343.26821616213505,3057.403137547651,2714.134921385516,2466.3490641915655,2.6812330574907675,,
8-342,HEALTH_MONITORING,380.3263442167375,1.0,100,FogNode_3,58,1.0,1899.4436001125757,670.2157625598445,3057.8725975219368,2387.656834962092,2095.863409410368,18.057091439244306,,
5-236,E_COMMERCE_TRANSACTION,512.0578740207889,0.5,300,CloudNode,877,1.0,12000.0,479.1070249895065,3058.0611419345405,2578.954116945034,2436.0447675727964,21.3357447508662,,
8-276,AUGMENTED_REALITY,163.60630672084366,30.0,150,FogNode_1,8,1.0,1597.9384595498836,550.2803185346869,3058.8716020237744,2508.5912834890873,0.0,13.515122300566508,,
2-275,SENSOR_DATA_LOGGING,235.1542380287523,0.1,10000,CloudNode,896,1.0,12000.0,488.5437851115403,3059.56098665662,2571.01720154508,2456.334384297381,9.798093251198013,,
2-269,GPS_TRACKING,931.4475241622453,0.2,200,CloudNode,877,1.0,12000.0,478.9471188619318,3060.139125069636,2581.1920062077043,2407.3744779589724,38.81031350676022,,
8-252,GPS_TRACKING,535.7436668273835,0.2,200,CloudNode,941,1.0,12000.0,504.7043606926947,3062.034157272002,2557.3297965793076,2437.114391454177,22.322652784474315,,
9-199,HEALTH_MONITORING,876.1823164528781,1.0,100,CloudNode,754,1.0,12000.0,415.95879205005116,3064.153987364767,2648.195195314716,2415.4495284878994,36.507596518869924,,
5-237,GPS_TRACKING,597.0827622146785,0.2,200,CloudNode,890,1.0,12000.0,484.3123052481542,3065.144341311336,2580.832036063182,2436.420397974266,24.8784484256116,,
9-201,HEALTH_MONITORING,545.0511249452181,1.0,100,CloudNode,761,1.0,12000.0,420.0655259240174,3065.866993105174,2645.8014671811566,2439.7001385284443,22.71046353938409,,
0-244,E_COMMERCE_TRANSACTION,289.59573511189933,0.5,300,CloudNode,826,1.0,12000.0,446.93057479209574,3067.145250102717,2620.2146753106213,2458.571666953562,12.066488962995805,,
0-181,VOICE_ASSISTANT,774.3798142692285,2.0,150,CloudNode,611,1.0,12000.0,358.5101828316241,3070.4054017829035,2711.8952189512793,2427.5350786052686,32.26582559455119,,
0-262,E_COMMERCE_TRANSACTION,290.37816339971624,0.5,300,CloudNode,886,1.0,12000.0,481.980929171577,3070.7029372417787,2588.722008070202,2460.9834110408924,12.099090141654845,,
0-280,SENSOR_DATA_LOGGING,550.2571398465595,0.1,10000,CloudNode,946,1.0,12000.0,506.32554690464315,3071.4911192081413,2565.1655723034983,2443.6954769411623,22.92738082693998,,
0-278,SENSOR_DATA_LOGGING,584.3742092300006,0.1,10000,CloudNode,928,1.0,12000.0,500.9102775916547,3072.533243779041,2571.6229661873867,2442.8423185293577,24.34892538458336,,
8-345,HEALTH_MONITORING,225.9393799775133,1.0,100,FogNode_3,63,1.0,1899.4436001125757,686.7639728422232,3074.614130310519,2387.850157468296,2182.779028996668,10.727124497205883,,
7-222,E_COMMERCE_TRANSACTION,252.30058730143634,0.5,300,CloudNode,874,1.0,12000.0,476.61813052676047,3074.7650061143263,2598.146875587566,2467.058707491335,10.512524470893181,,
0-265,SENSOR_DATA_LOGGING,213.05994198902857,0.1,10000,CloudNode,894,1.0,12000.0,486.86628719210245,3075.816137100293,2588.9498499081906,2470.777942948198,8.87749758287619,,
2-527,VOICE_ASSISTANT,154.43513605737928,2.0,150,FogNode_0,21,1.0,1189.2931772946604,991.1874956198817,3079.1915510396993,2088.0040554198176,1785.6864236585754,9.833531605443472,,
8-244,GPS_TRACKING,909.2016362167967,0.2,200,CloudNode,875,1.0,12000.0,478.1728931559676,3079.509725978728,2601.3368328227607,2427.0011434143153,37.88340150903319,,
2-286,SENSOR_DATA_LOGGING,251.7311584582748,0.1,10000,CloudNode,949,1.0,12000.0,506.99055211455925,3083.0117538101917,2576.0212016956325,2474.3128868236427,10.488798269094783,,
6-235,SENSOR_DATA_LOGGING,805.3589114300776,0.1,10000,CloudNode,863,1.0,12000.0,467.29723256096474,3084.2270878258896,2616.9298552649248,2437.4986145716075,33.55662130958657,,
7-217,E_COMMERCE_TRANSACTION,679.4093602121966,0.5,300,CloudNode,869,1.0,12000.0,469.42569832262245,3085.8255079026094,2616.399809579987,2446.212420393636,28.308723342174858,,
8-224,HEALTH_MONITORING,160.98677969920084,1.0,100,CloudNode,799,1.0,12000.0,435.70493668488496,3085.9488087539744,2650.2438720690893,2482.939462302676,6.707782487466702,,
0-212,HEALTH_MONITORING,742.8963649087683,1.0,100,CloudNode,714,1.0,12000.0,401.15942694676323,3087.0416673244954,2685.882240377732,2443.8885285530087,30.954015204532013,,
6-173,VOICE_ASSISTANT,264.7578116962011,2.0,150,CloudNode,551,1.0,12000.0,340.00330905656455,3087.2074922860197,2747.2041832294553,2477.2086498520785,11.031575487341712,,
9-120,VOICE_ASSISTANT,848.9947027728119,2.0,150,FogNode_7,0,1.0,1727.0272900361456,214.35418512169255,3088.9389897855026,2874.5848046638102,2210.2228783626897,58.189315920211726,,
8-343,HEALTH_MONITORING,66.70932442085663,1.0,100,FogNode_3,57,1.0,1899.4436001125757,678.3590033527528,3091.147690564739,2412.788687211986,2282.763775926511,3.1672178097427994,,
0-116,GPS_TRACKING,919.231950061597,0.2,200,FogNode_4,0,0.25,1758.3565909566523,219.41126193734846,3093.1611372533926,2873.749875316044,2324.3986008597035,76.57533038883571,,
5-218,HEALTH_MONITORING,533.290749040166,1.0,100,CloudNode,809,1.0,12000.0,442.4912894205975,3094.8179067255146,2652.326617304917,2464.7133679330937,22.220447876673585,,
8-236,E_COMMERCE_TRANSACTION,317.7035251937059,0.5,300,CloudNode,858,1.0,12000.0,463.1577957502978,3097.1782310079207,2634.020435257623,2481.8865441125586,13.23764688307108,,
0-485,SMART_HOME_CONTROL,117.12425468189305,0.1,150,FogNode_7,62,1.0,1727.0272900361456,922.756316238626,3097.5143793756606,2174.7580631370347,2085.2727805254017,8.027588670865693,,
6-208,HEALTH_MONITORING,870.9261357084629,1.0,100,CloudNode,734,1.0,12000.0,407.7794763360326,3099.459455690365,2691.6799793543323,2444.77682843922,36.28858898785262,,
6-243,SENSOR_DATA_LOGGING,253.69828444377623,0.1,10000,CloudNode,875,1.0,12000.0,477.89248616050554,3100.651249682376,2622.7587635218706,2488.846824013036,10.57076185182401,,
0-264,SMART_HOME_CONTROL,564.7862121300055,0.1,150,CloudNode,892,1.0,12000.0,485.8796692501837,3104.4686552251515,2618.5889859749677,2470.288357554211,23.53275883875023,,
3-260,SMART_HOME_CONTROL,427.29364440990776,0.1,150,CloudNode,910,1.0,12000.0,494.0723213745952,3107.098922908967,2613.026601534372,2482.2589688224734,17.803901850412824,,
5-233,SENSOR_DATA_LOGGING,571.8342980878468,0.1,10000,CloudNode,875,1.0,12000.0,476.14367030635714,3107.2138448306073,2631.07017452425,2472.2369977420126,23.826429086993617,,
2-285,GPS_TRACKING,931.2070411029715,0.2,200,CloudNode,933,1.0,12000.0,502.8242403317826,3107.231165591073,2604.4069252592903,2446.6320368472384,38.80029337929048,,
6-279,AUGMENTED_REALITY,246.8934682996102,30.0,150,FogNode_1,8,1.0,1597.9384595498836,544.9946193836543,3108.6643135933186,2563.669694209664,0.0,20.395273789620727,,
9-222,E_COMMERCE_TRANSACTION,287.65338341977895,0.5,300,CloudNode,861,1.0,12000.0,465.62168006576854,3109.7966231875907,2644.1749431218223,2494.89659538172,11.98555764249079,,
9-174,VOICE_ASSISTANT,420.96188168888847,2.0,150,CloudNode,571,1.0,12000.0,345.95040740163256,3109.845162921734,2763.894755520101,2484.302557128804,17.540078403703685,,
1-171,VOICE_ASSISTANT,508.84822143980983,2.0,150,CloudNode,523,1.0,12000.0,325.1741474222856,3112.809420236221,2787.6352728139354,2481.824631753849,21.202009226658745,,
6-163,VOICE_ASSISTANT,839.9014742867633,2.0,150,CloudNode,528,1.0,12000.0,327.7125897117444,3113.720944146437,2786.0083544346926,2459.196022480802,34.99589476194848,,
6-223,E_COMMERCE_TRANSACTION,322.79989009481676,0.5,300,CloudNode,822,1.0,12000.0,445.73354580868147,3114.1074831272545,2668.373937318573,2495.755072675995,13.449995420617364,,
9-447,GPS_TRACKING,161.72984937930443,0.2,200,FogNode_7,62,1.0,1727.0272900361456,913.6496190341965,3115.464892550076,2201.8152735158797,2077.708860620967,11.084815097814504,,
0-511,VOICE_ASSISTANT,298.60509588361566,2.0,150,FogNode_0,21,1.0,1189.2931772946604,990.0495716148945,3116.5828250247955,2126.533253409901,1703.119821011933,19.013436468415033,,
2-270,SMART_HOME_CONTROL,380.8850068387361,0.1,150,CloudNode,879,1.0,12000.0,479.53247162310805,3117.6892259905358,2638.1567543674278,2494.8495859337263,15.87020861828067,,
2-238,HEALTH_MONITORING,401.7154446510969,1.0,100,CloudNode,761,1.0,12000.0,420.6884390304224,3117.7033748801477,2697.0149358497256,2493.510134095172,16.73814352712904,,
4-223,HEALTH_MONITORING,621.9746592496244,1.0,100,CloudNode,809,1.0,12000.0,442.4313161671947,3118.9764717068524,2676.5451555396576,2478.592785058769,25.915610802067686,,
1-240,GPS_TRACKING,640.109620510648,0.2,200,CloudNode,871,1.0,12000.0,471.06621249464985,3119.209461481061,2648.1432489864114,2477.6916374247467,26.671234187943668,,
0-489,GPS_TRACKING,109.70243578898302,0.2,200,FogNode_7,67,1.0,1727.0272900361456,932.2475501810623,3120.4368903093778,2188.1893401283155,2099.4789561528437,7.518904031430782,,
8-263,SMART_HOME_CONTROL,693.3420733263878,0.1,150,CloudNode,1000,1.0,12000.0,520.2687022856563,3121.9324934752995,2601.6637911896432,2476.3523568985447,28.889253055266156,,
4-214,HEALTH_MONITORING,70.98609708377012,1.0,100,CloudNode,766,1.0,12000.0,423.76109770325843,3123.618882970462,2699.8577852672033,2522.4313001428877,2.9577540451570883,,
8-249,SENSOR_DATA_LOGGING,258.35360775188144,0.1,10000,CloudNode,905,1.0,12000.0,492.5444332955635,3125.9981225378083,2633.4536892422448,2512.207533379539,10.764733656328392,,
2-253,E_COMMERCE_TRANSACTION,989.9164857844852,0.5,300,CloudNode,839,1.0,12000.0,452.83543584080974,3127.092785380435,2674.2573495396255,2459.250727864035,41.24652024102022,,
1-339,HEALTH_MONITORING,614.3290318854014,1.0,100,FogNode_3,57,1.0,1899.4436001125757,671.0508177404724,3131.500483552598,2460.449665812125,2047.245283161004,29.167044753059574,,
6-476,SENSOR_DATA_LOGGING,284.3481462289622,0.1,10000,FogNode_7,62,1.0,1727.0272900361456,922.432788542227,3131.938111517817,2209.5053229755904,2026.2540617652792,19.488960364775444,,
6-350,HEALTH_MONITORING,523.9500670542113,1.0,100,FogNode_3,58,1.0,1899.4436001125757,668.5211740889703,3133.0912289554763,2464.570054866506,2096.38504634534,24.876042415311908,,
8-408,VOICE_ASSISTANT,62.91462237694208,2.0,150,FogNode_7,55,1.0,1727.0272900361456,799.3589107598985,3133.9438108848904,2334.5849001249917,2132.193920786059,4.312110341249519,,
0-270,SENSOR_DATA_LOGGING,974.7540925004764,0.1,10000,CloudNode,905,1.0,12000.0,492.53642639839785,3134.9027689326153,2642.3663425342174,2467.2997309458265,40.61475385418652,,
7-233,SMART_HOME_CONTROL,296.2307534866303,0.1,150,CloudNode,920,1.0,12000.0,498.999967033768,3137.4953163601067,2638.495349326339,2519.5377597166485,12.342948061942929,,
1-251,SENSOR_DATA_LOGGING,57.443328370854225,0.1,10000,CloudNode,898,1.0,12000.0,488.7128457379507,3139.68971296352,2650.976867225569,2537.991850307247,2.3934720154522595,,
7-218,SMART_HOME_CONTROL,958.6919144682637,0.1,150,CloudNode,874,1.0,12000.0,474.0351008379469,3140.030117941991,2665.995017104044,2472.5806318695672,39.945496436177656,,
3-167,VOICE_ASSISTANT,270.2741268250005,2.0,150,CloudNode,580,1.0,12000.0,348.4179246362877,3140.212069892619,2791.7941452563314,2522.6527177733215,11.261421951041687,,
2-267,SENSOR_DATA_LOGGING,319.8513122679184,0.1,10000,CloudNode,874,1.0,12000.0,474.0575285019021,3140.3752201687635,2666.3176916668613,2520.3011153377183,13.327138011163267,,
2-494,GPS_TRACKING,224.33523245861173,0.2,200,FogNode_7,62,1.0,1727.0272900361456,913.5210936856303,3143.422208714226,2229.901115028596,2069.860551922665,15.375730462079776,,
6-263,SMART_HOME_CONTROL,630.8739357325877,0.1,150,CloudNode,981,1.0,12000.0,516.1836196756591,3147.3907347032305,2631.2071150275715,2503.108860850055,26.28641398885782,,
0-230,HEALTH_MONITORING,456.8407386112597,1.0,100,CloudNode,784,1.0,12000.0,429.6168080720063,3147.866684738529,2718.2498766665226,2516.62289899092,19.035030775469156,,
2-363,HEALTH_MONITORING,516.459820324808,1.0,100,FogNode_3,57,1.0,1899.4436001125757,677.0569833597586,3149.3252793163742,2472.2682959566155,2114.5510840179873,24.520421322658226,,
4-288,AUGMENTED_REALITY,219.6628824558263,30.0,150,FogNode_9,3,1.0,1349.236560939329,577.8273960336747,3150.7191829720227,2572.891786938348,0.0,22.093613105982723,,
5-244,SENSOR_DATA_LOGGING,532.2293510620277,0.1,10000,CloudNode,921,1.0,12000.0,498.8432818662842,3151.4513688308025,2652.6080869645184,2514.7783072155667,22.17622296091782,,
2-274,SENSOR_DATA_LOGGING,449.123640882628,0.1,10000,CloudNode,896,1.0,12000.0,488.21333881877894,3151.5344532008066,2663.3211143820276,2520.0553787468834,18.713485036776166,,
3-249,SENSOR_DATA_LOGGING,540.238005054879,0.1,10000,CloudNode,874,1.0,12000.0,475.11830775700685,3152.2336785851803,2677.1153708281736,2514.370943123945,22.509916877286624,,
4-237,GPS_TRACKING,947.3595173577991,0.2,200,CloudNode,874,1.0,12000.0,474.54959212812,3154.762763546776,2680.213171418656,2485.196921357182,39.47331322324163,,
4-257,SENSOR_DATA_LOGGING,693.864552042932,0.1,10000,CloudNode,954,1.0,12000.0,509.4442657543333,3155.0002770114984,2645.556011257165,2505.4371497594584,28.911023001788834,,
6-248,GPS_TRACKING,955.7396378984566,0.2,200,CloudNode,900,1.0,12000.0,489.36000853489463,3162.656723635063,2673.2967151001685,2492.315254828042,39.8224849124357,,
4-244,GPS_TRACKING,912.0133693578218,0.2,200,CloudNode,893,1.0,12000.0,487.33113943541434,3163.042781437647,2675.711642002233,2495.723351208297,38.00055705657591,,
3-270,SENSOR_DATA_LOGGING,148.57291305367795,0.1,10000,CloudNode,998,1.0,12000.0,519.990937901821,3163.915529288613,2643.924591386792,2551.760843872538,6.190538043903248,,
2-249,HEALTH_MONITORING,549.1952023083948,1.0,100,CloudNode,812,1.0,12000.0,443.1522240438338,3164.975728340094,2721.82350429626,2523.7384428283044,22.883133429516448,,
2-284,SENSOR_DATA_LOGGING,561.7417509683671,0.1,10000,CloudNode,933,1.0,12000.0,502.5091582326963,3165.7882842875497,2663.2791260548534,2523.5282554300093,23.405906290348632,,
3-283,VOICE_ASSISTANT,614.7611718181678,2.0,150,FogNode_1,8,1.0,1597.9384595498836,546.8092503981987,3167.5764365452146,2620.7671861470158,2062.175713041849,50.78393730223845,,
1-223,HEALTH_MONITORING,840.307155498224,1.0,100,CloudNode,813,1.0,12000.0,443.4948455702164,3169.4850519818833,2725.990206411667,2507.472435787228,35.012798145759334,,
9-440,HEALTH_MONITORING,85.18935461849107,1.0,100,FogNode_7,62,1.0,1727.0272900361456,907.358185535433,3169.7640521382496,2262.405866602817,2125.209997251255,5.838799998097079,,
8-242,GPS_TRACKING,836.6810072469956,0.2,200,CloudNode,874,1.0,12000.0,474.0087054020257,3170.374666952959,2696.365961550933,2508.5535326775343,34.861708635291485,,
3-463,HEALTH_MONITORING,66.5345301759808,1.0,100,FogNode_7,62,1.0,1727.0272900361456,919.2537742023993,3172.4692763247494,2253.2155021223502,2122.0493812979435,4.560215491767366,,
9-321,VOICE_ASSISTANT,89.65463311513237,2.0,150,FogNode_3,57,1.0,1899.4436001125757,674.1301557882493,3178.700954843148,2504.5707990548985,2291.5014001656846,4.256612597914801,,
8-260,SENSOR_DATA_LOGGING,707.1592917821451,0.1,10000,CloudNode,988,1.0,12000.0,517.4451173506158,3180.862434457145,2663.417317106529,2526.1915110826303,29.464970490922717,,
5-234,GPS_TRACKING,908.2251770963427,0.2,200,CloudNode,875,1.0,12000.0,477.3975398293757,3182.9165970157683,2705.5190571863927,2514.2807771163816,37.84271571234761,,
4-217,HEALTH_MONITORING,413.107966127291,1.0,100,CloudNode,780,1.0,12000.0,427.667233782848,3186.6593424291214,2758.992108646273,2552.3996943599977,17.212831921970455,,
2-244,HEALTH_MONITORING,598.4689091204939,1.0,100,CloudNode,790,1.0,12000.0,433.174811963012,3187.3677254534814,2754.1929134904694,2539.9747106698705,24.936204546687243,,
1-220,HEALTH_MONITORING,431.7749486025417,1.0,100,CloudNode,778,1.0,12000.0,427.139210464488,3187.432614547681,2760.2934040831933,2551.7758326404974,17.990622858439238,,
6-357,HEALTH_MONITORING,454.66769301019286,1.0,100,FogNode_3,58,1.0,1899.4436001125757,680.1291371954865,3188.3479208192575,2508.218783623771,2176.9730730466335,21.586661644655024,,
3-461,GPS_TRACKING,267.7205840266211,0.2,200,FogNode_7,62,1.0,1727.0272900361456,918.0445755673575,3189.2990771955465,2271.2545016281892,2086.4960980902797,18.349322547466343,,
0-298,AUGMENTED_REALITY,362.85582526325567,30.0,150,FogNode_1,8,1.0,1597.9384595498836,553.8661358010847,3189.6634779402843,2635.7973421392,0.0,29.974644341024717,,
0-288,SENSOR_DATA_LOGGING,600.4925468179738,0.1,10000,CloudNode,981,1.0,12000.0,516.036128228737,3190.416265736928,2674.380137508191,2541.042815441341,25.02052278408224,,
4-241,E_COMMERCE_TRANSACTION,304.23892875389106,0.5,300,CloudNode,892,1.0,12000.0,485.3627488802596,3191.141528350374,2705.7787794701144,2563.685606721605,12.676622031412126,,
1-263,SENSOR_DATA_LOGGING,977.3043555709727,0.1,10000,CloudNode,997,1.0,12000.0,519.8260085384267,3191.2871925526483,2671.4611840142215,2516.631543351507,40.721014815457195,,
9-451,GPS_TRACKING,322.9398122090742,0.2,200,FogNode_7,62,1.0,1727.0272900361456,917.4599729130246,3193.2290371070003,2275.7690641939757,2062.8675574072668,22.133997649778326,,
7-161,VOICE_ASSISTANT,382.81407812476454,2.0,150,CloudNode,604,1.0,12000.0,355.6878089286053,3194.943954614711,2839.256145686106,2561.5984457295704,15.950586588531854,,
5-182,VOICE_ASSISTANT,882.8334779827521,2.0,150,CloudNode,627,1.0,12000.0,365.42956044431276,3197.188339469025,2831.758779024712,2527.6117281065567,36.78472824928134,,
3-278,SMART_HOME_CONTROL,523.7655753914128,0.1,150,CloudNode,1042,1.0,12000.0,533.0710174137093,3198.6474082941163,2665.576390880407,2554.16197772205,21.823565641308868,,
3-261,E_COMMERCE_TRANSACTION,723.0987919473947,0.5,300,CloudNode,919,1.0,12000.0,497.6942347095076,3199.9479456258027,2702.253710916295,2541.8942816347385,30.129116331141446,,
9-177,VOICE_ASSISTANT,440.90736838908805,2.0,150,CloudNode,606,1.0,12000.0,357.1497343402232,3200.657809987704,2843.508075647481,2562.018398459101,18.371140349545335,,
5-224,HEALTH_MONITORING,670.0379067843755,1.0,100,CloudNode,828,1.0,12000.0,448.5877879843177,3203.70317697056,2755.115388986242,2548.2210584034824,27.918246116015645,,
8-246,SMART_HOME_CONTROL,921.4772802021216,0.1,150,CloudNode,889,1.0,12000.0,483.3951280476667,3203.882558730612,2720.487430682945,2530.4930607015353,38.3948866750884,,
7-238,SMART_HOME_CONTROL,209.79961657229745,0.1,150,CloudNode,941,1.0,12000.0,504.7092159482046,3204.915915928706,2700.2066999805015,2583.700951950515,8.741650690512394,,
8-462,HEALTH_MONITORING,126.27396404198643,1.0,100,FogNode_7,62,1.0,1727.0272900361456,912.501650845739,3205.054480188137,2292.5528293423977,2132.076240858512,8.654701333399071,,
2-130,GPS_TRACKING,934.3458438780693,0.2,200,FogNode_4,0,0.25,1758.3565909566523,225.36605682389498,3205.7961897082787,2980.4301328843835,2422.6050892303324,77.83437214905804,,
1-182,VOICE_ASSISTANT,225.9310820378319,2.0,150,CloudNode,595,1.0,12000.0,351.30336888348364,3206.1953156233008,2854.8919467398173,2583.8179562428663,9.413795084909664,,
4-182,VOICE_ASSISTANT,970.421883095299,2.0,150,CloudNode,613,1.0,12000.0,360.22220084685546,3206.86661279575,2846.6444119488942,2529.966033839871,40.434245128970794,,
1-253,SENSOR_DATA_LOGGING,714.4954897323603,0.1,10000,CloudNode,922,1.0,12000.0,499.6163663550173,3206.9320255142607,2707.3156591592433,2547.97177846039,29.770645405515012,,
1-335,VOICE_ASSISTANT,254.31399841052234,2.0,150,FogNode_3,59,1.0,1899.4436001125757,666.2687213612063,3208.5028113934686,2542.2340900322624,2241.674502683499,12.07429144314463,,
3-275,SMART_HOME_CONTROL,853.8888459704282,0.1,150,CloudNode,1029,1.0,12000.0,527.1059315784437,3211.369473723488,2684.2635421450445,2541.2028075788207,35.57870191543451,,
5-399,VOICE_ASSISTANT,213.26869565522142,2.0,150,FogNode_7,53,1.0,1727.0272900361456,790.3668674546216,3212.427887086458,2422.0610196318366,2128.613915004228,14.617240209912154,,
3-243,HEALTH_MONITORING,573.3786562343885,1.0,100,CloudNode,861,1.0,12000.0,464.7431749537998,3212.757283026293,2748.0141080724934,2562.900384421544,23.89077734309952,,
5-252,GPS_TRACKING,880.822280376091,0.2,200,CloudNode,1005,1.0,12000.0,520.9799118912163,3213.4319746399988,2692.4520627487827,2542.0024144405106,36.70092834900379,,
6-274,SENSOR_DATA_LOGGING,725.6724360664041,0.1,10000,CloudNode,1055,1.0,12000.0,534.989941302611,3215.23546655231,2680.245525249699,2554.0005931953765,30.236351502766837,,
4-258,SENSOR_DATA_LOGGING,560.422379080743,0.1,10000,CloudNode,982,1.0,12000.0,516.2510875507841,3217.0765318763542,2700.82544432557,2568.0879818554736,23.350932461697624,,
9-231,GPS_TRACKING,174.40315030499445,0.2,200,CloudNode,920,1.0,12000.0,498.3235468519029,3219.4495117874553,2721.1259649355525,2598.597788494729,7.2667979293747695,,
6-266,GPS_TRACKING,684.0705734541906,0.2,200,CloudNode,994,1.0,12000.0,519.3078601194372,3219.6626047562454,2700.3547446368084,2561.7451898751306,28.502940560591277,,
5-472,SENSOR_DATA_LOGGING,61.61041010918647,0.1,10000,FogNode_3,94,1.0,1899.4436001125757,939.2494042922566,3220.7839510891404,2281.5345467968837,2235.856779999171,2.9251321289406556,,
9-455,HEALTH_MONITORING,92.90365557595251,1.0,100,FogNode_7,62,1.0,1727.0272900361456,924.9676964454992,3223.558022917952,2298.5903264724525,2150.8109996790163,6.367531089176027,,
2-265,HEALTH_MONITORING,59.44439747944965,1.0,100,CloudNode,871,1.0,12000.0,470.91299037724315,3224.6163045461994,2753.7033141689562,2611.846591928103,2.4768498949770685,,
7-327,HEALTH_MONITORING,321.5989226862839,1.0,100,FogNode_3,61,1.0,1899.4436001125757,684.6657929039135,3227.184770132497,2542.5189772285835,2281.56958696917,15.26883751812722,,
9-208,HEALTH_MONITORING,531.763056947529,1.0,100,CloudNode,781,1.0,12000.0,428.27125969722874,3227.230185094729,2798.9589253975005,2579.431211796936,22.156794039480374,,
4-251,SENSOR_DATA_LOGGING,264.07692061445584,0.1,10000,CloudNode,928,1.0,12000.0,501.5654231283607,3228.938435565465,2727.3730124371045,2600.1481584648336,11.003205025602327,,
9-179,VOICE_ASSISTANT,487.6990206496388,2.0,150,CloudNode,611,1.0,12000.0,358.22775817027286,3231.0578507910645,2872.8300926207917,2586.670038571387,20.32079252706828,,
2-496,HEALTH_MONITORING,159.0540647783127,1.0,100,FogNode_7,62,1.0,1727.0272900361456,920.9289629784732,3235.5192275024956,2314.590264524022,2128.390233072778,10.901419282772286,,
0-281,GPS_TRACKING,407.00146605716327,0.2,200,CloudNode,949,1.0,12000.0,507.7279950283853,3237.619965808657,2729.8919707802715,2598.0263314914982,16.95839441904847,,
3-63,AUGMENTED_REALITY,79.78612908403035,30.0,150,FogNode_7,0,0.25,1727.0272900361456,131.80674061239569,3239.4275711685905,3107.620830556195,652.1786787304004,5.4684678905043835,,
7-243,SMART_HOME_CONTROL,380.9518050799519,0.1,150,CloudNode,975,1.0,12000.0,514.9089213572734,3244.5032667829555,2729.594345425682,2605.898807074953,15.872991878331327,,
8-69,AUGMENTED_REALITY,96.01452838323988,30.0,150,FogNode_7,0,0.75,1727.0272900361456,128.23278093538275,3244.894335554915,3116.661554619532,649.2781506035371,6.580747449631082,,
2-290,GPS_TRACKING,366.6277689129993,0.2,200,CloudNode,972,1.0,12000.0,513.8313947943122,3245.787780628393,2731.9563858340807,2608.0610842051283,15.276157038041637,,
6-360,VOICE_ASSISTANT,129.3255653920416,2.0,150,FogNode_3,60,1.0,1899.4436001125757,683.0586891252308,3246.786980342603,2563.7282912173723,2329.856074156425,6.1401046633395255,,
7-191,HEALTH_MONITORING,808.8139891471508,1.0,100,CloudNode,774,1.0,12000.0,425.13343913568644,3248.2636002194076,2823.1301610837213,2577.5931065468258,33.70058288113128,,
6-258,SMART_HOME_CONTROL,128.52384374484336,0.1,150,CloudNode,967,1.0,12000.0,511.9816315288361,3248.3302861207276,2736.3486545918913,2628.2903383833063,5.35516015603514,,
4-167,VOICE_ASSISTANT,955.0511469559268,2.0,150,CloudNode,548,1.0,12000.0,338.9728456152428,3249.072647561544,2910.099801946301,2567.381829521383,39.793797789830286,,
7-225,GPS_TRACKING,592.142511038573,0.2,200,CloudNode,890,1.0,12000.0,484.82058725435644,3250.003019240918,2765.182431986562,2595.039618922211,24.67260462660721,,
2-216,VOICE_ASSISTANT,640.079307192809,2.0,150,CloudNode,668,1.0,12000.0,381.073349447384,3253.28788789187,2872.214538444486,2594.548766393573,26.669971133033705,,
6-215,HEALTH_MONITORING,356.8280224276904,1.0,100,CloudNode,764,1.0,12000.0,423.0052639247501,3260.7935193267053,2837.788255401955,2621.796014464,14.867834267820434,,
2-279,GPS_TRACKING,801.8689202332683,0.2,200,CloudNode,903,1.0,12000.0,492.37781842228276,3261.76636463415,2769.388546211867,2590.8329303521077,33.41120500971952,,
9-477,SENSOR_DATA_LOGGING,102.28922760244674,0.1,10000,FogNode_3,94,1.0,1899.4436001125757,954.5666442088689,3262.355017163824,2307.788372954955,2238.1657149591083,4.856476455426587,,
4-262,SENSOR_DATA_LOGGING,877.3048876143478,0.1,10000,CloudNode,997,1.0,12000.0,519.6126224318075,3264.250268984903,2744.6376465530957,2587.3564165646503,36.554370317264485,,
0-255,HEALTH_MONITORING,910.7883077153494,1.0,100,CloudNode,853,1.0,12000.0,458.11406019384054,3267.186218195594,2809.0721580017535,2587.3113311683073,37.949512821472894,,
0-268,SENSOR_DATA_LOGGING,980.2296464432977,0.1,10000,CloudNode,898,1.0,12000.0,488.93258507026593,3268.345146299396,2779.4125612291305,2583.1320674771923,40.842901935137405,,
5-250,GPS_TRACKING,795.9271111115532,0.2,200,CloudNode,990,1.0,12000.0,518.1619412877675,3270.209817989908,2752.0478767021405,2598.1632183716597,33.16362962964805,,
2-287,GPS_TRACKING,892.9776863878461,0.2,200,CloudNode,949,1.0,12000.0,508.2481518759537,3271.603146668012,2763.3549947920583,2592.313807112185,37.20740359949359,,
6-349,VOICE_ASSISTANT,345.4660153783833,2.0,150,FogNode_3,58,1.0,1899.4436001125757,667.7992579832352,3273.025170558306,2605.2259125750707,2254.608588231981,16.401996663381066,,
5-242,E_COMMERCE_TRANSACTION,915.8495340546549,0.5,300,CloudNode,919,1.0,12000.0,497.791828189068,3274.968202798671,2777.176374609603,2593.3472812016685,38.160397252277285,,
6-254,GPS_TRACKING,330.3775604429205,0.2,200,CloudNode,945,1.0,12000.0,506.22667111686235,3276.604110931787,2770.377439814925,2638.3425965208426,13.765731685121688,,
7-200,HEALTH_MONITORING,872.8553816448901,1.0,100,CloudNode,808,1.0,12000.0,439.67029579585426,3278.933264093708,2839.262968297854,2599.5077533211015,36.36897423520376,,
7-248,SMART_HOME_CONTROL,919.0004928524334,0.1,150,CloudNode,1034,1.0,12000.0,529.298196425155,3283.4499872001193,2754.1517907749644,2600.111813481062,38.291687202184725,,
7-239,GPS_TRACKING,367.497355005431,0.2,200,CloudNode,953,1.0,12000.0,509.096206964801,3283.912667475656,2774.816460510855,2641.5262526879205,15.312389791892958,,
7-189,HEALTH_MONITORING,476.43792847751547,1.0,100,CloudNode,769,1.0,12000.0,424.3559617454282,3285.490941334853,2861.134979589425,2636.140825965165,19.85158035322981,,
7-236,GPS_TRACKING,438.2100168857033,0.2,200,CloudNode,935,1.0,12000.0,503.0973257826128,3286.52052064806,2783.4231948654474,2639.087460580946,18.258750703570968,,
6-196,VOICE_ASSISTANT,921.6274228617519,2.0,150,CloudNode,675,1.0,12000.0,384.6314671737164,3288.1717589619675,2903.540291788251,2604.5118506428234,38.401142619239664,,
1-259,GPS_TRACKING,733.617675055288,0.2,200,CloudNode,960,1.0,12000.0,510.4925280376866,3288.3649913493364,2777.87246331165,2618.3929816491936,30.567403127303667,,
4-233,HEALTH_MONITORING,912.5647109023034,1.0,100,CloudNode,861,1.0,12000.0,465.1834754580816,3289.4790338818575,2824.295558423776,2606.5033362416452,38.02352962092931,,
4-259,SENSOR_DATA_LOGGING,929.1015982386317,0.1,10000,CloudNode,992,1.0,12000.0,518.7073562563924,3294.501665062907,2775.7943088065144,2609.459112272035,38.71256659327632,,
8-464,E_COMMERCE_TRANSACTION,309.23885891715855,0.5,300,FogNode_7,62,1.0,1727.0272900361456,920.5483937887219,3294.5233594899273,2373.9749657012053,2145.7715464666294,21.194946914941543,,
2-256,HEALTH_MONITORING,244.8455774335943,1.0,100,CloudNode,849,1.0,12000.0,456.5329702154406,3295.372000918137,2838.8390307026966,2660.9926415817827,10.201899059733096,,
0-285,SMART_HOME_CONTROL,121.83397105163827,0.1,150,CloudNode,971,1.0,12000.0,512.8444943410489,3296.67335156903,2783.8288572279807,2670.6699848463572,5.076415460484928,,
0-282,GPS_TRACKING,840.1453059962382,0.2,200,CloudNode,950,1.0,12000.0,508.46280675680043,3298.950544398485,2790.4877376416844,2619.8789492614706,35.006054416509926,,
2-282,GPS_TRACKING,962.6999624246477,0.2,200,CloudNode,920,1.0,12000.0,499.2169700040582,3299.674508656176,2800.457538652118,2611.8017023331886,40.11249843436032,,
9-115,AUGMENTED_REALITY,165.9609551380261,30.0,150,FogNode_7,0,0.875,1727.0272900361456,205.93015667520766,3301.1507932548243,3095.2206365796164,593.3957553157315,11.37481119423534,,
9-233,SENSOR_DATA_LOGGING,634.8188133567392,0.1,10000,CloudNode,937,1.0,12000.0,503.5166347593541,3301.165167999136,2797.648533239782,2638.3822508369535,26.450783889864134,,
6-259,SMART_HOME_CONTROL,146.49824261694,0.1,150,CloudNode,974,1.0,12000.0,514.6733284054743,3301.6872207666024,2787.013892361128,2672.877035410561,6.104093442372499,,
8-259,GPS_TRACKING,498.27790942724744,0.2,200,CloudNode,987,1.0,12000.0,517.2426356079875,3302.3166784456425,2785.074042837655,2648.868835794705,20.761579559468643,,
4-253,GPS_TRACKING,945.8116487621119,0.2,200,CloudNode,943,1.0,12000.0,505.4717693366503,3303.433941943042,2797.962172606392,2616.5211219521398,39.40881869842133,,
9-446,VOICE_ASSISTANT,230.22013382726243,2.0,150,FogNode_7,62,1.0,1727.0272900361456,912.2926038592282,3305.773558865904,2393.4809550066757,2086.6915746464265,15.779076188244265,,
6-396,AUGMENTED_REALITY,105.33637619101043,30.0,150,FogNode_7,51,1.0,1727.0272900361456,763.6034619816749,3305.887220148421,2542.2837581667463,67.872918893519,7.219658323014525,,
1-120,E_COMMERCE_TRANSACTION,705.4352297261772,0.5,300,FogNode_4,0,0.25,1758.3565909566523,223.6249425387694,3306.879526568195,3083.2545840294256,2635.768852994807,58.76529398329385,,
0-273,SENSOR_DATA_LOGGING,555.9411362950083,0.1,10000,CloudNode,916,1.0,12000.0,496.141184797697,3310.578697009487,2814.43751221179,2652.2022108605647,23.16421401229201,,
5-239,E_COMMERCE_TRANSACTION,302.2437995785299,0.5,300,CloudNode,905,1.0,12000.0,492.48638842493114,3310.6779246330634,2818.191536208132,2669.8226868429665,12.593491649105411,,
1-179,VOICE_ASSISTANT,487.0672705427649,2.0,150,CloudNode,557,1.0,12000.0,340.9163575136117,3310.798757201805,2969.8823996881933,2656.832065503848,20.294469605948535,,
5-247,GPS_TRACKING,453.1460323627965,0.2,200,CloudNode,949,1.0,12000.0,508.0632897126751,3314.3662802953536,2806.3029905826784,2662.502307784721,18.88108468178319,,
9-476,SENSOR_DATA_LOGGING,79.37048605456697,0.1,10000,FogNode_3,94,1.0,1899.4436001125757,953.9750891269196,3314.8113473365283,2360.836258209609,2298.826483036036,3.768343019246228,,
1-264,SENSOR_DATA_LOGGING,661.6385025982785,0.1,10000,CloudNode,1026,1.0,12000.0,526.5909157084334,3316.9029065173395,2790.311990808906,2649.8008530292286,27.568270941594935,,
9-241,SENSOR_DATA_LOGGING,465.4857719703423,0.1,10000,CloudNode,1007,1.0,12000.0,521.8965034131381,3317.7237450912367,2795.8272416780983,2664.646080635205,19.39524049876426,,
6-277,SENSOR_DATA_LOGGING,419.50795778653463,0.1,10000,CloudNode,1061,1.0,12000.0,537.4006629133025,3318.4089836823305,2781.0083207690277,2668.4974147710677,17.47949824110561,,
8-250,SENSOR_DATA_LOGGING,228.71450423400222,0.1,10000,CloudNode,920,1.0,12000.0,498.30834328324795,3318.734050675676,2820.425707392428,2681.9658825950573,9.529771009750093,,
5-253,GPS_TRACKING,389.9258111204784,0.2,200,CloudNode,1004,1.0,12000.0,521.3052022925924,3320.8588089427094,2799.553606650117,2672.21399666981,16.2469087966866,,
3-479,SMART_HOME_CONTROL,140.84054821849287,0.1,150,FogNode_3,94,1.0,1899.4436001125757,953.8925680917713,3320.9352984132975,2367.042730321526,2272.851955601992,6.686811724210562,,
3-266,SENSOR_DATA_LOGGING,345.5882213238295,0.1,10000,CloudNode,949,1.0,12000.0,507.66028503355847,3323.3006835065594,2815.640398473001,2677.74824192018,14.399509221826229,,
7-230,GPS_TRACKING,901.6425493866273,0.2,200,CloudNode,906,1.0,12000.0,492.8619266107408,3323.46716523628,2830.605238625539,2638.4024506665746,37.56843955777613,,
5-474,GPS_TRACKING,197.42426146452064,0.2,200,FogNode_3,94,1.0,1899.4436001125757,942.1872383335791,3324.721894523112,2382.534656189533,2247.7407993007496,9.373286904255526,,
8-225,HEALTH_MONITORING,963.8531360215115,1.0,100,CloudNode,801,1.0,12000.0,436.85923380969115,3324.824361451415,2887.965127641724,2634.9752169052003,40.16054733422965,,
0-291,SENSOR_DATA_LOGGING,690.5774191308708,0.1,10000,CloudNode,998,1.0,12000.0,520.0766733973,3325.893264560302,2805.816591163002,2655.8691305949405,28.774059130452947,,
5-216,HEALTH_MONITORING,280.4719667496822,1.0,100,CloudNode,786,1.0,12000.0,431.53277280071103,3326.806605838849,2895.273833038138,2685.193230226169,11.686331947903426,,
0-284,SENSOR_DATA_LOGGING,114.35275762530523,0.1,10000,CloudNode,961,1.0,12000.0,510.6667050070131,3327.938380151106,2817.2716751440926,2697.3725262602093,4.764698234387718,,
3-276,SENSOR_DATA_LOGGING,687.7504290316925,0.1,10000,CloudNode,1034,1.0,12000.0,528.2205971123065,3328.915682420653,2800.6950853083463,2658.1584848697507,28.656267876320523,,
1-265,SENSOR_DATA_LOGGING,87.29256721255302,0.1,10000,CloudNode,1030,1.0,12000.0,527.7764876585336,3330.741545837326,2802.965058178793,2701.3607818724063,3.637190300523043,,
4-215,HEALTH_MONITORING,785.1576102441749,1.0,100,CloudNode,774,1.0,12000.0,425.15992447826136,3332.616019049275,2907.4560945710136,2654.7794304043723,32.714900426840615,,
5-195,VOICE_ASSISTANT,188.33897714343357,2.0,150,CloudNode,705,1.0,12000.0,395.0643909422808,3336.5537237046624,2941.4893327623818,2699.3229199135467,7.847457380976398,,
2-291,SENSOR_DATA_LOGGING,497.35809214464024,0.1,10000,CloudNode,972,1.0,12000.0,513.8777474416684,3336.818508596857,2822.9407611551887,2678.170158207322,20.72325383936001,,
9-371,AUGMENTED_REALITY,168.67901461189098,30.0,150,FogNode_7,50,1.0,1727.0272900361456,771.0197389082023,3337.0977212496355,2566.077982341433,62.88151470445655,11.561104490174749,,
3-95,AUGMENTED_REALITY,177.12447734706964,30.0,150,FogNode_7,0,0.875,1727.0272900361456,212.29710925082156,3338.0795508795295,3125.782441628708,611.7733279244148,12.139948736887552,,
0-233,HEALTH_MONITORING,213.00439257057224,1.0,100,CloudNode,786,1.0,12000.0,432.1372804603052,3341.051049554107,2908.913769093802,2701.6626814471797,8.875183023773843,,
2-132,E_COMMERCE_TRANSACTION,238.8703580092203,0.5,300,FogNode_4,0,0.25,1758.3565909566523,225.97888387819737,3341.6448334007737,3115.6659495225763,2927.538947844859,19.898760681055318,,
4-254,SENSOR_DATA_LOGGING,385.0196992578258,0.1,10000,CloudNode,949,1.0,12000.0,507.79889887780564,3342.8837321399574,2835.0848332621517,2690.5406216322085,16.042487469076075,,
1-233,HEALTH_MONITORING,197.39484161243195,1.0,100,CloudNode,856,1.0,12000.0,461.88748877834183,3343.2561759732184,2881.3686871948767,2702.5432034492414,8.224785067184664,,
0-238,HEALTH_MONITORING,303.8401609082046,1.0,100,CloudNode,810,1.0,12000.0,442.76453744846646,3344.054064084693,2901.2895266362266,2697.2087516074525,12.660006704508525,,
1-243,HEALTH_MONITORING,570.4138678357108,1.0,100,CloudNode,873,1.0,12000.0,472.57212851712063,3344.207840555339,2871.635712038218,2679.200045718859,23.767244493154617,,
7-246,SMART_HOME_CONTROL,571.893775390722,0.1,150,CloudNode,1012,1.0,12000.0,522.8166742418916,3348.8229826150296,2826.006308373138,2683.3838329182354,23.82890730794675,,
2-295,SMART_HOME_CONTROL,176.99181401741026,0.1,150,CloudNode,993,1.0,12000.0,519.2623094109923,3351.3030415394464,2832.0407321284542,2710.530030861837,7.374658917392095,,
4-264,SENSOR_DATA_LOGGING,604.7261713968139,0.1,10000,CloudNode,1026,1.0,12000.0,526.047701586484,3352.0810683830036,2826.0333667965197,2683.758319756867,25.19692380820058,,
1-231,HEALTH_MONITORING,821.002121580654,1.0,100,CloudNode,850,1.0,12000.0,457.1716507540282,3352.3295109407104,2895.1578601866822,2668.9445128962006,34.20842173252725,,
3-279,SENSOR_DATA_LOGGING,621.9321006831897,0.1,10000,CloudNode,1068,1.0,12000.0,539.7757449079763,3354.144353502575,2814.3686085945988,2684.350716350045,25.91383752846624,,
0-177,VOICE_ASSISTANT,306.7849602624531,2.0,150,CloudNode,602,1.0,12000.0,355.4972955169422,3358.1814324044794,3002.684136887537,2706.64823351205,12.782706677602214,,
3-231,HEALTH_MONITORING,407.4208281545638,1.0,100,CloudNode,826,1.0,12000.0,447.2307827951464,3359.845000239849,2912.6142174447027,2701.9449017323022,16.975867839773493,,
2-309,SMART_HOME_CONTROL,936.593679799431,0.1,150,CloudNode,1091,1.0,12000.0,545.5302182122273,3366.2212322785867,2820.6910140663595,2672.317503555877,39.02473665830963,,
1-234,HEALTH_MONITORING,502.8870649144412,1.0,100,CloudNode,858,1.0,12000.0,463.0983619914558,3366.731616860952,2903.633254869496,2701.557388733089,20.953627704768387,,
4-421,AUGMENTED_REALITY,90.233935470733,30.0,150,FogNode_7,62,1.0,1727.0272900361456,903.7760973222777,3369.5830585771523,2465.8069612548748,0.0,6.184550929095181,,
2-227,VOICE_ASSISTANT,180.69366291886936,2.0,150,CloudNode,726,1.0,12000.0,404.3792319072901,3373.2392376477187,2968.8600057404287,2727.1818528893878,7.528902621619556,,
3-268,GPS_TRACKING,896.6639244025469,0.2,200,CloudNode,977,1.0,12000.0,515.3775791898897,3373.6725380986973,2858.2949589088075,2681.319252330757,37.36099685010612,,
0-293,SMART_HOME_CONTROL,447.9309620603741,0.1,150,CloudNode,1053,1.0,12000.0,534.6072189420911,3374.146088768555,2839.5388698264637,2710.785654532693,18.66379008584892,,
4-225,HEALTH_MONITORING,739.8752253057934,1.0,100,CloudNode,814,1.0,12000.0,444.2419338215618,3376.0225490708362,2931.7806152492744,2693.986334144583,30.82813438774139,,
5-263,SENSOR_DATA_LOGGING,716.5202408251929,0.1,10000,CloudNode,1062,1.0,12000.0,538.143284290493,3377.4337651600026,2839.2904808695093,2696.841289100118,29.855010034383035,,
9-223,HEALTH_MONITORING,307.8454362664111,1.0,100,CloudNode,869,1.0,12000.0,468.96029378755117,3377.7348547385377,2908.7745609509866,2722.7863913983665,12.82689317776713,,
9-453,AUGMENTED_REALITY,91.11399312124834,30.0,150,FogNode_7,62,1.0,1727.0272900361456,921.2586299499092,3380.5348183420924,2459.276188392183,0.0,6.244869270878216,,
4-278,SENSOR_DATA_LOGGING,859.8472416392184,0.1,10000,CloudNode,1109,1.0,12000.0,551.6252471106806,3382.232633812755,2830.6073867020746,2691.1785830262816,35.826968401634105,,
2-299,SENSOR_DATA_LOGGING,111.48016153473148,0.1,10000,CloudNode,1030,1.0,12000.0,527.8271226983846,3383.4361022297826,2855.608979531398,2740.813989826551,4.645006730613812,,
0-243,HEALTH_MONITORING,820.7972335973182,1.0,100,CloudNode,814,1.0,12000.0,444.11998086718967,3385.3026759837826,2941.182695116593,2696.157545350133,34.19988473322159,,
7-207,HEALTH_MONITORING,98.64514608269539,1.0,100,CloudNode,842,1.0,12000.0,454.1909586402262,3385.955283578762,2931.764324938536,2743.1415460624285,4.110214420112308,,
6-264,E_COMMERCE_TRANSACTION,906.7841613737963,0.5,300,CloudNode,982,1.0,12000.0,516.2250770096157,3386.2432714142133,2870.0181944045976,2690.5188879707594,37.78267339057484,,
6-496,SENSOR_DATA_LOGGING,140.15636314916316,0.1,10000,FogNode_3,93,1.0,1899.4436001125757,961.1549817883521,3388.5994625197623,2427.4444807314103,2338.348493147106,6.654328062360381,,
9-256,SENSOR_DATA_LOGGING,774.0071035111794,0.1,10000,CloudNode,1109,1.0,12000.0,551.9207834400827,3393.416274379918,2841.4954909398352,2703.513461396057,32.25029597963247,,
1-270,GPS_TRACKING,675.0253610809701,0.2,200,CloudNode,1090,1.0,12000.0,545.8170879638677,3399.1358455633717,2853.318757599504,2715.8326918557486,28.12605671170709,,
6-256,E_COMMERCE_TRANSACTION,205.4105038845936,0.5,300,CloudNode,958,1.0,12000.0,510.1100103035871,3400.5536442201656,2890.4436339165786,2747.333103283175,8.5587709951914,,
7-321,VOICE_ASSISTANT,480.5295590611479,2.0,150,FogNode_3,57,1.0,1899.4436001125757,676.5430683755906,3402.309658022153,2725.7665896465624,2306.582515582699,22.81452841531832,,
2-288,SMART_HOME_CONTROL,964.2074450225062,0.1,150,CloudNode,960,1.0,12000.0,510.40785831161105,3408.289000569648,2897.881142258037,2703.3136910014005,40.17531020927109,,
5-483,SENSOR_DATA_LOGGING,281.4875458018399,0.1,10000,FogNode_3,94,1.0,1899.4436001125757,954.8418334593542,3410.54975470968,2455.707921250326,2288.2510843525215,13.364434073112008,,
4-196,VOICE_ASSISTANT,684.5396218090096,2.0,150,CloudNode,679,1.0,12000.0,386.91101041504254,3411.1893219866593,3024.2783115716165,2723.543463952992,28.52248424204207,,
7-209,HEALTH_MONITORING,967.9407625050153,1.0,100,CloudNode,852,1.0,12000.0,457.9656216594966,3411.4032760460773,2953.4376543865806,2705.2720690995993,40.33086510437564,,
2-316,GPS_TRACKING,635.8824207569894,0.2,200,CloudNode,1122,1.0,12000.0,556.8232402686297,3412.835201969598,2856.0119617009686,2728.7823213952797,26.49510086487456,,
4-282,SENSOR_DATA_LOGGING,324.36128904604766,0.1,10000,CloudNode,1146,1.0,12000.0,563.3796735545659,3412.985390999266,2849.6057174447005,2749.5723600716406,13.515053710251987,,
7-214,HEALTH_MONITORING,744.4828241504606,1.0,100,CloudNode,863,1.0,12000.0,467.1808405023304,3414.369746286582,2947.188905784252,2722.2771750364873,31.02011767293586,,
7-252,SENSOR_DATA_LOGGING,846.897137836759,0.1,10000,CloudNode,1061,1.0,12000.0,537.2701542010067,3414.7826020417356,2877.512447840729,2716.331029998135,35.2873807431983,,
2-292,SMART_HOME_CONTROL,899.8851874302867,0.1,150,CloudNode,987,1.0,12000.0,517.2561430334171,3416.0414818399645,2898.7853388065473,2714.6972511004315,37.49521614292861,,
4-261,E_COMMERCE_TRANSACTION,895.263778801514,0.5,300,CloudNode,996,1.0,12000.0,519.5282480770016,3417.861490873345,2898.3332427963433,2716.1969024830937,37.30265745006309,,
9-478,SENSOR_DATA_LOGGING,365.5520051640363,0.1,10000,FogNode_3,94,1.0,1899.4436001125757,954.6908503364878,3419.6369204055404,2464.9460700690524,2253.9945937935,17.355637029667587,,
4-183,VOICE_ASSISTANT,925.1201002637972,2.0,150,CloudNode,618,1.0,12000.0,361.97724917938723,3421.1474057733426,3059.170156593955,2716.407294133167,38.546670844324886,,
8-254,E_COMMERCE_TRANSACTION,572.1788879833601,0.5,300,CloudNode,945,1.0,12000.0,506.1055688397836,3425.115339158616,2919.009770318832,2743.550370443224,23.840786999306673,,
7-242,E_COMMERCE_TRANSACTION,929.6465897820239,0.5,300,CloudNode,973,1.0,12000.0,513.6749047187968,3426.2935317635315,2912.6186270447347,2720.7810967953646,38.735274574250994,,
0-119,E_COMMERCE_TRANSACTION,909.703860951503,0.5,300,FogNode_4,0,0.25,1758.3565909566523,222.86039114643043,3428.0359514598786,3205.175560313448,2637.7477334036353,75.78160626781182,,
7-253,SENSOR_DATA_LOGGING,736.3595618930157,0.1,10000,CloudNode,1064,1.0,12000.0,538.2946394545867,3428.0949136853696,2889.800274230783,2735.078010292825,30.681648412208986,,
3-244,HEALTH_MONITORING,668.450580427224,1.0,100,CloudNode,869,1.0,12000.0,469.0248927263301,3428.9434526833206,2959.9185599569905,2740.965623453919,27.852107517801002,,
4-243,HEALTH_MONITORING,379.0699054155766,1.0,100,CloudNode,894,1.0,12000.0,486.7246681838339,3432.142803004797,2945.418134820963,2762.3075123068543,15.794579392315693,,
4-260,GPS_TRACKING,259.74935146652945,0.2,200,CloudNode,994,1.0,12000.0,519.347551465237,3433.0490553349546,2913.7015038697177,2772.5189449190766,10.822889644438726,,
0-292,SENSOR_DATA_LOGGING,983.7351489653963,0.1,10000,CloudNode,1006,1.0,12000.0,521.7040363515678,3433.280970619896,2911.576934268328,2722.401641277273,40.98896454022485,,
3-235,HEALTH_MONITORING,482.1881606967133,1.0,100,CloudNode,841,1.0,12000.0,453.79091294360614,3433.598621104644,2979.8077081610377,2756.3697309683976,20.091173362363055,,
3-238,HEALTH_MONITORING,291.6662582613974,1.0,100,CloudNode,855,1.0,12000.0,460.2910300928453,3437.2909125210494,2976.9998824282043,2773.788449527944,12.152760760891558,,
0-208,VOICE_ASSISTANT,55.777310367199796,2.0,150,CloudNode,706,1.0,12000.0,398.20507702305395,3437.697164532221,3039.492087509167,2790.6718419472986,2.3240545986333245,,
2-276,HEALTH_MONITORING,76.70541215006052,1.0,100,CloudNode,898,1.0,12000.0,488.91019497393074,3438.5349206839687,2949.624725710038,2789.788025276908,3.1960588395858553,,
6-255,E_COMMERCE_TRANSACTION,239.1120511998196,0.5,300,CloudNode,950,1.0,12000.0,507.4129992335791,3441.073410039994,2933.660410806415,2779.348553072233,9.963002133325816,,
9-244,GPS_TRACKING,664.6344017213344,0.2,200,CloudNode,1017,1.0,12000.0,524.7995507115909,3441.629471557658,2916.8299208460667,2749.25103019255,27.693100071722267,,
7-249,GPS_TRACKING,236.84307152947352,0.2,200,CloudNode,1040,1.0,12000.0,530.9630265403481,3444.8522617860717,2913.8892352457237,2783.095668127411,9.868461313728062,,
2-302,GPS_TRACKING,985.1681315858199,0.2,200,CloudNode,1054,1.0,12000.0,534.8994549313564,3448.318576577405,2913.4191216460486,2734.8844699315255,41.04867214940916,,
6-207,VOICE_ASSISTANT,453.50560340868145,2.0,150,CloudNode,731,1.0,12000.0,406.5193709509167,3452.5747356591255,3046.055364708209,2774.159128793307,18.89606680869506,,
7-240,E_COMMERCE_TRANSACTION,922.1885600997284,0.5,300,CloudNode,973,1.0,12000.0,513.2065813303617,3452.8715957458135,2939.665014415452,2742.295975703061,38.42452333748869,,
5-254,GPS_TRACKING,951.1948483035642,0.2,200,CloudNode,1012,1.0,12000.0,522.9699068171354,3452.9387754573277,2929.9688686401923,2741.3076439504844,39.633118679315174,,
2-297,SENSOR_DATA_LOGGING,501.57064424428665,0.1,10000,CloudNode,1012,1.0,12000.0,522.9752122157762,3452.9868756736832,2930.011663457907,2772.7602556247866,20.898776843511946,,
7-212,HEALTH_MONITORING,465.1510521990452,1.0,100,CloudNode,859,1.0,12000.0,463.7558193217701,3454.8040695232185,2991.0482502014484,2775.0304594741174,19.381293841626885,,
7-260,SENSOR_DATA_LOGGING,886.2049072279283,0.1,10000,CloudNode,1112,1.0,12000.0,552.9323974290635,3456.0830427484157,2903.1506453193524,2747.3342682661723,36.92520446783035,,
7-320,VOICE_ASSISTANT,616.0234912818163,2.0,150,FogNode_3,57,1.0,1899.4436001125757,675.7929463257744,3457.409093010669,2781.6161466848944,2292.280753274562,29.247494105901975,,
0-267,HEALTH_MONITORING,628.351183823123,1.0,100,CloudNode,893,1.0,12000.0,487.36197456634346,3460.651599221575,2973.2896246552314,2769.9511497000426,26.181299325963458,,
4-283,GPS_TRACKING,285.2880561756506,0.2,200,CloudNode,1149,1.0,12000.0,564.1530084773648,3461.0649172023536,2896.9119087249887,2793.218353457267,11.887002340652108,,
3-199,VOICE_ASSISTANT,273.0562539601866,2.0,150,CloudNode,690,1.0,12000.0,390.79174209069356,3463.8280978700095,3073.036355779316,2796.595768751402,11.377343915007776,,
0-254,HEALTH_MONITORING,948.6423506402423,1.0,100,CloudNode,843,1.0,12000.0,454.63585039743253,3464.356205203803,3009.7203548063703,2748.9598105832893,39.5267646100101,,
8-245,HEALTH_MONITORING,310.6287556243479,1.0,100,CloudNode,876,1.0,12000.0,478.8832954251554,3464.420650319331,2985.5373548941757,2794.067503180783,12.942864817681162,,
4-274,SMART_HOME_CONTROL,578.3572063988197,0.1,150,CloudNode,1074,1.0,12000.0,542.2174673129797,3466.0579247399132,2923.8404574269334,2776.8435082339656,24.098216933284153,,
7-179,VOICE_ASSISTANT,270.29867755283374,2.0,150,CloudNode,730,1.0,12000.0,404.8838808052217,3467.3771515821413,3062.4932707769194,2800.2329850704477,11.262444898034738,,
7-211,HEALTH_MONITORING,109.39531953182228,1.0,100,CloudNode,859,1.0,12000.0,463.63752060907507,3469.767875849227,3006.130355240152,2811.5489287450046,4.558138313825928,,
0-257,HEALTH_MONITORING,290.10791567375713,1.0,100,CloudNode,869,1.0,12000.0,468.951216374677,3477.1144350968075,3008.1632187221303,2805.52433991392,12.08782981973988,,
4-248,HEALTH_MONITORING,157.054520806657,1.0,100,CloudNode,918,1.0,12000.0,496.51004388159697,3477.508527053219,2980.998483171622,2814.457050182089,6.543938366944041,,
8-230,HEALTH_MONITORING,950.7822783254263,1.0,100,CloudNode,827,1.0,12000.0,448.4198668337087,3478.3677020904906,3029.947835256782,2761.3449374839215,39.61592826355943,,
7-264,SENSOR_DATA_LOGGING,105.58942035162443,0.1,10000,CloudNode,1146,1.0,12000.0,563.6997964531965,3478.5669942118625,2914.867197758666,2819.349734081675,4.399559181317684,,
0-279,HEALTH_MONITORING,379.3607499892149,1.0,100,CloudNode,929,1.0,12000.0,501.32995671334584,3479.9319724098395,2978.6020156964937,2803.6259246520012,15.806697916217287,,
1-284,SENSOR_DATA_LOGGING,499.9983654625845,0.1,10000,CloudNode,1156,1.0,12000.0,566.9046186284564,3483.296002012873,2916.3913833844167,2797.0950369893426,20.833265227607686,,
3-274,SENSOR_DATA_LOGGING,881.3971302888245,0.1,10000,CloudNode,1026,1.0,12000.0,526.2203657960265,3487.819507143984,2961.599141347958,2774.587509738235,36.72488042870102,,
8-253,HEALTH_MONITORING,327.56589180467734,1.0,100,CloudNode,943,1.0,12000.0,505.24480219525793,3488.3620748527433,2983.1172726574855,2811.7080580251986,13.648578825194889,,
8-268,E_COMMERCE_TRANSACTION,669.5073509694455,0.5,300,CloudNode,1045,1.0,12000.0,533.7741444873141,3489.0732498673497,2955.2991053800356,2790.8711846281403,27.896139623726896,,
6-240,HEALTH_MONITORING,952.0608528983178,1.0,100,CloudNode,874,1.0,12000.0,474.4641737227036,3492.173606377791,3017.7094326550878,2773.9232943437682,39.66920220409657,,
5-251,E_COMMERCE_TRANSACTION,556.3491716043357,0.5,300,CloudNode,997,1.0,12000.0,519.9209035165061,3498.9371666261536,2979.0162631096473,2807.6562595753994,23.181215483513984,,
9-260,SMART_HOME_CONTROL,547.0282057559559,0.1,150,CloudNode,1149,1.0,12000.0,565.3644154622012,3501.668726561412,2936.3043110992107,2807.0333472409725,22.79284190649816,,
9-186,VOICE_ASSISTANT,954.4461861138442,2.0,150,CloudNode,679,1.0,12000.0,386.19829577490833,3505.830713939685,3119.632418164777,2784.2071371348684,39.768591088076846,,
8-288,GPS_TRACKING,467.0529522394789,0.2,200,CloudNode,1183,1.0,12000.0,574.3336694410941,3506.298230935431,2931.964561494337,2817.110372131365,19.460539676644956,,
0-196,VOICE_ASSISTANT,823.3947616584121,2.0,150,CloudNode,659,1.0,12000.0,378.11683458217584,3506.313394670422,3128.1965600882463,2793.579188447037,34.3081150691005,,
3-484,SENSOR_DATA_LOGGING,347.2762115862233,0.1,10000,FogNode_3,93,1.0,1899.4436001125757,960.6970542470503,3507.552388445459,2546.855334198409,2343.5091297190593,16.48794095555272,,
8-275,SMART_HOME_CONTROL,964.9944382515752,0.1,150,CloudNode,1104,1.0,12000.0,550.0666079293018,3508.511116873001,2958.444508943699,2785.96765310328,40.208101593815634,,
4-245,HEALTH_MONITORING,308.96499174361765,1.0,100,CloudNode,901,1.0,12000.0,490.5424301445751,3509.0430846581744,3018.5006545135993,2830.4875230510165,12.873541322650734,,
8-193,VOICE_ASSISTANT,973.1545476799913,2.0,150,CloudNode,661,1.0,12000.0,378.8659124978412,3510.0396649899867,3131.1737524921455,2786.738787118255,40.548106153332974,,
7-251,SMART_HOME_CONTROL,714.9502702061648,0.1,150,CloudNode,1053,1.0,12000.0,534.5921241766724,3512.5660648575304,2977.973940680858,2805.332491540845,29.78959459192353,,
3-272,GPS_TRACKING,722.7294895688049,0.2,200,CloudNode,1012,1.0,12000.0,522.9278955260021,3513.0990532098804,2990.1711576838784,2807.7903534451634,30.113728732033536,,
0-305,SENSOR_DATA_LOGGING,964.7460319036178,0.1,10000,CloudNode,1142,1.0,12000.0,562.6991523452749,3513.994123763279,2951.294971418004,2790.380826682473,40.19775132931741,,
9-261,SENSOR_DATA_LOGGING,428.3926386214567,0.1,10000,CloudNode,1152,1.0,12000.0,566.0429128115371,3514.0670886422786,2948.0241758307416,2827.3965388461665,17.84969327589403,,
9-479,SENSOR_DATA_LOGGING,375.20287748620837,0.1,10000,FogNode_3,94,1.0,1899.4436001125757,955.9639725841357,3518.468343071202,2562.5043704870664,2342.8906846541754,17.81384006145816,,
0-234,VOICE_ASSISTANT,56.43121100186772,2.0,150,CloudNode,794,1.0,12000.0,434.047974572883,3518.696724680101,3084.648750107218,2855.6195831574614,2.351300458411155,,
4-290,SMART_HOME_CONTROL,749.1316151538634,0.1,150,CloudNode,1200,1.0,12000.0,579.53121081397,3528.4855593360685,2948.9543485220984,2816.0401275155955,31.213817298077643,,
7-229,HEALTH_MONITORING,913.0420695952395,1.0,100,CloudNode,901,1.0,12000.0,490.4193989168374,3530.8909086561553,3040.4715097393178,2805.8602402966576,38.04341956646831,,
8-282,SENSOR_DATA_LOGGING,643.7601002239817,0.1,10000,CloudNode,1155,1.0,12000.0,567.4191806454216,3531.155202071884,2963.7360214264627,2826.82141696855,26.823337509332568,,
8-284,SENSOR_DATA_LOGGING,832.6701349781491,0.1,10000,CloudNode,1168,1.0,12000.0,569.084302627493,3533.2172757848552,2964.1329731573624,2814.312838177153,34.69458895742288,,
1-205,VOICE_ASSISTANT,536.6406732539857,2.0,150,CloudNode,707,1.0,12000.0,398.86471569321543,3533.7933059718484,3134.9285902786332,2834.843640616978,22.360028052249405,,
8-256,HEALTH_MONITORING,275.5310775027815,1.0,100,CloudNode,975,1.0,12000.0,515.2173829462565,3536.059976335112,3020.8425933888557,2855.360516905668,11.480461562615895,,
0-311,SENSOR_DATA_LOGGING,686.9440912173657,0.1,10000,CloudNode,1180,1.0,12000.0,572.2854346541299,3537.17731334462,2964.89187869049,2827.5195810746163,28.622670467390236,,
8-241,HEALTH_MONITORING,907.4200769463564,1.0,100,CloudNode,869,1.0,12000.0,469.0340472437342,3539.9745449493325,3070.9404977055983,2814.703929390751,37.80916987276485,,
7-266,SENSOR_DATA_LOGGING,407.8833263018735,0.1,10000,CloudNode,1155,1.0,12000.0,566.3724773455685,3540.3036718622448,2973.9311945166764,2849.1573341973312,16.995138595911396,,
0-308,SENSOR_DATA_LOGGING,467.87142648202405,0.1,10000,CloudNode,1168,1.0,12000.0,569.1312195283072,3540.6580121015804,2971.5267925732733,2845.403478851296,19.494642770084337,,
7-223,HEALTH_MONITORING,351.4984869646264,1.0,100,CloudNode,875,1.0,12000.0,476.77163711716196,3541.857605437916,3065.085968320754,2854.829129017443,14.645770290192766,,
1-112,AUGMENTED_REALITY,554.2221135395628,30.0,150,FogNode_7,0,0.875,1727.0272900361456,210.01431239903735,3544.4690570035586,3334.4547446045212,604.7607368208605,37.98587382158379,,
4-240,HEALTH_MONITORING,802.0809351204653,1.0,100,CloudNode,889,1.0,12000.0,483.24399723368265,3545.407072138568,3062.1630749048854,2826.638342251745,33.42003896335272,,
9-480,GPS_TRACKING,167.37110302940255,0.2,200,FogNode_3,94,1.0,1899.4436001125757,957.8803338781557,3545.524951264888,2587.644617386732,2471.120223303069,7.9464264246886165,,
3-207,VOICE_ASSISTANT,491.24262042406065,2.0,150,CloudNode,741,1.0,12000.0,409.49279581043714,3546.7675989750237,3137.2748031645865,2849.0642376222986,20.468442517669192,,
0-312,SMART_HOME_CONTROL,739.2777667382803,0.1,150,CloudNode,1180,1.0,12000.0,572.6561273869717,3549.9685554142666,2977.312428027295,2834.482164176341,30.80324028076168,,
8-211,VOICE_ASSISTANT,709.9632800898062,2.0,150,CloudNode,758,1.0,12000.0,419.88528321537973,3551.337213051942,3131.451929836562,2837.6679768775775,29.581803337075257,,
2-317,SENSOR_DATA_LOGGING,515.8967349332338,0.1,10000,CloudNode,1123,1.0,12000.0,557.9327650956402,3551.5025114507703,2993.56974635513,2851.1107518636572,21.49569728888474,,
6-278,SENSOR_DATA_LOGGING,913.6435177780173,0.1,10000,CloudNode,1072,1.0,12000.0,540.8450030265261,3553.2513949116424,3012.406391885116,2826.6132850554527,38.068479907417384,,
5-285,SENSOR_DATA_LOGGING,571.6229038854912,0.1,10000,CloudNode,1209,1.0,12000.0,583.2789412790032,3553.9334729258885,2970.6545316468855,2849.182829502511,23.8176209952288,,
5-106,AUGMENTED_REALITY,602.2925247105492,30.0,150,FogNode_7,0,0.875,1727.0272900361456,212.53334120747348,3561.173114324844,3348.6397731173706,594.1366385270298,41.2805755822749,,
5-243,HEALTH_MONITORING,144.96174735794727,1.0,100,CloudNode,921,1.0,12000.0,498.45171639213265,3562.0487010274287,3063.596984635296,2887.5744029553252,6.040072806581136,,
6-249,HEALTH_MONITORING,535.5983412258709,1.0,100,CloudNode,912,1.0,12000.0,494.147809714395,3563.3299197822566,3069.1821100678617,2860.05664375014,22.31659755107795,,
5-266,SENSOR_DATA_LOGGING,944.307470376726,0.1,10000,CloudNode,1091,1.0,12000.0,545.7597570045767,3566.5117963420444,3020.7520393374675,2834.0354037335305,39.34614459903025,,
6-270,E_COMMERCE_TRANSACTION,715.5415332799258,0.5,300,CloudNode,1022,1.0,12000.0,525.5397796552462,3569.668126096647,3044.128346441401,2852.4714395252167,29.814230553330244,,
6-289,SMART_HOME_CONTROL,862.4449956435773,0.1,150,CloudNode,1184,1.0,12000.0,575.0615138813022,3570.807582929785,2995.7460690484827,2844.3661872465627,35.93520815181572,,
4-267,E_COMMERCE_TRANSACTION,756.3453536825284,0.5,300,CloudNode,1034,1.0,12000.0,529.3826061904771,3572.0718641317185,3042.6892579412415,2851.6253874907643,31.514389736772014,,
3-205,VOICE_ASSISTANT,378.8159995995448,2.0,150,CloudNode,730,1.0,12000.0,406.04904859709217,3576.9750721051964,3170.926023508104,2883.6847490493037,15.783999983314366,,
6-275,GPS_TRACKING,577.8386254003656,0.2,200,CloudNode,1057,1.0,12000.0,535.7201138964382,3581.946524755212,3046.2264108587738,2873.72162582365,24.0766093916819,,
5-274,SENSOR_DATA_LOGGING,210.0887639029524,0.1,10000,CloudNode,1143,1.0,12000.0,562.8563557637111,3584.019193333957,3021.1628375702458,2900.6371256974185,8.75369849595635,,
0-276,HEALTH_MONITORING,868.4177349324855,1.0,100,CloudNode,922,1.0,12000.0,499.5554239679095,3586.4352332199855,3086.879809252076,2855.6367297750785,36.184072288853564,,
5-259,GPS_TRACKING,702.4694271330661,0.2,200,CloudNode,1059,1.0,12000.0,536.9375597055845,3589.430027583911,3052.4924678783264,2871.8651370437383,29.269559463877755,,
0-290,E_COMMERCE_TRANSACTION,505.54019936198944,0.5,300,CloudNode,988,1.0,12000.0,517.4485147258584,3593.465562998774,3076.017048272916,2887.678713177164,21.06417497341623,,
6-285,SENSOR_DATA_LOGGING,758.7036931952674,0.1,10000,CloudNode,1140,1.0,12000.0,562.5462533209295,3594.3805098381563,3031.834256517227,2871.404275447961,31.612653883136144,,
5-249,HEALTH_MONITORING,664.8305425999116,1.0,100,CloudNode,973,1.0,12000.0,513.7405781120448,3597.260150654575,3083.5195725425306,2880.145129175878,27.70127260832965,,
3-224,VOICE_ASSISTANT,197.32362410001699,2.0,150,CloudNode,808,1.0,12000.0,439.0797742494582,3598.39016009688,3159.310385847422,2913.998255777191,8.22181767083404,,
9-262,SMART_HOME_CONTROL,699.5237585789082,0.1,150,CloudNode,1155,1.0,12000.0,566.5024619928348,3598.597318410487,3032.094856417652,2879.2661479124235,29.146823274121175,,
4-204,VOICE_ASSISTANT,178.88900705395142,2.0,150,CloudNode,731,1.0,12000.0,406.26831644739116,3598.926610588453,3192.658294141062,2915.8564397200284,7.453708627247976,,
8-278,GPS_TRACKING,748.785811508958,0.2,200,CloudNode,1122,1.0,12000.0,556.545660948332,3599.5761309703666,3043.0304700220345,2876.68448622394,31.199408812873248,,
0-302,SENSOR_DATA_LOGGING,767.4387329594206,0.1,10000,CloudNode,1134,1.0,12000.0,560.3369424370758,3600.0132040817302,3039.6762616446545,2875.900894310115,31.97661387330919,,
8-485,SENSOR_DATA_LOGGING,380.78045220036717,0.1,10000,FogNode_3,93,1.0,1899.4436001125757,965.5333699248534,3602.779128227954,2637.2457583031005,2419.0407700227925,18.07865152706988,,
8-255,HEALTH_MONITORING,897.0943597603932,1.0,100,CloudNode,948,1.0,12000.0,506.6624784256581,3603.2434226494347,3096.5809442237764,2869.7719168399185,37.37893165668305,,
6-261,HEALTH_MONITORING,772.5048792315598,1.0,100,CloudNode,979,1.0,12000.0,515.760422001367,3604.3499515519625,3088.589529550595,2879.253277788441,32.18770330131499,,
3-295,GPS_TRACKING,807.9242997970072,0.2,200,CloudNode,1149,1.0,12000.0,564.9384873271398,3607.9850370846643,3043.0465497575246,2879.269966954991,33.663512491541965,,
7-255,SMART_HOME_CONTROL,918.4183694085742,0.1,150,CloudNode,1092,1.0,12000.0,547.7904449029677,3609.752139902236,3061.9616949992687,2873.1926842820003,38.26743205869059,,
6-288,SMART_HOME_CONTROL,582.8468438426592,0.1,150,CloudNode,1180,1.0,12000.0,572.4782752697549,3611.900490102478,3039.4222148327235,2897.9679329891624,24.2852851601108,,
7-262,GPS_TRACKING,803.4055226784697,0.2,200,CloudNode,1134,1.0,12000.0,560.1489591439282,3613.7180591982296,3053.5691000543015,2884.865431381918,33.475230111602905,,
9-265,GPS_TRACKING,320.06498009924826,0.2,200,CloudNode,1183,1.0,12000.0,574.1451152986908,3616.1021092588485,3041.956993960158,2920.5169942099087,13.336040837468678,,
4-106,HEALTH_MONITORING,485.8148138111133,1.0,100,FogNode_4,0,0.25,1758.3565909566523,222.99539299063886,3617.933964006984,3394.938571016345,3033.4360080680312,40.47012277247747,,
9-245,HEALTH_MONITORING,847.5216269543623,1.0,100,CloudNode,1018,1.0,12000.0,524.965222242737,3623.878197157839,3098.912974915102,2889.465664446472,35.31340112309843,,
3-503,AUGMENTED_REALITY,268.6423673626372,30.0,150,FogNode_0,21,1.0,1189.2931772946604,993.1898172032719,3626.5132448355816,2633.3234276323096,0.0,17.105584114227366,,
7-102,HEALTH_MONITORING,562.6846366610087,1.0,100,FogNode_4,0,0.25,1758.3565909566523,220.05524762973042,3626.8855137240052,3406.830266094275,3001.5756405502466,46.87365572329317,,
4-246,HEALTH_MONITORING,914.0855047904826,1.0,100,CloudNode,903,1.0,12000.0,491.73855973628355,3627.6763035166437,3135.93774378036,2887.76928796951,38.08689603293677,,
2-318,SMART_HOME_CONTROL,346.7862350932944,0.1,150,CloudNode,1150,1.0,12000.0,564.3340104036216,3627.825463512894,3063.4914531092727,2928.6185226458433,14.4494264622206,,
1-281,GPS_TRACKING,836.9543070186879,0.2,200,CloudNode,1128,1.0,12000.0,558.9425322374452,3631.794893278986,3072.8523610415405,2897.2208263575058,34.873096125778666,,
2-131,E_COMMERCE_TRANSACTION,949.0412511771149,0.5,300,FogNode_4,0,0.25,1758.3565909566523,225.49161273376936,3632.893098368731,3407.401485634962,2820.1079096779195,79.05855247595758,,
0-206,VOICE_ASSISTANT,473.99174905373434,2.0,150,CloudNode,706,1.0,12000.0,396.79372289962697,3632.964875419919,3236.171152520292,2924.5346033630153,19.749656210572265,,
7-245,E_COMMERCE_TRANSACTION,764.3815481898765,0.5,300,CloudNode,1007,1.0,12000.0,521.855065072748,3634.506045278941,3112.6509802061933,2904.8476232008825,31.84923117457819,,
4-284,SENSOR_DATA_LOGGING,364.7777147349177,0.1,10000,CloudNode,1164,1.0,12000.0,568.4496884116797,3634.7480944465387,3066.298406034859,2933.6613477672918,15.199071447288237,,
3-296,SENSOR_DATA_LOGGING,979.970866784615,0.1,10000,CloudNode,1178,1.0,12000.0,570.7796566882542,3635.5977118246064,3064.818055136352,2889.483241576987,40.83211944935896,,
8-257,E_COMMERCE_TRANSACTION,793.8955085309798,0.5,300,CloudNode,981,1.0,12000.0,516.0169267279574,3635.8260851408954,3119.809158412938,2903.7251950333634,33.07897952212416,,
1-285,GPS_TRACKING,450.60542240720844,0.2,200,CloudNode,1156,1.0,12000.0,566.9151003043628,3635.9406119641476,3069.0255116597846,2928.389184554429,18.775225933633685,,
6-281,SENSOR_DATA_LOGGING,789.8737135429817,0.1,10000,CloudNode,1112,1.0,12000.0,552.6741653144162,3637.894673593634,3085.2205082792175,2904.579372912515,32.91140473095757,,
5-294,GPS_TRACKING,511.56537436739006,0.2,200,CloudNode,1236,1.0,12000.0,591.0416680591723,3639.8905985185243,3048.8489304593522,2927.2599663345673,21.315223931974586,,
9-235,HEALTH_MONITORING,154.29152333980798,1.0,100,CloudNode,949,1.0,12000.0,507.5929504707188,3644.65252022397,3137.0595697532513,2958.4512687051692,6.428813472491999,,
7-269,SENSOR_DATA_LOGGING,510.6265214618744,0.1,10000,CloudNode,1186,1.0,12000.0,575.4136881628876,3645.7956327712577,3070.38194460837,2932.555506379336,21.276105060911433,,
0-314,SENSOR_DATA_LOGGING,723.1345370419376,0.1,10000,CloudNode,1183,1.0,12000.0,574.6234422740407,3646.696444640147,3072.0730023661063,2917.806748740731,30.130605710080737,,
2-298,HEALTH_MONITORING,601.2071198850883,1.0,100,CloudNode,1012,1.0,12000.0,523.100834965269,3648.6979117342444,3125.5970767689755,2928.4030631799433,25.05029666187868,,
5-290,SMART_HOME_CONTROL,620.0657585218227,0.1,150,CloudNode,1216,1.0,12000.0,586.2676161979601,3651.248277513852,3064.9806613158917,2929.1846166978066,25.836073271742613,,
7-265,SENSOR_DATA_LOGGING,902.375431045149,0.1,10000,CloudNode,1150,1.0,12000.0,564.2255155056367,3652.173024692292,3087.947509186655,2909.3798102399646,37.59897629354787,,
3-319,SENSOR_DATA_LOGGING,291.85471708713663,0.1,10000,CloudNode,1284,1.0,12000.0,605.240519453082,3658.8272717028694,3053.5867522497874,2959.90789245112,12.160613211964026,,
6-262,HEALTH_MONITORING,329.6991911727014,1.0,100,CloudNode,980,1.0,12000.0,515.9214132881709,3660.439808017644,3144.5183947294727,2959.246464830044,13.737466298862557,,
0-301,GPS_TRACKING,657.7436243781116,0.2,200,CloudNode,1131,1.0,12000.0,559.5541703466495,3662.79700578284,3103.242835436191,2936.8879437576643,27.405984349087984,,
5-246,HEALTH_MONITORING,766.9078727810758,1.0,100,CloudNode,937,1.0,12000.0,503.4221913535595,3663.922193480153,3160.5000021265937,2929.435590781463,31.954494699211487,,
8-484,GPS_TRACKING,116.73169066389185,0.2,200,FogNode_3,93,1.0,1899.4436001125757,959.8867522852921,3664.2348569776645,2704.3481046923725,2613.4655411362974,5.5421740939783,,
3-300,SMART_HOME_CONTROL,698.0407499247715,0.1,150,CloudNode,1199,1.0,12000.0,578.9772951732494,3671.888121691961,3092.9108265187115,2941.3782724372986,29.08503124686548,,
5-283,SENSOR_DATA_LOGGING,459.31710587359277,0.1,10000,CloudNode,1173,1.0,12000.0,570.0634302272966,3673.0245199360047,3102.961089708708,2960.079871728493,19.138212744733032,,
9-255,SENSOR_DATA_LOGGING,947.3706890800272,0.1,10000,CloudNode,1109,1.0,12000.0,551.4518876717921,3673.328067261492,3121.8761795897,2925.0038314556614,39.473778711667805,,
9-268,SMART_HOME_CONTROL,798.7095425336754,0.1,150,CloudNode,1200,1.0,12000.0,579.9714664011321,3678.459618646951,3098.488152245819,2940.1610785196644,33.27956427223648,,
7-196,VOICE_ASSISTANT,83.60390798084094,2.0,150,CloudNode,787,1.0,12000.0,432.0534487294496,3679.9915122677417,3247.938063538292,2994.3200936910816,3.483496165868373,,
6-257,HEALTH_MONITORING,834.7286338132401,1.0,100,CloudNode,961,1.0,12000.0,510.72609698852506,3685.662828743285,3174.93673175476,2943.6794768387763,34.78035974221834,,
4-250,HEALTH_MONITORING,911.049207128118,1.0,100,CloudNode,921,1.0,12000.0,498.9047984250868,3685.672907162913,3186.768108737826,2938.080758261934,37.96038363033826,,
2-319,SMART_HOME_CONTROL,479.56618006502964,0.1,150,CloudNode,1149,1.0,12000.0,565.0515293774076,3686.6602929788996,3121.608763601492,2969.2882816043925,19.981924169376235,,
0-309,GPS_TRACKING,391.4258783146899,0.2,200,CloudNode,1177,1.0,12000.0,570.7251434785094,3691.4460948957603,3120.720951417251,2980.9858832841137,16.309411596445415,,
8-487,GPS_TRACKING,53.11373100439697,0.2,200,FogNode_3,93,1.0,1899.4436001125757,968.5240337296764,3692.197640921999,2723.673607192323,2673.1085953184875,2.521727753045864,,
0-229,VOICE_ASSISTANT,389.8823161556118,2.0,150,CloudNode,779,1.0,12000.0,427.52298344983217,3692.9300010306115,3265.407017580779,2982.5411038640987,16.245096506483826,,
6-272,HEALTH_MONITORING,96.89686392854045,1.0,100,CloudNode,1041,1.0,12000.0,531.7342835862008,3693.7476458236247,3162.0133622374237,3006.0328347001623,4.037369330355852,,
8-283,SENSOR_DATA_LOGGING,709.4669538971298,0.1,10000,CloudNode,1160,1.0,12000.0,567.9738315547635,3694.7199579827006,3126.7461264279373,2959.4941341285144,29.56112307904707,,
7-274,GPS_TRACKING,865.8904897811886,0.2,200,CloudNode,1216,1.0,12000.0,586.1998291291952,3696.035737972938,3109.835908843743,2951.2690158812866,36.07877040754953,,
9-273,GPS_TRACKING,736.2719954241467,0.2,200,CloudNode,1236,1.0,12000.0,590.9361529496946,3697.2966115828267,3106.360458633132,2959.2247527032187,30.677999809339443,,
5-215,VOICE_ASSISTANT,584.5585230425402,2.0,150,CloudNode,785,1.0,12000.0,430.9575692665549,3697.4111219877896,3266.4535527212347,2971.2444480819404,24.356605126772507,,
5-256,E_COMMERCE_TRANSACTION,608.416069650332,0.5,300,CloudNode,1034,1.0,12000.0,529.3268732411339,3701.9496166513795,3172.6227434102457,2973.7882986797454,25.350669568763834,,
2-312,GPS_TRACKING,908.647185750295,0.2,200,CloudNode,1104,1.0,12000.0,550.0552107843788,3703.3969023291684,3153.3416915447897,2955.0190944591054,37.860299406262286,,
5-281,SMART_HOME_CONTROL,619.6641226033227,0.1,150,CloudNode,1166,1.0,12000.0,568.8993407045795,3703.811701575902,3134.9123608713226,2974.596669038576,25.81933844180511,,
1-278,SENSOR_DATA_LOGGING,912.5420082621425,0.1,10000,CloudNode,1122,1.0,12000.0,557.4055186096034,3703.8706308680726,3146.465112258469,2954.639844922878,38.022583677589274,,
2-293,HEALTH_MONITORING,829.466567198772,1.0,100,CloudNode,988,1.0,12000.0,517.6165395989652,3704.948299074126,3187.331759475161,2959.149825722553,34.561106966615505,,
9-123,HEALTH_MONITORING,488.01673234385316,1.0,100,FogNode_4,0,0.25,1758.3565909566523,222.0041312731414,3705.5773414451387,3483.5732101719973,3113.8689445486248,40.653550512475576,,
0-306,SENSOR_DATA_LOGGING,788.6905561534911,0.1,10000,CloudNode,1162,1.0,12000.0,568.2914279260236,3705.6148115313154,3137.323383605292,2962.962390096025,32.86210650639546,,
8-205,VOICE_ASSISTANT,120.02808493876488,2.0,150,CloudNode,741,1.0,12000.0,410.17249424309034,3706.0380783845017,3295.865584141411,3014.8126173490236,5.00117020578187,,
8-248,HEALTH_MONITORING,54.57666365878591,1.0,100,CloudNode,900,1.0,12000.0,489.27144667139294,3706.4976719562783,3217.2262252848855,3019.170234984003,2.274027652449413,,
3-488,SMART_HOME_CONTROL,386.39498554981344,0.1,150,FogNode_3,93,1.0,1899.4436001125757,969.8677828540384,3710.9777418104723,2741.1099589564337,2520.6145333317036,18.345217710615298,,
3-487,SENSOR_DATA_LOGGING,573.0033132387042,0.1,10000,FogNode_3,93,1.0,1899.4436001125757,969.1555942558075,3712.2187872646577,2743.0631930088502,2425.6691115562107,27.204986926293195,,
0-286,HEALTH_MONITORING,814.1864373670527,1.0,100,CloudNode,974,1.0,12000.0,514.6186372796949,3713.6445025518456,3199.0258652721504,2968.4716728366857,33.92443489029386,,
5-288,SENSOR_DATA_LOGGING,917.4576795284621,0.1,10000,CloudNode,1210,1.0,12000.0,583.9016323811917,3714.3494802210057,3130.447847839814,2961.1549856442502,38.227403313685926,,
9-489,SMART_HOME_CONTROL,620.7932812423842,0.1,150,FogNode_3,93,1.0,1899.4436001125757,967.4319871177507,3715.4284777143125,2747.9964905965617,2406.2624899478037,29.47395365774117,,
9-481,GPS_TRACKING,325.4467509655689,0.2,200,FogNode_3,93,1.0,1899.4436001125757,958.5952278338033,3716.8628898834813,2758.267662049678,2557.091284905117,15.45152427684926,,
7-203,VOICE_ASSISTANT,263.447830999938,2.0,150,CloudNode,827,1.0,12000.0,447.6536389474787,3719.365107904451,3271.7114689569726,3015.118899916495,10.976992958330749,,
7-263,SMART_HOME_CONTROL,918.4461693622466,0.1,150,CloudNode,1144,1.0,12000.0,562.9220377923046,3721.189701004157,3158.2676632118523,2967.6929826838436,38.26859039009361,,
4-455,SENSOR_DATA_LOGGING,579.473569672094,0.1,10000,FogNode_3,93,1.0,1899.4436001125757,965.3227101710909,3724.7123486192286,2759.3896384481377,2434.068062663217,27.512181034273514,,
8-296,GPS_TRACKING,619.7674621035455,0.2,200,CloudNode,1251,1.0,12000.0,594.2890403177448,3724.9753557701206,3130.6863154523758,2994.4707113473214,25.8236442543144,,
6-214,VOICE_ASSISTANT,812.9656113122348,2.0,150,CloudNode,761,1.0,12000.0,420.6110284627854,3730.5441400588597,3309.9331115960745,2984.6326413872794,33.87356713800978,,
3-315,SENSOR_DATA_LOGGING,196.72037510309465,0.1,10000,CloudNode,1270,1.0,12000.0,600.9724778592223,3730.7428448129303,3129.770366953708,3029.628330631614,8.196682295962278,,
0-327,GPS_TRACKING,806.2040043486923,0.2,200,CloudNode,1250,1.0,12000.0,594.0014980207727,3731.1058605092107,3137.104362488438,2985.461147372438,33.591833514528844,,
8-300,SENSOR_DATA_LOGGING,459.5312109916773,0.1,10000,CloudNode,1276,1.0,12000.0,603.0530048585998,3733.0142255653404,3129.9612207067407,3014.16644087561,19.147133791319888,,
6-300,SENSOR_DATA_LOGGING,579.4350053613865,0.1,10000,CloudNode,1217,1.0,12000.0,586.4893315758596,3734.9465434256817,3148.457211849822,3006.9751954624726,24.143125223391106,,
1-302,SENSOR_DATA_LOGGING,763.8890927976502,0.1,10000,CloudNode,1267,1.0,12000.0,600.2384344855552,3735.545546091765,3135.30711160621,2993.286622608472,31.82871219990209,,
6-260,HEALTH_MONITORING,539.8454281904449,1.0,100,CloudNode,978,1.0,12000.0,515.4478471589342,3736.433213911631,3220.985366752697,3011.267212579407,22.493559507935203,,
3-223,VOICE_ASSISTANT,412.87514664016265,2.0,150,CloudNode,804,1.0,12000.0,437.62566064648115,3738.2179637959157,3300.5923031494344,3020.542747125239,17.20313111000678,,
8-266,HEALTH_MONITORING,578.9774892333942,1.0,100,CloudNode,1023,1.0,12000.0,525.456116374764,3741.178125133394,3215.72200875863,3012.7127599975242,24.124062051391423,,
3-314,GPS_TRACKING,483.8918969467453,0.2,200,CloudNode,1261,1.0,12000.0,598.4967876099473,3744.1949556136346,3145.6981680036874,3020.5797641402564,20.162162372781054,,
1-286,GPS_TRACKING,799.7460668151056,0.2,200,CloudNode,1160,1.0,12000.0,568.0526612131265,3746.637017835667,3178.5843566225403,3000.910617217634,33.322752783962734,,
2-338,SENSOR_DATA_LOGGING,683.2305389768325,0.1,10000,CloudNode,1297,1.0,12000.0,607.1998859388258,3750.683524071694,3143.4836381328682,3013.4882868153086,28.467939124034686,,
6-283,E_COMMERCE_TRANSACTION,920.6442348906172,0.5,300,CloudNode,1121,1.0,12000.0,556.3590132472942,3755.1799715545026,3198.8209583072085,2999.5405453423127,38.360176453775715,,
7-235,HEALTH_MONITORING,246.69416507582682,1.0,100,CloudNode,924,1.0,12000.0,499.9883044406953,3756.1033931814172,3256.115088740722,3048.343915171976,10.278923544826117,,
4-289,SENSOR_DATA_LOGGING,640.4961157802298,0.1,10000,CloudNode,1193,1.0,12000.0,577.8697482087301,3756.7715786441877,3178.9018304354577,3020.382365479726,26.687338157509576,,
2-323,SMART_HOME_CONTROL,439.17414261348483,0.1,150,CloudNode,1189,1.0,12000.0,575.800366557425,3757.7875462219477,3181.9871796645225,3036.3363419415014,18.2989226088952,,
7-202,VOICE_ASSISTANT,595.2843026714213,2.0,150,CloudNode,826,1.0,12000.0,447.129607265893,3763.251527774464,3316.1219205085713,3029.0514736116966,24.803512611309223,,
6-294,SENSOR_DATA_LOGGING,690.4586578411661,0.1,10000,CloudNode,1204,1.0,12000.0,581.926272557585,3764.035893443042,3182.109620885457,3022.5803243085024,28.76911074338192,,
6-291,GPS_TRACKING,951.9038068855883,0.2,200,CloudNode,1195,1.0,12000.0,578.3850586078305,3764.9881459837507,3186.60308737592,3006.447812925928,39.66265862023285,,
3-489,GPS_TRACKING,82.8772551676309,0.2,200,FogNode_3,93,1.0,1899.4436001125757,970.0525978584267,3768.3447339991994,2798.2921361407725,2728.6087198220703,3.9348370091940494,,
6-286,SENSOR_DATA_LOGGING,759.046770503883,0.1,10000,CloudNode,1172,1.0,12000.0,569.8154436789889,3769.291975926492,3199.476532247503,3022.36521252394,31.626948770995124,,
8-302,GPS_TRACKING,900.3438470847902,0.2,200,CloudNode,1283,1.0,12000.0,604.6585783134741,3772.3252655065594,3167.666687193085,3015.633629595593,37.51432696186626,,
6-304,SENSOR_DATA_LOGGING,472.34997256951624,0.1,10000,CloudNode,1270,1.0,12000.0,601.3398180394921,3772.3767232794667,3171.0369052399747,3047.012750415006,19.681248857063174,,
5-214,VOICE_ASSISTANT,150.05204868874685,2.0,150,CloudNode,780,1.0,12000.0,427.8890880337286,3775.755865165193,3347.8667771314645,3073.099843361795,6.252168695364452,,
3-301,E_COMMERCE_TRANSACTION,851.476645685534,0.5,300,CloudNode,1201,1.0,12000.0,580.5170826408372,3776.5711986717765,3196.0541160309394,3022.2362113526738,35.47819357023058,,
2-308,E_COMMERCE_TRANSACTION,692.2190105253218,0.5,300,CloudNode,1087,1.0,12000.0,544.6765379504227,3777.050025448228,3232.3734874978054,3034.5693705339245,28.84245877188841,,
6-232,VOICE_ASSISTANT,513.8381338133374,2.0,150,CloudNode,861,1.0,12000.0,464.2377916859017,3777.7663879101265,3313.5285962242247,3048.2315765407834,21.409922242222393,,
9-207,VOICE_ASSISTANT,908.4911634299713,2.0,150,CloudNode,774,1.0,12000.0,425.44049237443403,3780.655896026624,3355.2154036521897,3021.581086822969,37.853798476248805,,
5-306,GPS_TRACKING,340.4776743440904,0.2,200,CloudNode,1300,1.0,12000.0,608.142808788608,3785.1447181728618,3177.001909384254,3066.7850392094824,14.1865697643371,,
3-317,SENSOR_DATA_LOGGING,390.75323240011966,0.1,10000,CloudNode,1282,1.0,12000.0,603.8755485323071,3788.666162548094,3184.7906140157866,3066.7365547424943,16.28138468333832,,
3-262,HEALTH_MONITORING,843.8291729481783,1.0,100,CloudNode,924,1.0,12000.0,499.75771442666917,3795.294453515802,3295.536739089133,3040.102082964727,35.159548872840766,,
3-322,SENSOR_DATA_LOGGING,632.2083393131372,0.1,10000,CloudNode,1304,1.0,12000.0,609.563920491244,3796.8789838897296,3187.3150633984856,3056.088197620516,26.342014138047382,,
9-267,GPS_TRACKING,799.7905910795728,0.2,200,CloudNode,1186,1.0,12000.0,575.3299172236007,3797.7550764325083,3222.4251592089076,3045.4681399297942,33.324607961648866,,
9-274,GPS_TRACKING,750.7878968845099,0.2,200,CloudNode,1244,1.0,12000.0,592.592365288564,3798.99887198534,3206.406506696776,3048.749550463737,31.28282903685458,,
7-268,SMART_HOME_CONTROL,731.8698699944376,0.1,150,CloudNode,1180,1.0,12000.0,572.9099397679365,3799.2071196287857,3226.297179860849,3050.457672589504,30.494577916434903,,
4-272,HEALTH_MONITORING,642.7763501615874,1.0,100,CloudNode,1061,1.0,12000.0,537.199062678699,3800.201713682466,3263.002651003767,3058.4247017182097,26.782347923399477,,
7-476,GPS_TRACKING,62.147955385128256,0.2,200,FogNode_3,94,1.0,1899.4436001125757,970.7899518064379,3801.0637657100883,2830.2738139036505,2769.0832146227513,2.9506536431560453,,
0-320,GPS_TRACKING,945.0124086300142,0.2,200,CloudNode,1201,1.0,12000.0,579.6374833998459,3809.295174111361,3229.657690711515,3045.2600460075955,39.37551702625059,,
9-272,GPS_TRACKING,991.5248184648511,0.2,200,CloudNode,1228,1.0,12000.0,588.7069099690672,3813.3699130183345,3224.6630030492674,3045.179506579067,41.31353410270213,,
3-483,GPS_TRACKING,560.2899923190673,0.2,200,FogNode_3,93,1.0,1899.4436001125757,959.2334857699904,3813.44419404454,2854.2107082745497,2530.3151441284126,26.601385304072892,,
9-243,HEALTH_MONITORING,224.416845570973,1.0,100,CloudNode,1015,1.0,12000.0,523.8362961492619,3813.995857313383,3290.1595611641214,3102.1803837823054,9.350701898790541,,
5-284,SMART_HOME_CONTROL,537.2070830517773,0.1,150,CloudNode,1184,1.0,12000.0,575.0945382886553,3814.059232847473,3238.964694558818,3078.5011318123893,22.383628460490723,,
6-299,GPS_TRACKING,445.6908010457757,0.2,200,CloudNode,1214,1.0,12000.0,585.5680838720633,3814.190925535376,3228.622841663313,3084.7023201574393,18.570450043573988,,
4-295,SENSOR_DATA_LOGGING,895.3442746831628,0.1,10000,CloudNode,1230,1.0,12000.0,589.6697068745761,3815.790148023658,3226.1204411490817,3053.3312023547974,37.30601144513179,,
8-293,SMART_HOME_CONTROL,697.2043505307864,0.1,150,CloudNode,1219,1.0,12000.0,587.1721783155646,3815.88790876618,3228.7157304506154,3067.7101894176303,29.050181272116102,,
3-306,SMART_HOME_CONTROL,531.4272913593048,0.1,150,CloudNode,1224,1.0,12000.0,587.8362926517066,3816.6108731198347,3228.774580468128,3080.8733431222704,22.1428038066377,,
3-490,SENSOR_DATA_LOGGING,199.63705243635374,0.1,10000,FogNode_3,94,1.0,1899.4436001125757,971.2159715103224,3817.3216986775165,2846.105727167194,2718.473227563614,9.478345545398604,,
1-290,SENSOR_DATA_LOGGING,747.1899464884941,0.1,10000,CloudNode,1169,1.0,12000.0,569.4996875196138,3817.445800428544,3247.94611290893,3066.1295859382253,31.132914437020588,,
9-224,VOICE_ASSISTANT,419.2998218769676,2.0,150,CloudNode,873,1.0,12000.0,474.34270784682997,3820.0863699959423,3345.7436621491124,3092.5942853211873,17.470825911540317,,
2-343,SMART_HOME_CONTROL,514.3405975676833,0.1,150,CloudNode,1339,1.0,12000.0,622.3724728236775,3820.6281043741,3198.2556315504225,3085.3558849438346,21.430858231986804,,
1-288,GPS_TRACKING,856.0294747806257,0.2,200,CloudNode,1166,1.0,12000.0,568.8571224628243,3822.019313636746,3253.1621911739217,3061.655600551622,35.66789478252607,,
7-278,GPS_TRACKING,743.9772966297397,0.2,200,CloudNode,1258,1.0,12000.0,596.8941999884224,3826.986254036229,3230.092054047807,3074.3202358888234,30.999054026239154,,
3-307,SENSOR_DATA_LOGGING,614.0554994517996,0.1,10000,CloudNode,1230,1.0,12000.0,590.0385405865658,3827.7424902927596,3237.7039497061937,3084.894607787907,25.58564581049165,,
2-339,GPS_TRACKING,680.408129669559,0.2,200,CloudNode,1302,1.0,12000.0,609.1845450173714,3832.456542637656,3223.2719976202848,3084.1080351021674,28.350338736231624,,
6-312,GPS_TRACKING,656.7222661280271,0.2,200,CloudNode,1322,1.0,12000.0,616.3244872271015,3835.3827515372927,3219.058264310191,3088.2102645509976,27.36342775533446,,
4-440,E_COMMERCE_TRANSACTION,233.39048560405828,0.5,300,FogNode_3,94,1.0,1899.4436001125757,949.3656965092036,3839.7359699740014,2890.3702734647977,2721.899869225513,11.080887252975746,,
8-307,SMART_HOME_CONTROL,310.8356871167789,0.1,150,CloudNode,1310,1.0,12000.0,612.2035868402501,3842.513847046233,3230.310260205983,3120.3665963129542,12.951486963199121,,
0-287,HEALTH_MONITORING,873.0679287215191,1.0,100,CloudNode,976,1.0,12000.0,515.2989069873787,3845.13238400626,3329.8334770188812,3080.894905832968,36.37783036339663,,
9-491,SMART_HOME_CONTROL,256.1158496621039,0.1,150,FogNode_3,94,1.0,1899.4436001125757,972.0173618621911,3845.8150434533977,2873.7976815912066,2717.5038479290024,12.159839534420643,,
4-294,SMART_HOME_CONTROL,982.0253438407706,0.1,150,CloudNode,1225,1.0,12000.0,588.1365971228894,3845.871338763106,3257.7347416402167,3073.7835311129047,40.91772266003211,,
6-269,HEALTH_MONITORING,161.46245537941303,1.0,100,CloudNode,1015,1.0,12000.0,523.7699628514686,3845.9117472526073,3322.1417844011385,3132.4143979312266,6.727602307475543,,
5-312,SENSOR_DATA_LOGGING,376.69762170120083,0.1,10000,CloudNode,1330,1.0,12000.0,619.3079192517222,3848.837268903644,3229.529349651922,3120.3712747038235,15.695734237550035,,
0-337,SENSOR_DATA_LOGGING,767.1263246868056,0.1,10000,CloudNode,1326,1.0,12000.0,617.5378065820936,3852.5933562719943,3235.0555496899005,3095.9585541833476,31.96359686195023,,
8-309,SMART_HOME_CONTROL,466.87068557266224,0.1,150,CloudNode,1321,1.0,12000.0,615.9162242513153,3853.0968159997647,3237.1805917484494,3118.7929818359285,19.45294523219426,,
6-293,SENSOR_DATA_LOGGING,636.7933306727386,0.1,10000,CloudNode,1205,1.0,12000.0,581.683625004199,3853.267824571861,3271.584199567662,3106.0554090027804,26.533055444697446,,
8-227,VOICE_ASSISTANT,563.3653307188159,2.0,150,CloudNode,815,1.0,12000.0,444.52425020433986,3856.242285004596,3411.718034800256,3115.136359435644,23.47355544661733,,
0-325,GPS_TRACKING,510.7234126960679,0.2,200,CloudNode,1228,1.0,12000.0,589.1189935506783,3856.556141704722,3267.437148154044,3118.7193570042855,21.280142195669498,,
4-297,SMART_HOME_CONTROL,737.6536548274556,0.1,150,CloudNode,1230,1.0,12000.0,590.3725490250965,3860.6782575310735,3270.3057085059772,3105.1066536248945,30.735568951143986,,
3-267,HEALTH_MONITORING,769.9192358013196,1.0,100,CloudNode,951,1.0,12000.0,508.75326904788176,3861.915012749285,3353.161743701403,3103.812332443903,32.07996815838832,,
4-216,VOICE_ASSISTANT,602.6297473487188,2.0,150,CloudNode,774,1.0,12000.0,425.3668594303982,3863.589058630728,3438.2221992003297,3118.9506005711064,25.109572806196613,,
9-259,E_COMMERCE_TRANSACTION,623.1133382644655,0.5,300,CloudNode,1134,1.0,12000.0,560.2525604833855,3865.985344369512,3305.7327838861265,3118.774859977416,25.963055761019394,,
3-297,E_COMMERCE_TRANSACTION,819.7954825385707,0.5,300,CloudNode,1180,1.0,12000.0,571.6813951373358,3867.3151621968877,3295.633767059552,3104.923052507277,34.15814510577378,,
1-297,GPS_TRACKING,604.6396005861212,0.2,200,CloudNode,1213,1.0,12000.0,585.4531163964833,3871.0147377562766,3285.561621359793,3122.709770825757,25.193316691088384,,
9-279,SENSOR_DATA_LOGGING,918.5394845924826,0.1,10000,CloudNode,1263,1.0,12000.0,599.6362620631805,3873.423940939103,3273.787678875922,3103.0629391804023,38.272478524686775,,
1-261,HEALTH_MONITORING,211.69462645274876,1.0,100,CloudNode,978,1.0,12000.0,515.5638399950768,3878.319476402136,3362.7556364070592,3156.6869199400426,8.820609435531198,,
7-287,SENSOR_DATA_LOGGING,410.56224725948044,0.1,10000,CloudNode,1327,1.0,12000.0,617.6789338576733,3880.125267857564,3262.4463339998906,3145.2173949580747,17.106760302478353,,
2-332,GPS_TRACKING,815.2389150870561,0.2,200,CloudNode,1251,1.0,12000.0,594.9120112277601,3883.7267242809125,3288.8147130531524,3120.3730892965436,33.968288128627336,,
1-301,GPS_TRACKING,265.8935725769481,0.2,200,CloudNode,1263,1.0,12000.0,599.538875867503,3884.0728104640307,3284.5339345965276,3157.8966651079045,11.078898857372838,,
5-219,VOICE_ASSISTANT,462.035885709476,2.0,150,CloudNode,813,1.0,12000.0,443.3794775840722,3884.374329238896,3440.994851654824,3145.2059259986154,19.251495237894833,,
9-266,E_COMMERCE_TRANSACTION,790.2449346048452,0.5,300,CloudNode,1184,1.0,12000.0,574.9037960431675,3885.940114546346,3311.036318503179,3122.447725862993,32.92687227520189,,
8-289,GPS_TRACKING,608.2180658967983,0.2,200,CloudNode,1184,1.0,12000.0,574.9908408090932,3886.067590362026,3311.0767495529326,3134.9462023864944,25.342419412366596,,
0-323,SENSOR_DATA_LOGGING,446.76951051757584,0.1,10000,CloudNode,1214,1.0,12000.0,585.6061661930046,3886.0680614467756,3300.461895253771,3147.6003548128615,18.61539627156566,,
0-253,VOICE_ASSISTANT,547.5315693777978,2.0,150,CloudNode,843,1.0,12000.0,454.3827489576826,3890.7600147877433,3436.377265830061,3144.4791687336615,22.813815390741574,,
5-255,HEALTH_MONITORING,472.5240127924853,1.0,100,CloudNode,1029,1.0,12000.0,527.1640480144104,3891.970357338035,3364.806309323624,3151.2207646603547,19.688500533020218,,
4-453,GPS_TRACKING,336.9015681131033,0.2,200,FogNode_3,93,1.0,1899.4436001125757,964.5103540758562,3892.7970334814518,2928.2866794055954,2720.8475020140563,15.99537479837658,,
3-288,E_COMMERCE_TRANSACTION,815.8698312778105,0.5,300,CloudNode,1113,1.0,12000.0,553.3236758162757,3894.9754066427136,3341.651730826438,3127.507084492333,33.994576303242106,,
8-287,GPS_TRACKING,956.8752734521182,0.2,200,CloudNode,1183,1.0,12000.0,574.1749431935959,3895.6275148871896,3321.4525716935937,3120.391920939417,39.86980306050492,,
0-303,HEALTH_MONITORING,204.09592165096217,1.0,100,CloudNode,1134,1.0,12000.0,560.6155466252764,3901.080803934944,3340.465257309668,3177.3817574893437,8.503996735456758,,
6-236,VOICE_ASSISTANT,269.8023976431313,2.0,150,CloudNode,866,1.0,12000.0,467.6368850788328,3902.6088009944915,3434.971915915659,3174.0169259902823,11.241766568463804,,
5-220,VOICE_ASSISTANT,902.2271862309012,2.0,150,CloudNode,814,1.0,12000.0,443.7948411792607,3902.9280891453345,3459.1332479660737,3127.9241140703925,37.59279942628755,,
3-491,E_COMMERCE_TRANSACTION,162.9664447652372,0.5,300,FogNode_3,94,1.0,1899.4436001125757,972.2923844725977,3903.118636662713,2930.826252190115,2795.0754864022083,7.73730255450693,,
8-299,GPS_TRACKING,989.1888832894123,0.2,200,CloudNode,1276,1.0,12000.0,602.2910043961485,3904.4517205775305,3302.1607161813818,3122.8700727917203,41.21620347039217,,
9-227,VOICE_ASSISTANT,293.4767144965583,2.0,150,CloudNode,894,1.0,12000.0,487.1081297727117,3908.830722113609,3421.7225923408973,3177.3195435987172,12.228196437356598,,
4-298,SENSOR_DATA_LOGGING,839.2336449072085,0.1,10000,CloudNode,1241,1.0,12000.0,591.8526566406407,3912.4499841218335,3320.5973274811927,3141.991663600129,34.96806853780035,,
1-249,VOICE_ASSISTANT,504.1641084247518,2.0,150,CloudNode,888,1.0,12000.0,482.7678724849987,3913.0284134583394,3430.2605409733405,3165.1866147973988,21.006837851031325,,
2-294,HEALTH_MONITORING,749.5351841732677,1.0,100,CloudNode,993,1.0,12000.0,519.2554445806567,3919.0174070524945,3399.7619624718377,3152.613605185906,31.230632673886152,,
5-299,GPS_TRACKING,644.7124361549672,0.2,200,CloudNode,1267,1.0,12000.0,600.0072955177196,3919.7113807157593,3319.7040851980396,3161.133932816846,26.863018173123635,,
7-277,E_COMMERCE_TRANSACTION,806.4390042354851,0.5,300,CloudNode,1244,1.0,12000.0,592.6814130183435,3920.300066352722,3327.6186533343785,3150.6852964394443,33.60162517647854,,
6-237,VOICE_ASSISTANT,88.24817384931282,2.0,150,CloudNode,865,1.0,12000.0,468.079294014923,3920.382427945782,3452.303133930859,3202.33401373375,3.6770072437213677,,
5-300,E_COMMERCE_TRANSACTION,307.11675022916177,0.5,300,CloudNode,1267,1.0,12000.0,600.1565236750299,3921.2205774062863,3321.0640537312565,3186.479667849476,12.796531259548408,,
2-261,VOICE_ASSISTANT,432.32063454234196,2.0,150,CloudNode,861,1.0,12000.0,464.8038958514489,3921.9668340915414,3457.1629382400924,3178.584348116923,18.013359772597582,,
9-300,SENSOR_DATA_LOGGING,451.5424490801529,0.1,10000,CloudNode,1371,1.0,12000.0,639.7771984358824,3923.696127785372,3283.9189293494896,3178.627932909933,18.814268711673037,,
7-290,SENSOR_DATA_LOGGING,888.3748822302796,0.1,10000,CloudNode,1339,1.0,12000.0,622.8187486221756,3927.299064757718,3304.4803161355426,3150.279728681187,37.015620092928316,,
7-296,SENSOR_DATA_LOGGING,658.6317948339171,0.1,10000,CloudNode,1352,1.0,12000.0,629.4022008897462,3928.3099238419295,3298.9077229521836,3167.5737255001013,27.442991451413214,,
6-107,HEALTH_MONITORING,398.4489211353498,1.0,100,FogNode_4,0,0.25,1758.3565909566523,225.8747122125925,3932.1803656466004,3706.305653434008,3390.818551795989,33.192229422584816,,
6-494,E_COMMERCE_TRANSACTION,250.08704619059972,0.5,300,FogNode_3,94,1.0,1899.4436001125757,957.4456521377948,3932.7270834183782,2975.2814312805835,2797.7350134479757,11.873604680565377,,
0-249,VOICE_ASSISTANT,948.6476459038785,2.0,150,CloudNode,839,1.0,12000.0,452.6974915701985,3935.2962554965857,3482.598763926387,3152.4534330245847,39.526985245994936,,
5-262,HEALTH_MONITORING,550.10413694207,1.0,100,CloudNode,1061,1.0,12000.0,537.6889815906768,3936.6020261995827,3398.9130446089057,3182.9302559964867,22.921005705919583,,
7-298,GPS_TRACKING,832.5595214639778,0.2,200,CloudNode,1353,1.0,12000.0,630.5638532553569,3936.6951223188858,3306.1312690635286,3162.189863600703,34.689980060999076,,
3-333,GPS_TRACKING,655.956802365978,0.2,200,CloudNode,1358,1.0,12000.0,632.9223230534349,3938.389791144744,3305.467468091309,3177.4826609485863,27.331533431915748,,
3-232,VOICE_ASSISTANT,209.00945946316398,2.0,150,CloudNode,829,1.0,12000.0,449.07965526258425,3938.63803236155,3489.5583770989656,3208.950724564929,8.708727477631832,,
1-269,HEALTH_MONITORING,943.3173449517861,1.0,100,CloudNode,1091,1.0,12000.0,545.7644464952667,3942.19883737671,3396.434390881443,3159.287725688016,39.30488937299109,,
5-311,GPS_TRACKING,532.2378349975387,0.2,200,CloudNode,1317,1.0,12000.0,614.3331853060344,3945.4339568514056,3331.100771545371,3191.7286785274587,22.17657645823078,,
9-246,HEALTH_MONITORING,569.1528526036828,1.0,100,CloudNode,1034,1.0,12000.0,529.1209785681737,3950.038205378132,3420.9172268099583,3192.941976569593,23.71470219182012,,
1-314,GPS_TRACKING,320.84785915508417,0.2,200,CloudNode,1339,1.0,12000.0,622.9241440953493,3950.433449381629,3327.50930528628,3210.972218496866,13.368660798128507,,
6-317,SENSOR_DATA_LOGGING,712.2531485691123,0.1,10000,CloudNode,1350,1.0,12000.0,628.8569431326982,3951.324786385461,3322.4678432527626,3183.2474281766167,29.677214523713015,,
5-303,GPS_TRACKING,421.1935461370689,0.2,200,CloudNode,1296,1.0,12000.0,606.9718943721422,3954.1168692305837,3347.1449748584414,3207.1856560010624,17.54973108904454,,
0-295,HEALTH_MONITORING,714.3748412396261,1.0,100,CloudNode,1091,1.0,12000.0,545.6389599494586,3954.5066434126825,3408.867683463224,3186.190117805708,29.76561838498442,,
3-482,HEALTH_MONITORING,210.36865997847815,1.0,100,FogNode_3,94,1.0,1899.4436001125757,955.6919699589844,3956.5678238813134,3000.875853922329,2800.3427789608986,9.987859602536316,,
6-271,HEALTH_MONITORING,81.54255747804797,1.0,100,CloudNode,1030,1.0,12000.0,527.715347620852,3956.8334185013023,3429.1180708804504,3234.783105688552,3.397606561585332,,
1-469,HEALTH_MONITORING,223.21302238347988,1.0,100,FogNode_3,94,1.0,1899.4436001125757,955.179715974085,3957.250921389379,3002.071205415294,2796.776752902444,10.597682797675638,,
1-318,SMART_HOME_CONTROL,871.9072268631189,0.1,150,CloudNode,1359,1.0,12000.0,633.4012322460542,3958.726997018702,3325.3257647726477,3178.4485768356863,36.32946778596329,,
2-307,HEALTH_MONITORING,984.6554568077216,1.0,100,CloudNode,1081,1.0,12000.0,543.3732629427035,3960.3740978027795,3417.000834860076,3172.42214259598,41.027310700321735,,
9-230,VOICE_ASSISTANT,496.77894745008626,2.0,150,CloudNode,903,1.0,12000.0,491.87460955390367,3961.1096263366,3469.235016782696,3207.833110894928,20.699122810420263,,
7-231,VOICE_ASSISTANT,204.7546074527759,2.0,150,CloudNode,918,1.0,12000.0,496.641501198606,3962.4968408058035,3465.8553396071975,3230.500841854556,8.531441977198996,,
2-301,HEALTH_MONITORING,323.67615748064446,1.0,100,CloudNode,1034,1.0,12000.0,529.5277245337641,3965.3628042681307,3435.8350797343664,3223.980245776033,13.486506561693519,,
0-348,SENSOR_DATA_LOGGING,481.87812456409665,0.1,10000,CloudNode,1364,1.0,12000.0,637.4666867157973,3967.4555751380594,3329.988888422262,3214.5542552074985,20.078255190170694,,
2-268,VOICE_ASSISTANT,599.5057264787449,2.0,150,CloudNode,875,1.0,12000.0,478.5540946889,3970.258876892617,3491.704782203717,3208.3407291429617,24.979405269947705,,
3-103,HEALTH_MONITORING,603.8212072199649,1.0,100,FogNode_4,0,0.25,1758.3565909566523,223.52842090728535,3970.2863974386387,3746.7579765313535,3312.40600911151,50.30048012969532,,
6-319,SENSOR_DATA_LOGGING,606.6828222753035,0.1,10000,CloudNode,1357,1.0,12000.0,631.9225872805399,3970.9393298020573,3339.0167425215172,3208.209019996734,25.278450928137644,,
2-305,HEALTH_MONITORING,589.786293501536,1.0,100,CloudNode,1066,1.0,12000.0,539.5159785327031,3971.1156918833362,3431.599713350633,3209.4223018678636,24.57442889589733,,
4-317,SMART_HOME_CONTROL,421.69926685684374,0.1,150,CloudNode,1375,1.0,12000.0,641.8742037609355,3971.743631770986,3329.869428010051,3223.666942355689,17.570802785701822,,
6-268,HEALTH_MONITORING,803.6335424647841,1.0,100,CloudNode,1004,1.0,12000.0,521.5638546914178,3975.8001839856747,3454.236329294257,3198.884144253068,33.48473093603267,,
8-314,GPS_TRACKING,890.1243552919802,0.2,200,CloudNode,1338,1.0,12000.0,621.8938444997859,3978.6287501851957,3356.73490568541,3194.737042264028,37.08851480383251,,
8-306,GPS_TRACKING,912.8755547497901,0.2,200,CloudNode,1310,1.0,12000.0,612.0971561382956,3979.00105204115,3366.9038959028544,3193.2609266642007,38.036481447907924,,
0-344,GPS_TRACKING,682.2763734735112,0.2,200,CloudNode,1345,1.0,12000.0,626.8531488438475,3985.1662882980554,3358.313139454208,3215.5239117918327,28.428182228062965,,
0-324,GPS_TRACKING,621.7149322552431,0.2,200,CloudNode,1221,1.0,12000.0,587.4897794554124,3988.5047000068225,3401.01492055141,3223.621044793484,25.90478884396846,,
3-328,SMART_HOME_CONTROL,426.3137461926102,0.1,150,CloudNode,1339,1.0,12000.0,622.155584090188,3992.359564017353,3370.203979927165,3237.9229472331936,17.763072758025427,,
9-288,GPS_TRACKING,459.1890310315208,0.2,200,CloudNode,1342,1.0,12000.0,624.7678498187809,3992.7723959986424,3368.004546179862,3236.2090181862213,19.132876292980033,,
1-300,SENSOR_DATA_LOGGING,973.0148577788589,0.1,10000,CloudNode,1255,1.0,12000.0,595.5883350034561,3993.534555603405,3397.946220599949,3202.4160069609497,40.542285740785786,,
8-483,HEALTH_MONITORING,71.15670576073472,1.0,100,FogNode_3,93,1.0,1899.4436001125757,958.9631792941688,3994.712789568312,3035.7496102741434,2903.655487243529,3.3783700813130357,,
3-309,GPS_TRACKING,714.0219760097262,0.2,200,CloudNode,1230,1.0,12000.0,590.2462129222524,3998.1398636956937,3407.8936507734415,3224.076978365717,29.75091566707193,,
4-312,SMART_HOME_CONTROL,573.2472852407585,0.1,150,CloudNode,1362,1.0,12000.0,634.9746869481659,3998.204056485026,3363.22936953686,3233.480575116192,23.88530355169827,,
5-322,GPS_TRACKING,352.85447038706593,0.2,200,CloudNode,1360,1.0,12000.0,634.1368342714038,4000.3438690009793,3366.2070347295758,3249.768731301772,14.702269599461081,,
1-294,E_COMMERCE_TRANSACTION,797.9109469260818,0.5,300,CloudNode,1194,1.0,12000.0,577.6105604653974,4001.7888344070925,3424.178273941695,3222.3823045840236,33.24628945525341,,
8-488,SMART_HOME_CONTROL,592.1414490082616,0.1,150,FogNode_3,93,1.0,1899.4436001125757,968.7068064642306,4003.9423270886045,3035.2355206243737,2700.814798295241,28.113625186099448,,
8-232,VOICE_ASSISTANT,568.817902530183,2.0,150,CloudNode,840,1.0,12000.0,453.0480904446404,4007.7755896802946,3554.7274992356542,3241.0168207494926,23.700745938757628,,
1-122,HEALTH_MONITORING,685.8716563548545,1.0,100,FogNode_4,0,0.25,1758.3565909566523,226.36338227102385,4007.9979930454274,3781.6346107744034,3303.720899378832,57.135577898692055,,
3-342,SMART_HOME_CONTROL,366.97905252493234,0.1,150,CloudNode,1381,1.0,12000.0,643.1669360393746,4009.582639751561,3366.4157037121868,3256.6716892083955,15.290793855205514,,
6-306,E_COMMERCE_TRANSACTION,407.28870574199766,0.5,300,CloudNode,1272,1.0,12000.0,601.989508825265,4009.7409094641744,3407.751400638909,3254.219920622166,16.970362739249904,,
5-273,HEALTH_MONITORING,853.005522826572,1.0,100,CloudNode,1120,1.0,12000.0,556.2402249975756,4013.282630945591,3457.042405948015,3227.43516490677,35.5418967844405,,
7-213,VOICE_ASSISTANT,673.4086376633195,2.0,150,CloudNode,861,1.0,12000.0,464.4899004318232,4017.227012808543,3552.73711237672,3241.710868011339,28.058693235971646,,
2-349,GPS_TRACKING,301.07881118546186,0.2,200,CloudNode,1372,1.0,12000.0,640.555409359669,4017.8622969307644,3377.306887571095,3269.787007421636,12.54495046606091,,
2-350,SENSOR_DATA_LOGGING,389.673119911516,0.1,10000,CloudNode,1375,1.0,12000.0,641.9577029148655,4020.977459999449,3379.0197570845835,3265.878389549018,16.236379996313165,,
3-292,HEALTH_MONITORING,837.1975048350537,1.0,100,CloudNode,1140,1.0,12000.0,562.1561127743353,4021.0912451217155,3458.93513234738,3234.3627445759034,34.88322936812724,,
0-328,SENSOR_DATA_LOGGING,810.2614160208755,0.1,10000,CloudNode,1258,1.0,12000.0,596.2644933310487,4021.63865389899,3425.3741605679415,3236.4497594588556,33.76089233420314,,
4-285,E_COMMERCE_TRANSACTION,686.1423526416826,0.5,300,CloudNode,1181,1.0,12000.0,573.411001141162,4022.5413336549377,3449.1303325137756,3244.9393324476014,28.589264693403443,,
5-330,SMART_HOME_CONTROL,349.4752040837614,0.1,150,CloudNode,1381,1.0,12000.0,643.4561253265191,4027.2627973693407,3383.8066720428214,3274.4218509159464,14.561466836823392,,
3-324,GPS_TRACKING,780.6498365591023,0.2,200,CloudNode,1312,1.0,12000.0,613.0851719934817,4027.5509938523955,3414.465821858914,3242.130180292654,32.52707652329593,,
5-321,GPS_TRACKING,681.5029875207848,0.2,200,CloudNode,1358,1.0,12000.0,633.1233110488398,4028.5355473977183,3395.4122363488787,3250.2553329808807,28.395957813366035,,
5-301,SENSOR_DATA_LOGGING,877.950770067801,0.1,10000,CloudNode,1276,1.0,12000.0,603.4778653181879,4031.889561191019,3428.411695872831,3239.38884437901,36.58128208615838,,
6-303,GPS_TRACKING,489.0339005586044,0.2,200,CloudNode,1261,1.0,12000.0,598.905091766412,4034.287380649955,3435.382288883543,3269.911377564579,20.376412523275185,,
6-227,VOICE_ASSISTANT,887.4050709178684,2.0,150,CloudNode,850,1.0,12000.0,457.2992598765116,4041.4059977145484,3584.1067378380367,3246.7631318082204,36.975211288244516,,
1-472,HEALTH_MONITORING,73.90448578738648,1.0,100,FogNode_3,93,1.0,1899.4436001125757,965.8448677074499,4042.850818913793,3077.005951206343,2948.5286784175587,3.5088288726922214,,
5-111,HEALTH_MONITORING,731.2169354383481,1.0,100,FogNode_4,0,0.25,1758.3565909566523,221.40746981796278,4048.7455706141486,3827.3381007961857,3318.305265168131,60.91300287522795,,
4-308,SMART_HOME_CONTROL,953.7787781674052,0.1,150,CloudNode,1353,1.0,12000.0,630.5706645706875,4049.7404417399007,3419.1697771692134,3249.2353655992747,39.74078242364188,,
0-332,E_COMMERCE_TRANSACTION,353.50939029180734,0.5,300,CloudNode,1289,1.0,12000.0,605.9249061965877,4050.550360979366,3444.6254547827784,3291.1744913217576,14.729557928825306,,
9-302,GPS_TRACKING,500.89971176433426,0.2,200,CloudNode,1387,1.0,12000.0,645.4668098567363,4051.324282398589,3405.8574725418525,3282.727266696786,20.87082132351393,,
1-244,VOICE_ASSISTANT,357.87681718081467,2.0,150,CloudNode,875,1.0,12000.0,477.8719203290254,4052.364401753339,3574.4924814243136,3292.004280048163,14.911534049200611,,
3-316,GPS_TRACKING,975.0028684246697,0.2,200,CloudNode,1272,1.0,12000.0,601.9476429143153,4052.3659309187256,3450.41828800441,3249.635626172329,40.62511951769457,,
3-282,HEALTH_MONITORING,672.4488580189011,1.0,100,CloudNode,1081,1.0,12000.0,543.6729517102189,4054.2414613199344,3510.5685096097154,3274.4072452581167,28.018702417454215,,
6-328,SENSOR_DATA_LOGGING,311.17943999221,0.1,10000,CloudNode,1372,1.0,12000.0,640.3691235385195,4054.4671673970693,3414.0980438585498,3297.045002482474,12.965809999675416,,
0-335,E_COMMERCE_TRANSACTION,665.1947587367024,0.5,300,CloudNode,1312,1.0,12000.0,613.11971296188,4055.776765562371,3442.657052600491,3275.680727073542,27.716448280695932,,
9-304,GPS_TRACKING,366.2623640482046,0.2,200,CloudNode,1387,1.0,12000.0,648.082931293616,4057.7846610400243,3409.701729746408,3296.2360896564137,15.260931835341857,,
3-330,GPS_TRACKING,950.7351500019353,0.2,200,CloudNode,1345,1.0,12000.0,626.1528879410448,4057.8566793520235,3431.7037914109787,3256.5501287481466,39.613964583413974,,
8-317,GPS_TRACKING,606.7770489544359,0.2,200,CloudNode,1341,1.0,12000.0,625.1619396050125,4058.340343759831,3433.178404154818,3281.092538291611,25.282377039768164,,
1-283,HEALTH_MONITORING,880.8699446507932,1.0,100,CloudNode,1149,1.0,12000.0,564.7235492349324,4058.572117018955,3493.8485677840226,3262.750745126137,36.70291436044972,,
0-266,VOICE_ASSISTANT,719.4517844029099,2.0,150,CloudNode,894,1.0,12000.0,487.0967285235103,4061.7431497740017,3574.6464212504916,3275.719917400721,29.97715768345458,,
5-275,HEALTH_MONITORING,170.19612071576745,1.0,100,CloudNode,1144,1.0,12000.0,562.9109284853977,4064.733371039013,3501.8224425536155,3317.81991706583,7.091505029823644,,
9-232,VOICE_ASSISTANT,877.1797619949056,2.0,150,CloudNode,920,1.0,12000.0,498.993413295196,4065.4578775169284,3566.4644642217327,3269.4128068572354,36.549156749787734,,
2-329,E_COMMERCE_TRANSACTION,585.4026572592867,0.5,300,CloudNode,1226,1.0,12000.0,588.387520283237,4066.6458517023716,3478.2583314191347,3288.934822153468,24.39177738580361,,
5-326,SENSOR_DATA_LOGGING,689.645821092434,0.1,10000,CloudNode,1365,1.0,12000.0,637.9341176721435,4074.697497899579,3436.7633802274354,3288.705665474007,28.73524254551808,,
9-282,SENSOR_DATA_LOGGING,762.6810326144232,0.1,10000,CloudNode,1312,1.0,12000.0,613.1593129841858,4076.8393836634596,3463.6800706792737,3284.7861874593855,31.778376358934302,,
7-300,SENSOR_DATA_LOGGING,255.0828752596136,0.1,10000,CloudNode,1358,1.0,12000.0,633.6828350480822,4077.0336718340054,3443.350836785923,3320.6919749232766,10.628453135817232,,
1-317,SENSOR_DATA_LOGGING,735.7949347984652,0.1,10000,CloudNode,1345,1.0,12000.0,626.3011733776971,4082.293704565988,3455.9925311882907,3291.772453562715,30.658122283269382,,
9-289,SMART_HOME_CONTROL,295.4328280570726,0.1,150,CloudNode,1345,1.0,12000.0,626.3537721377355,4082.476081690113,3456.1223095523774,3322.416335091104,12.309701169044692,,
5-265,HEALTH_MONITORING,947.9933517909682,1.0,100,CloudNode,1083,1.0,12000.0,544.1376508197297,4088.740355446755,3544.6027046270256,3281.495481553052,39.49972299129034,,
4-247,VOICE_ASSISTANT,482.0782076018406,2.0,150,CloudNode,908,1.0,12000.0,493.16172024848055,4089.9136257067207,3596.7519054582403,3317.382401970188,20.086591983410024,,
5-295,E_COMMERCE_TRANSACTION,721.4156423422351,0.5,300,CloudNode,1241,1.0,12000.0,591.941803497185,4092.0075313862053,3500.0657278890203,3300.3977415595327,30.058985097593126,,
6-313,SENSOR_DATA_LOGGING,835.6846959722496,0.1,10000,CloudNode,1340,1.0,12000.0,623.2828122994489,4097.191385183416,3473.9085728839673,3296.3930297632587,34.820195665510404,,
0-350,SENSOR_DATA_LOGGING,912.0889430803775,0.1,10000,CloudNode,1372,1.0,12000.0,640.0246717811824,4097.646065822355,3457.6213940411726,3291.459695348687,38.00370596168239,,
7-293,SENSOR_DATA_LOGGING,565.8997470809467,0.1,10000,CloudNode,1348,1.0,12000.0,627.7769501942789,4098.482594655335,3470.7056444610557,3317.711864833636,23.579156128372777,,
9-237,VOICE_ASSISTANT,208.05573481508242,2.0,150,CloudNode,956,1.0,12000.0,509.7332372303747,4099.631682467245,3589.8984452368704,3344.7117884813774,8.668988950628435,,
1-315,SENSOR_DATA_LOGGING,554.7450532530554,0.1,10000,CloudNode,1340,1.0,12000.0,624.1946065253242,4100.470215757689,3476.2756092323652,3319.964864666401,23.11437721887731,,
4-313,SENSOR_DATA_LOGGING,577.5280797970364,0.1,10000,CloudNode,1361,1.0,12000.0,635.6777186553999,4100.491741736425,3464.814023081025,3318.4478200865196,24.063669991543183,,
3-485,HEALTH_MONITORING,379.9871825999543,1.0,100,FogNode_3,93,1.0,1899.4436001125757,962.8629000701632,4103.170474252117,3140.307574181954,2853.966062514769,18.040988762109098,,
6-318,SENSOR_DATA_LOGGING,619.7138937528824,0.1,10000,CloudNode,1357,1.0,12000.0,631.8636771102827,4104.008755398132,3472.145078287849,3318.290700986134,25.821412239703434,,
7-241,VOICE_ASSISTANT,55.48890088467853,2.0,150,CloudNode,973,1.0,12000.0,513.6648902532207,4105.094290831413,3591.429400578192,3360.9288415930523,2.3120375368616055,,
4-300,E_COMMERCE_TRANSACTION,169.3471200539709,0.5,300,CloudNode,1267,1.0,12000.0,599.9436387315059,4106.119791390703,3506.1761526591968,3353.7349227056156,7.056130002248787,,
6-495,HEALTH_MONITORING,288.20254980915854,1.0,100,FogNode_3,94,1.0,1899.4436001125757,958.4274555974526,4108.297809331831,3149.870353734378,2903.67843690286,13.683248278908769,,
9-280,SENSOR_DATA_LOGGING,902.8987278066929,0.1,10000,CloudNode,1306,1.0,12000.0,611.5387835206502,4109.528941300513,3497.990157779863,3302.655732317826,37.62078032527887,,
5-238,VOICE_ASSISTANT,433.67859612394426,2.0,150,CloudNode,903,1.0,12000.0,491.99054308149846,4113.173554844334,3621.1830117628356,3339.506785943187,18.069941505164344,,
3-332,SMART_HOME_CONTROL,875.9273273798276,0.1,150,CloudNode,1348,1.0,12000.0,627.8661263420709,4114.399941662868,3486.5338153207967,3309.4776181585657,36.496971974159486,,
6-343,GPS_TRACKING,421.5269193502259,0.2,200,CloudNode,1407,1.0,12000.0,657.016084613412,4117.603324969298,3460.587240355886,3344.8892307550855,17.563621639592746,,
8-323,SMART_HOME_CONTROL,386.84879022293467,0.1,150,CloudNode,1364,1.0,12000.0,636.5573701394312,4120.977754631999,3484.420384492568,3350.8502411682043,16.118699592622278,,
6-295,HEALTH_MONITORING,691.0683837301005,1.0,100,CloudNode,1210,1.0,12000.0,583.8670960531566,4124.23488367988,3540.3677876267234,3329.453047365117,28.79451598875419,,
7-108,HEALTH_MONITORING,340.9311111085616,1.0,100,FogNode_4,0,0.25,1758.3565909566523,224.2602195688604,4126.072271794645,3901.812052225784,3617.239735700384,28.40078880115248,,
6-321,E_COMMERCE_TRANSACTION,265.61762648406796,0.5,300,CloudNode,1364,1.0,12000.0,636.4389352624706,4127.229093038419,3490.790157775948,3365.034196722011,11.067401103502831,,
3-265,VOICE_ASSISTANT,851.183415347487,2.0,150,CloudNode,941,1.0,12000.0,504.3346059987399,4128.716612318982,3624.382006320242,3322.445389122256,35.46597563947863,,
6-297,E_COMMERCE_TRANSACTION,928.7139564592984,0.5,300,CloudNode,1212,1.0,12000.0,584.7826255605614,4131.859997102011,3547.07737154145,3319.61038899895,38.69641485247077,,
8-329,SMART_HOME_CONTROL,800.0760657848812,0.1,150,CloudNode,1394,1.0,12000.0,650.3273576276606,4132.130882999002,3481.8035253713415,3328.280728650539,33.33650274103672,,
6-501,HEALTH_MONITORING,56.98922160591214,1.0,100,FogNode_3,94,1.0,1899.4436001125757,971.8293310612793,4133.173587586219,3161.3442565249393,3044.985460942751,2.7057278603947563,,
2-335,HEALTH_MONITORING,440.7918808909027,1.0,100,CloudNode,1262,1.0,12000.0,598.3898864960998,4133.924041924324,3535.5341554282245,3358.7850564230002,18.36632837045428,,
3-346,GPS_TRACKING,924.4580072326473,0.2,200,CloudNode,1400,1.0,12000.0,652.9270978513886,4135.378511029218,3482.4514131778296,3321.671413815346,38.519083634693644,,
0-338,SENSOR_DATA_LOGGING,928.9373047392568,0.1,10000,CloudNode,1331,1.0,12000.0,619.7552704261168,4135.98355908056,3516.2282886544426,3321.7684336531456,38.705721030802366,,
6-326,GPS_TRACKING,895.1237584914118,0.2,200,CloudNode,1371,1.0,12000.0,639.7363314071395,4139.327017579964,3499.590686172825,3327.556387468425,37.29682327047549,,
4-249,VOICE_ASSISTANT,941.7854196656584,2.0,150,CloudNode,920,1.0,12000.0,497.9700933114703,4140.225268079474,3642.255174768003,3324.6957461072698,39.24105915273577,,
0-355,SMART_HOME_CONTROL,816.70069548493,0.1,150,CloudNode,1391,1.0,12000.0,649.7544612384081,4144.897774953871,3495.1433137154627,3339.3900419349516,34.02919564520541,,
5-315,SMART_HOME_CONTROL,661.1885744714142,0.1,150,CloudNode,1341,1.0,12000.0,625.2944020057621,4145.012673579338,3519.718271573576,3351.655439524547,27.549523936308926,,
4-296,HEALTH_MONITORING,557.1582501994983,1.0,100,CloudNode,1230,1.0,12000.0,589.8736750128822,4146.061536650536,3556.187861637654,3360.6400491342756,23.214927091645762,,
3-334,SENSOR_DATA_LOGGING,498.72757261021565,0.1,10000,CloudNode,1362,1.0,12000.0,635.0009784195396,4147.680422441554,3512.679444022014,3365.35635515992,20.780315525425653,,
7-305,SENSOR_DATA_LOGGING,240.43067253540673,0.1,10000,CloudNode,1381,1.0,12000.0,643.5211936666284,4148.752501696932,3505.231308030304,3386.1271247958502,10.01794468897528,,
3-486,HEALTH_MONITORING,202.81762052228157,1.0,100,FogNode_3,93,1.0,1899.4436001125757,963.9347222365419,4149.6282038860345,3185.6934816494927,2985.323610740913,9.629352199630297,,
2-283,VOICE_ASSISTANT,112.88913674362576,2.0,150,CloudNode,928,1.0,12000.0,500.943458783666,4149.6326961414425,3648.6892373577766,3395.427371911,4.703714030984407,,
5-107,VOICE_ASSISTANT,251.00101176415401,2.0,150,FogNode_4,0,0.25,1758.3565909566523,215.78219644344298,4150.745495488942,3934.963299045499,3626.737552306142,20.90928780541645,,
8-280,HEALTH_MONITORING,534.2472457628221,1.0,100,CloudNode,1142,1.0,12000.0,562.6982812099051,4154.049545114081,3591.3512639041764,3368.2729730859373,22.260301906784257,,
1-242,VOICE_ASSISTANT,988.1744700075748,2.0,150,CloudNode,873,1.0,12000.0,472.4476628602318,4157.04537040021,3684.5977075399783,3337.426808430293,41.17393625031562,,
6-497,HEALTH_MONITORING,504.9532548322648,1.0,100,FogNode_3,93,1.0,1899.4436001125757,961.7769990360836,4158.639754372105,3196.8627553360216,2845.541558678526,23.974113899020754,,
0-333,E_COMMERCE_TRANSACTION,377.1186923016947,0.5,300,CloudNode,1290,1.0,12000.0,606.6568412755847,4158.655650730227,3551.998809454642,3385.358464559926,15.713278845903945,,
5-488,E_COMMERCE_TRANSACTION,659.635987083959,0.5,300,FogNode_3,93,1.0,1899.4436001125757,968.9019309702968,4160.722727108046,3191.820796137749,2792.505999181457,31.31812328152428,,
7-224,VOICE_ASSISTANT,340.13174684330784,2.0,150,CloudNode,875,1.0,12000.0,478.47570786417936,4162.268354161267,3683.7926462970877,3390.529223061073,14.17215611847116,,
7-244,VOICE_ASSISTANT,399.09394127608374,2.0,150,CloudNode,1004,1.0,12000.0,521.0435358945039,4165.388711438676,3644.3451755441724,3388.738200197257,16.628914219836822,,
9-483,HEALTH_MONITORING,324.42674924684644,1.0,100,FogNode_3,93,1.0,1899.4436001125757,961.3180726029808,4165.513727920795,3204.195655317814,2940.082183904542,15.40309674984981,,
9-275,E_COMMERCE_TRANSACTION,861.4652083865102,0.5,300,CloudNode,1249,1.0,12000.0,593.28456613967,4169.434833187897,3576.1502670482273,3359.132788100411,35.894383682771256,,
9-258,HEALTH_MONITORING,852.9953020478589,1.0,100,CloudNode,1125,1.0,12000.0,558.321743967423,4169.565536492656,3611.243792525233,3359.955767671181,35.541470918660785,,
9-276,E_COMMERCE_TRANSACTION,504.4569130850034,0.5,300,CloudNode,1261,1.0,12000.0,597.9092575731279,4173.8980731924285,3575.9888156193006,3388.8333002061554,21.019038045208475,,
5-287,HEALTH_MONITORING,501.1968006203014,1.0,100,CloudNode,1210,1.0,12000.0,583.8799707873693,4177.14491108091,3593.2649402935403,3391.9669641682744,20.88320002584589,,
8-324,GPS_TRACKING,454.4818266026489,0.2,200,CloudNode,1368,1.0,12000.0,638.5885164731353,4177.200503130185,3538.61198665705,3394.845652439017,18.93674277511037,,
0-342,GPS_TRACKING,878.3577081890038,0.2,200,CloudNode,1343,1.0,12000.0,626.0202757478962,4177.205231080549,3551.184955332653,3364.214630207674,36.59823784120849,,
4-456,HEALTH_MONITORING,468.1994003245409,1.0,100,FogNode_3,93,1.0,1899.4436001125757,966.1318098114773,4179.220003922463,3213.0881941109856,2880.490732862414,22.22911852417381,,
1-287,HEALTH_MONITORING,946.6960015390661,1.0,100,CloudNode,1166,1.0,12000.0,568.8202882430656,4179.383075198014,3610.5627869549485,3360.786547973362,39.44566673079442,,
1-289,HEALTH_MONITORING,277.57500398948076,1.0,100,CloudNode,1168,1.0,12000.0,569.0289099902978,4181.786901062684,3612.7579910723857,3412.074437986141,11.565625166228365,,
7-279,HEALTH_MONITORING,238.68009551730606,1.0,100,CloudNode,1270,1.0,12000.0,601.2253292375142,4182.158362121042,3580.9330328835276,3415.322560450913,9.945003979887751,,
3-348,SENSOR_DATA_LOGGING,573.5013230359036,0.1,10000,CloudNode,1400,1.0,12000.0,653.7403497116225,4183.775336000218,3530.0349862885955,3391.5401747738924,23.89588845982932,,
7-311,SENSOR_DATA_LOGGING,848.9448025131292,0.1,10000,CloudNode,1405,1.0,12000.0,655.4031320219962,4191.723154841427,3536.3200228194305,3379.2447505169803,35.372700104713715,,
2-336,E_COMMERCE_TRANSACTION,190.4297977746538,0.5,300,CloudNode,1267,1.0,12000.0,599.9662631337565,4193.074380895104,3593.1081177613473,3427.1679358976908,7.934574907277241,,
9-296,GPS_TRACKING,965.3249970475275,0.2,200,CloudNode,1364,1.0,12000.0,637.3421230316634,4194.843691416828,3557.5015683851643,3372.818631366457,40.221874876980316,,
7-292,SMART_HOME_CONTROL,999.8015424180816,0.1,150,CloudNode,1342,1.0,12000.0,625.7362757416967,4196.49035004584,3570.7540743041436,3371.810640426201,41.658397600753396,,
7-316,SENSOR_DATA_LOGGING,876.4799332145947,0.1,10000,CloudNode,1432,1.0,12000.0,665.0647835973801,4197.27487811443,3532.21009451705,3382.437770687165,36.51999721727478,,
4-281,HEALTH_MONITORING,971.014560240858,1.0,100,CloudNode,1130,1.0,12000.0,559.3394820006249,4198.52120498937,3639.1817229887447,3375.9512031087434,40.45894001003575,,
2-353,GPS_TRACKING,540.326874166316,0.2,200,CloudNode,1394,1.0,12000.0,650.334877643041,4199.076784627941,3548.7419069849,3408.0187104474116,22.513619756929835,,
4-311,SENSOR_DATA_LOGGING,692.496599778233,0.1,10000,CloudNode,1358,1.0,12000.0,633.5895189326399,4202.720723560858,3569.131204628218,3400.0562467037103,28.854024990759704,,
6-489,VOICE_ASSISTANT,106.45338595634848,2.0,150,FogNode_3,94,1.0,1899.4436001125757,948.0804456856533,4205.672713946791,3257.592268261138,3032.2998986381003,5.054181897890091,,
0-334,E_COMMERCE_TRANSACTION,682.3183881944947,0.5,300,CloudNode,1306,1.0,12000.0,610.2387143633437,4206.492561824317,3596.2538474609732,3403.7598282122813,28.429932841437278,,
7-301,GPS_TRACKING,739.8030753958768,0.2,200,CloudNode,1361,1.0,12000.0,635.9390375226825,4207.711792933526,3571.7727554108437,3400.69079804809,30.82512814149487,,
8-319,GPS_TRACKING,724.8769845146044,0.2,200,CloudNode,1349,1.0,12000.0,627.8858982937003,4209.1589170731495,3581.273018779449,3403.180334555451,30.203207688108513,,
0-354,SENSOR_DATA_LOGGING,789.2245565836864,0.1,10000,CloudNode,1386,1.0,12000.0,647.0130958690528,4210.666488002511,3563.653392133458,3399.9426642078142,32.88435652432027,,
1-322,SENSOR_DATA_LOGGING,445.6543226849138,0.1,10000,CloudNode,1373,1.0,12000.0,640.7308053008948,4211.035933416171,3570.3051281152766,3424.129429483648,18.56893011187141,,
8-303,E_COMMERCE_TRANSACTION,431.54289875525325,0.5,300,CloudNode,1290,1.0,12000.0,606.4872500818113,4213.106819310515,3606.6195692287033,3427.2609656595164,17.98095411480222,,
9-309,SENSOR_DATA_LOGGING,796.3406627593957,0.1,10000,CloudNode,1400,1.0,12000.0,653.2768366306448,4214.04214433817,3560.7653077075256,3402.2307432755774,33.18086094830815,,
5-280,HEALTH_MONITORING,420.08444523332884,1.0,100,CloudNode,1158,1.0,12000.0,567.6798034002426,4216.793938165461,3649.1141347652188,3430.889488610683,17.5035185513887,,
3-340,SENSOR_DATA_LOGGING,547.3285307483202,0.1,10000,CloudNode,1375,1.0,12000.0,641.8069854690062,4224.993786093707,3583.186800624701,3429.2134349433563,22.805355447846676,,
2-344,GPS_TRACKING,830.8998713477309,0.2,200,CloudNode,1339,1.0,12000.0,622.460825824477,4226.287026345854,3603.8262005213774,3410.4801479135544,34.62082797282212,,
3-254,VOICE_ASSISTANT,603.3688501379052,2.0,150,CloudNode,886,1.0,12000.0,481.9217433059567,4227.481240641677,3745.55949733572,3427.235632168965,25.14036875574605,,
5-277,HEALTH_MONITORING,704.4207805522057,1.0,100,CloudNode,1151,1.0,12000.0,565.7960013248717,4228.136564900581,3662.3405635757094,3419.8227535541337,29.350865856341905,,
7-308,E_COMMERCE_TRANSACTION,497.05741112375966,0.5,300,CloudNode,1391,1.0,12000.0,649.8851814490795,4239.942655916349,3590.05747446727,3443.9066873911283,20.710725463489986,,
6-342,SENSOR_DATA_LOGGING,897.3254297866571,0.1,10000,CloudNode,1405,1.0,12000.0,655.6402953043605,4240.165830587564,3584.5255352832037,3415.85925208753,37.388559574444045,,
9-315,SENSOR_DATA_LOGGING,697.0766546971283,0.1,10000,CloudNode,1425,1.0,12000.0,661.3723035827898,4241.865057224979,3580.492753642189,3432.123304322393,29.044860612380347,,
0-497,VOICE_ASSISTANT,158.23608713173581,2.0,150,FogNode_3,94,1.0,1899.4436001125757,952.669219750401,4241.946301153677,3289.2770814032765,3039.214134383281,7.512715166261782,,
6-273,VOICE_ASSISTANT,194.45186245370007,2.0,150,CloudNode,1041,1.0,12000.0,531.7424037237993,4242.491348216996,3710.7489444931966,3466.948447090181,8.102160935570836,,
1-250,VOICE_ASSISTANT,484.5825720229412,2.0,150,CloudNode,893,1.0,12000.0,487.42965651373635,4243.10260456277,3755.672948049033,3446.531060770072,20.190940500955882,,
4-324,SENSOR_DATA_LOGGING,617.8498872061493,0.1,10000,CloudNode,1436,1.0,12000.0,666.3935549641079,4243.210645441939,3576.8170904778312,3439.6525837890695,25.743745300256222,,
2-372,SENSOR_DATA_LOGGING,329.7236504888179,0.1,10000,CloudNode,1519,1.0,12000.0,692.5269887355697,4244.270909039529,3551.7439203039594,3457.6191394766356,13.738485437034079,,
6-351,SENSOR_DATA_LOGGING,547.236127909787,0.1,10000,CloudNode,1441,1.0,12000.0,669.9628043004185,4244.67979528709,3574.7169909866716,3444.1148661182,22.801505329574457,,
1-348,SENSOR_DATA_LOGGING,415.76939059394147,0.1,10000,CloudNode,1512,1.0,12000.0,691.0674410080708,4245.683382632333,3554.6159416242617,3453.5046943163034,17.323724608080894,,
3-355,SENSOR_DATA_LOGGING,582.0124221566166,0.1,10000,CloudNode,1446,1.0,12000.0,670.4515926383078,4245.775913294148,3575.3243206558404,3442.6969659606357,24.250517589859026,,
7-289,E_COMMERCE_TRANSACTION,917.766160664769,0.5,300,CloudNode,1332,1.0,12000.0,620.2259271985745,4246.046049881387,3625.820122682813,3419.9369866723855,38.24025669436538,,
5-335,SENSOR_DATA_LOGGING,262.2747340297897,0.1,10000,CloudNode,1405,1.0,12000.0,655.755748464416,4246.850013929523,3591.094265465107,3465.6689032147597,10.928113917907906,,
6-330,GPS_TRACKING,253.2503433542828,0.2,200,CloudNode,1374,1.0,12000.0,641.1073079617281,4248.585435921201,3607.4781279594727,3468.03126429217,10.552097639761783,,
6-311,E_COMMERCE_TRANSACTION,545.4966328241298,0.5,300,CloudNode,1317,1.0,12000.0,614.4869237030906,4253.16984566887,3638.6829219657793,3450.867589776711,22.729026367672077,,
8-313,E_COMMERCE_TRANSACTION,470.2887180466332,0.5,300,CloudNode,1330,1.0,12000.0,619.3252176548324,4253.232870842056,3633.9076531872242,3455.2090609147162,19.595363251943052,,
1-337,GPS_TRACKING,732.8161403004373,0.2,200,CloudNode,1443,1.0,12000.0,670.0309096159948,4257.558361737543,3587.5274521215483,3443.5647968138223,30.534005845851553,,
6-332,SENSOR_DATA_LOGGING,925.3241210966669,0.1,10000,CloudNode,1382,1.0,12000.0,644.1249483728925,4259.2687055457645,3615.143757172872,3431.0855713083024,38.55517171236112,,
9-307,SMART_HOME_CONTROL,834.5133806152263,0.1,150,CloudNode,1395,1.0,12000.0,650.4604792694116,4262.617162613039,3612.1566833436273,3440.3813526639924,34.77139085896776,,
3-338,E_COMMERCE_TRANSACTION,642.0404994400803,0.5,300,CloudNode,1372,1.0,12000.0,640.3175498571915,4262.66229202649,3622.3447421692986,3452.28932932887,26.751687476670014,,
8-305,HEALTH_MONITORING,867.3543711614077,1.0,100,CloudNode,1306,1.0,12000.0,609.9591305262529,4267.123222346945,3657.164091820692,3441.942982264295,36.13976546505866,,
9-271,HEALTH_MONITORING,733.0698648347183,1.0,100,CloudNode,1226,1.0,12000.0,588.4994636299256,4267.58171722721,3679.0822535972843,3450.235200820812,30.544577701446595,,
8-478,VOICE_ASSISTANT,256.87278843179706,2.0,150,FogNode_3,94,1.0,1899.4436001125757,947.3068480626681,4268.409394754472,3321.1025466918036,3020.098536246849,12.195777388282453,,
7-247,VOICE_ASSISTANT,309.10639602531666,2.0,150,CloudNode,1020,1.0,12000.0,525.2620815701684,4270.029775374972,3744.7676938048035,3481.6316280823003,12.879433167721526,,
0-370,GPS_TRACKING,305.6393836490845,0.2,200,CloudNode,1509,1.0,12000.0,689.076436126666,4271.245861931572,3582.169425804906,3481.4809854397336,12.734974318711853,,
6-336,SENSOR_DATA_LOGGING,351.65821906236476,0.1,10000,CloudNode,1391,1.0,12000.0,649.9615168702675,4272.4074561513,3622.445939281032,3481.396275793752,14.652425794265199,,
9-301,SENSOR_DATA_LOGGING,748.6314010958721,0.1,10000,CloudNode,1374,1.0,12000.0,641.4384414355756,4275.492769401837,3634.0543279662616,3454.7097087120005,31.19297504566134,,
7-307,E_COMMERCE_TRANSACTION,270.3322800125453,0.5,300,CloudNode,1382,1.0,12000.0,644.3629003444435,4275.697535669916,3631.3346353254724,3487.777982896936,11.263845000522721,,
3-350,SENSOR_DATA_LOGGING,372.84477248848145,0.1,10000,CloudNode,1417,1.0,12000.0,658.8322798419567,4275.750192994464,3616.917913152507,3481.329307838574,15.535198853686728,,
6-329,GPS_TRACKING,454.1037909706544,0.2,200,CloudNode,1374,1.0,12000.0,641.021130217432,4279.707039805867,3638.6859095884347,3481.223410111692,18.920991290443933,,
8-330,GPS_TRACKING,282.54612342201364,0.2,200,CloudNode,1396,1.0,12000.0,650.5509446972213,4281.103872022711,3630.5529273254892,3491.471552790802,11.772755142583902,,
9-125,HEALTH_MONITORING,547.7299248391729,1.0,100,FogNode_4,0,0.5,1758.3565909566523,228.3160423773603,4281.787447712619,4053.4714053352586,3652.583116445451,45.62787439622968,,
8-311,HEALTH_MONITORING,410.9769407653695,1.0,100,CloudNode,1323,1.0,12000.0,616.6470686629293,4282.833514318315,3666.186445655386,3483.203290642661,17.12403919855706,,
8-332,SMART_HOME_CONTROL,496.6159005413795,0.1,150,CloudNode,1397,1.0,12000.0,651.9238066952204,4284.595303820387,3632.6714971251668,3480.7636281146965,20.692329189224147,,
3-335,SENSOR_DATA_LOGGING,942.7602904797818,0.1,10000,CloudNode,1371,1.0,12000.0,639.4772969873396,4289.2298455424925,3649.7525485551528,3453.558829094276,39.28167876999091,,
3-336,E_COMMERCE_TRANSACTION,602.5816878743278,0.5,300,CloudNode,1371,1.0,12000.0,639.665320541153,4290.380971243759,3650.7156507026057,3479.847935750845,25.107570328096994,,
7-468,VOICE_ASSISTANT,246.7881057653934,2.0,150,FogNode_3,93,1.0,1899.4436001125757,951.5463921377328,4290.649251775989,3339.102859638256,3039.163748253962,11.716977957709116,,
7-116,CLOUD_GAMING,66.66189656732553,50.0,150,FogNode_1,0,0.2,1597.9384595498836,239.7734862516991,4290.87958017721,4051.1060939255112,0.0,5.506778454649497,,
4-320,GPS_TRACKING,597.3971525897975,0.2,200,CloudNode,1400,1.0,12000.0,653.4368031098464,4292.274444266146,3638.8376411562995,3481.650136102816,24.8915480245749,,
3-313,HEALTH_MONITORING,668.5097088889603,1.0,100,CloudNode,1258,1.0,12000.0,596.7752622502429,4295.651798323763,3698.8765360735197,3480.2668369581024,27.854571203706676,,
6-267,VOICE_ASSISTANT,839.9481375632083,2.0,150,CloudNode,998,1.0,12000.0,519.97793315852,4298.132243030848,3778.154309872328,3468.5204452291673,34.99783906513368,,
7-304,GPS_TRACKING,371.71378890638937,0.2,200,CloudNode,1382,1.0,12000.0,643.2271924219546,4298.557866302743,3655.3306738807883,3499.2769860910735,15.488074537766224,,
4-333,SMART_HOME_CONTROL,432.3363863659761,0.1,150,CloudNode,1515,1.0,12000.0,691.6616307552622,4298.690324223655,3607.0286934683927,3495.5549875219294,18.01401609858234,,
9-310,GPS_TRACKING,345.36717876159133,0.2,200,CloudNode,1405,1.0,12000.0,654.8917521282792,4298.810373605104,3643.918621476825,3501.6568793231013,14.390299115066306,,
9-319,SENSOR_DATA_LOGGING,647.5712148792486,0.1,10000,CloudNode,1436,1.0,12000.0,666.2618173524553,4300.010317787991,3633.748500435536,3481.3733443106385,26.982133953302025,,
8-350,SENSOR_DATA_LOGGING,208.67255128650896,0.1,10000,CloudNode,1520,1.0,12000.0,692.5647105654889,4301.984683094262,3609.4199725287735,3511.587940639813,8.694689636937873,,
0-371,GPS_TRACKING,212.29142682458374,0.2,200,CloudNode,1512,1.0,12000.0,691.1911446616988,4308.07192347914,3616.8807788174418,3516.253765634598,8.845476117690989,,
9-16,AUGMENTED_REALITY,125.87893587186953,30.0,150,FogNode_3,0,0.0,1899.4436001125757,22.586810015891828,4308.217779740569,4285.630969724678,1809.5428577561352,5.9764659742260555,,
2-358,GPS_TRACKING,608.3744574271592,0.2,200,CloudNode,1439,1.0,12000.0,668.5506264920357,4309.966576998027,3641.4159505059915,3492.6920031181576,25.348935726131632,,
4-307,HEALTH_MONITORING,442.59154218663195,1.0,100,CloudNode,1326,1.0,12000.0,617.5464737058701,4312.37539791739,3694.8289242115197,3505.8451418365235,18.44131425777633,,
2-118,CLOUD_GAMING,173.02688946984176,50.0,150,FogNode_7,0,0.875,1727.0272900361456,205.65270171958002,4312.561763607811,4106.909061888231,0.0,11.859103833238432,,
8-348,SENSOR_DATA_LOGGING,611.6516152846478,0.1,10000,CloudNode,1512,1.0,12000.0,691.2756841230594,4313.588130553427,3622.3124464303673,3495.793040989669,25.485483970193663,,
2-355,SENSOR_DATA_LOGGING,822.081467852599,0.1,10000,CloudNode,1428,1.0,12000.0,663.0410019484723,4314.190171620049,3651.1491696715766,3482.058969789268,34.25339449385829,,
7-295,HEALTH_MONITORING,285.41274706160766,1.0,100,CloudNode,1352,1.0,12000.0,629.3598615746669,4319.43619391223,3690.076332337563,3520.852689786102,11.892197794233653,,
2-371,GPS_TRACKING,415.4849915133958,0.2,200,CloudNode,1509,1.0,12000.0,689.9948570658572,4323.8535948352755,3633.8587377694184,3516.2150119982116,17.311874646391495,,
2-83,AUGMENTED_REALITY,66.3711897142365,30.0,150,FogNode_3,0,1.0,1899.4436001125757,159.04517787973583,4325.591689503702,4166.546511623966,1719.459264777824,3.1511638881329347,,
9-311,E_COMMERCE_TRANSACTION,709.5149551356858,0.5,300,CloudNode,1405,1.0,12000.0,655.3901026013845,4326.249468608252,3670.8593660068673,3499.2296891634755,29.563123130653576,,
7-303,E_COMMERCE_TRANSACTION,964.1602371988362,0.5,300,CloudNode,1382,1.0,12000.0,642.5088251670272,4327.19670036276,3684.6878751957324,3481.548959446434,40.17334321661818,,
9-240,VOICE_ASSISTANT,650.5405073421084,2.0,150,CloudNode,999,1.0,12000.0,520.15499867182,4329.909244615092,3809.7542459432716,3505.319747903275,27.10585447258785,,
6-334,GPS_TRACKING,605.8983067142353,0.2,200,CloudNode,1390,1.0,12000.0,649.3751695367156,4331.59539758223,3682.220228045515,3509.2021447600264,25.245762779759808,,
1-130,CLOUD_GAMING,129.6768654554295,50.0,150,FogNode_1,0,0.2,1597.9384595498836,241.95813410439717,4333.531237354334,4091.5731032499366,0.0,10.712293011874184,,
1-306,HEALTH_MONITORING,694.5562400357444,1.0,100,CloudNode,1306,1.0,12000.0,609.9477759522514,4333.6298796641095,3723.682103711858,3504.8131456068395,28.939843334822683,,
8-344,SENSOR_DATA_LOGGING,967.7495389601478,0.1,10000,CloudNode,1489,1.0,12000.0,683.3551237744334,4333.878665755402,3650.5235419809687,3487.429614531341,40.32289745667283,,
4-448,VOICE_ASSISTANT,252.6403148725896,2.0,150,FogNode_3,93,1.0,1899.4436001125757,959.6457941770201,4338.680250921101,3379.034456744081,3073.3263827327555,11.994828484176985,,
0-358,E_COMMERCE_TRANSACTION,484.36989975148197,0.5,300,CloudNode,1397,1.0,12000.0,651.2888849946854,4339.174531917728,3687.8856469230427,3521.420564854386,20.18207915631175,,
9-333,SMART_HOME_CONTROL,699.161294831926,0.1,150,CloudNode,1533,1.0,12000.0,696.2568542910975,4341.096955554309,3644.840101263211,3510.166848184589,29.13172061799692,,
1-326,E_COMMERCE_TRANSACTION,842.1516320351591,0.5,300,CloudNode,1396,1.0,12000.0,650.6657344966309,4341.425164601169,3690.7594301045383,3502.501948355577,35.08965133479829,,
5-337,E_COMMERCE_TRANSACTION,522.8593453037836,0.5,300,CloudNode,1432,1.0,12000.0,665.15737176502,4342.261936332304,3677.104564567284,3521.746754813025,21.78580605432432,,
9-335,SMART_HOME_CONTROL,130.4660212331917,0.1,150,CloudNode,1536,1.0,12000.0,698.2554314096275,4342.467566018329,3644.212134608702,3549.966741828027,5.436084218049654,,
3-362,SMART_HOME_CONTROL,921.4794345496908,0.1,150,CloudNode,1512,1.0,12000.0,691.1372981857832,4349.197409030441,3658.060110844658,3503.0587517008667,38.394976439570456,,
3-331,HEALTH_MONITORING,497.8663101095031,1.0,100,CloudNode,1347,1.0,12000.0,627.5311532582084,4349.560782654932,3722.029629396724,3528.517656245258,20.74442958789596,,
6-354,SMART_HOME_CONTROL,732.1327533218846,0.1,150,CloudNode,1458,1.0,12000.0,674.705130555378,4353.28550704297,3678.580376487592,3518.0055360741944,30.505531388411857,,
2-314,VOICE_ASSISTANT,919.0902907432611,2.0,150,CloudNode,1113,1.0,12000.0,553.2248961325195,4356.2978973678055,3803.073001235286,3508.6451237460697,38.29542878096921,,
9-88,AUGMENTED_REALITY,170.20250190030896,30.0,150,FogNode_3,1,1.0,1899.4436001125757,150.9599934400997,4358.0158994647045,4207.055906024605,1708.3553127141408,8.08085526216035,,
8-316,HEALTH_MONITORING,738.5322161101813,1.0,100,CloudNode,1341,1.0,12000.0,624.5324271847205,4359.6765943733635,3735.144167188643,3522.753320597917,30.772175671257553,,
7-338,SENSOR_DATA_LOGGING,549.8734596550348,0.1,10000,CloudNode,1545,1.0,12000.0,701.9873097550278,4360.012959924636,3658.0256501696076,3534.0190462512137,22.911394152293116,,
0-341,HEALTH_MONITORING,379.5975677920031,1.0,100,CloudNode,1342,1.0,12000.0,625.8323715769259,4361.542375264426,3735.7100036875,3548.9256928215036,15.816565324666795,,
9-327,GPS_TRACKING,808.3836364815082,0.2,200,CloudNode,1507,1.0,12000.0,688.3781103808718,4365.923169342868,3677.5450589619963,3523.1714268989363,33.68265152006284,,
6-362,SENSOR_DATA_LOGGING,95.56007833878851,0.1,10000,CloudNode,1546,1.0,12000.0,703.4190611241571,4367.63993423493,3664.2208731107726,3574.6650117257072,3.9816699307828545,,
9-293,HEALTH_MONITORING,674.0008767914853,1.0,100,CloudNode,1358,1.0,12000.0,633.5510833319371,4368.5421376500135,3734.9910543180763,3532.4881441314556,28.083369866311887,,
9-294,HEALTH_MONITORING,824.7881182192577,1.0,100,CloudNode,1359,1.0,12000.0,633.7770281205546,4368.742660972929,3734.9656328523743,3520.858703536419,34.36617159246907,,
6-499,HEALTH_MONITORING,503.61110212097026,1.0,100,FogNode_3,93,1.0,1899.4436001125757,964.9245992015069,4373.433927135551,3408.5093279340444,3048.6555285317318,23.910391323391167,,
8-304,HEALTH_MONITORING,584.116763895226,1.0,100,CloudNode,1297,1.0,12000.0,607.3883074783108,4375.873097354029,3768.484789875718,3546.3100546985515,24.338198495634416,,
4-180,AUGMENTED_REALITY,132.49564336823812,30.0,150,FogNode_3,22,1.0,1899.4436001125757,359.1540194051009,4377.972756071736,4018.818736666635,1538.3811148309337,6.290613269320012,,
5-359,SMART_HOME_CONTROL,207.17630059347033,0.1,150,CloudNode,1579,1.0,12000.0,715.638286811387,4384.904625951052,3669.2663391396654,3580.902394668551,8.632345858061264,,
3-281,VOICE_ASSISTANT,998.7212830654381,2.0,150,CloudNode,1071,1.0,12000.0,540.5806922998859,4385.211456683049,3844.630764383163,3522.5029101890877,41.61338679439326,,
7-309,E_COMMERCE_TRANSACTION,790.4952747030701,0.5,300,CloudNode,1397,1.0,12000.0,651.6845880115521,4385.310800137486,3733.6262121259338,3538.9201179395614,32.93730311262792,,
0-380,SENSOR_DATA_LOGGING,588.891890543646,0.1,10000,CloudNode,1556,1.0,12000.0,707.1871331001789,4388.248856129699,3681.0617230295197,3556.526690504396,24.53716210598525,,
5-357,SENSOR_DATA_LOGGING,481.15293478383444,0.1,10000,CloudNode,1577,1.0,12000.0,713.7370650090697,4389.293486929094,3675.556421920024,3564.8880975223346,20.048038949326433,,
4-303,HEALTH_MONITORING,953.1531121954735,1.0,100,CloudNode,1296,1.0,12000.0,607.0833393029533,4389.396003014317,3782.3126637113637,3530.262671514799,39.71471300814473,,
5-348,SENSOR_DATA_LOGGING,773.0705378470807,0.1,10000,CloudNode,1521,1.0,12000.0,693.4059725056976,4390.672013428842,3697.266040923144,3545.3662799889844,32.211272410295024,,
9-238,VOICE_ASSISTANT,592.2219584871688,2.0,150,CloudNode,973,1.0,12000.0,513.5559525760666,4390.7769944751,3877.2210418990335,3558.288158053007,24.675914936965366,,
1-351,SENSOR_DATA_LOGGING,714.5720614257496,0.1,10000,CloudNode,1516,1.0,12000.0,692.1890628685949,4393.1775514495885,3700.9884885809934,3551.661272977445,29.773835892739566,,
7-313,E_COMMERCE_TRANSACTION,841.1661142718399,0.5,300,CloudNode,1407,1.0,12000.0,656.8865547923622,4393.950771024595,3737.064216232233,3543.1503036345566,35.04858809465999,,
8-359,SENSOR_DATA_LOGGING,400.5317730176081,0.1,10000,CloudNode,1555,1.0,12000.0,706.9733787598846,4394.920023015893,3687.9466442560088,3576.2679682380867,16.68882387573367,,
9-336,SMART_HOME_CONTROL,982.0977519758535,0.1,150,CloudNode,1544,1.0,12000.0,700.8940945835928,4395.429609884748,3694.535515301155,3533.517422538438,40.92073966566056,,
7-282,HEALTH_MONITORING,690.6633868760895,1.0,100,CloudNode,1290,1.0,12000.0,606.4588277982664,4400.022848258003,3793.5640204597366,3558.824781091448,28.77764111983706,,
0-296,VOICE_ASSISTANT,827.9171411577358,2.0,150,CloudNode,1094,1.0,12000.0,548.0946516961724,4402.87176085188,3854.777109155708,3551.906267285596,34.49654754823899,,
7-302,E_COMMERCE_TRANSACTION,755.3748727007962,0.5,300,CloudNode,1375,1.0,12000.0,641.8910171747118,4404.044861612709,3762.1538444379967,3558.222083443079,31.473953029199844,,
2-341,HEALTH_MONITORING,617.3462738225029,1.0,100,CloudNode,1330,1.0,12000.0,618.6504100391475,4404.731029861511,3786.0806198223636,3568.7329452474105,25.722761409270955,,
4-447,VOICE_ASSISTANT,431.40947078830715,2.0,150,FogNode_3,93,1.0,1899.4436001125757,959.3733841706844,4406.344131621089,3446.970747450405,3049.8387063909804,20.482410383176482,,
6-370,SMART_HOME_CONTROL,215.38643805488715,0.1,150,CloudNode,1571,1.0,12000.0,712.2866684088049,4407.344872852224,3695.0582044434195,3599.539388137116,8.974434918953632,,
3-320,HEALTH_MONITORING,615.4631776522968,1.0,100,CloudNode,1287,1.0,12000.0,605.6395761279566,4407.586495505497,3801.9469193775403,3571.4118767182767,25.6442990688457,,
1-334,GPS_TRACKING,405.50917318260935,0.2,200,CloudNode,1428,1.0,12000.0,663.1937619511374,4409.66552845258,3746.4717665014423,3588.5025966127478,16.89621554927539,,
0-373,SENSOR_DATA_LOGGING,498.1280062570538,0.1,10000,CloudNode,1521,1.0,12000.0,692.8957231795492,4410.052804838101,3717.1570816585518,3581.4661210129734,20.755333594043908,,
5-257,VOICE_ASSISTANT,894.9702913593495,2.0,150,CloudNode,1036,1.0,12000.0,529.831861984685,4416.842793945583,3887.0109319608982,3558.929661867447,37.29042880663956,,
9-344,SENSOR_DATA_LOGGING,607.2396722070255,0.1,10000,CloudNode,1577,1.0,12000.0,714.0561028583512,4419.345966990181,3705.28986413183,3581.5578757229387,25.30165300862606,,
8-360,GPS_TRACKING,191.8413399040356,0.2,200,CloudNode,1558,1.0,12000.0,708.451034578897,4420.717808186848,3712.266773607951,3611.66229770807,7.99338916266815,,
6-102,VOICE_ASSISTANT,244.65293090383247,2.0,150,FogNode_4,0,0.25,1758.3565909566523,221.03275278968843,4420.924714955281,4199.891962165592,3892.742720664864,20.38046981863782,,
2-381,SENSOR_DATA_LOGGING,482.19838395022924,0.1,10000,CloudNode,1545,1.0,12000.0,701.9562248421738,4425.087824613572,3723.1315997713978,3597.351995503992,20.09159933125955,,
5-347,GPS_TRACKING,327.6512179660376,0.2,200,CloudNode,1513,1.0,12000.0,691.4768071542961,4427.3271164218395,3735.8503092675433,3607.7644240556992,13.652134081918234,,
5-298,HEALTH_MONITORING,944.7190573346978,1.0,100,CloudNode,1258,1.0,12000.0,596.8589536916925,4428.2873707661565,3831.428417074464,3565.0316195947757,39.363294055612414,,
4-314,HEALTH_MONITORING,426.1138010012622,1.0,100,CloudNode,1372,1.0,12000.0,639.9008202894238,4429.460254441367,3789.5594341519436,3603.486353587472,17.754741708385925,,
2-374,SENSOR_DATA_LOGGING,475.269046599905,0.1,10000,CloudNode,1527,1.0,12000.0,695.1033522592764,4430.277767312167,3735.1744150528907,3600.8009259137016,19.802876941662706,,
6-369,SENSOR_DATA_LOGGING,461.46460508047164,0.1,10000,CloudNode,1567,1.0,12000.0,711.2096725784398,4433.8849936414545,3722.6753210630145,3604.6556208904867,19.227691878352985,,
6-331,HEALTH_MONITORING,561.4265367809678,1.0,100,CloudNode,1374,1.0,12000.0,641.624822344233,4437.562539206847,3795.937716862614,3600.8958127785913,23.39277236587366,,
2-320,VOICE_ASSISTANT,872.8304975182092,2.0,150,CloudNode,1153,1.0,12000.0,566.1766201251232,4438.659044136052,3872.482424010929,3579.4292603479116,36.36793739659205,,
2-383,GPS_TRACKING,562.9236433977053,0.2,200,CloudNode,1550,1.0,12000.0,705.169449369976,4440.087855066064,3734.9184056960876,3603.255388384562,23.45515180823772,,
1-189,AUGMENTED_REALITY,219.18032286238423,30.0,150,FogNode_3,21,1.0,1899.4436001125757,364.13597564108517,4440.983545755393,4076.8475701143075,1546.5755088027913,10.406218742906075,,
8-364,SMART_HOME_CONTROL,674.1624624969129,0.1,150,CloudNode,1579,1.0,12000.0,716.3627039827406,4441.391661891124,3725.0289579083837,3596.9024749969394,28.090102604038037,,
1-344,SENSOR_DATA_LOGGING,981.2122408510464,0.1,10000,CloudNode,1485,1.0,12000.0,682.700743638564,4441.780646662223,3759.0799030236594,3574.924315568098,40.883843368793606,,
2-365,SMART_HOME_CONTROL,679.4623556564997,0.1,150,CloudNode,1483,1.0,12000.0,681.605909597631,4445.915349900469,3764.3094403028376,3599.705483787227,28.310931485687483,,
7-250,VOICE_ASSISTANT,310.63372218253227,2.0,150,CloudNode,1041,1.0,12000.0,531.9816797672407,4446.603951702059,3914.6222719348184,3625.612103715228,12.943071757605512,,
2-296,VOICE_ASSISTANT,712.0638354987944,2.0,150,CloudNode,1012,1.0,12000.0,522.9058053252892,4447.587509087932,3924.6817037626424,3598.922672912352,29.669326479116435,,
7-174,AUGMENTED_REALITY,78.39931392819832,30.0,150,FogNode_3,24,1.0,1899.4436001125757,386.7519504275073,4447.619015446832,4060.867065019325,1606.8061430277166,3.7222338181463157,,
3-367,SMART_HOME_CONTROL,472.068920221054,0.1,150,CloudNode,1560,1.0,12000.0,709.3330025169334,4449.004605137668,3739.671602620734,3615.776402000184,19.669538342543916,,
6-368,SENSOR_DATA_LOGGING,198.36487239396484,0.1,10000,CloudNode,1567,1.0,12000.0,710.8750705689516,4454.092945239678,3743.217874670726,3641.159649865327,8.265203016415201,,
2-385,SENSOR_DATA_LOGGING,200.8368348809291,0.1,10000,CloudNode,1567,1.0,12000.0,711.0456100928375,4458.128064797868,3747.0824547050306,3644.174292220404,8.368201453372045,,
8-335,E_COMMERCE_TRANSACTION,359.3415249924035,0.5,300,CloudNode,1419,1.0,12000.0,659.901929953064,4458.232497848857,3798.3305678957927,3632.736625714338,14.972563541350144,,
2-512,VOICE_ASSISTANT,560.2434638537964,2.0,150,FogNode_3,93,1.0,1899.4436001125757,959.1494973631885,4460.465083054789,3501.3155856916005,3039.3174641725013,26.599176230826448,,
3-359,GPS_TRACKING,835.3251516759965,0.2,200,CloudNode,1491,1.0,12000.0,683.6294037932988,4464.530452322226,3780.901048528927,3604.4332231280787,34.80521465316652,,
4-328,GPS_TRACKING,987.3946029152021,0.2,200,CloudNode,1482,1.0,12000.0,680.7876145938008,4467.593683713752,3786.8060691199516,3596.490796976479,41.14144178813342,,
2-361,GPS_TRACKING,773.2041067488391,0.2,200,CloudNode,1454,1.0,12000.0,672.4687217730168,4472.0201710679,3799.5514492948832,3613.749231226093,32.216837781201626,,
0-383,SENSOR_DATA_LOGGING,779.5587763192823,0.1,10000,CloudNode,1567,1.0,12000.0,710.7286160301314,4472.308104212165,3761.5794881820334,3614.0396306017105,32.48161567997009,,
7-319,GPS_TRACKING,868.0147003274262,0.2,200,CloudNode,1458,1.0,12000.0,674.9367999441109,4476.3794199733275,3801.4426200292164,3611.386368659737,36.16727918030942,,
6-308,HEALTH_MONITORING,616.2110833990685,1.0,100,CloudNode,1289,1.0,12000.0,605.9399467125852,4476.438748230161,3870.498801517576,3629.8716164941034,25.675461808294518,,
4-340,SMART_HOME_CONTROL,359.5258052397194,0.1,150,CloudNode,1579,1.0,12000.0,715.4370754398022,4477.547992857908,3762.1109174181056,3649.8663441603985,14.980241884988306,,
9-332,SENSOR_DATA_LOGGING,948.4590676355698,0.1,10000,CloudNode,1532,1.0,12000.0,695.9197114720976,4481.9100164881775,3785.99030501608,3610.26749454942,39.519127818148746,,
6-363,GPS_TRACKING,662.3522141560468,0.2,200,CloudNode,1547,1.0,12000.0,704.1605342061658,4482.523134268176,3778.3626000620106,3631.9568354465086,27.598008923168614,,
8-351,SMART_HOME_CONTROL,638.6906543421123,0.1,150,CloudNode,1521,1.0,12000.0,692.9632952577861,4482.6844756365435,3789.7211803787577,3633.6430905907982,26.612110597588014,,
1-349,SENSOR_DATA_LOGGING,930.6137216403445,0.1,10000,CloudNode,1516,1.0,12000.0,691.7637642500141,4487.6039483081295,3795.8401840581155,3615.6106953021085,38.77557173501435,,
7-331,GPS_TRACKING,318.6017449196938,0.2,200,CloudNode,1529,1.0,12000.0,695.2908377522353,4491.080597732201,3795.7897599799653,3664.8329086625017,13.275072704987242,,
5-324,HEALTH_MONITORING,616.4742511366738,1.0,100,CloudNode,1361,1.0,12000.0,634.8100060970435,4493.153500923613,3858.3434948265694,3644.191794999707,25.686427130694746,,
8-308,HEALTH_MONITORING,658.6438310011964,1.0,100,CloudNode,1314,1.0,12000.0,613.9018008038499,4494.97484098283,3881.0730401789797,3643.344188411851,27.443492958383185,,
4-329,SENSOR_DATA_LOGGING,973.3087059937998,0.1,10000,CloudNode,1507,1.0,12000.0,688.3230412712877,4497.9518527784,3809.6288115071125,3622.319799896278,40.55452941640832,,
1-346,GPS_TRACKING,318.14044108227995,0.2,200,CloudNode,1506,1.0,12000.0,687.8803907269046,4498.531874491424,3810.651483764519,3671.9163893501645,13.255851711761665,,
1-345,SENSOR_DATA_LOGGING,496.65239192759657,0.1,10000,CloudNode,1499,1.0,12000.0,685.4464454337782,4499.515764125168,3814.06931869139,3658.70734056995,20.693849663649857,,
2-392,SENSOR_DATA_LOGGING,515.3784718570314,0.1,10000,CloudNode,1588,1.0,12000.0,720.791711390967,4501.1807038369425,3780.3889924459754,3658.6807048590695,21.474102994042976,,
2-368,SENSOR_DATA_LOGGING,988.7759372961689,0.1,10000,CloudNode,1498,1.0,12000.0,685.2542018131113,4501.743961764862,3816.4897599517512,3624.7947223291294,41.19899738734037,,
5-340,GPS_TRACKING,920.5431784336973,0.2,200,CloudNode,1458,1.0,12000.0,673.7295899937051,4506.989698848309,3833.2601088546035,3634.029314200771,38.355965768070725,,
5-310,HEALTH_MONITORING,831.3143379961576,1.0,100,CloudNode,1314,1.0,12000.0,613.6683723311565,4507.935238969066,3894.266866637909,3642.061034344758,34.63809741650657,,
1-330,AUGMENTED_REALITY,130.7228688903615,30.0,150,FogNode_3,60,1.0,1899.4436001125757,658.9385344628605,4509.805209574531,3850.8666751116702,1373.662354448652,6.206445681839049,,
1-357,GPS_TRACKING,768.5741408361637,0.2,200,CloudNode,1571,1.0,12000.0,712.4545423259207,4509.963194970149,3797.5086526442283,3648.2997732547974,32.02392253484015,,
8-272,VOICE_ASSISTANT,918.6353017595555,2.0,150,CloudNode,1091,1.0,12000.0,546.718871239732,4510.437935454751,3963.719064215019,3637.5338145261976,38.27647090664814,,
4-306,HEALTH_MONITORING,350.08005790810466,1.0,100,CloudNode,1325,1.0,12000.0,617.358957348773,4511.696472427185,3894.337515078412,3681.4750244787333,14.586669079504361,,
0-381,SMART_HOME_CONTROL,351.04303557867144,0.1,150,CloudNode,1559,1.0,12000.0,709.0368395259457,4511.938061934766,3802.90122240882,3681.1199686499494,14.62679314911131,,
5-352,GPS_TRACKING,490.5036492928005,0.2,200,CloudNode,1535,1.0,12000.0,698.7725419969062,4513.183408319898,3814.410866322992,3672.158829041993,20.437652053866685,,
0-367,GPS_TRACKING,890.120256120209,0.2,200,CloudNode,1470,1.0,12000.0,677.9832102285134,4520.780639712077,3842.797429483563,3648.9798764622583,37.08834400500871,,
5-319,HEALTH_MONITORING,240.87380670750267,1.0,100,CloudNode,1356,1.0,12000.0,631.2211037795817,4521.816778990487,3890.595675210906,3696.6880555398225,10.036408612812611,,
7-343,SENSOR_DATA_LOGGING,886.3338642925972,0.1,10000,CloudNode,1581,1.0,12000.0,717.0867759296724,4527.954100597394,3810.8673246677217,3654.8622541748528,36.93057767885822,,
2-391,SMART_HOME_CONTROL,979.5634775286829,0.1,150,CloudNode,1585,1.0,12000.0,720.2764656879759,4530.634894931724,3810.3584292437486,3651.235866703165,40.81514489702845,,
1-359,SENSOR_DATA_LOGGING,609.3513507049882,0.1,10000,CloudNode,1579,1.0,12000.0,715.664868896858,4532.689295713593,3817.0244268167353,3681.1224250017603,25.389639612707846,,
4-309,HEALTH_MONITORING,292.8842770102742,1.0,100,CloudNode,1358,1.0,12000.0,632.479808273765,4534.844958538941,3902.3651502651755,3704.484340593025,12.203511542094759,,
3-364,GPS_TRACKING,433.18465854823523,0.2,200,CloudNode,1521,1.0,12000.0,692.9104555440251,4535.614485670854,3842.704030126829,3696.1410367838744,18.049360772843134,,
1-332,E_COMMERCE_TRANSACTION,712.9374333472844,0.5,300,CloudNode,1425,1.0,12000.0,661.3556807890232,4535.8502010091015,3874.4945202200784,3675.85053907815,29.70572638947018,,
0-372,GPS_TRACKING,563.9059995570855,0.2,200,CloudNode,1512,1.0,12000.0,691.2300908692264,4538.0727643619575,3846.842673492731,3689.2637043755512,23.49608331487856,,
4-193,AUGMENTED_REALITY,308.0851431877903,30.0,150,FogNode_3,23,1.0,1899.4436001125757,379.5994788210126,4540.170329703051,4160.570850882038,1588.7041626419732,14.627231813435293,,
3-361,SENSOR_DATA_LOGGING,873.7898276119463,0.1,10000,CloudNode,1508,1.0,12000.0,689.8718806541508,4540.409502681415,3850.5376220272638,3667.7208556097794,36.4079094838311,,
6-352,E_COMMERCE_TRANSACTION,780.6124781445479,0.5,300,CloudNode,1454,1.0,12000.0,672.4922491550249,4542.599032703287,3870.106783548262,3676.937989992435,32.5255199226895,,
8-110,VOICE_ASSISTANT,875.4001368418567,2.0,150,FogNode_4,0,0.25,1758.3565909566523,218.42842204641306,4546.596883222808,4328.168461176395,3664.785289209296,72.92398256675615,,
8-315,HEALTH_MONITORING,560.6021123872135,1.0,100,CloudNode,1340,1.0,12000.0,623.6025321743441,4547.897546535877,3924.295014361533,3697.7427837763803,23.358421349467232,,
9-338,SMART_HOME_CONTROL,467.3396689132151,0.1,150,CloudNode,1548,1.0,12000.0,704.5055646819658,4552.128380729333,3847.6228160473675,3703.8009688770217,19.472486204717296,,
9-183,AUGMENTED_REALITY,342.32260564150727,30.0,150,FogNode_3,22,1.0,1899.4436001125757,374.1620197799727,4553.656496324349,4179.494476544376,1585.757019066552,16.252754209070734,,
1-336,AUGMENTED_REALITY,208.14676282242837,30.0,150,FogNode_3,58,1.0,1899.4436001125757,669.2584857098474,4557.202033763402,3887.943548053555,1372.6557882332918,9.882368619002124,,
2-384,SENSOR_DATA_LOGGING,613.9331438593287,0.1,10000,CloudNode,1558,1.0,12000.0,708.5198501100675,4558.150794169919,3849.6309440598516,3701.5037718671542,25.58054766080536,,
8-366,GPS_TRACKING,984.5728485924062,0.2,200,CloudNode,1582,1.0,12000.0,718.1732738766035,4558.427157356028,3840.2538834794245,3675.9774318828736,41.02386869135026,,
4-335,GPS_TRACKING,298.83509322428955,0.2,200,CloudNode,1550,1.0,12000.0,705.4554594575765,4559.747882974299,3854.292423516722,3723.7347275056136,12.451462217678731,,
2-382,E_COMMERCE_TRANSACTION,648.6716022100923,0.5,300,CloudNode,1546,1.0,12000.0,702.5740671789297,4561.991205819907,3859.417138640977,3702.381935427473,27.02798342542051,,
6-359,AUGMENTED_REALITY,100.79127449455393,30.0,150,FogNode_3,59,1.0,1899.4436001125757,682.5226222003562,4562.868788029074,3880.3461658287174,1418.232050561507,4.785356806072226,,
0-387,GPS_TRACKING,499.22284510156453,0.2,200,CloudNode,1581,1.0,12000.0,717.0782223994279,4563.418682748951,3846.3404603495233,3712.046616052615,20.800951879231857,,
8-367,SENSOR_DATA_LOGGING,386.5665292839752,0.1,10000,CloudNode,1583,1.0,12000.0,718.3814698518845,4564.903173153924,3846.52170330204,3721.905294723363,16.106938720165633,,
7-330,E_COMMERCE_TRANSACTION,824.2117897937221,0.5,300,CloudNode,1522,1.0,12000.0,693.9099722603421,4566.636168594544,3872.7261963342016,3695.516928523818,34.342157908071755,,
8-334,HEALTH_MONITORING,954.4421779860088,1.0,100,CloudNode,1413,1.0,12000.0,658.2368432739511,4567.14079647363,3908.9039531996787,3685.8472006320017,39.768424082750364,,
2-212,AUGMENTED_REALITY,397.52102785464996,30.0,150,FogNode_3,21,1.0,1899.4436001125757,372.9981078196799,4567.298779899317,4194.3006720796375,1571.6507500310527,18.873458697100432,,
9-347,SMART_HOME_CONTROL,892.8298892454802,0.1,150,CloudNode,1605,1.0,12000.0,728.7184111702759,4567.55599169407,3838.8375805237943,3691.162542122579,37.20124538522834,,
0-375,SMART_HOME_CONTROL,564.6615354627717,0.1,150,CloudNode,1536,1.0,12000.0,698.2356771525764,4567.835767667308,3869.600090514731,3711.047299359301,23.527563977615486,,
7-294,HEALTH_MONITORING,904.6836576661966,1.0,100,CloudNode,1348,1.0,12000.0,627.847257740996,4570.365145788346,3942.51788804735,3692.5583448804505,37.69515240275819,,
9-330,SMART_HOME_CONTROL,900.4080418654971,0.1,150,CloudNode,1512,1.0,12000.0,691.3313688053408,4573.565877980215,3882.2345091748743,3695.6215131829613,37.517001744395714,,
0-356,HEALTH_MONITORING,551.2427232768871,1.0,100,CloudNode,1397,1.0,12000.0,650.8343996168427,4573.890994203802,3923.056594586959,3718.1739654451776,22.96844680320363,,
6-380,SMART_HOME_CONTROL,758.5919935449101,0.1,150,CloudNode,1617,1.0,12000.0,733.6486388723154,4574.912471889261,3841.2638330169457,3705.5948087133283,31.60799973103792,,
9-329,AUGMENTED_REALITY,69.98395337536422,30.0,150,FogNode_3,64,1.0,1899.4436001125757,690.0379533832986,4577.014778978205,3886.9768255949066,1442.6405932513417,3.322690275324736,,
9-295,HEALTH_MONITORING,787.6153185317489,1.0,100,CloudNode,1360,1.0,12000.0,634.255897186639,4577.5726718124115,3943.3167746257723,3703.8527633290078,32.81730493882287,,
0-384,GPS_TRACKING,405.5727021220432,0.2,200,CloudNode,1577,1.0,12000.0,714.0961143306513,4581.695271712714,3867.599157382063,3735.4256691606734,16.898862588418467,,
8-104,CLOUD_GAMING,649.3934795299048,50.0,150,FogNode_7,0,0.875,1727.0272900361456,200.5407806726817,4582.789594817406,4382.248814144725,0.0,44.50883169644823,,
4-325,E_COMMERCE_TRANSACTION,407.31944603942094,0.5,300,CloudNode,1436,1.0,12000.0,666.5705819862234,4586.071667899285,3919.5010859130616,3739.585841563899,16.971643584975872,,
6-372,SENSOR_DATA_LOGGING,687.499351844871,0.1,10000,CloudNode,1572,1.0,12000.0,712.6245088145187,4587.926507585464,3875.301998770945,3720.7180807915547,28.64580632686962,,
5-349,SMART_HOME_CONTROL,627.4250055141362,0.1,150,CloudNode,1530,1.0,12000.0,695.4005463607349,4588.135618135279,3892.7350717745444,3724.155426364832,26.142708563089005,,
6-373,GPS_TRACKING,956.8350511850309,0.2,200,CloudNode,1579,1.0,12000.0,714.9749995339628,4589.699449235568,3874.7244497016054,3704.0146259303574,39.868127132709624,,
6-371,SMART_HOME_CONTROL,640.0028997584582,0.1,150,CloudNode,1572,1.0,12000.0,712.5524984279062,4591.406339341829,3878.853840913923,3726.1519319150434,26.666787489935757,,
1-277,VOICE_ASSISTANT,617.5277914665697,2.0,150,CloudNode,1122,1.0,12000.0,557.3188433886971,4591.870151970295,4034.5513085815983,3728.4721678268193,25.730324644440405,,
2-390,SENSOR_DATA_LOGGING,324.84613630607,0.1,10000,CloudNode,1577,1.0,12000.0,714.2575961661876,4594.211307832469,3879.9537116662814,3751.661381412345,13.535255679419583,,
3-370,SENSOR_DATA_LOGGING,119.31733857677942,0.1,10000,CloudNode,1574,1.0,12000.0,712.7958607478262,4597.869619133528,3885.073758385702,3769.1801444256535,4.971555774032476,,
8-279,VOICE_ASSISTANT,366.0319729890683,2.0,150,CloudNode,1123,1.0,12000.0,557.9047856611446,4598.058656109826,4040.1538704486816,3751.8302857919025,15.251332207877846,,
4-349,SENSOR_DATA_LOGGING,422.93761052358053,0.1,10000,CloudNode,1619,1.0,12000.0,734.1338677953808,4598.663483625916,3864.5296158305355,3748.4198266883113,17.622400438482522,,
1-355,E_COMMERCE_TRANSACTION,484.6481424907672,0.5,300,CloudNode,1550,1.0,12000.0,705.346929590827,4600.135228181863,3894.7882985910355,3746.282577435855,20.19367260378197,,
1-282,VOICE_ASSISTANT,515.3406476655394,2.0,150,CloudNode,1134,1.0,12000.0,559.9505839953482,4601.0958481420475,4041.1452641466994,3745.305071930408,21.472526986064143,,
9-306,HEALTH_MONITORING,120.54332988542563,1.0,100,CloudNode,1391,1.0,12000.0,649.8275732002623,4601.915429460748,3952.0878562604858,3772.3281663295047,5.022638745226068,,
3-329,HEALTH_MONITORING,797.9485749720143,1.0,100,CloudNode,1340,1.0,12000.0,623.4559078803953,4602.1102002518555,3978.65429237146,3724.184515326887,33.2478572905006,,
0-374,GPS_TRACKING,159.15980526849208,0.2,200,CloudNode,1535,1.0,12000.0,697.8815709791677,4602.962766341276,3905.081195362108,3770.4713185411983,6.631658552853837,,
2-396,SENSOR_DATA_LOGGING,525.4549122073779,0.1,10000,CloudNode,1609,1.0,12000.0,730.4479515358275,4605.779115170521,3875.331163634694,3747.4238773468032,21.893954675307413,,
7-337,SENSOR_DATA_LOGGING,425.9171548873149,0.1,10000,CloudNode,1546,1.0,12000.0,701.6818231628605,4609.384090444411,3907.702267281551,3756.4538718273766,17.746548120304787,,
5-376,SENSOR_DATA_LOGGING,554.8151321283142,0.1,10000,CloudNode,1657,1.0,12000.0,744.3594215674558,4612.87076293857,3868.511341371114,3751.50519008983,23.11729717201309,,
0-377,E_COMMERCE_TRANSACTION,869.5909199879789,0.5,300,CloudNode,1541,1.0,12000.0,700.5508745683765,4615.064942702285,3914.514068133909,3730.377965104998,36.23295499949912,,
1-364,GPS_TRACKING,338.2483359151905,0.2,200,CloudNode,1609,1.0,12000.0,730.4147422926206,4616.322979461545,3885.9082371689246,3769.262436785309,14.093680663132938,,
1-192,AUGMENTED_REALITY,541.7990196989351,30.0,150,FogNode_3,20,1.0,1899.4436001125757,370.47059120887286,4623.921160241506,4253.450569032633,1557.803377269851,25.72347298356318,,
5-320,HEALTH_MONITORING,346.9599581411967,1.0,100,CloudNode,1356,1.0,12000.0,632.196927791421,4626.782948978628,3994.5860211872073,3777.7288449806556,14.456664922549862,,
9-356,SMART_HOME_CONTROL,359.0729843084283,0.1,150,CloudNode,1668,1.0,12000.0,747.4453314577522,4630.057976874232,3882.6126454164796,3778.9674391896583,14.961374346184513,,
8-361,SENSOR_DATA_LOGGING,531.265629219367,0.1,10000,CloudNode,1566,1.0,12000.0,710.5862592976689,4630.343803667565,3919.757544369896,3767.675549291291,22.136067884140296,,
0-376,GPS_TRACKING,386.59626699016883,0.2,200,CloudNode,1537,1.0,12000.0,699.8002904346336,4630.87983920843,3931.0795487737964,3777.520886550996,16.108177791257035,,
7-348,SENSOR_DATA_LOGGING,339.00475408862565,0.1,10000,CloudNode,1602,1.0,12000.0,726.4358269868682,4631.213162515328,3904.77733552846,3780.658178803955,14.12519808702607,,
5-356,SMART_HOME_CONTROL,266.2174545319705,0.1,150,CloudNode,1565,1.0,12000.0,709.9493442724581,4631.568878322076,3921.619534049618,3786.8832394398532,11.092393938832103,,
4-332,E_COMMERCE_TRANSACTION,916.5807912473691,0.5,300,CloudNode,1512,1.0,12000.0,691.3554694699186,4634.808889959975,3943.4534204900565,3744.9887714558804,38.19086630197371,,
0-378,E_COMMERCE_TRANSACTION,851.7985024478372,0.5,300,CloudNode,1548,1.0,12000.0,704.4916756417723,4635.886381691244,3931.394706049472,3749.804894077606,35.491604268659884,,
0-360,HEALTH_MONITORING,653.9203089407983,1.0,100,CloudNode,1426,1.0,12000.0,661.4297672262435,4636.188630791114,3974.75886356487,3763.3675690925106,27.24667953919993,,
9-278,VOICE_ASSISTANT,542.8541353971636,2.0,150,CloudNode,1261,1.0,12000.0,598.9172245385005,4636.644183958259,4037.7269594197587,3772.1110223751157,22.61892230821515,,
8-294,CLOUD_GAMING,55.869270365047875,50.0,150,FogNode_9,3,1.0,1349.236560939329,587.9717846330608,4641.458027103112,4053.486242470051,0.0,5.619310964869723,,
1-298,CLOUD_GAMING,60.020410160955464,50.0,150,FogNode_9,5,1.0,1349.236560939329,592.3607994957033,4642.5877855443105,4050.226986048607,0.0,6.0368311010633,,
8-381,SMART_HOME_CONTROL,595.1466077141907,0.1,150,CloudNode,1624,1.0,12000.0,735.5063926137798,4643.806858475318,3908.300465861538,3774.5422240959188,24.797775321424613,,
7-341,GPS_TRACKING,890.0700112796729,0.2,200,CloudNode,1579,1.0,12000.0,716.4874727219463,4644.537646728319,3928.0501740063723,3754.1055887103807,37.08625046998637,,
0-394,SENSOR_DATA_LOGGING,857.2480760227,0.1,10000,CloudNode,1657,1.0,12000.0,743.5672209706577,4646.3498115578195,3902.782590587162,3757.466798625058,35.71866983427917,,
4-337,SENSOR_DATA_LOGGING,944.2570551385123,0.1,10000,CloudNode,1567,1.0,12000.0,711.0999977407196,4646.523855595517,3935.423857854797,3751.832360077781,39.34404396410468,,
6-338,HEALTH_MONITORING,884.5031625171729,1.0,100,CloudNode,1396,1.0,12000.0,650.5488007406053,4647.2744748566465,3996.7256741160413,3756.74157990196,36.85429843821554,,
5-381,SMART_HOME_CONTROL,889.5981590213729,0.1,150,CloudNode,1667,1.0,12000.0,749.003950029329,4651.70585173086,3902.701901701531,3759.6360121594494,37.06658995922387,,
5-371,SENSOR_DATA_LOGGING,192.08362052150085,0.1,10000,CloudNode,1641,1.0,12000.0,739.1836135462687,4652.651152335051,3913.4675387887823,3809.160014825725,8.003484188395868,,
0-379,GPS_TRACKING,486.20943799000656,0.2,200,CloudNode,1550,1.0,12000.0,705.6151209866856,4653.388216104404,3947.773095117718,3789.827684878576,20.258726582916943,,
0-112,CLOUD_GAMING,751.9023256564518,50.0,150,FogNode_7,0,0.875,1727.0272900361456,209.03605786162134,4655.091705096578,4446.055647234957,0.0,51.53469370994798,,
3-388,SENSOR_DATA_LOGGING,613.062217047721,0.1,10000,CloudNode,1681,1.0,12000.0,753.0332616011682,4656.867633257832,3903.8343716566633,3783.2870389879226,25.544259043655043,,
2-128,VOICE_ASSISTANT,893.5566392996503,2.0,150,FogNode_4,0,0.25,1758.3565909566523,219.92212500688302,4658.922644478671,4439.000519471788,3763.2750641397793,74.43648457924397,,
3-374,GPS_TRACKING,711.9070228045304,0.2,200,CloudNode,1601,1.0,12000.0,725.3282475580012,4661.2410146944585,3935.912767136457,3780.5687541473853,29.66279261685543,,
6-388,SENSOR_DATA_LOGGING,315.80685221392963,0.1,10000,CloudNode,1678,1.0,12000.0,752.6685112235762,4662.2036193757385,3909.535108152162,3808.9110111818436,13.158618842247067,,
3-380,SENSOR_DATA_LOGGING,770.4244168505057,0.1,10000,CloudNode,1625,1.0,12000.0,736.7706257644884,4662.260690847368,3925.4900650828795,3777.215351876946,32.101017368771075,,
8-480,AUGMENTED_REALITY,207.63874025332424,30.0,150,FogNode_3,93,1.0,1899.4436001125757,952.038685300706,4662.97205601826,3710.9333707175547,1195.8940548660858,9.858248780544955,,
6-284,VOICE_ASSISTANT,223.98175781856304,2.0,150,CloudNode,1138,1.0,12000.0,561.8016571849626,4665.0149580427,4103.213300857737,3818.4815479204944,9.332573242440127,,
4-344,SENSOR_DATA_LOGGING,348.3961469738344,0.1,10000,CloudNode,1608,1.0,12000.0,729.9713494741679,4665.2216430389335,3935.2502935647653,3808.9340325093317,14.516506123909766,,
8-285,VOICE_ASSISTANT,457.08003461779634,2.0,150,CloudNode,1171,1.0,12000.0,569.6955611725482,4669.658881206892,4099.963320034344,3805.395888671486,19.045001442408182,,
1-373,SENSOR_DATA_LOGGING,651.8657569232172,0.1,10000,CloudNode,1667,1.0,12000.0,749.0765618498347,4670.645125871813,3921.568564021979,3791.691097238879,27.16107320513405,,
7-346,SENSOR_DATA_LOGGING,331.6142725831712,0.1,10000,CloudNode,1601,1.0,12000.0,724.3911684977096,4671.441381190582,3947.0502126928727,3816.224899242634,13.817261357632134,,
4-459,AUGMENTED_REALITY,199.56784491701654,30.0,150,FogNode_3,93,1.0,1899.4436001125757,968.7153511631833,4672.365255632099,3703.6499044689162,1189.4048881427489,9.475059718571305,,
3-353,AUGMENTED_REALITY,403.2296607348783,30.0,150,FogNode_3,58,1.0,1899.4436001125757,668.0495136997092,4672.75338722501,4004.7038735253004,1379.3653628530496,19.144492527595794,,
3-73,CLOUD_GAMING,187.83914407926198,50.0,150,FogNode_3,0,0.8571428571428571,1899.4436001125757,161.79742695833997,4675.906446026454,4514.109019068114,401.32268837454103,8.91820577797185,,
2-399,SENSOR_DATA_LOGGING,916.3568859940684,0.1,10000,CloudNode,1625,1.0,12000.0,736.7366446007862,4678.473274084695,3941.7366294839085,3779.9259201836076,38.18153691641952,,
0-351,HEALTH_MONITORING,412.5242788136232,1.0,100,CloudNode,1372,1.0,12000.0,640.4020135155741,4678.914669962787,4038.512656447213,3816.689262313168,17.188511617234298,,
2-410,SENSOR_DATA_LOGGING,221.11112424456022,0.1,10000,CloudNode,1681,1.0,12000.0,754.4924257551728,4679.666941714839,3925.1745159596658,3832.097888584038,9.21296351019001,,
8-374,SENSOR_DATA_LOGGING,986.7993307324438,0.1,10000,CloudNode,1609,1.0,12000.0,730.3933027214753,4683.329125703084,3952.935822981609,3779.819030702148,41.116638780518485,,
3-75,CLOUD_GAMING,116.74183920805015,50.0,150,FogNode_3,2,1.0,1899.4436001125757,168.35775431750832,4685.382231894874,4517.024477577366,447.5188211786581,5.54265592541761,,
9-121,VOICE_ASSISTANT,983.8198230899026,2.0,150,FogNode_4,0,0.25,1758.3565909566523,216.60332869417263,4685.583253895633,4468.97992520146,3741.0630773639705,81.95573270831912,,
0-385,SMART_HOME_CONTROL,628.8961772856937,0.1,150,CloudNode,1579,1.0,12000.0,716.2914857468422,4687.216904733783,3970.9254189869407,3808.2317665834635,26.204007386903907,,
1-319,HEALTH_MONITORING,680.9988962981163,1.0,100,CloudNode,1362,1.0,12000.0,635.1827605907822,4687.629747233273,4052.4469866424906,3805.1971183569517,28.37495401242151,,
5-279,VOICE_ASSISTANT,758.610321583482,2.0,150,CloudNode,1155,1.0,12000.0,567.3700469474784,4690.000475777251,4122.630428829772,3802.133851380283,31.608763399311748,,
6-385,SENSOR_DATA_LOGGING,308.2826533411633,0.1,10000,CloudNode,1668,1.0,12000.0,747.3694572231283,4690.705179154464,3943.3357219313352,3834.523494148348,12.845110555881806,,
4-321,HEALTH_MONITORING,749.3964801058737,1.0,100,CloudNode,1415,1.0,12000.0,658.4731805284617,4692.793510343055,4034.3203298145927,3805.5214518660096,31.22485333774474,,
2-366,HEALTH_MONITORING,932.87164033126,1.0,100,CloudNode,1484,1.0,12000.0,682.1080754345858,4692.804246063224,4010.6961706286384,3791.869822847815,38.86965168046917,,
0-391,GPS_TRACKING,773.7133970713707,0.2,200,CloudNode,1617,1.0,12000.0,733.7740230709171,4694.534093296846,3960.7600702259288,3805.399931775522,32.23805821130711,,
9-337,E_COMMERCE_TRANSACTION,838.1956363607486,0.5,300,CloudNode,1548,1.0,12000.0,704.3164191763582,4701.062798878724,3996.7463797023656,3805.287407271771,34.92481818169786,,
1-377,GPS_TRACKING,644.3290410690023,0.2,200,CloudNode,1678,1.0,12000.0,752.446537730088,4706.345239090801,3953.8987013607134,3824.120069988192,26.847043377875096,,
9-354,GPS_TRACKING,374.85030263358465,0.2,200,CloudNode,1659,1.0,12000.0,744.812185146625,4709.71079930416,3964.898614157535,3846.6166853148916,15.618762609732695,,
5-367,SMART_HOME_CONTROL,791.6724039981217,0.1,150,CloudNode,1615,1.0,12000.0,732.3181363984312,4713.247175189823,3980.9290387913916,3819.075304353084,32.98635016658841,,
5-364,SMART_HOME_CONTROL,281.36547050632225,0.1,150,CloudNode,1602,1.0,12000.0,725.0849053937633,4714.152301696658,3989.0673963028944,3857.14639999608,11.72356127109676,,
6-367,E_COMMERCE_TRANSACTION,362.44301650050517,0.5,300,CloudNode,1564,1.0,12000.0,709.729893408816,4717.420489442158,4007.6905960333424,3854.258440682671,15.101792354187715,,
7-360,SENSOR_DATA_LOGGING,765.6825039332755,0.1,10000,CloudNode,1668,1.0,12000.0,747.8291979474228,4726.067566175141,3978.238368227718,3832.1416278388715,31.90343766388648,,
2-364,HEALTH_MONITORING,960.5364093538732,1.0,100,CloudNode,1477,1.0,12000.0,679.2347640119796,4726.568556375006,4047.333792363026,3818.4580332937985,40.022350389744716,,
5-383,SMART_HOME_CONTROL,672.8987171361017,0.1,150,CloudNode,1681,1.0,12000.0,754.0594265597683,4726.720018966488,3972.66059240672,3839.1751882256135,28.03744654733757,,
1-118,VOICE_ASSISTANT,537.7153323813459,2.0,150,FogNode_4,0,0.25,1758.3565909566523,219.86555129552067,4726.730337743544,4506.864786448023,4029.719828704138,44.79362279507911,,
3-376,SMART_HOME_CONTROL,778.1380664446532,0.1,150,CloudNode,1607,1.0,12000.0,729.2987562867299,4730.066481909321,4000.7677256225907,3834.4195308340045,32.42241943519388,,
0-366,HEALTH_MONITORING,945.9210359667629,1.0,100,CloudNode,1459,1.0,12000.0,676.5757813724996,4730.53260472809,4053.95682335559,3823.2937440297674,39.41337649861512,,
0-397,SMART_HOME_CONTROL,214.6896422359475,0.1,150,CloudNode,1668,1.0,12000.0,747.0882093093821,4731.137978709485,3984.0497694001024,3876.553205639338,8.945401759831146,,
9-328,E_COMMERCE_TRANSACTION,631.7713796716249,0.5,300,CloudNode,1507,1.0,12000.0,688.5191844168352,4731.562284935422,4043.043100518587,3846.8039476033837,26.323807486317705,,
2-373,HEALTH_MONITORING,528.7240628496687,1.0,100,CloudNode,1527,1.0,12000.0,694.5356148343611,4731.690085804078,4037.154470969717,3854.4610552120002,22.030169285402863,,
1-366,SMART_HOME_CONTROL,945.8607166215432,0.1,150,CloudNode,1615,1.0,12000.0,732.2452494969776,4732.209942489532,3999.964692992555,3824.545612765257,39.4108631925643,,
2-313,CLOUD_GAMING,272.5803631763218,50.0,150,FogNode_1,8,1.0,1597.9384595498836,550.5446908908659,4732.81310769588,4182.268416805014,0.0,22.517206206155883,,
7-349,SENSOR_DATA_LOGGING,899.9817094453722,0.1,10000,CloudNode,1603,1.0,12000.0,726.7302624456952,4737.202095162853,4010.4718327171577,3832.4673121709357,37.49923789355718,,
5-113,VOICE_ASSISTANT,141.14176565477362,2.0,150,FogNode_4,0,0.25,1758.3565909566523,225.1053262074319,4739.1917812286765,4514.086455021245,4265.592709588843,11.757617145437212,,
7-363,SENSOR_DATA_LOGGING,841.8127995975738,0.1,10000,CloudNode,1675,1.0,12000.0,750.9572344410577,4739.809947840024,3988.852713398966,3838.6924174405476,35.07553331656557,,
3-360,E_COMMERCE_TRANSACTION,998.5661686716777,0.5,300,CloudNode,1501,1.0,12000.0,685.8435181528833,4740.081480647138,4054.2379624942546,3827.917389123764,41.60692369465323,,
1-369,SMART_HOME_CONTROL,277.7101528401206,0.1,150,CloudNode,1640,1.0,12000.0,738.6546690478557,4740.563002178835,4001.908333130979,3880.294557009498,11.571256368338359,,
0-407,SENSOR_DATA_LOGGING,322.52573782843444,0.1,10000,CloudNode,1704,1.0,12000.0,765.7618715125645,4741.029446515694,3975.2675750031294,3877.2541487841318,13.438572409518102,,
3-383,SENSOR_DATA_LOGGING,181.71807991155598,0.1,10000,CloudNode,1668,1.0,12000.0,747.3684288569234,4741.711729700969,3994.3433008440456,3888.3945058826625,7.571586662981499,,
9-277,VOICE_ASSISTANT,605.8256891973157,2.0,150,CloudNode,1262,1.0,12000.0,598.0540728377508,4743.278984442831,4145.22491160508,3858.6357076402746,25.242737049888152,,
9-352,GPS_TRACKING,161.47823129760178,0.2,200,CloudNode,1645,1.0,12000.0,740.439355690147,4745.018804210223,4004.579448520076,3892.0959401764094,6.728259637400074,,
5-361,SMART_HOME_CONTROL,685.6964252777395,0.1,150,CloudNode,1579,1.0,12000.0,716.8011248216919,4747.141844550396,4030.3407197287042,3856.4977038656007,28.57068438657248,,
5-363,GPS_TRACKING,777.476579604372,0.2,200,CloudNode,1595,1.0,12000.0,722.5855514283686,4748.118840670115,4025.5332892417464,3850.431310286524,32.394857483515494,,
1-363,SENSOR_DATA_LOGGING,828.8522463242115,0.1,10000,CloudNode,1608,1.0,12000.0,730.1492026066538,4748.737962241857,4018.5887596352027,3847.1907060275753,34.53551026350881,,
4-341,SENSOR_DATA_LOGGING,947.9727495509494,0.1,10000,CloudNode,1579,1.0,12000.0,716.8889064623461,4750.439110319829,4033.5502038574823,3839.6216667377,39.49886456462289,,
0-390,SMART_HOME_CONTROL,155.91492787724445,0.1,150,CloudNode,1613,1.0,12000.0,731.5704616094102,4752.80285849646,4021.23239688705,3899.5645071430067,6.496455328218519,,
2-408,GPS_TRACKING,626.6953316328111,0.2,200,CloudNode,1676,1.0,12000.0,751.5210457486131,4753.287409848124,4001.766364099511,3865.916137220501,26.112305484700464,,
7-347,SENSOR_DATA_LOGGING,282.74501029666317,0.1,10000,CloudNode,1601,1.0,12000.0,724.4380162686624,4753.62856610071,4029.190549832047,3891.5399023992377,11.781042095694298,,
3-347,HEALTH_MONITORING,736.2432600691117,1.0,100,CloudNode,1400,1.0,12000.0,653.384065118753,4755.887698302605,4102.503633183852,3859.4292596664773,30.676802502879653,,
8-383,SENSOR_DATA_LOGGING,322.59681654227535,0.1,10000,CloudNode,1675,1.0,12000.0,751.0349734725423,4759.0930105347215,4008.058037062179,3892.1536063098547,13.441534022594807,,
8-377,GPS_TRACKING,605.5446637929177,0.2,200,CloudNode,1616,1.0,12000.0,733.494047689908,4760.172854620237,4026.6788069303284,3873.62788354396,25.231027658038236,,
0-388,E_COMMERCE_TRANSACTION,274.00640496878486,0.5,300,CloudNode,1581,1.0,12000.0,717.3179386121108,4764.5455967817015,4047.2276581695905,3900.5557680919565,11.416933540366035,,
7-107,VOICE_ASSISTANT,144.31259089261044,2.0,150,FogNode_4,0,0.25,1758.3565909566523,223.28093246179864,4767.655679724853,4544.374747263055,4291.629832605611,12.02175830173225,,
5-366,E_COMMERCE_TRANSACTION,276.3712514167264,0.5,300,CloudNode,1614,1.0,12000.0,731.7818873026035,4768.049741828283,4036.2678545256795,3903.3357067566576,11.515468809030267,,
4-356,SENSOR_DATA_LOGGING,935.861261884323,0.1,10000,CloudNode,1683,1.0,12000.0,754.7775454817919,4770.792684553584,4016.015139071792,3858.594147654244,38.994219245180126,,
9-324,HEALTH_MONITORING,831.992073054587,1.0,100,CloudNode,1483,1.0,12000.0,681.5563684775793,4775.6779118453505,4094.121543367771,3870.675556845823,34.666336377274455,,
2-418,SENSOR_DATA_LOGGING,275.21336337882815,0.1,10000,CloudNode,1705,1.0,12000.0,766.4263080478261,4776.22185679636,4009.795548748534,3910.2373921812855,11.467223474117839,,
1-368,SMART_HOME_CONTROL,244.55475804531076,0.1,150,CloudNode,1624,1.0,12000.0,735.9560298798044,4776.267261473047,4040.311231593243,3912.5768255836615,10.189781585221281,,
3-188,CLOUD_GAMING,194.91038722141977,50.0,150,FogNode_3,23,1.0,1899.4436001125757,378.08281429517274,4778.5209101831515,4400.438095887979,290.11558192032135,9.25393346538734,,
4-357,SENSOR_DATA_LOGGING,424.51338588670956,0.1,10000,CloudNode,1685,1.0,12000.0,756.8321463319778,4778.6550999333895,4021.8229536014114,3901.7593971619253,17.688057745279565,,
9-482,AUGMENTED_REALITY,414.50896920412674,30.0,150,FogNode_3,93,1.0,1899.4436001125757,958.9380682004071,4781.09530930065,3822.157241100243,1190.4759976075184,19.68001026781469,,
6-399,SENSOR_DATA_LOGGING,607.0379023481912,0.1,10000,CloudNode,1700,1.0,12000.0,763.9460824861962,4781.724470571834,4017.7783880856377,3892.5262205707395,25.29324593117463,,
6-381,E_COMMERCE_TRANSACTION,376.008111219037,0.5,300,CloudNode,1617,1.0,12000.0,733.6950258089041,4781.7731195880815,4048.0780937791774,3907.6173028086673,15.667004634126542,,
4-350,SMART_HOME_CONTROL,399.203268056184,0.1,150,CloudNode,1624,1.0,12000.0,735.7455823221535,4782.004901246539,4046.2593189243853,3905.9415903675854,16.633469502341,,
7-139,CLOUD_GAMING,227.07039221477677,50.0,150,FogNode_3,16,1.0,1899.4436001125757,282.92137426220063,4782.517796782197,4499.596422519997,373.3116937234281,10.780822569132061,,
2-394,E_COMMERCE_TRANSACTION,558.2858982048945,0.5,300,CloudNode,1601,1.0,12000.0,725.1686035914473,4783.72592001326,4058.557316421813,3896.973471262555,23.26191242520394,,
4-181,CLOUD_GAMING,214.40878935506146,50.0,150,FogNode_3,22,1.0,1899.4436001125757,359.3310587109391,4785.245042819439,4425.9139841085,307.47462338413334,10.179676411149941,,
3-310,CLOUD_GAMING,254.06879972634422,50.0,150,FogNode_9,4,1.0,1349.236560939329,590.4842387136608,4787.728096402235,4197.243857688574,0.0,25.554147795470545,,
8-340,HEALTH_MONITORING,747.4594730342579,1.0,100,CloudNode,1441,1.0,12000.0,669.0808103122604,4789.00830838601,4119.92749807375,3888.506096362571,31.14414470976075,,
3-363,HEALTH_MONITORING,162.6128648088374,1.0,100,CloudNode,1512,1.0,12000.0,691.208046032916,4789.228983912753,4098.020937879837,3930.6183635723155,6.775536033701559,,
7-352,E_COMMERCE_TRANSACTION,758.7453323752518,0.5,300,CloudNode,1603,1.0,12000.0,728.2738591362308,4789.2963438730785,4061.0224847368477,3887.9860722893663,31.614388848968826,,
5-354,HEALTH_MONITORING,135.71358485449446,1.0,100,CloudNode,1545,1.0,12000.0,703.7455902395609,4789.96456533793,4086.2189750983694,3933.239770724286,5.654732702270603,,
5-260,CLOUD_GAMING,391.9604264530532,50.0,150,FogNode_1,8,1.0,1597.9384595498836,537.4241287189857,4791.509507112665,4254.08537839368,0.0,32.37890523092117,,
7-357,GPS_TRACKING,388.3352986983742,0.2,200,CloudNode,1626,1.0,12000.0,736.9978990228349,4792.534129511768,4055.536230488933,3916.5182579725206,16.18063744576559,,
2-393,E_COMMERCE_TRANSACTION,545.0885180021212,0.5,300,CloudNode,1596,1.0,12000.0,722.8329499606486,4792.565887717239,4069.73293775659,3904.732196813623,22.712021583421716,,
4-304,CLOUD_GAMING,199.47503623060305,50.0,150,FogNode_0,11,1.0,1189.2931772946604,614.6786934484162,4792.824982129179,4178.146288680763,0.0,12.701410594424699,,
8-336,HEALTH_MONITORING,537.9320936503932,1.0,100,CloudNode,1429,1.0,12000.0,663.7100375305744,4792.946515140981,4129.236477610407,3905.381696220117,22.41383723543305,,
4-336,E_COMMERCE_TRANSACTION,296.0669043068773,0.5,300,CloudNode,1561,1.0,12000.0,709.6186843326346,4795.464926579157,4085.8462422465223,3926.234132902855,12.336121012786553,,
5-382,SENSOR_DATA_LOGGING,659.0467877085252,0.1,10000,CloudNode,1681,1.0,12000.0,753.9664176543882,4795.483567821212,4041.5171501668237,3900.062368153007,27.46028282118855,,
3-186,CLOUD_GAMING,237.0402914920882,50.0,150,FogNode_3,22,1.0,1899.4436001125757,376.1342915044122,4797.547980482761,4421.413688978349,286.98504529388083,11.254172326854537,,
5-384,SMART_HOME_CONTROL,428.3673315173783,0.1,150,CloudNode,1714,1.0,12000.0,770.6309659382129,4800.24287440815,4029.611908469937,3920.8734757633483,17.848638813224095,,
7-345,SENSOR_DATA_LOGGING,854.8950481674643,0.1,10000,CloudNode,1601,1.0,12000.0,724.1768183816539,4801.773858742045,4077.5970403603915,3891.9553423033094,35.62062700697768,,
8-291,CLOUD_GAMING,285.72024134821606,50.0,150,FogNode_9,3,1.0,1349.236560939329,580.6856218149068,4804.141425135427,4223.45580332052,0.0,28.73763832250968,,
4-449,AUGMENTED_REALITY,474.9176111535123,30.0,150,FogNode_3,93,1.0,1899.4436001125757,960.5768162404905,4807.23189046742,3846.6550742269296,1191.1356299797576,22.548084983088703,,
9-284,CLOUD_GAMING,219.48697070755983,50.0,150,FogNode_0,11,1.0,1189.2931772946604,617.356726865238,4807.41249203975,4190.055765174512,0.0,13.975654236053655,,
2-407,SENSOR_DATA_LOGGING,321.64920401708076,0.1,10000,CloudNode,1676,1.0,12000.0,751.2317887505633,4808.577219922839,4057.3454311722753,3935.955654470492,13.402050167378365,,
3-384,SENSOR_DATA_LOGGING,866.1908171954457,0.1,10000,CloudNode,1668,1.0,12000.0,747.9070153093988,4812.264048746759,4064.35703343736,3899.6357357177685,36.091284049810234,,
7-340,E_COMMERCE_TRANSACTION,995.8505516218808,0.5,300,CloudNode,1561,1.0,12000.0,709.5467686100759,4814.677631772568,4105.1308631624925,3892.157715865217,41.493772984245034,,
5-346,E_COMMERCE_TRANSACTION,686.3850973629865,0.5,300,CloudNode,1512,1.0,12000.0,691.1451539749437,4816.291768648303,4125.14661467336,3915.5732384084095,28.599379056791104,,
2-403,SENSOR_DATA_LOGGING,961.7343633587566,0.1,10000,CloudNode,1652,1.0,12000.0,742.166906295699,4821.1739767955905,4079.0070704998916,3900.410083614631,40.072265139948186,,
1-353,HEALTH_MONITORING,824.1039497474773,1.0,100,CloudNode,1546,1.0,12000.0,701.5471419177987,4821.478187642084,4119.9310457242855,3909.845535119586,34.337664572811555,,
0-389,SENSOR_DATA_LOGGING,349.63894480464575,0.1,10000,CloudNode,1607,1.0,12000.0,729.5182134468458,4821.670708245489,4092.1524947986427,3944.2181127785034,14.56828936686024,,
1-365,SENSOR_DATA_LOGGING,590.5232487442759,0.1,10000,CloudNode,1615,1.0,12000.0,732.1206828889373,4825.477532201737,4093.3568493127996,3930.8682006149256,24.60513536434483,,
6-389,SMART_HOME_CONTROL,327.2521802451582,0.1,150,CloudNode,1683,1.0,12000.0,755.8970440654382,4829.044873762476,4073.147829697037,3952.0610632130915,13.635507510214923,,
0-403,SENSOR_DATA_LOGGING,579.4339178209502,0.1,10000,CloudNode,1690,1.0,12000.0,758.6431490076759,4830.010630390247,4071.367481382571,3936.0992316617,24.14307990920626,,
0-402,GPS_TRACKING,781.0899906299129,0.2,200,CloudNode,1685,1.0,12000.0,756.8219918477223,4833.140574380775,4076.318582533053,3923.6726318120614,32.54541627624637,,
7-371,SMART_HOME_CONTROL,516.8394779896519,0.1,150,CloudNode,1704,1.0,12000.0,765.7827795104074,4835.635844216376,4069.853064705969,3944.1978427545437,21.534978249568827,,
3-352,HEALTH_MONITORING,482.8192553443969,1.0,100,CloudNode,1428,1.0,12000.0,661.8608124161673,4835.718505766578,4173.857693350411,3946.3892905217763,20.117468972683206,,
5-373,SENSOR_DATA_LOGGING,558.752971080119,0.1,10000,CloudNode,1653,1.0,12000.0,742.8632229261245,4835.7917315027635,4092.9285085766387,3941.4821066719082,23.28137379500496,,
9-365,SMART_HOME_CONTROL,999.8741203760486,0.1,150,CloudNode,1696,1.0,12000.0,759.858788923589,4836.9514094653805,4077.0926205417913,3910.54058439388,41.66142168233536,,
2-354,HEALTH_MONITORING,575.456893305764,1.0,100,CloudNode,1426,1.0,12000.0,661.6667719501561,4836.963049494823,4175.296277544667,3941.7263753239804,23.977370554406832,,
4-351,SENSOR_DATA_LOGGING,381.3185164715875,0.1,10000,CloudNode,1645,1.0,12000.0,740.965001920748,4840.353762962138,4099.388761041389,3958.8204036833117,15.888271519649479,,
7-350,GPS_TRACKING,277.51527463024524,0.2,200,CloudNode,1604,1.0,12000.0,727.0838851979387,4844.604460527938,4117.520575329999,3970.394224382738,11.563136442926886,,
8-384,SENSOR_DATA_LOGGING,772.717365212168,0.1,10000,CloudNode,1678,1.0,12000.0,752.4227843477316,4846.39801501422,4093.975230666488,3936.028446475264,32.19655688384034,,
2-400,SENSOR_DATA_LOGGING,197.80625631072886,0.1,10000,CloudNode,1636,1.0,12000.0,737.9928552748779,4846.494485082808,4108.50162980793,3977.688570681177,8.241927346280368,,
4-107,VOICE_ASSISTANT,189.96295129404868,2.0,150,FogNode_4,0,0.25,1758.3565909566523,223.1513525887015,4847.226153932735,4624.074801344033,4341.979938492369,15.824597650250665,,
2-369,HEALTH_MONITORING,632.0269453604602,1.0,100,CloudNode,1499,1.0,12000.0,685.3337564845584,4848.133838692528,4162.800082207969,3946.6682077680657,26.33445605668584,,
3-385,E_COMMERCE_TRANSACTION,792.4669633898637,0.5,300,CloudNode,1668,1.0,12000.0,747.9286784100908,4849.764833629082,4101.836155218992,3937.269868360584,33.01945680791099,,
7-365,SENSOR_DATA_LOGGING,711.5570306750873,0.1,10000,CloudNode,1684,1.0,12000.0,755.7433911708073,4852.242934363905,4096.499543193097,3944.2296705616436,29.64820961146197,,
5-190,CLOUD_GAMING,320.9456677834212,50.0,150,FogNode_3,24,1.0,1899.4436001125757,382.94880714810324,4854.350485421538,4471.401678273434,289.317072202306,15.237822355245406,,
4-354,E_COMMERCE_TRANSACTION,356.02576684077803,0.5,300,CloudNode,1661,1.0,12000.0,745.068941085381,4855.146346105135,4110.077405019754,3973.510800463447,14.834406951699085,,
2-129,VOICE_ASSISTANT,226.08048280868164,2.0,150,FogNode_4,0,0.25,1758.3565909566523,223.86008504138215,4855.305214973469,4631.445129932087,4330.954741411987,18.833318037283423,,
8-394,SMART_HOME_CONTROL,484.9249952066863,0.1,150,CloudNode,1705,1.0,12000.0,766.5158978553189,4856.702184915527,4090.186287060208,3966.285224855147,20.20520813361193,,
1-313,VOICE_ASSISTANT,695.2216766218365,2.0,150,CloudNode,1323,1.0,12000.0,616.7225706830974,4858.178014126636,4241.455443443539,3950.582754817787,28.967569859243188,,
9-308,HEALTH_MONITORING,999.8351393971351,1.0,100,CloudNode,1399,1.0,12000.0,652.4728928373893,4859.541451746121,4207.068558908732,3930.9331461806123,41.65979747488063,,
6-387,SENSOR_DATA_LOGGING,247.1953283805278,0.1,10000,CloudNode,1677,1.0,12000.0,751.7234397504043,4860.953373660515,4109.229933910111,3985.9233985839746,10.299805349188658,,
8-349,HEALTH_MONITORING,108.19666949552045,1.0,100,CloudNode,1516,1.0,12000.0,691.7739484004628,4861.259323488532,4169.485375088068,3995.4875482202992,4.508194562313352,,
3-390,GPS_TRACKING,365.4423262230741,0.2,200,CloudNode,1689,1.0,12000.0,758.075687110975,4866.172032951835,4108.09634584086,3982.6910274638813,15.226763592628087,,
8-312,VOICE_ASSISTANT,956.0678411855753,2.0,150,CloudNode,1331,1.0,12000.0,618.0446128394269,4868.968663971877,4250.92405113245,3941.503417399829,39.83616004939897,,
8-353,HEALTH_MONITORING,405.2654006719211,1.0,100,CloudNode,1521,1.0,12000.0,693.4419840076004,4869.5638482254235,4176.121864217823,3982.3671351712337,16.886058361330043,,
2-362,HEALTH_MONITORING,664.2542652573277,1.0,100,CloudNode,1457,1.0,12000.0,674.4297085032396,4870.032153877345,4195.602445374106,3964.9089512642513,27.677261052388655,,
6-405,SMART_HOME_CONTROL,271.04192614179243,0.1,150,CloudNode,1724,1.0,12000.0,777.2681843738558,4872.351660807565,4095.0834764337096,3993.111445508646,11.29341358924135,,
7-288,VOICE_ASSISTANT,994.083050531678,2.0,150,CloudNode,1329,1.0,12000.0,617.8599327258977,4872.804819548904,4254.944886823006,3942.0706690558586,41.420127105486586,,
2-376,HEALTH_MONITORING,321.65750985978383,1.0,100,CloudNode,1537,1.0,12000.0,699.5242867517394,4873.299277571123,4173.774990819384,3991.384574928644,13.402396244157659,,
2-348,CLOUD_GAMING,173.21268262346086,50.0,150,FogNode_8,2,1.0,770.9711269175084,637.7390516759637,4873.419089590129,4235.680037914166,0.0,16.464674021563397,,
6-384,E_COMMERCE_TRANSACTION,778.060104042602,0.5,300,CloudNode,1667,1.0,12000.0,746.5835152505983,4877.102390750309,4130.518875499711,3962.506116239948,32.419171001775084,,
6-344,CLOUD_GAMING,193.27979517907477,50.0,150,FogNode_3,59,1.0,1899.4436001125757,661.6042920193272,4880.276916609254,4218.672624589926,103.57907072468333,9.176516399605674,,
0-396,E_COMMERCE_TRANSACTION,464.066078363956,0.5,300,CloudNode,1664,1.0,12000.0,745.6986123473008,4883.276633724934,4137.578021377633,3989.8322064056265,19.336086598498166,,
8-386,E_COMMERCE_TRANSACTION,191.81008549109794,0.5,300,CloudNode,1683,1.0,12000.0,754.6900841137503,4888.788993339828,4134.098909226078,4012.7275542960338,7.992086895462413,,
9-348,E_COMMERCE_TRANSACTION,246.6901822096239,0.5,300,CloudNode,1607,1.0,12000.0,729.7506150835061,4889.5261791560115,4159.775564072505,4010.252743855988,10.278757592067663,,
8-363,E_COMMERCE_TRANSACTION,223.21357948230744,0.5,300,CloudNode,1579,1.0,12000.0,716.3181305103296,4890.9527924310905,4174.634661920761,4013.170797093531,9.30056581176281,,
2-406,SENSOR_DATA_LOGGING,436.35770262184514,0.1,10000,CloudNode,1668,1.0,12000.0,748.2394558999364,4893.065326800681,4144.825870900744,3999.1838148360916,18.181570942576883,,
4-338,E_COMMERCE_TRANSACTION,701.029457651271,0.5,300,CloudNode,1577,1.0,12000.0,713.5174668732948,4894.054965687315,4180.537498814021,3982.6158562706187,29.209560735469623,,
5-374,GPS_TRACKING,571.7244901842695,0.2,200,CloudNode,1654,1.0,12000.0,743.23696237304,4895.7775462078835,4152.540583834843,3992.8209253629757,23.821853757677896,,
6-398,GPS_TRACKING,901.879996931585,0.2,200,CloudNode,1700,1.0,12000.0,763.7607193658363,4896.330643206556,4132.56992384072,3970.341555372268,37.57833320548271,,
6-307,VOICE_ASSISTANT,898.3783679411989,2.0,150,CloudNode,1289,1.0,12000.0,605.8521682139146,4896.535572240588,4290.683404026674,3970.0547392371946,37.432431997549955,,
4-10,VIDEO_SURVEILLANCE,109.52401449287862,60.0,800,FogNode_3,0,0.0,1899.4436001125757,25.17865805893539,4896.834053882395,4871.65539582346,0.0,5.199968854547713,,
9-376,SMART_HOME_CONTROL,720.4155506694818,0.1,150,CloudNode,1723,1.0,12000.0,775.6066816805711,4896.986038687837,4121.379357007266,3983.1619344208384,30.017314611228407,,
5-375,GPS_TRACKING,481.85127840636375,0.2,200,CloudNode,1655,1.0,12000.0,743.3930280695382,4898.332287327166,4154.939259257628,4000.5605019111626,20.077136600265156,,
7-373,SENSOR_DATA_LOGGING,383.67090523818194,0.1,10000,CloudNode,1719,1.0,12000.0,774.1506960304642,4902.0047293138605,4127.854033283396,4010.919114318818,15.98628771825758,,
1-31,VIDEO_SURVEILLANCE,80.90617309762766,60.0,800,FogNode_7,0,0.0,1727.0272900361456,49.072769335958675,4902.0317324042535,4852.958963068295,0.0,5.545234676844623,,
8-395,SMART_HOME_CONTROL,797.4469322476281,0.1,150,CloudNode,1708,1.0,12000.0,767.160093052152,4903.416960515459,4136.256867463308,3983.1126937019226,33.226955510317836,,
4-330,HEALTH_MONITORING,892.2213354812314,1.0,100,CloudNode,1508,1.0,12000.0,689.2523487366386,4907.492352337545,4218.240003600906,3980.6696466659323,37.17588897838464,,
0-395,E_COMMERCE_TRANSACTION,600.295816648284,0.5,300,CloudNode,1657,1.0,12000.0,743.7549736294876,4910.9780250478725,4167.223051418385,4003.12395813499,25.012325693678502,,
3-375,E_COMMERCE_TRANSACTION,985.9551916922378,0.5,300,CloudNode,1602,1.0,12000.0,726.2033606868401,4911.207806403496,4185.004445716656,3976.975500191993,41.081466320509904,,
2-398,GPS_TRACKING,787.1311530620352,0.2,200,CloudNode,1624,1.0,12000.0,736.4811201227187,4911.992277769389,4175.511157646671,3991.4715569983846,32.7971313775848,,
7-367,SENSOR_DATA_LOGGING,586.5642874566391,0.1,10000,CloudNode,1683,1.0,12000.0,756.1751657125337,4915.052390239888,4158.877224527354,4007.9896534759755,24.44017864402663,,
0-417,SENSOR_DATA_LOGGING,730.3289937899682,0.1,10000,CloudNode,1734,1.0,12000.0,781.0630773122668,4916.007095587633,4134.944018275366,3998.320059968295,30.430374741248674,,
9-374,SENSOR_DATA_LOGGING,677.4841148470315,0.1,10000,CloudNode,1721,1.0,12000.0,774.9840331529651,4917.7163330591175,4142.732299906153,4003.2135558467353,28.228504785292976,,
3-392,GPS_TRACKING,328.9727167186388,0.2,200,CloudNode,1699,1.0,12000.0,763.6128695442062,4920.4797198605675,4156.866850316361,4031.230211234324,13.707196529943285,,
1-310,VOICE_ASSISTANT,753.7661881530091,2.0,150,CloudNode,1318,1.0,12000.0,615.2628501557458,4922.355300758872,4307.092450603126,4001.727976367371,31.406924506375383,,
9-364,E_COMMERCE_TRANSACTION,319.4923326244902,0.5,300,CloudNode,1690,1.0,12000.0,758.4561212150057,4922.955004258596,4164.4988830435905,4034.3330635455986,13.312180526020425,,
6-392,E_COMMERCE_TRANSACTION,322.83311215893843,0.5,300,CloudNode,1685,1.0,12000.0,756.5551952184582,4923.438331587166,4166.883136368709,4034.381754518563,13.4513796732891,,
4-360,GPS_TRACKING,670.7476227978422,0.2,200,CloudNode,1697,1.0,12000.0,761.4160606034053,4925.459483458577,4164.043422855171,4010.789340753206,27.947817616576756,,
7-334,HEALTH_MONITORING,274.46525743974996,1.0,100,CloudNode,1538,1.0,12000.0,699.8609603921327,4926.289065302105,4226.428104909972,4040.3625175673533,11.436052393322914,,
7-335,HEALTH_MONITORING,58.3391113653842,1.0,100,CloudNode,1539,1.0,12000.0,700.2106482436668,4927.216893372653,4227.006245128987,4056.7030628776843,2.430796306891008,,
8-322,VOICE_ASSISTANT,658.4067622604853,2.0,150,CloudNode,1354,1.0,12000.0,630.7765330981211,4928.166507759496,4297.389974661375,4013.0179425722763,27.433615094186884,,
1-321,CLOUD_GAMING,220.65162157559573,50.0,150,FogNode_8,2,1.0,770.9711269175084,635.4448220024674,4930.195320327324,4294.750498324856,0.0,20.973966608836996,,
2-402,SENSOR_DATA_LOGGING,467.0441463001394,0.1,10000,CloudNode,1645,1.0,12000.0,740.5828694087737,4932.975311212327,4192.392441803553,4032.1034128085366,19.46017276250581,,
6-394,SMART_HOME_CONTROL,243.57754258689707,0.1,150,CloudNode,1693,1.0,12000.0,759.3875552594303,4936.30522413654,4176.91766887711,4052.2676124378822,10.149064274454044,,
3-405,SENSOR_DATA_LOGGING,127.02067175447065,0.1,10000,CloudNode,1791,1.0,12000.0,800.6291229983065,4936.874121281644,4136.244998283338,4059.6515379314415,5.292527989769611,,
2-377,HEALTH_MONITORING,596.0597960622384,1.0,100,CloudNode,1537,1.0,12000.0,699.5294318307957,4938.460643011682,4238.931211180886,4028.218843421513,24.8358248359266,,
7-368,E_COMMERCE_TRANSACTION,682.5806496510528,0.5,300,CloudNode,1689,1.0,12000.0,757.7211192454303,4940.158354529189,4182.437235283758,4022.7445114224433,28.4408604021272,,
1-119,VOICE_ASSISTANT,693.9080904177371,2.0,150,FogNode_4,0,0.25,1758.3565909566523,222.06359709014217,4941.231335635108,4719.167738544966,4155.288099971966,57.805041784789665,,
9-285,VOICE_ASSISTANT,397.0011063220311,2.0,150,CloudNode,1331,1.0,12000.0,618.2679609417435,4945.075703296225,4326.807742354481,4048.437003759128,16.541712763417962,,
8-339,CLOUD_GAMING,317.6532947220321,50.0,150,FogNode_3,58,1.0,1899.4436001125757,667.0191882820833,4948.3302273067475,4281.311039024664,100.93237655953362,15.081507436950586,,
8-388,GPS_TRACKING,882.874803591316,0.2,200,CloudNode,1689,1.0,12000.0,758.1556481077013,4950.675291049585,4192.519642941884,4016.640371815276,36.78645014963817,,
2-425,GPS_TRACKING,698.7565870423667,0.2,200,CloudNode,1730,1.0,12000.0,780.6357710439033,4954.007261794747,4173.371490750844,4033.818682939647,29.114857793431945,,
2-416,SENSOR_DATA_LOGGING,237.41943792365578,0.1,10000,CloudNode,1704,1.0,12000.0,765.4543363163525,4956.659074441948,4191.204738125596,4069.4361009310055,9.892476580152325,,
3-396,SENSOR_DATA_LOGGING,699.9685829731134,0.1,10000,CloudNode,1727,1.0,12000.0,780.0105641015406,4956.6630025749255,4176.652438473385,4035.905009782705,29.165357623879725,,
2-405,SENSOR_DATA_LOGGING,754.6655665935941,0.1,10000,CloudNode,1667,1.0,12000.0,746.6191312963366,4959.87483590397,4213.255704607634,4034.6121644459618,31.44439860806642,,
7-369,SENSOR_DATA_LOGGING,858.2516624239596,0.1,10000,CloudNode,1697,1.0,12000.0,760.7477379788762,4961.047151024674,4200.299413045798,4028.3982416545578,35.76048593433165,,
9-375,SENSOR_DATA_LOGGING,644.7168243218189,0.1,10000,CloudNode,1721,1.0,12000.0,775.2516062660453,4961.218754364363,4185.967148098318,4044.1746541130174,26.86320101340912,,
1-379,SENSOR_DATA_LOGGING,466.3971428047588,0.1,10000,CloudNode,1684,1.0,12000.0,755.7701083344822,4962.304760154229,4206.5346518197475,4057.5237895816203,19.433214283531616,,
4-301,VOICE_ASSISTANT,240.98578016762175,2.0,150,CloudNode,1276,1.0,12000.0,602.7097285220844,4965.157851643527,4362.448123121442,4077.438372428609,10.041074173650907,,
3-403,GPS_TRACKING,347.9766444864108,0.2,200,CloudNode,1761,1.0,12000.0,792.9869004805108,4967.4586967188825,4174.471796238372,4071.009098110449,14.499026853600451,,
7-362,SENSOR_DATA_LOGGING,525.8696185742021,0.1,10000,CloudNode,1667,1.0,12000.0,749.2087066720429,4969.281951673093,4220.07324500105,4059.2618151455986,21.911234107258423,,
2-412,E_COMMERCE_TRANSACTION,124.36421698070689,0.5,300,CloudNode,1688,1.0,12000.0,757.4064959309777,4971.582439112755,4214.175943181777,4091.4173087649906,5.18184237419612,,
0-406,GPS_TRACKING,976.3299943723649,0.2,200,CloudNode,1704,1.0,12000.0,765.6176820759603,4972.313625295455,4206.695943219494,4029.7895552305577,40.68041643218187,,
3-394,SMART_HOME_CONTROL,549.4577868827598,0.1,150,CloudNode,1721,1.0,12000.0,774.8159233949674,4973.954656666393,4199.138733271426,4061.43110311464,22.894074453448326,,
4-427,CLOUD_GAMING,84.1333950162831,50.0,150,FogNode_7,62,1.0,1727.0272900361456,914.1930692982183,4976.202842552692,4062.009773254474,0.0,5.766425498360886,,
5-392,GPS_TRACKING,793.4173134529395,0.2,200,CloudNode,1743,1.0,12000.0,784.6612743679818,4977.096134502284,4192.434860134303,4047.6055848829983,33.05905472720581,,
9-388,SMART_HOME_CONTROL,199.90661322664886,0.1,150,CloudNode,1792,1.0,12000.0,800.7941370744896,4977.706035460228,4176.911898385739,4091.36960192193,8.329442217777036,,
4-361,GPS_TRACKING,663.7489882214496,0.2,200,CloudNode,1697,1.0,12000.0,761.6310122193088,4978.267419943717,4216.636407724408,4057.1754735143577,27.656207842560402,,
5-108,AUGMENTED_REALITY,371.7684640717651,30.0,150,FogNode_4,0,0.25,1758.3565909566523,219.4162030277022,4979.085184970715,4759.668981943013,2133.926053195112,30.96965130785301,,
5-318,VOICE_ASSISTANT,737.5109488315805,2.0,150,CloudNode,1347,1.0,12000.0,627.5662596161808,4979.175578795082,4351.609319178901,4053.5903140978817,30.729622867982524,,
8-357,HEALTH_MONITORING,928.5314586006674,1.0,100,CloudNode,1546,1.0,12000.0,703.0189542562283,4979.382350863916,4276.363396607688,4039.0058115463626,38.68881077502781,,
5-396,GPS_TRACKING,644.3442860428682,0.2,200,CloudNode,1747,1.0,12000.0,787.0202116775615,4980.912250542892,4193.8920388653305,4060.546660875093,26.84767858511951,,
5-313,VOICE_ASSISTANT,374.4555213060154,2.0,150,CloudNode,1332,1.0,12000.0,620.2579804527983,4985.211888570248,4364.95390811745,4085.63923015977,15.602313387750641,,
1-394,SMART_HOME_CONTROL,543.2803021237723,0.1,150,CloudNode,1763,1.0,12000.0,793.6053509979126,4985.431713039503,4191.82636204159,4072.6156254429598,22.63667925515718,,
9-343,HEALTH_MONITORING,917.3428608524915,1.0,100,CloudNode,1577,1.0,12000.0,713.1561398797256,4987.65304480787,4274.496904928144,4047.8088743415656,38.22261920218715,,
1-375,SENSOR_DATA_LOGGING,239.9231857095644,0.1,10000,CloudNode,1674,1.0,12000.0,750.7408917456971,4989.2755504822235,4238.534658736527,4099.148097136361,9.996799404565182,,
9-470,CLOUD_GAMING,65.49575578727605,50.0,150,FogNode_3,94,1.0,1899.4436001125757,944.9702565423686,4990.843416338395,4045.873159796027,0.0,3.1096001345078825,,
5-394,SENSOR_DATA_LOGGING,888.6308819531642,0.1,10000,CloudNode,1747,1.0,12000.0,785.3125870085804,4994.532293356665,4209.219706348084,4055.494838680772,37.02628674804851,,
7-375,SENSOR_DATA_LOGGING,957.3546045632645,0.1,10000,CloudNode,1730,1.0,12000.0,780.572962531296,4994.83194062016,4214.258978088864,4051.463226596538,39.88977519013602,,
6-105,AUGMENTED_REALITY,264.8673047539388,30.0,150,FogNode_4,0,0.25,1758.3565909566523,223.63668222890533,4997.85959547478,4774.222913245874,2212.2870864165834,22.064399925801318,,
9-378,GPS_TRACKING,846.0467502892732,0.2,200,CloudNode,1723,1.0,12000.0,775.9884496194738,5006.80911999398,4230.820670374506,4069.346362928138,35.251947928719716,,
5-360,HEALTH_MONITORING,633.875322609014,1.0,100,CloudNode,1579,1.0,12000.0,716.2914794134089,5009.4859461256765,4293.194466712268,4087.3059025185207,26.41147177537558,,
1-404,GPS_TRACKING,272.78409697641155,0.2,200,CloudNode,1791,1.0,12000.0,800.6990765361513,5010.385052889238,4209.6859763530865,4112.880050148494,11.366004040683814,,
2-428,GPS_TRACKING,517.8828866974115,0.2,200,CloudNode,1740,1.0,12000.0,783.9298570707924,5010.615603943666,4226.685746872874,4097.33261600326,21.57845361239215,,
4-319,VOICE_ASSISTANT,402.3454467408504,2.0,150,CloudNode,1386,1.0,12000.0,646.7145792828003,5010.624921730689,4363.910342447888,4105.684917247807,16.7643936142021,,
8-404,SMART_HOME_CONTROL,651.0842259021599,0.1,150,CloudNode,1726,1.0,12000.0,779.7731235897837,5010.916093267128,4231.142969677345,4087.371130533249,27.128509412589995,,
2-409,SENSOR_DATA_LOGGING,973.3880615151551,0.1,10000,CloudNode,1681,1.0,12000.0,752.9750682108328,5014.090983005257,4261.1159147944245,4066.147433493917,40.557835896464795,,
1-380,E_COMMERCE_TRANSACTION,433.3723410015748,0.5,300,CloudNode,1690,1.0,12000.0,759.127022936257,5014.381781693848,4255.254758757591,4105.861335239875,18.057180875065615,,
6-416,SENSOR_DATA_LOGGING,493.9182564373335,0.1,10000,CloudNode,1781,1.0,12000.0,798.086791561839,5020.335433498193,4222.248641936354,4106.253448401445,20.579927351555565,,
4-363,SENSOR_DATA_LOGGING,836.9440929359812,0.1,10000,CloudNode,1698,1.0,12000.0,763.2621860619407,5020.420632127583,4257.158446065642,4082.4489326286725,34.872670538999216,,
4-348,HEALTH_MONITORING,568.1638314323095,1.0,100,CloudNode,1617,1.0,12000.0,732.74164388,5025.05302141292,4292.31137753292,4106.00213803989,23.673492976346232,,
6-400,SENSOR_DATA_LOGGING,647.4298108272978,0.1,10000,CloudNode,1706,1.0,12000.0,766.6888942463971,5025.534923348363,4258.8460291019655,4101.415191193264,26.976242117804077,,
4-373,SMART_HOME_CONTROL,744.7608843277603,0.1,150,CloudNode,1801,1.0,12000.0,803.404383471904,5027.22125867084,4223.816875198936,4095.1166907416614,31.03170351365668,,
5-403,SENSOR_DATA_LOGGING,527.1921710876611,0.1,10000,CloudNode,1763,1.0,12000.0,793.6578340753467,5029.364393963475,4235.706559888128,4110.841129916966,21.96634046198588,,
9-345,HEALTH_MONITORING,156.34085343555307,1.0,100,CloudNode,1579,1.0,12000.0,716.0841079471485,5033.363837951156,4317.279730004007,4141.354874028393,6.514202226481378,,
3-387,GPS_TRACKING,861.2347294283021,0.2,200,CloudNode,1676,1.0,12000.0,751.1373210600314,5034.074320939922,4282.93699987989,4092.2974481122824,35.88478039284592,,
2-352,VOICE_ASSISTANT,283.65362150907475,2.0,150,CloudNode,1387,1.0,12000.0,646.1242168447902,5034.262723523111,4388.1385066783205,4133.2809145487645,11.818900896211447,,
5-407,SMART_HOME_CONTROL,546.1345177149583,0.1,150,CloudNode,1792,1.0,12000.0,800.8230888466596,5034.786760291803,4233.9636714451435,4114.465358953415,22.75560490478993,,
2-367,HEALTH_MONITORING,962.0789765311367,1.0,100,CloudNode,1498,1.0,12000.0,685.0357913095269,5040.048083948232,4355.012292638705,4090.2177709006664,40.08662402213069,,
6-96,VIDEO_SURVEILLANCE,52.22828073686543,60.0,800,FogNode_7,0,0.875,1727.0272900361456,200.33580461132348,5041.917412212375,4841.5816076010515,0.0,3.579678315825995,,
8-355,HEALTH_MONITORING,763.9640904201998,1.0,100,CloudNode,1527,1.0,12000.0,694.645905256133,5043.0460250656,4348.400119809467,4106.275396635709,31.831837100841657,,
1-398,GPS_TRACKING,746.5619073759957,0.2,200,CloudNode,1767,1.0,12000.0,795.3160087076151,5043.125742824225,4247.80973411661,4107.6115433241075,31.106746140666488,,
9-372,SENSOR_DATA_LOGGING,906.8557820171142,0.1,10000,CloudNode,1716,1.0,12000.0,772.4211068785722,5047.8849404635475,4275.463833584975,4101.778885920077,37.785657584046426,,
6-358,CLOUD_GAMING,498.9067631495527,50.0,150,FogNode_3,59,1.0,1899.4436001125757,681.2444956506554,5047.904467463573,4366.659971812918,96.57468304473332,23.687039246261115,,
6-403,SENSOR_DATA_LOGGING,275.2934868650872,0.1,10000,CloudNode,1713,1.0,12000.0,769.549264789654,5047.994145318345,4278.44488052869,4144.943813264809,11.470561952711966,,
8-380,E_COMMERCE_TRANSACTION,895.030371985589,0.5,300,CloudNode,1622,1.0,12000.0,735.201305505085,5048.540520998526,4313.339215493441,4103.006441361393,37.29293216606621,,
3-464,CLOUD_GAMING,199.45098045633142,50.0,150,FogNode_7,62,1.0,1727.0272900361456,920.9544993183536,5049.298396757755,4128.343897439401,0.0,13.670186721383052,,
5-369,HEALTH_MONITORING,490.1584545657167,1.0,100,CloudNode,1619,1.0,12000.0,734.1515142576967,5050.332484006153,4316.180969748457,4134.094019925387,20.423268940238195,,
4-370,SMART_HOME_CONTROL,443.1279940383614,0.1,150,CloudNode,1779,1.0,12000.0,797.6801863188914,5051.018315841787,4253.3381295228955,4136.103199289945,18.46366641826506,,
2-422,SENSOR_DATA_LOGGING,692.2205478316523,0.1,10000,CloudNode,1723,1.0,12000.0,776.4189175563968,5052.516986272798,4276.098068716401,4119.977362723011,28.842522826318845,,
5-331,VOICE_ASSISTANT,335.70245667786884,2.0,150,CloudNode,1385,1.0,12000.0,644.6021294321769,5057.339598686631,4412.737469254454,4148.152013973216,13.987602361577869,,
4-372,SMART_HOME_CONTROL,898.4481685146222,0.1,150,CloudNode,1800,1.0,12000.0,803.2739107385877,5060.082569279801,4256.808658541213,4111.404872936666,37.43534035477593,,
2-413,SENSOR_DATA_LOGGING,611.7116086745015,0.1,10000,CloudNode,1689,1.0,12000.0,757.8839417679247,5061.3610202787795,4303.477078510855,4134.974233283822,25.487983694770897,,
8-368,HEALTH_MONITORING,567.6438708805385,1.0,100,CloudNode,1583,1.0,12000.0,718.3818929790831,5061.685437600559,4343.303544621476,4135.6417629517855,23.651827953355774,,
3-398,SENSOR_DATA_LOGGING,416.53684016133366,0.1,10000,CloudNode,1737,1.0,12000.0,782.4907312313076,5061.932662017618,4279.44193078631,4146.245971078854,17.3557016733889,,
7-370,SMART_HOME_CONTROL,262.9621248869941,0.1,150,CloudNode,1698,1.0,12000.0,763.2049195783895,5064.959535472849,4301.75461589446,4160.261216513766,10.956755203624754,,
4-368,E_COMMERCE_TRANSACTION,386.84240949099296,0.5,300,CloudNode,1713,1.0,12000.0,769.8894833877891,5066.499590980694,4296.610107592905,4152.012725591495,16.118433728791373,,
8-387,E_COMMERCE_TRANSACTION,864.6254822645292,0.5,300,CloudNode,1684,1.0,12000.0,755.7801595522345,5066.584416878709,4310.804257326475,4119.7107893535185,36.02606176102205,,
9-369,E_COMMERCE_TRANSACTION,702.8207161775324,0.5,300,CloudNode,1701,1.0,12000.0,764.6060835913783,5069.484486281923,4304.878402690544,4133.041951085869,29.284196507397183,,
9-469,CLOUD_GAMING,212.8295418522164,50.0,150,FogNode_3,94,1.0,1899.4436001125757,944.6762996266627,5070.248208923337,4125.571909296675,0.0,10.10469707564585,,
0-437,SENSOR_DATA_LOGGING,79.5063040399899,0.1,10000,CloudNode,1807,1.0,12000.0,808.7527835599382,5073.209942215375,4264.457158655437,4180.069660176061,3.3127626683329123,,
8-382,E_COMMERCE_TRANSACTION,579.1482914781341,0.5,300,CloudNode,1642,1.0,12000.0,739.6286874142838,5073.797280971541,4334.168593557257,4144.600196680562,24.13117881158892,,
1-382,GPS_TRACKING,283.2512180171566,0.2,200,CloudNode,1705,1.0,12000.0,766.1359187110656,5073.93675217425,4307.800833463184,4167.312792031407,11.802134084048191,,
9-342,HEALTH_MONITORING,820.1710600194561,1.0,100,CloudNode,1567,1.0,12000.0,710.9688835609953,5075.156708328935,4364.18782476794,4131.571034794247,34.17379416747734,,
0-336,VOICE_ASSISTANT,368.8934630431933,2.0,150,CloudNode,1317,1.0,12000.0,614.8875430238311,5079.2816429187915,4464.39409989496,4165.523610404799,15.370560960133055,,
4-367,SENSOR_DATA_LOGGING,237.95358814509677,0.1,10000,CloudNode,1712,1.0,12000.0,768.7452762316487,5079.912034958559,4311.16675872691,4175.88078923524,9.914732839379033,,
6-375,HEALTH_MONITORING,599.5103420180477,1.0,100,CloudNode,1579,1.0,12000.0,716.5943763646649,5083.323033119326,4366.728656754662,4151.410902243301,24.979597584085322,,
0-368,CLOUD_GAMING,550.1326483876442,50.0,150,FogNode_3,57,1.0,1899.4436001125757,678.0180227772802,5087.176294982354,4409.158272205074,107.97180929848946,26.1191360701228,,
1-468,CLOUD_GAMING,238.182527007607,50.0,150,FogNode_3,93,1.0,1899.4436001125757,952.1492445743643,5088.934633315621,4136.785388741257,0.0,11.308403256324734,,
0-365,CLOUD_GAMING,582.7917670821473,50.0,150,FogNode_3,57,1.0,1899.4436001125757,675.5099940086938,5089.340156260313,4413.830162251619,97.10461992396358,27.66972203809273,,
6-406,GPS_TRACKING,970.8555419895732,0.2,200,CloudNode,1725,1.0,12000.0,777.7563652758149,5091.520232442797,4313.763867166983,4134.315772708784,40.45231424956555,,
6-402,GPS_TRACKING,264.8198962152102,0.2,200,CloudNode,1712,1.0,12000.0,768.9412309622367,5091.552810966524,4322.611580004287,4182.901560534448,11.034162342300425,,
1-410,SENSOR_DATA_LOGGING,689.1051835855502,0.1,10000,CloudNode,1832,1.0,12000.0,817.515020839265,5092.212192257266,4274.697171418001,4152.522150839686,28.712715982731257,,
6-478,CLOUD_GAMING,284.18932916407044,50.0,150,FogNode_7,62,1.0,1727.0272900361456,924.2031024558714,5096.16431636195,4171.961213906079,0.0,19.478075189246876,,
2-424,E_COMMERCE_TRANSACTION,528.3487126850432,0.5,300,CloudNode,1725,1.0,12000.0,778.207823226815,5096.546045663218,4318.338222436403,4168.630262178011,22.014529695210133,,
1-470,CLOUD_GAMING,256.3315081169575,50.0,150,FogNode_3,94,1.0,1899.4436001125757,955.4788247948105,5096.551597535416,4141.072772740605,0.0,12.170078542309923,,
1-391,GPS_TRACKING,947.001555279858,0.2,200,CloudNode,1738,1.0,12000.0,782.6770602138232,5099.337428400905,4316.660368187082,4140.57914840175,39.45839813666075,,
4-346,HEALTH_MONITORING,320.12653776188193,1.0,100,CloudNode,1610,1.0,12000.0,730.8527547162558,5100.613963654407,4369.761208938151,4187.029248689728,13.338605740078414,,
0-431,GPS_TRACKING,638.4890958925007,0.2,200,CloudNode,1789,1.0,12000.0,800.5627761539843,5104.225740499495,4303.662964345511,4167.196051816598,26.603712328854197,,
2-97,VIDEO_SURVEILLANCE,64.84563835036695,60.0,800,FogNode_3,2,1.0,1899.4436001125757,167.9709915966623,5104.387489682463,4936.4164980858,88.7452140768637,3.078733931882106,,
1-367,HEALTH_MONITORING,78.19926901159178,1.0,100,CloudNode,1620,1.0,12000.0,734.4374617245008,5105.854034151871,4371.41657242737,4210.771176294044,3.258302875482991,,
6-410,SMART_HOME_CONTROL,473.05790421775947,0.1,150,CloudNode,1745,1.0,12000.0,785.0455424442944,5105.921082998841,4320.875540554546,4180.942258822253,19.71074600907331,,
4-458,CLOUD_GAMING,222.22101644915642,50.0,150,FogNode_3,93,1.0,1899.4436001125757,967.7751045160793,5107.836106427212,4140.061001911133,16.53922523411893,10.550584451382425,,
6-316,VOICE_ASSISTANT,559.1332686211991,2.0,150,CloudNode,1350,1.0,12000.0,628.770983283963,5108.527101069385,4479.756117785422,4176.916130817204,23.297219525883296,,
8-325,VOICE_ASSISTANT,231.4593629709173,2.0,150,CloudNode,1370,1.0,12000.0,638.9394762943487,5111.500472504842,4472.560996210494,4204.269862260224,9.644140123788222,,
0-413,E_COMMERCE_TRANSACTION,766.9255075304998,0.5,300,CloudNode,1724,1.0,12000.0,777.3285401574317,5111.90460427922,4334.576064121788,4165.1072938752095,31.95522948043749,,
0-357,VOICE_ASSISTANT,974.6041725635224,2.0,150,CloudNode,1397,1.0,12000.0,650.8961937150573,5115.291335320215,4464.395141605158,4151.960232625553,40.60850719014677,,
2-516,CLOUD_GAMING,131.500219962652,50.0,150,FogNode_3,93,1.0,1899.4436001125757,966.1186884966629,5117.1353832722125,4151.01669477555,72.28255678460391,6.24335266871016,,
4-352,E_COMMERCE_TRANSACTION,718.8950872022274,0.5,300,CloudNode,1645,1.0,12000.0,741.1890681028838,5117.2475226201495,4376.058454517266,4173.167365346429,29.953961966759476,,
8-393,GPS_TRACKING,251.83975869232415,0.2,200,CloudNode,1704,1.0,12000.0,766.0333851465815,5117.5326922209115,4351.49930707433,4208.314178620596,10.493323278846841,,
2-401,HEALTH_MONITORING,638.0869905969186,1.0,100,CloudNode,1645,1.0,12000.0,740.4957335039891,5118.133451355926,4377.637717851937,4179.767274513623,26.586957941538273,,
0-487,CLOUD_GAMING,315.4994828191897,50.0,150,FogNode_7,63,1.0,1727.0272900361456,928.2011348619427,5120.0472901761095,4191.846155314167,0.0,21.62404431790897,,
1-390,GPS_TRACKING,985.0190168563454,0.2,200,CloudNode,1735,1.0,12000.0,781.8851627185945,5122.133002019594,4340.247839300999,4157.375264903895,41.042459035681055,,
0-439,SENSOR_DATA_LOGGING,958.7328451124199,0.1,10000,CloudNode,1829,1.0,12000.0,816.2474478207068,5123.0201465835935,4306.772698762887,4160.333721056831,39.94720187968416,,
6-414,SMART_HOME_CONTROL,552.9563320987335,0.1,150,CloudNode,1759,1.0,12000.0,792.3381382208663,5125.361337260352,4333.023199039486,4191.876309287672,23.03984717078056,,
2-117,VIDEO_SURVEILLANCE,201.2461583447877,60.0,800,FogNode_7,0,0.875,1727.0272900361456,200.5113143639593,5128.917828344845,4928.406513980885,0.0,13.793226562436468,,
7-332,HEALTH_MONITORING,978.3984862718266,1.0,100,CloudNode,1533,1.0,12000.0,696.7038128287822,5129.4181476528665,4432.714334824084,4165.025381097303,40.76660359465944,,
6-365,HEALTH_MONITORING,609.5557314857631,1.0,100,CloudNode,1558,1.0,12000.0,708.4961625746189,5130.708345915706,4422.2121833410865,4192.104093021968,25.39815547857346,,
8-320,VOICE_ASSISTANT,267.9567590484902,2.0,150,CloudNode,1352,1.0,12000.0,629.6603691398183,5130.856830990093,4501.196461850274,4218.607436448513,11.164864960353759,,
2-443,SMART_HOME_CONTROL,705.33922801418,0.1,150,CloudNode,1815,1.0,12000.0,811.5529727869863,5131.988211216557,4320.435238429571,4186.5633498709685,29.389134500590835,,
6-325,VOICE_ASSISTANT,704.6642118906198,2.0,150,CloudNode,1368,1.0,12000.0,638.5989459912475,5132.519298629093,4493.920352637846,4187.127190124945,29.361008828775823,,
7-399,SENSOR_DATA_LOGGING,258.4404559718611,0.1,10000,CloudNode,1834,1.0,12000.0,818.7052814992753,5133.441308943541,4314.736027444265,4221.141834179852,10.76835233216088,,
3-391,GPS_TRACKING,890.0575055124339,0.2,200,CloudNode,1697,1.0,12000.0,760.3738139032882,5135.856896393262,4375.483082489974,4176.762625699517,37.08572939635141,,
5-379,E_COMMERCE_TRANSACTION,899.5246396732985,0.5,300,CloudNode,1668,1.0,12000.0,748.2231448426095,5136.321406918221,4388.098262075612,4176.6885526980595,37.48019331972077,,
2-404,E_COMMERCE_TRANSACTION,744.5367129700741,0.5,300,CloudNode,1657,1.0,12000.0,744.2764188737701,5137.201434409774,4392.925015536004,4188.241708111839,31.02236304041975,,
4-369,E_COMMERCE_TRANSACTION,384.6259750618443,0.5,300,CloudNode,1716,1.0,12000.0,772.5844274587832,5143.552637093329,4370.968209634546,4221.135688121036,16.026082294243512,,
9-340,HEALTH_MONITORING,717.4752222842458,1.0,100,CloudNode,1558,1.0,12000.0,708.3966526904777,5151.342412823545,4442.945760133067,4203.6178409212735,29.89480092851024,,
1-392,GPS_TRACKING,248.81115810363886,0.2,200,CloudNode,1743,1.0,12000.0,784.7852366010555,5152.7224743918605,4367.937237790805,4237.714113288471,10.36713158765162,,
7-396,GPS_TRACKING,424.24887117030227,0.2,200,CloudNode,1815,1.0,12000.0,811.601089173082,5152.886764818437,4341.285675645355,4225.574134900712,17.677036298762594,,
6-417,GPS_TRACKING,837.1908509310364,0.2,200,CloudNode,1783,1.0,12000.0,799.4925975438756,5153.088937363579,4353.596339819704,4195.45508082879,34.88295212212652,,
1-323,CLOUD_GAMING,215.66900233328704,50.0,150,FogNode_8,2,1.0,770.9711269175084,645.7041043920108,5153.155897887443,4507.451793495432,215.06709592312563,20.50034539152395,,
7-382,SENSOR_DATA_LOGGING,754.6786162965946,0.1,10000,CloudNode,1760,1.0,12000.0,791.2063084212498,5154.41011713418,4363.20380871293,4203.626853308696,31.444942345691437,,
8-112,CLOUD_GAMING,529.3521101824497,50.0,150,FogNode_4,0,0.25,1758.3565909566523,220.50114502825483,5156.354565773497,4935.853420745242,628.6669973690887,44.09693628091605,,
5-353,HEALTH_MONITORING,698.1035100947981,1.0,100,CloudNode,1537,1.0,12000.0,699.5194358890342,5158.789256162307,4459.269820273273,4211.351648386603,29.08764625394992,,
3-344,VOICE_ASSISTANT,290.987180905636,2.0,150,CloudNode,1387,1.0,12000.0,645.4141657046331,5160.105828135398,4514.691662430765,4241.158297725168,12.124465871068168,,
9-382,SENSOR_DATA_LOGGING,284.88261279263895,0.1,10000,CloudNode,1731,1.0,12000.0,780.794651031112,5160.941652142495,4380.147001111382,4241.439738369519,11.870108866359956,,
2-436,SENSOR_DATA_LOGGING,218.6057345568168,0.1,10000,CloudNode,1802,1.0,12000.0,804.0846786299453,5170.939618938261,4366.854940308316,4255.2001698451795,9.1085722732007,,
9-392,SMART_HOME_CONTROL,415.866999516763,0.1,150,CloudNode,1802,1.0,12000.0,805.327212364992,5170.976990211285,4365.649777846293,4241.2291845413965,17.327791646531793,,
1-325,VOICE_ASSISTANT,855.6986616288066,2.0,150,CloudNode,1386,1.0,12000.0,646.9991119597213,5175.533962301895,4528.534850342174,4214.931363434382,35.654110901200276,,
8-397,GPS_TRACKING,547.1260078723964,0.2,200,CloudNode,1718,1.0,12000.0,773.5661146850981,5176.302179905072,4402.736065219974,4236.657322859714,22.796916994683183,,
6-411,SENSOR_DATA_LOGGING,750.9510861892271,0.1,10000,CloudNode,1751,1.0,12000.0,788.5335578927306,5177.870592502651,4389.33703460992,4224.419261007146,31.289628591217795,,
1-150,VIDEO_SURVEILLANCE,156.1921453463521,60.0,800,FogNode_3,17,1.0,1899.4436001125757,288.10165904796787,5178.238591319883,4890.136932271916,0.0,7.415673127821938,,
8-413,GPS_TRACKING,238.22050712844228,0.2,200,CloudNode,1811,1.0,12000.0,809.9140459552586,5178.640965089677,4368.7269191344185,4259.931505175527,9.925854463685095,,
6-364,HEALTH_MONITORING,884.052529155317,1.0,100,CloudNode,1552,1.0,12000.0,705.9705437092138,5179.592127095117,4473.621583385903,4216.135784515996,36.8355220481382,,
2-429,GPS_TRACKING,661.0243280391483,0.2,200,CloudNode,1745,1.0,12000.0,785.8707076550182,5180.4466979302815,4394.575990275263,4231.866799250249,27.542680334964512,,
0-424,GPS_TRACKING,341.9000604392953,0.2,200,CloudNode,1763,1.0,12000.0,793.590341755501,5181.580609066854,4387.990267311353,4254.797117312022,14.245835851637304,,
3-400,E_COMMERCE_TRANSACTION,624.1046194648923,0.5,300,CloudNode,1746,1.0,12000.0,785.2564464593344,5182.865549278834,4397.6091028195,4236.752436974794,26.00435914437051,,
1-333,VOICE_ASSISTANT,825.4174974533777,2.0,150,CloudNode,1427,1.0,12000.0,661.7166204600961,5186.032314074598,4524.3156936145015,4225.555596967426,34.39239572722407,,
3-378,HEALTH_MONITORING,787.301482965372,1.0,100,CloudNode,1608,1.0,12000.0,729.9347576381241,5187.741458933375,4457.806701295251,4229.051194622178,32.8042284568905,,
5-323,VOICE_ASSISTANT,986.2779165316313,2.0,150,CloudNode,1361,1.0,12000.0,634.6228925189457,5188.043860529507,4553.420968010561,4216.294929703695,41.09491318881797,,
3-401,GPS_TRACKING,869.5568356443786,0.2,200,CloudNode,1758,1.0,12000.0,790.2023842062083,5190.596520992957,4400.394136786749,4225.766445449647,36.23153481851577,,
9-122,VIDEO_SURVEILLANCE,63.53097060259953,60.0,800,FogNode_4,0,0.25,1758.3565909566523,219.11446459933427,5192.485445555984,4973.37098095665,125.87123372925907,5.292358542902554,,
8-341,VOICE_ASSISTANT,773.7816802756756,2.0,150,CloudNode,1440,1.0,12000.0,669.1980041374139,5193.899954342506,4524.7019502050925,4235.6450140266925,32.24090334481982,,
0-438,SENSOR_DATA_LOGGING,223.37942081007984,0.1,10000,CloudNode,1822,1.0,12000.0,813.8497512430337,5196.485544236824,4382.63579299379,4276.216373163666,9.30747586708666,,
7-376,E_COMMERCE_TRANSACTION,649.3772505086216,0.5,300,CloudNode,1738,1.0,12000.0,782.96814923733,5197.667407969047,4414.699258731717,4246.45464310683,27.057385437859235,,
7-355,HEALTH_MONITORING,798.4925481227906,1.0,100,CloudNode,1618,1.0,12000.0,733.9656075192329,5199.060344305993,4465.094736786759,4238.057639609735,33.27052283844961,,
1-370,HEALTH_MONITORING,962.5142644739022,1.0,100,CloudNode,1640,1.0,12000.0,738.7746259826421,5203.229668623086,4464.455042640444,4229.692546174647,40.10476101974593,,
1-329,VOICE_ASSISTANT,600.165507645953,2.0,150,CloudNode,1413,1.0,12000.0,658.2214794470816,5204.423909438009,4546.202429990927,4256.051264124514,25.006896151914706,,
0-426,SENSOR_DATA_LOGGING,877.5989193427747,0.1,10000,CloudNode,1776,1.0,12000.0,797.2822715790082,5206.574552222106,4409.292280643098,4238.82818045096,36.56662163928228,,
8-407,E_COMMERCE_TRANSACTION,660.326930906106,0.5,300,CloudNode,1768,1.0,12000.0,794.8895093237004,5207.914009060612,4413.024499736912,4254.673506941434,27.51362212108775,,
1-393,SENSOR_DATA_LOGGING,685.9305876503306,0.1,10000,CloudNode,1754,1.0,12000.0,789.8146486302687,5208.503295127739,4418.6886464974705,4253.922851921598,28.58044115209711,,
9-402,SMART_HOME_CONTROL,438.3291977205962,0.1,150,CloudNode,1855,1.0,12000.0,827.2450507005028,5215.16839823306,4387.923347532556,4276.756253696885,18.26371657169151,,
7-386,SENSOR_DATA_LOGGING,441.4215648607722,0.1,10000,CloudNode,1766,1.0,12000.0,795.0467459933827,5218.3657394719185,4423.318993478536,4279.194558130089,18.392565202532175,,
9-366,E_COMMERCE_TRANSACTION,197.80805456861916,0.5,300,CloudNode,1697,1.0,12000.0,761.1872478510168,5219.71367317047,4458.526425319454,4299.268048479344,8.242002273692465,,
5-425,SENSOR_DATA_LOGGING,511.24407226167693,0.1,10000,CloudNode,1874,1.0,12000.0,832.2850198216739,5223.050370618755,4390.765350797081,4278.490549853434,21.30183634423654,,
3-354,VOICE_ASSISTANT,628.4169357703264,2.0,150,CloudNode,1441,1.0,12000.0,669.6954899946567,5223.345068192145,4553.649578197488,4270.536582689103,26.184038990430267,,
2-397,HEALTH_MONITORING,442.99641766599535,1.0,100,CloudNode,1616,1.0,12000.0,732.5480366241399,5224.6578270722075,4492.1097904480675,4284.872387145803,18.458184069416472,,
0-440,SENSOR_DATA_LOGGING,215.00724561965498,0.1,10000,CloudNode,1830,1.0,12000.0,816.3604142559658,5225.831279528917,4409.4708652729505,4303.209783266038,8.958635234152291,,
9-353,HEALTH_MONITORING,433.20279745814105,1.0,100,CloudNode,1653,1.0,12000.0,743.0239874024655,5226.696754114469,4483.672766712003,4287.296973656311,18.05011656075588,,
7-104,CLOUD_GAMING,502.9462418659771,50.0,150,FogNode_4,0,0.25,1758.3565909566523,221.59279127435784,5227.263329630333,5005.670538355975,714.3625767268604,41.89723239725265,,
0-400,E_COMMERCE_TRANSACTION,841.2085095237841,0.5,300,CloudNode,1678,1.0,12000.0,752.3413548382447,5231.042361269477,4478.701006431232,4261.610360303327,35.050354563491005,,
0-401,HEALTH_MONITORING,603.3257842061018,1.0,100,CloudNode,1683,1.0,12000.0,754.8623295171664,5233.142697962676,4478.280368445509,4280.123389392038,25.138574341920908,,
9-359,HEALTH_MONITORING,217.2062168331662,1.0,100,CloudNode,1670,1.0,12000.0,749.8614021797696,5233.26891630249,4483.40751412272,4310.3261771514235,9.050259034715259,,
1-389,E_COMMERCE_TRANSACTION,693.8949296291488,0.5,300,CloudNode,1725,1.0,12000.0,778.2854445153752,5233.358539770991,4455.073095255616,4274.382161778394,28.912288734547868,,
0-428,SMART_HOME_CONTROL,149.22445551198575,0.1,150,CloudNode,1781,1.0,12000.0,798.6138813660131,5235.780439484811,4437.166558118798,4318.1607068718995,6.21768564633274,,
6-418,SENSOR_DATA_LOGGING,607.8932267174862,0.1,10000,CloudNode,1797,1.0,12000.0,802.2140168962352,5238.7016294226305,4436.487612526395,4284.960971321314,25.328884446561926,,
8-378,HEALTH_MONITORING,558.7511940386094,1.0,100,CloudNode,1617,1.0,12000.0,733.6351993323842,5240.462553845724,4506.82735451334,4290.357225029578,23.28129975160872,,
5-372,HEALTH_MONITORING,166.26959374371802,1.0,100,CloudNode,1653,1.0,12000.0,742.7022989038462,5240.552553593112,4497.850254689266,4320.612866222493,6.927899739321584,,
7-314,VOICE_ASSISTANT,971.8978071211732,2.0,150,CloudNode,1418,1.0,12000.0,659.2409831324644,5241.097312062162,4581.856328929698,4261.066245762654,40.495741963382216,,
5-408,SENSOR_DATA_LOGGING,520.1547795973225,0.1,10000,CloudNode,1800,1.0,12000.0,803.2355114578592,5242.406575939103,4439.171064481244,4295.14257322927,21.673115816555104,,
5-421,GPS_TRACKING,274.82556257662645,0.2,200,CloudNode,1858,1.0,12000.0,827.8155618085622,5242.615803385189,4414.800241576627,4314.821514586763,11.451065107359435,,
3-389,HEALTH_MONITORING,867.439828000673,1.0,100,CloudNode,1684,1.0,12000.0,755.7811632274619,5243.226271271651,4487.4451080441895,4270.544385439682,36.143326166694706,,
7-405,SENSOR_DATA_LOGGING,782.9870762288097,0.1,10000,CloudNode,1869,1.0,12000.0,830.4327268546191,5251.281237093665,4420.848510239046,4283.284240956539,32.62446150953374,,
5-422,SENSOR_DATA_LOGGING,570.4042835389444,0.1,10000,CloudNode,1868,1.0,12000.0,829.8936281516604,5251.957599732921,4422.06397158126,4300.43570658985,23.766845147456014,,
8-403,E_COMMERCE_TRANSACTION,880.7898104131027,0.5,300,CloudNode,1724,1.0,12000.0,779.5433863147654,5252.991277962875,4473.447891648109,4277.698449405415,36.699575433879275,,
4-377,SENSOR_DATA_LOGGING,359.3297016004624,0.1,10000,CloudNode,1806,1.0,12000.0,806.8199635972813,5254.601968872246,4447.782005274965,4319.031178236246,14.972070900019267,,
8-375,HEALTH_MONITORING,959.8635969661868,1.0,100,CloudNode,1609,1.0,12000.0,730.5144517330891,5256.290812985588,4525.776361252499,4274.998770420359,39.994316540257785,,
5-427,SENSOR_DATA_LOGGING,205.11369755059175,0.1,10000,CloudNode,1879,1.0,12000.0,836.5257980886694,5259.708611514405,4423.182813425736,4333.1865009143885,8.546404064607989,,
7-392,SENSOR_DATA_LOGGING,74.9920643992054,0.1,10000,CloudNode,1796,1.0,12000.0,801.849942762384,5260.85130757218,4459.0013648097965,4344.1618186642045,3.124669349966892,,
8-418,GPS_TRACKING,492.58336800090046,0.2,200,CloudNode,1847,1.0,12000.0,822.9115175747963,5264.0989846188295,4441.187467044033,4318.0279054440925,20.52430700003752,,
1-411,GPS_TRACKING,405.36947128268355,0.2,200,CloudNode,1850,1.0,12000.0,824.7356736707884,5264.823150543034,4440.087476872246,4324.935159113699,16.89039463677848,,
2-434,GPS_TRACKING,839.9717161738271,0.2,200,CloudNode,1765,1.0,12000.0,794.0327043962062,5267.665050983533,4473.6323465873265,4293.935072287896,34.998821507242795,,
2-447,SMART_HOME_CONTROL,427.08419631861517,0.1,150,CloudNode,1828,1.0,12000.0,815.9741192930913,5268.733047655894,4452.758928362802,4326.793684086052,17.795174846608965,,
5-417,SMART_HOME_CONTROL,755.9822873313766,0.1,150,CloudNode,1833,1.0,12000.0,818.0969890643693,5269.573076166387,4451.476087102018,4302.379645593095,31.499261972140694,,
0-189,VIDEO_SURVEILLANCE,174.22483641601883,60.0,800,FogNode_3,20,1.0,1899.4436001125757,367.7959202476077,5270.330764534009,4902.5348442864015,0.0,8.271827208368764,,
1-407,SENSOR_DATA_LOGGING,420.93928071105,0.1,10000,CloudNode,1806,1.0,12000.0,807.5455523383425,5270.858712877398,4463.313160539055,4327.972623397714,17.53913669629375,,
0-430,SMART_HOME_CONTROL,677.239919781171,0.1,150,CloudNode,1782,1.0,12000.0,799.2644175757338,5274.8023994536825,4475.537981877948,4313.492658845887,28.218329990882125,,
3-406,SMART_HOME_CONTROL,309.0265106621415,0.1,150,CloudNode,1795,1.0,12000.0,801.7630119278946,5277.03344631551,4475.270434387616,4341.58908832696,12.876104610922562,,
3-372,HEALTH_MONITORING,97.1480702104762,1.0,100,CloudNode,1582,1.0,12000.0,718.2493618879628,5277.668748683926,4559.419386795964,4357.794532628521,4.047836258769842,,
7-401,SMART_HOME_CONTROL,457.81847046896723,0.1,150,CloudNode,1843,1.0,12000.0,822.1333929270619,5278.704092798859,4456.570699871797,4331.974634160077,19.075769602873635,,
7-407,SMART_HOME_CONTROL,487.73371332637635,0.1,150,CloudNode,1878,1.0,12000.0,835.6653767084463,5279.346105533162,4443.6807288247155,4330.560100583114,20.32223805526568,,
6-395,E_COMMERCE_TRANSACTION,554.8683133951587,0.5,300,CloudNode,1698,1.0,12000.0,762.2721688114607,5279.597565887255,4517.325397075794,4326.1519180266005,23.119513058131613,,
3-404,SENSOR_DATA_LOGGING,997.5070815873704,0.1,10000,CloudNode,1767,1.0,12000.0,795.1142944517763,5279.6111343691055,4484.496839917329,4292.794514095743,41.56279506614043,,
6-390,HEALTH_MONITORING,908.6126179923089,1.0,100,CloudNode,1683,1.0,12000.0,756.1312612537573,5284.221013293764,4528.089752040007,4303.743796144537,37.85885908301287,,
5-332,VOICE_ASSISTANT,550.3151991674142,2.0,150,CloudNode,1387,1.0,12000.0,645.8589128978106,5288.266175869721,4642.40726297191,4333.309256286081,22.929799965308927,,
3-409,SENSOR_DATA_LOGGING,442.69367349681886,0.1,10000,CloudNode,1806,1.0,12000.0,806.4352677733285,5289.882417420943,4483.447149647614,4342.838364990862,18.44556972903412,,
7-317,VOICE_ASSISTANT,774.929716958585,2.0,150,CloudNode,1437,1.0,12000.0,667.8885596680162,5290.408755942132,4622.520196274116,4320.124794892441,32.28873820660771,,
0-194,VIDEO_SURVEILLANCE,200.44910149392072,60.0,800,FogNode_3,22,1.0,1899.4436001125757,375.7390145171163,5292.531327521374,4916.792313004257,0.0,9.516899919316185,,
2-452,SENSOR_DATA_LOGGING,457.2192699682425,0.1,10000,CloudNode,1867,1.0,12000.0,829.4947705110494,5294.392418816275,4464.897648305225,4345.766235361984,19.05080291534344,,
1-405,SENSOR_DATA_LOGGING,404.3485681576617,0.1,10000,CloudNode,1802,1.0,12000.0,804.983818362728,5297.794698631968,4492.8108802692395,4352.953805504412,16.84785700656924,,
7-400,GPS_TRACKING,367.8793648753533,0.2,200,CloudNode,1840,1.0,12000.0,820.3324047656569,5298.321664723146,4477.989259957489,4356.377625771744,15.328306869806388,,
5-102,VIDEO_SURVEILLANCE,496.10393760310916,60.0,800,FogNode_7,0,0.875,1727.0272900361456,208.556882898334,5301.480484181041,5092.923601282707,0.0,34.00250750701478,,
3-381,HEALTH_MONITORING,289.86229482877025,1.0,100,CloudNode,1652,1.0,12000.0,742.4535138169061,5301.823939919657,4559.3704261027515,4364.90774912855,12.077595617865427,,
7-388,E_COMMERCE_TRANSACTION,271.634096043727,0.5,300,CloudNode,1782,1.0,12000.0,799.295030100745,5302.247309039416,4502.952278938671,4364.219160939873,11.318087335155294,,
5-114,CLOUD_GAMING,568.5188342378474,50.0,150,FogNode_4,0,0.5,1758.3565909566523,228.6104987483611,5302.4091552971995,5073.798656548838,742.4016427920642,47.35966538273792,,
0-404,E_COMMERCE_TRANSACTION,325.3387878499846,0.5,300,CloudNode,1698,1.0,12000.0,761.9834696698164,5304.145011969676,4542.161542299859,4364.437525573344,13.555782827082693,,
7-351,HEALTH_MONITORING,764.4170198469149,1.0,100,CloudNode,1604,1.0,12000.0,727.190621239313,5304.7987303827385,4577.608109143425,4332.253801885623,31.850709160288122,,
1-190,VIDEO_SURVEILLANCE,237.44393876927654,60.0,800,FogNode_3,21,1.0,1899.4436001125757,365.24655997224085,5305.071512141358,4939.824952169117,0.0,11.273336646929192,,
8-419,GPS_TRACKING,475.8879595909897,0.2,200,CloudNode,1849,1.0,12000.0,823.6521802272773,5308.390377621809,4484.738197394532,4357.39733490464,19.828664982957903,,
6-428,SENSOR_DATA_LOGGING,145.37979047869754,0.1,10000,CloudNode,1870,1.0,12000.0,831.0267466784214,5313.938922459549,4482.912175781127,4383.169295709158,6.05749126994573,,
4-382,SMART_HOME_CONTROL,439.9349603196356,0.1,150,CloudNode,1849,1.0,12000.0,823.7831341189129,5316.258812580558,4492.475678461645,4365.454128808491,18.330623346651482,,
1-381,HEALTH_MONITORING,998.877688612858,1.0,100,CloudNode,1702,1.0,12000.0,764.8455153173325,5316.508723686895,4551.663208369562,4326.160476073145,41.61990369220242,,
5-368,HEALTH_MONITORING,778.777482833299,1.0,100,CloudNode,1617,1.0,12000.0,733.8300573055662,5316.855723302363,4583.025665996796,4341.969534706034,32.44906178472079,,
0-408,E_COMMERCE_TRANSACTION,937.0143186358202,0.5,300,CloudNode,1705,1.0,12000.0,766.3541708980447,5318.547080398709,4552.192909500664,4332.296985564008,39.04226327649251,,
6-383,HEALTH_MONITORING,698.5381323935952,1.0,100,CloudNode,1654,1.0,12000.0,743.225928747259,5319.06281860498,4575.836889857721,4349.780064550016,29.105755516399803,,
3-184,VIDEO_SURVEILLANCE,259.55030877200653,60.0,800,FogNode_3,22,1.0,1899.4436001125757,374.7637804756164,5321.753237420509,4946.989456944893,0.0,12.322900398162746,,
5-395,GPS_TRACKING,514.105668178412,0.2,200,CloudNode,1746,1.0,12000.0,786.6480121536802,5322.18824454803,4535.540232394349,4365.752532486403,21.42106950743383,,
6-431,GPS_TRACKING,950.8341267156388,0.2,200,CloudNode,1878,1.0,12000.0,835.9656352237024,5322.462448497954,4486.4968132742515,4333.619520331977,39.61808861315161,,
0-399,HEALTH_MONITORING,591.7301948721623,1.0,100,CloudNode,1676,1.0,12000.0,751.1649583491453,5324.113249026363,4572.948290677217,4362.828522839397,24.655424786340095,,
5-334,VOICE_ASSISTANT,721.3309379569586,2.0,150,CloudNode,1391,1.0,12000.0,649.7379715166512,5324.934062039447,4675.196090522795,4353.5801005558205,30.055455748206604,,
5-406,E_COMMERCE_TRANSACTION,242.92179962903333,0.5,300,CloudNode,1781,1.0,12000.0,799.1400214214704,5325.042213685158,4525.9021922636875,4385.528798586703,10.121741651209721,,
6-415,E_COMMERCE_TRANSACTION,903.5071072629117,0.5,300,CloudNode,1765,1.0,12000.0,794.1431211160974,5335.000870452981,4540.857749336884,4349.155485741372,37.64612946928799,,
2-435,SENSOR_DATA_LOGGING,470.4781171997256,0.1,10000,CloudNode,1802,1.0,12000.0,803.5013995556752,5337.528174489789,4534.026774934114,4379.916994349139,19.6032548833219,,
5-385,HEALTH_MONITORING,706.8507080925687,1.0,100,CloudNode,1714,1.0,12000.0,770.6926168181561,5337.60831847324,4566.9157016550835,4365.4992668811665,29.452112837190363,,
4-389,SENSOR_DATA_LOGGING,296.9524834871729,0.1,10000,CloudNode,1876,1.0,12000.0,832.9430269469646,5338.684962750147,4505.741935803182,4393.382549434116,12.373020145298872,,
7-358,HEALTH_MONITORING,209.7267438621875,1.0,100,CloudNode,1631,1.0,12000.0,737.4355635432208,5339.665473203212,4602.229909659991,4400.885883340922,8.738614327591145,,
4-359,HEALTH_MONITORING,614.3362533991136,1.0,100,CloudNode,1689,1.0,12000.0,758.1036338762702,5345.587106599534,4587.483472723264,4377.0411029438865,25.597343891629734,,
5-420,SMART_HOME_CONTROL,684.7069730239443,0.1,150,CloudNode,1853,1.0,12000.0,826.3641916126699,5347.467670360795,4521.103478748125,4373.339094511468,28.529457209331014,,
7-408,SENSOR_DATA_LOGGING,333.5199529917421,0.1,10000,CloudNode,1885,1.0,12000.0,838.3196056319761,5350.255777913932,4511.936172281957,4400.65755850896,13.896664707989256,,
6-420,SENSOR_DATA_LOGGING,956.295100578638,0.1,10000,CloudNode,1806,1.0,12000.0,807.912431873226,5350.549971258951,4542.637539385725,4359.05483390834,39.845629190776584,,
2-460,SMART_HOME_CONTROL,382.6971521708261,0.1,150,CloudNode,1899,1.0,12000.0,842.648495728893,5350.954247952549,4508.305752223656,4397.786428397152,15.94571467378442,,
2-458,SMART_HOME_CONTROL,807.0777246445823,0.1,150,CloudNode,1882,1.0,12000.0,837.8606924641653,5351.47749034748,4513.616797883315,4368.754549849923,33.628238526857594,,
3-425,GPS_TRACKING,651.7174180078694,0.2,200,CloudNode,1901,1.0,12000.0,842.8051148873238,5352.104483465957,4509.299368578633,4380.154495439475,27.154892416994556,,
5-184,VIDEO_SURVEILLANCE,326.6549661246814,60.0,800,FogNode_3,20,1.0,1899.4436001125757,369.8336442119288,5352.49271218494,4982.659067973011,0.0,15.50888778042487,,
1-371,HEALTH_MONITORING,144.92545744586172,1.0,100,CloudNode,1640,1.0,12000.0,738.8216266475528,5357.664228053356,4618.842601405803,4421.214571619646,6.038560726910905,,
8-409,E_COMMERCE_TRANSACTION,856.4094783967837,0.5,300,CloudNode,1799,1.0,12000.0,802.7858327185099,5359.633632402787,4556.847799684278,4371.869607772059,35.683728266532654,,
2-441,E_COMMERCE_TRANSACTION,691.1617739405318,0.5,300,CloudNode,1811,1.0,12000.0,809.7818679541384,5361.741826464719,4551.959958510581,4385.339652845464,28.79840724752216,,
1-422,SENSOR_DATA_LOGGING,151.39181267010932,0.1,10000,CloudNode,1918,1.0,12000.0,846.787048334154,5362.871762303108,4516.084713968954,4425.2286669173345,6.3079921945878885,,
9-414,SENSOR_DATA_LOGGING,879.7207073486779,0.1,10000,CloudNode,1931,1.0,12000.0,850.2785675989303,5363.192476366667,4512.913908767736,4373.1768982390595,36.655029472861585,,
3-386,HEALTH_MONITORING,664.1907920559557,1.0,100,CloudNode,1667,1.0,12000.0,748.6369698288454,5363.739610293139,4615.1026404642935,4388.501564056454,27.674616335664822,,
4-380,GPS_TRACKING,743.8522878701903,0.2,200,CloudNode,1822,1.0,12000.0,814.1957814497,5364.234999695265,4550.039218245565,4383.451849968366,30.993845327924593,,
1-417,SENSOR_DATA_LOGGING,149.23499393675843,0.1,10000,CloudNode,1889,1.0,12000.0,839.9939362044306,5364.540732960687,4524.546796756256,4426.021174834808,6.218124747364935,,
9-409,SENSOR_DATA_LOGGING,492.0680326515033,0.1,10000,CloudNode,1895,1.0,12000.0,841.1466983367734,5366.0478830727825,4524.901184736009,4402.18289187288,20.502834693812638,,
1-414,GPS_TRACKING,610.5910274603368,0.2,200,CloudNode,1878,1.0,12000.0,835.9430663092204,5367.391309308589,4531.448242999369,4395.660802848107,25.441292810847365,,
4-376,SMART_HOME_CONTROL,415.05866303247797,0.1,150,CloudNode,1802,1.0,12000.0,804.2607625916334,5369.589092372355,4565.328329780721,4412.1267714375845,17.29411095968658,,
0-183,VIDEO_SURVEILLANCE,384.39839377936477,60.0,800,FogNode_3,21,1.0,1899.4436001125757,359.9150336731636,5372.115393794155,5012.200360120992,0.0,18.25042375086454,,
4-375,SENSOR_DATA_LOGGING,685.3321722847767,0.1,10000,CloudNode,1802,1.0,12000.0,804.0669996770907,5375.658094755774,4571.591095078684,4397.299068972546,28.55550717853236,,
5-415,SENSOR_DATA_LOGGING,461.47014792541563,0.1,10000,CloudNode,1822,1.0,12000.0,813.9595295332136,5377.140808410598,4563.181278877384,4415.325092397816,19.22792283022565,,
7-394,GPS_TRACKING,171.27410227023978,0.2,200,CloudNode,1802,1.0,12000.0,805.3908518079468,5377.46531822252,4572.074466414573,4435.704928068174,7.1364209279266575,,
5-411,SMART_HOME_CONTROL,238.28894559235553,0.1,150,CloudNode,1808,1.0,12000.0,809.4052709841231,5379.4910445354835,4570.08577355136,4433.030838176712,9.928706066348147,,
8-435,SENSOR_DATA_LOGGING,202.6723716892844,0.1,10000,CloudNode,1948,1.0,12000.0,856.3865111799166,5381.124364002706,4524.737852822789,4436.124430217244,8.444682153720183,,
9-334,VOICE_ASSISTANT,785.2051261643076,2.0,150,CloudNode,1533,1.0,12000.0,697.0714677529857,5381.69257309425,4684.621105341264,4395.57508674273,32.716880256846146,,
6-435,SENSOR_DATA_LOGGING,431.4426722820895,0.1,10000,CloudNode,1906,1.0,12000.0,843.4086292661731,5383.421226384302,4540.012597118129,4422.833247947212,17.97677801175373,,
8-270,VIDEO_SURVEILLANCE,59.90622574921278,60.0,800,FogNode_1,8,1.0,1597.9384595498836,537.4206107754986,5383.532785257086,4846.112174481587,0.0,4.948708786314825,,
3-422,SENSOR_DATA_LOGGING,717.5842837249926,0.1,10000,CloudNode,1878,1.0,12000.0,835.4384649238643,5383.911939336778,4548.473474412914,4402.203838116428,29.899345155208024,,
0-409,HEALTH_MONITORING,435.9568047114526,1.0,100,CloudNode,1713,1.0,12000.0,769.3653245159865,5387.283981678504,4617.918657162517,4425.0928496745855,18.164866862977192,,
0-429,GPS_TRACKING,638.1195132788655,0.2,200,CloudNode,1781,1.0,12000.0,798.7834471214444,5390.784944579812,4592.001497458367,4414.398455161932,26.58831305328606,,
3-407,E_COMMERCE_TRANSACTION,791.1294429629081,0.5,300,CloudNode,1802,1.0,12000.0,804.1970510836447,5390.861515619689,4586.664464536045,4402.163787576455,32.96372679012117,,
0-421,E_COMMERCE_TRANSACTION,309.6091475809144,0.5,300,CloudNode,1745,1.0,12000.0,785.9095580137093,5391.848645371192,4605.939087357483,4436.527783896182,12.900381149204767,,
1-115,VIDEO_SURVEILLANCE,632.1051889308499,60.0,800,FogNode_7,0,1.0,1727.0272900361456,214.18986685480488,5392.748633736623,5178.558766881818,0.0,43.32390816264612,,
9-395,SENSOR_DATA_LOGGING,511.1941426815161,0.1,10000,CloudNode,1807,1.0,12000.0,809.2817330703217,5393.149483149077,4583.867750078755,4425.036940471687,21.29975594506317,,
1-409,SENSOR_DATA_LOGGING,978.3984481389366,0.1,10000,CloudNode,1830,1.0,12000.0,817.3621257947251,5398.388927313941,4581.026801519216,4395.622269039586,40.766602005789025,,
4-381,SENSOR_DATA_LOGGING,762.2353131915557,0.1,10000,CloudNode,1839,1.0,12000.0,820.0814323254596,5401.047783922419,4580.966351596959,4414.437081969063,31.75980471631482,,
7-397,SENSOR_DATA_LOGGING,437.69050894241093,0.1,10000,CloudNode,1830,1.0,12000.0,816.3027018732678,5406.0633014508885,4589.760599577621,4439.876155952283,18.237104539267122,,
1-406,GPS_TRACKING,823.2114777665947,0.2,200,CloudNode,1806,1.0,12000.0,806.3215453215576,5408.266429683762,4601.944884362205,4415.575980326846,34.300478240274785,,
4-384,SMART_HOME_CONTROL,401.13479879816214,0.1,150,CloudNode,1855,1.0,12000.0,827.2354828797897,5409.085994655621,4581.850511775831,4445.876302592753,16.713949949923425,,
3-395,HEALTH_MONITORING,592.9824110493722,1.0,100,CloudNode,1721,1.0,12000.0,774.9952544824539,5411.1570273855,4636.161772903047,4434.767571584187,24.70760046039051,,
7-411,GPS_TRACKING,601.5160885540935,0.2,200,CloudNode,1909,1.0,12000.0,843.7718424129799,5412.998103015949,4569.226260602969,4435.464178425233,25.063170356420564,,
9-408,GPS_TRACKING,578.4281151690678,0.2,200,CloudNode,1892,1.0,12000.0,840.3746762852817,5415.593652239345,4575.218975954063,4437.8272443798805,24.101171465377828,,
5-433,GPS_TRACKING,355.3269521879412,0.2,200,CloudNode,1925,1.0,12000.0,849.3363416534753,5416.894561027499,4567.558219374023,4455.932067297727,14.80528967449755,,
9-357,HEALTH_MONITORING,792.3832452609713,1.0,100,CloudNode,1667,1.0,12000.0,749.0605360298588,5417.509427452561,4668.448891422702,4425.57232689314,33.01596855254047,,
1-387,HEALTH_MONITORING,482.9884214425286,1.0,100,CloudNode,1724,1.0,12000.0,777.1259570957211,5419.740079655694,4642.614122559973,4449.273950696903,20.12451756010536,,
6-425,SENSOR_DATA_LOGGING,128.54633405293833,0.1,10000,CloudNode,1851,1.0,12000.0,825.4701100144613,5421.869221889912,4596.399111875451,4476.429995143177,5.356097252205764,,
1-374,HEALTH_MONITORING,362.6234795910228,1.0,100,CloudNode,1667,1.0,12000.0,749.2405715075594,5423.368106448329,4674.12753494077,4460.24546052955,15.10931164962595,,
2-423,HEALTH_MONITORING,391.5729546515379,1.0,100,CloudNode,1725,1.0,12000.0,777.5590576324984,5423.492595173984,4645.933537541486,4459.026704259493,16.315539777147414,,
5-413,SMART_HOME_CONTROL,790.2999914381992,0.1,150,CloudNode,1816,1.0,12000.0,811.8132172014174,5423.522560673206,4611.709343471788,4431.142188658307,32.929166309924966,,
2-463,SENSOR_DATA_LOGGING,524.1812967335599,0.1,10000,CloudNode,1931,1.0,12000.0,850.4307489128934,5427.103001112098,4576.672252199205,4452.400398566733,21.84088736389833,,
8-420,SMART_HOME_CONTROL,824.0698855647249,0.1,150,CloudNode,1869,1.0,12000.0,830.2613954870006,5433.213223424414,4602.951827937413,4436.038093710189,34.336245231863536,,
7-398,GPS_TRACKING,701.2427448296348,0.2,200,CloudNode,1830,1.0,12000.0,817.0350420089978,5435.90221362499,4618.8671716159915,4447.564273250389,29.218447701234783,,
0-459,SMART_HOME_CONTROL,547.9912444495287,0.1,150,CloudNode,1900,1.0,12000.0,842.7860773251474,5436.450881617273,4593.664804292125,4459.159595359459,22.832968518730365,,
2-459,GPS_TRACKING,229.92265713174808,0.2,200,CloudNode,1888,1.0,12000.0,838.8439925399929,5441.029443317558,4602.185450777565,4486.264380793954,9.580110713822837,,
7-424,SENSOR_DATA_LOGGING,495.984822572017,0.1,10000,CloudNode,1971,1.0,12000.0,862.3455282107723,5442.379852470087,4580.034324259314,4467.585607589446,20.666034273834043,,
5-264,VIDEO_SURVEILLANCE,144.64247673816294,60.0,800,FogNode_1,8,1.0,1597.9384595498836,540.3907871483067,5443.229446427205,4902.838659278898,0.0,11.948566055638896,,
7-403,SMART_HOME_CONTROL,954.4691865981646,0.1,150,CloudNode,1855,1.0,12000.0,826.9766954869923,5443.278709176319,4616.302013689327,4436.107724588812,39.769549441590186,,
4-362,HEALTH_MONITORING,147.47160938770475,1.0,100,CloudNode,1698,1.0,12000.0,762.065890788755,5448.191514407298,4686.125623618544,4498.667808152221,6.144650391154364,,
0-454,SENSOR_DATA_LOGGING,480.89368830901276,0.1,10000,CloudNode,1878,1.0,12000.0,835.2844175016345,5448.340903709513,4613.056486207879,4474.035113385886,20.03723701287553,,
8-428,SENSOR_DATA_LOGGING,150.75657890374947,0.1,10000,CloudNode,1902,1.0,12000.0,842.8701345032105,5453.592491559537,4610.7223570563265,4503.527504275587,6.281524120989562,,
6-423,E_COMMERCE_TRANSACTION,864.6662045069326,0.5,300,CloudNode,1817,1.0,12000.0,811.9287127461994,5455.967456379022,4644.038743632823,4452.770351358976,36.02775852112219,,
6-441,SENSOR_DATA_LOGGING,285.4977937842459,0.1,10000,CloudNode,1948,1.0,12000.0,856.1111433596947,5457.004706239767,4600.893562880073,4496.472174379085,11.895741407676912,,
4-385,SENSOR_DATA_LOGGING,928.481875522574,0.1,10000,CloudNode,1866,1.0,12000.0,829.0460823696418,5459.066062721132,4630.01998035149,4450.838743729917,38.68674481344058,,
3-414,SENSOR_DATA_LOGGING,997.3685057112843,0.1,10000,CloudNode,1849,1.0,12000.0,823.3117034229057,5460.254850553205,4636.9431471303,4447.3168394287195,41.55702107130351,,
2-461,SENSOR_DATA_LOGGING,217.17686565910847,0.1,10000,CloudNode,1909,1.0,12000.0,844.3618182300255,5460.477924608346,4616.116106378321,4504.8352351791245,9.049036069129519,,
9-399,SMART_HOME_CONTROL,523.2271287403871,0.1,150,CloudNode,1822,1.0,12000.0,814.2328490507904,5460.496821755864,4646.263972705074,4481.659793346293,21.801130364182796,,
1-424,SENSOR_DATA_LOGGING,746.8099807378836,0.1,10000,CloudNode,1924,1.0,12000.0,848.8466437753148,5460.623092375431,4611.776448600116,4465.317866493753,31.11708253074515,,
5-423,GPS_TRACKING,966.0631777822169,0.2,200,CloudNode,1870,1.0,12000.0,830.6443017533588,5461.629628817891,4630.985327064533,4450.459659902125,40.25263240759237,,
0-456,SENSOR_DATA_LOGGING,538.6787392689898,0.1,10000,CloudNode,1879,1.0,12000.0,836.4110415679978,5462.399322391643,4625.988280823645,4482.040932831117,22.444947469541244,,
8-402,HEALTH_MONITORING,499.1159333488759,1.0,100,CloudNode,1725,1.0,12000.0,778.4776438780241,5465.085589619724,4686.6079457417,4487.7614904843595,20.79649722286983,,
8-391,HEALTH_MONITORING,901.6957721406807,1.0,100,CloudNode,1699,1.0,12000.0,763.5825361624914,5466.989959716248,4703.407423553757,4459.7672632814065,37.57065717252836,,
7-383,HEALTH_MONITORING,575.4897801855648,1.0,100,CloudNode,1760,1.0,12000.0,791.3369769696247,5471.480042355336,4680.143065385711,4487.778714943332,23.9787408410652,,
3-424,GPS_TRACKING,229.34047026638336,0.2,200,CloudNode,1897,1.0,12000.0,841.6239951535903,5478.177768576664,4636.553773423074,4519.429961936255,9.555852927765974,,
3-426,SMART_HOME_CONTROL,767.2722922157371,0.1,150,CloudNode,1917,1.0,12000.0,846.4518913089074,5479.53300992399,4633.081118615082,4480.619421712588,31.96967884232238,,
1-350,VOICE_ASSISTANT,638.522189273154,2.0,150,CloudNode,1516,1.0,12000.0,692.0027871196577,5480.313183551528,4788.31039643187,4490.879530431488,26.60509121971475,,
6-427,GPS_TRACKING,816.7875518646766,0.2,200,CloudNode,1868,1.0,12000.0,830.1102699622876,5481.063732338005,4650.953462375717,4478.076481595807,34.03281466102819,,
4-379,GPS_TRACKING,301.93652447803305,0.2,200,CloudNode,1822,1.0,12000.0,813.3188454712725,5481.128833418858,4667.809987947586,4516.894424323503,12.580688519918043,,
1-384,HEALTH_MONITORING,737.6861823034122,1.0,100,CloudNode,1708,1.0,12000.0,767.3020777601541,5481.213928180979,4713.9118504208245,4484.25992630938,30.736924262642177,,
5-344,VOICE_ASSISTANT,871.8103772738676,2.0,150,CloudNode,1482,1.0,12000.0,680.8984519342735,5481.7368594284435,4800.83840749417,4474.51668160882,36.32543238641115,,
0-434,E_COMMERCE_TRANSACTION,710.9775496976754,0.5,300,CloudNode,1804,1.0,12000.0,805.8139411672588,5482.616235589802,4676.802294422543,4487.714148875095,29.624064570736476,,
5-112,VIDEO_SURVEILLANCE,452.3963855219233,60.0,800,FogNode_4,0,0.25,1758.3565909566523,224.27330817523958,5484.546970416638,5260.273662241399,188.45872491831506,37.68624740005503,,
9-401,SMART_HOME_CONTROL,580.9257786984699,0.1,150,CloudNode,1848,1.0,12000.0,824.0488647969231,5484.861363175479,4660.812498378556,4499.020980447187,24.205240779102912,,
2-380,VOICE_ASSISTANT,275.88409210208715,2.0,150,CloudNode,1540,1.0,12000.0,700.521442351588,5485.38966340015,4784.868221048562,4522.143321472948,11.49517050425363,,
7-325,VOICE_ASSISTANT,991.4735579063674,2.0,150,CloudNode,1484,1.0,12000.0,681.7931544283575,5488.686097943086,4806.892943514728,4471.996254535616,41.31139824609864,,
7-389,E_COMMERCE_TRANSACTION,302.94024696862573,0.5,300,CloudNode,1788,1.0,12000.0,800.1738578400365,5490.330610200443,4690.156752360406,4524.775200092445,12.622510290359404,,
7-422,SMART_HOME_CONTROL,112.28952052925311,0.1,150,CloudNode,1966,1.0,12000.0,861.1749662390137,5490.421192382109,4629.246226143096,4539.541597608204,4.678730022052213,,
2-438,HEALTH_MONITORING,111.82647568680885,1.0,100,CloudNode,1802,1.0,12000.0,805.3210325870757,5494.708536374051,4689.387503786975,4542.896696598738,4.659436486950368,,
0-463,GPS_TRACKING,661.2701572294843,0.2,200,CloudNode,1936,1.0,12000.0,852.1899168086733,5498.38455561211,4646.194638803437,4505.07349079781,27.55292321789518,,
0-419,HEALTH_MONITORING,470.11187488740876,1.0,100,CloudNode,1739,1.0,12000.0,783.612223605933,5499.799081949382,4716.186858343449,4520.492298928467,19.587994786975365,,
0-457,SMART_HOME_CONTROL,537.1743814163643,0.1,150,CloudNode,1879,1.0,12000.0,836.496674982487,5506.394160602588,4669.897485620101,4521.447815902989,22.382265892348514,,
7-423,SENSOR_DATA_LOGGING,712.2609709501126,0.1,10000,CloudNode,1966,1.0,12000.0,861.4215471117699,5507.546595319807,4646.125048208038,4509.488474086119,29.67754045625469,,
7-329,VOICE_ASSISTANT,394.9154530505938,2.0,150,CloudNode,1512,1.0,12000.0,690.3872599862609,5514.038454506408,4823.651194520147,4539.488699591367,16.45481054377474,,
3-100,VIDEO_SURVEILLANCE,860.0028480182629,60.0,800,FogNode_4,0,0.25,1758.3565909566523,219.89832833498696,5514.393635824916,5294.495307489929,0.0,71.64133298230686,,
2-456,GPS_TRACKING,710.6325844050456,0.2,200,CloudNode,1878,1.0,12000.0,835.4753564599384,5516.2240882735205,4680.748731813582,4517.51276478477,29.6096910168769,,
6-346,VIDEO_SURVEILLANCE,90.21208901982433,60.0,800,FogNode_3,59,1.0,1899.4436001125757,666.7168347999792,5521.394844908531,4854.6780101085515,0.0,4.283079426724937,,
7-379,HEALTH_MONITORING,742.0965912427524,1.0,100,CloudNode,1741,1.0,12000.0,784.3592542617089,5522.319307211909,4737.9600529502,4520.744348548214,30.92069130178135,,
5-351,VOICE_ASSISTANT,110.22361111207303,2.0,150,CloudNode,1536,1.0,12000.0,698.4499266765699,5525.409389199526,4826.9594625229565,4571.063368008081,4.592650463003043,,
8-396,HEALTH_MONITORING,949.8708260146481,1.0,100,CloudNode,1716,1.0,12000.0,771.1775867822952,5527.496805877401,4756.319219095106,4509.502719515685,39.577951083943674,,
0-405,HEALTH_MONITORING,810.8815801874654,1.0,100,CloudNode,1701,1.0,12000.0,765.2853827111511,5528.070286771486,4762.784904060335,4520.73179888608,33.78673250781106,,
8-439,SENSOR_DATA_LOGGING,896.4429557474539,0.1,10000,CloudNode,1958,1.0,12000.0,858.8250875043456,5528.296071205158,4669.470983700812,4514.658408566829,37.35178982281058,,
0-470,SENSOR_DATA_LOGGING,528.4695979151871,0.1,10000,CloudNode,2006,1.0,12000.0,870.7610340105427,5532.725231102685,4661.964197092142,4545.95325754709,22.019566579799463,,
5-414,E_COMMERCE_TRANSACTION,873.664271569778,0.5,300,CloudNode,1822,1.0,12000.0,813.1009048744694,5533.060206517353,4719.959301642884,4520.603020770757,36.40267798207408,,
2-388,VOICE_ASSISTANT,71.32208949576987,2.0,150,CloudNode,1576,1.0,12000.0,713.0579520700986,5534.239578663139,4821.18162659304,4580.319571162519,2.9717537289904117,,
2-442,E_COMMERCE_TRANSACTION,541.7983394214131,0.5,300,CloudNode,1812,1.0,12000.0,810.3597082659983,5535.57105400056,4725.211345734562,4547.539257291211,22.574930809225545,,
4-343,VOICE_ASSISTANT,676.8371274057303,2.0,150,CloudNode,1587,1.0,12000.0,720.5599333800999,5536.716277502005,4816.156344121905,4538.8411852960635,28.201546975238763,,
0-461,SENSOR_DATA_LOGGING,463.76982322374187,0.1,10000,CloudNode,1907,1.0,12000.0,843.6067033205427,5537.032040880755,4693.425337560212,4555.174140848066,19.323742634322578,,
0-465,GPS_TRACKING,843.0899771228987,0.2,200,CloudNode,1954,1.0,12000.0,857.9611449714271,5537.247457809824,4679.286312838396,4526.484901314205,35.12874904678745,,
0-425,HEALTH_MONITORING,719.5570756638216,1.0,100,CloudNode,1765,1.0,12000.0,793.9169105334088,5538.140858215315,4744.223947681907,4537.224775336638,29.9815448193259,,
1-413,SENSOR_DATA_LOGGING,316.3235717560287,0.1,10000,CloudNode,1853,1.0,12000.0,826.4725470830482,5540.398752152743,4713.926205069695,4569.072795640963,13.180148823167862,,
2-375,VOICE_ASSISTANT,476.81059539334547,2.0,150,CloudNode,1536,1.0,12000.0,698.4048300783033,5546.128376885367,4847.723546807064,4561.682647884796,19.867108141389394,,
4-386,E_COMMERCE_TRANSACTION,633.0711522010041,0.5,300,CloudNode,1867,1.0,12000.0,829.3835381480566,5547.464465724134,4718.080927576078,4551.62489334235,26.377964675041838,,
7-384,E_COMMERCE_TRANSACTION,830.3157308854965,0.5,300,CloudNode,1759,1.0,12000.0,792.3937893750513,5548.725987497782,4756.332198122731,4538.171041677594,34.59648878689569,,
6-444,GPS_TRACKING,334.5887170908257,0.2,200,CloudNode,1980,1.0,12000.0,863.7048333869735,5550.201700302811,4686.496866915838,4576.557467735117,13.94119654545107,,
6-438,SENSOR_DATA_LOGGING,966.8467701173118,0.1,10000,CloudNode,1932,1.0,12000.0,850.854685719267,5552.050606531779,4701.195920812512,4530.861895860552,40.28528208822132,,
7-364,HEALTH_MONITORING,808.0865093475556,1.0,100,CloudNode,1681,1.0,12000.0,753.9415659792664,5552.201905621108,4798.260339641842,4542.559996613989,33.67027122281482,,
0-441,E_COMMERCE_TRANSACTION,888.3486719866679,0.5,300,CloudNode,1833,1.0,12000.0,818.3681455789906,5555.242984179868,4736.874838600877,4539.487502873747,37.014527999444496,,
7-406,E_COMMERCE_TRANSACTION,886.9016956177946,0.5,300,CloudNode,1874,1.0,12000.0,832.2115546014895,5555.64533406326,4723.43377946177,4539.845960017897,36.95423731740811,,
3-434,SMART_HOME_CONTROL,115.54029353701397,0.1,150,CloudNode,1946,1.0,12000.0,855.0427716367635,5557.092823518886,4702.050051882123,4597.844699190752,4.814178897375582,,
0-444,GPS_TRACKING,351.73444853542446,0.2,200,CloudNode,1850,1.0,12000.0,824.6773379243319,5557.381490816105,4732.7041528917725,4581.231661844564,14.655602022309353,,
8-436,GPS_TRACKING,251.54048188176216,0.2,200,CloudNode,1952,1.0,12000.0,857.7582420336834,5557.993747704235,4700.235505670552,4588.1540180305365,10.48085341174009,,
6-437,SENSOR_DATA_LOGGING,609.2116569004792,0.1,10000,CloudNode,1925,1.0,12000.0,849.3837785846359,5558.314233394847,4708.930454810211,4562.6841931720755,25.383819037519963,,
5-439,SMART_HOME_CONTROL,124.6467733820308,0.1,150,CloudNode,1981,1.0,12000.0,863.907324651279,5560.58893141798,4696.681606766701,4600.177001344597,5.193615557584617,,
3-421,SENSOR_DATA_LOGGING,310.3795248739174,0.1,10000,CloudNode,1879,1.0,12000.0,833.6405807558879,5562.581237908165,4728.940657152278,4587.871435064048,12.93248020307989,,
9-398,E_COMMERCE_TRANSACTION,960.8574508856731,0.5,300,CloudNode,1822,1.0,12000.0,813.4045930337786,5562.687689830275,4749.2830967964965,4540.498436658261,40.03572712023637,,
3-299,VIDEO_SURVEILLANCE,232.9058590144251,60.0,800,FogNode_9,3,1.0,1349.236560939329,578.6180086802901,5565.029554042559,4986.411545362269,0.0,23.425586888654532,,
5-424,SMART_HOME_CONTROL,962.8401903879771,0.1,150,CloudNode,1873,1.0,12000.0,831.9303745285634,5570.567292732774,4738.636918204211,4547.530789015749,40.118341266165714,,
3-446,SENSOR_DATA_LOGGING,547.689629183062,0.1,10000,CloudNode,2021,1.0,12000.0,876.2645380425475,5571.050191631448,4694.7856535889005,4579.58439861831,22.82040121596092,,
9-418,SENSOR_DATA_LOGGING,178.11440758241528,0.1,10000,CloudNode,1941,1.0,12000.0,853.5436647276441,5572.83661500277,4719.292950275126,4605.997707546045,7.421433649267303,,
9-407,SENSOR_DATA_LOGGING,141.73705887758632,0.1,10000,CloudNode,1891,1.0,12000.0,840.2359634914937,5574.499111403407,4734.263147911914,4609.347639159365,5.905710786566097,,
0-462,GPS_TRACKING,928.1402757607128,0.2,200,CloudNode,1909,1.0,12000.0,844.3051472911335,5577.144104929441,4732.838957638307,4556.110632755018,38.672511490029706,,
4-339,VOICE_ASSISTANT,600.8020908620822,2.0,150,CloudNode,1577,1.0,12000.0,714.1479079703716,5577.563646782574,4863.415738812203,4581.156032184728,25.033420452586757,,
0-382,VOICE_ASSISTANT,90.59121567447662,2.0,150,CloudNode,1559,1.0,12000.0,709.0948842589581,5580.385882975643,4871.290998716685,4619.252635429067,3.7746339864365255,,
2-471,SENSOR_DATA_LOGGING,519.6421875270382,0.1,10000,CloudNode,2009,1.0,12000.0,872.3621368820234,5581.444373842569,4709.082236960546,4588.829173090546,21.651757813626595,,
0-414,HEALTH_MONITORING,229.37902972955771,1.0,100,CloudNode,1724,1.0,12000.0,779.1435888030583,5581.696157052295,4802.552568249237,4609.350925838656,9.557459572064905,,
2-427,HEALTH_MONITORING,348.1662892196877,1.0,100,CloudNode,1737,1.0,12000.0,782.4456771224197,5584.659191498234,4802.213514375814,4604.381906773258,14.50692871748699,,
3-411,E_COMMERCE_TRANSACTION,537.0862725132511,0.5,300,CloudNode,1827,1.0,12000.0,815.5771217466983,5590.8855662614715,4775.308444514773,4596.604205046088,22.37859468805213,,
0-467,GPS_TRACKING,655.5662156440354,0.2,200,CloudNode,1956,1.0,12000.0,858.5053056017572,5591.877975780159,4733.372670178403,4588.087333473365,27.315258985168143,,
2-468,SENSOR_DATA_LOGGING,709.9246312441393,0.1,10000,CloudNode,1975,1.0,12000.0,863.1147394433378,5592.220592454365,4729.105853011028,4584.673813817878,29.580192968505802,,
3-438,GPS_TRACKING,490.13828629749526,0.2,200,CloudNode,1994,1.0,12000.0,867.9252480775285,5592.895463723236,4724.970215645708,4601.442042709701,20.42242859572897,,
1-395,HEALTH_MONITORING,763.3969600318815,1.0,100,CloudNode,1765,1.0,12000.0,793.929322483896,5596.341644438675,4802.412321954779,4584.691636591851,31.808206667995062,,
3-102,VIDEO_SURVEILLANCE,712.3448705135208,60.0,800,FogNode_4,0,0.25,1758.3565909566523,222.85518541676882,5597.605131845534,5374.749946428765,160.91780007852503,59.34089193343425,,
0-471,SMART_HOME_CONTROL,759.6873066826566,0.1,150,CloudNode,2013,1.0,12000.0,874.4302050902085,5598.8783295574485,4724.44812446724,4586.8824535497,31.65363777844403,,
2-475,SENSOR_DATA_LOGGING,502.2605617071463,0.1,10000,CloudNode,2021,1.0,12000.0,876.8636559244018,5598.947870327815,4722.084214403413,4605.516796685933,20.927523404464427,,
3-366,VOICE_ASSISTANT,135.47216343308384,2.0,150,CloudNode,1560,1.0,12000.0,709.280773251836,5602.174913214229,4892.894139962393,4635.599191671631,5.644673476378493,,
2-411,HEALTH_MONITORING,658.6045828612101,1.0,100,CloudNode,1684,1.0,12000.0,755.2229644861627,5603.609702736216,4848.386738250053,4598.88990364867,27.44185761921709,,
3-430,SENSOR_DATA_LOGGING,629.5815072678707,0.1,10000,CloudNode,1932,1.0,12000.0,850.8572644696438,5604.667031226764,4753.80976675712,4601.417978895504,26.232562802827946,,
2-462,SMART_HOME_CONTROL,586.8572836115117,0.1,150,CloudNode,1917,1.0,12000.0,847.3293101648934,5606.2862644503975,4758.956954285504,4605.388212275436,24.45238681714632,,
7-428,GPS_TRACKING,795.3538764845794,0.2,200,CloudNode,1991,1.0,12000.0,866.8497989414542,5606.678241859791,4739.828442918337,4590.95822800376,33.13974485352414,,
8-438,GPS_TRACKING,354.85020912128516,0.2,200,CloudNode,1956,1.0,12000.0,858.556630660572,5606.714955689548,4748.158325028977,4623.006952664858,14.78542538005355,,
5-431,GPS_TRACKING,565.2509289109631,0.2,200,CloudNode,1916,1.0,12000.0,847.1660179058134,5607.693175493894,4760.527157588081,4607.907096072619,23.552122037956796,,
0-415,HEALTH_MONITORING,596.0704266799968,1.0,100,CloudNode,1729,1.0,12000.0,780.2708141917441,5607.986768951514,4827.71595475977,4605.875792461603,24.836267778333198,,
3-284,VIDEO_SURVEILLANCE,404.1969545780804,60.0,800,FogNode_1,8,1.0,1597.9384595498836,546.9736604508006,5612.029726328062,5065.056065877261,0.0,33.389735298897975,,
3-312,VIDEO_SURVEILLANCE,284.3044126307401,60.0,800,FogNode_9,5,1.0,1349.236560939329,593.1347410372671,5615.400833044754,5022.266092007487,0.0,28.595234783238343,,
4-408,SENSOR_DATA_LOGGING,976.5406967800595,0.1,10000,CloudNode,2023,1.0,12000.0,879.926760466566,5615.617970061477,4735.691209594911,4585.616968999596,40.68919569916915,,
6-454,SENSOR_DATA_LOGGING,222.66339584457776,0.1,10000,CloudNode,2039,1.0,12000.0,884.6770809391891,5617.433612544497,4732.756531605308,4642.203819231122,9.277641493524074,,
0-432,HEALTH_MONITORING,192.0563220734942,1.0,100,CloudNode,1802,1.0,12000.0,804.0088364074753,5618.179606720353,4814.170770312878,4645.361293755315,8.002346753062257,,
2-464,SENSOR_DATA_LOGGING,790.4774893167651,0.1,10000,CloudNode,1941,1.0,12000.0,853.6969983246152,5621.116108289598,4767.419109964982,4604.013647297631,32.93656205486521,,
9-379,HEALTH_MONITORING,608.3159478423876,1.0,100,CloudNode,1723,1.0,12000.0,776.6611802590652,5621.2602883863065,4844.599108127241,4617.153910810998,25.346497826766146,,
3-410,HEALTH_MONITORING,192.64697195830166,1.0,100,CloudNode,1807,1.0,12000.0,808.4377695831995,5622.340178780256,4813.902409197057,4649.202360811225,8.026957164929236,,
7-414,E_COMMERCE_TRANSACTION,217.57679313008083,0.5,300,CloudNode,1938,1.0,12000.0,852.9765651758823,5622.798430654271,4769.821865478389,4647.695067584944,9.065699713753368,,
9-419,SENSOR_DATA_LOGGING,591.9189125194035,0.1,10000,CloudNode,1947,1.0,12000.0,855.1594415974386,5623.825687446691,4768.666245849252,4620.408188305926,24.663288021641815,,
7-372,HEALTH_MONITORING,524.950960924745,1.0,100,CloudNode,1718,1.0,12000.0,773.6078837918112,5625.442070462691,4851.83418667088,4626.424812518351,21.87295670519771,,
2-470,SENSOR_DATA_LOGGING,245.51911620319,0.1,10000,CloudNode,2007,1.0,12000.0,871.2717303126011,5628.15310184416,4756.881371531559,4649.127083092024,10.229963175132916,,
9-397,HEALTH_MONITORING,174.54057865989012,1.0,100,CloudNode,1816,1.0,12000.0,811.8645152972449,5632.724654942011,4820.860139644766,4658.640294574252,7.272524110828755,,
9-424,GPS_TRACKING,446.2887604440821,0.2,200,CloudNode,1997,1.0,12000.0,869.6342731711544,5633.5323744756815,4763.898101304527,4640.087507926258,18.59536501850342,,
2-465,SENSOR_DATA_LOGGING,503.30917140173466,0.1,10000,CloudNode,1954,1.0,12000.0,857.9263207457888,5633.820406730304,4775.894085984515,4636.511499376424,20.971215475072277,,
0-472,SMART_HOME_CONTROL,531.6774425384267,0.1,150,CloudNode,2021,1.0,12000.0,877.946295224498,5636.527045999234,4758.580750774736,4636.395286378162,22.153226772434444,,
9-368,HEALTH_MONITORING,553.2757260416122,1.0,100,CloudNode,1699,1.0,12000.0,763.3633941287908,5639.001774226704,4875.638380097913,4636.860699324275,23.05315525173384,,
8-441,SENSOR_DATA_LOGGING,197.90421830679657,0.1,10000,CloudNode,1972,1.0,12000.0,862.4116236218701,5639.290448846505,4776.878825224634,4660.335421298163,8.246009096116524,,
8-423,E_COMMERCE_TRANSACTION,656.7118272119417,0.5,300,CloudNode,1870,1.0,12000.0,831.1570809407857,5639.385177099229,4808.228096158443,4629.385202222583,27.36299280049757,,
7-415,SENSOR_DATA_LOGGING,745.6683891176009,0.1,10000,CloudNode,1943,1.0,12000.0,854.0750024119835,5639.702679209041,4785.627676797058,4623.402769037257,31.06951621323337,,
7-440,SENSOR_DATA_LOGGING,62.27922261761316,0.1,10000,CloudNode,2056,1.0,12000.0,890.0924818828404,5644.480384064639,4754.387902181798,4671.737904870045,2.594967609067215,,
9-405,GPS_TRACKING,803.5942010316154,0.2,200,CloudNode,1875,1.0,12000.0,832.502034825277,5647.352066394944,4814.850031569667,4626.080261676464,33.483091709650644,,
3-428,SENSOR_DATA_LOGGING,924.0905273211796,0.1,10000,CloudNode,1922,1.0,12000.0,848.4966477704431,5648.057735574879,4799.561087804436,4617.594987692141,38.50377197171582,,
2-432,HEALTH_MONITORING,323.3536814333344,1.0,100,CloudNode,1760,1.0,12000.0,791.515025273494,5650.7718275661355,4859.256802292642,4661.0491794461395,13.473070059722266,,
9-346,VOICE_ASSISTANT,534.6030115763199,2.0,150,CloudNode,1602,1.0,12000.0,726.5476155186267,5651.228492824484,4924.680877305857,4649.449527785227,22.275125482346663,,
5-441,SENSOR_DATA_LOGGING,866.9751052621018,0.1,10000,CloudNode,1991,1.0,12000.0,867.1934412850854,5653.692299281078,4786.498857995993,4626.898197681679,36.123962719254244,,
9-403,E_COMMERCE_TRANSACTION,683.9957158653301,0.5,300,CloudNode,1865,1.0,12000.0,828.8632159056012,5655.947513316592,4827.084297410991,4642.1667917637105,28.499821494388755,,
5-416,HEALTH_MONITORING,424.20539202115964,1.0,100,CloudNode,1823,1.0,12000.0,814.9450977444397,5656.466557624694,4841.521459880255,4660.530747180607,17.675224667548317,,
5-453,SENSOR_DATA_LOGGING,326.9300392578663,0.1,10000,CloudNode,2061,1.0,12000.0,892.2139180168444,5661.064576668459,4768.850658651615,4667.903439145144,13.622084969077763,,
3-289,VIDEO_SURVEILLANCE,484.0440056062805,60.0,800,FogNode_1,9,1.0,1597.9384595498836,556.6949883488883,5665.3185131103755,5108.623524761488,0.0,39.98570755458251,,
6-436,SENSOR_DATA_LOGGING,532.1231979152554,0.1,10000,CloudNode,1918,1.0,12000.0,846.6796302806836,5665.603888212578,4818.924257931894,4660.424692121415,22.171799913135644,,
8-448,GPS_TRACKING,177.08109626684342,0.2,200,CloudNode,2025,1.0,12000.0,881.9878993237376,5665.985250846721,4783.997351522983,4682.395444288242,7.378379011118476,,
1-426,SENSOR_DATA_LOGGING,835.3015344559345,0.1,10000,CloudNode,1960,1.0,12000.0,859.7187511223888,5673.218163940877,4813.499412818488,4646.653332001487,34.804230602330605,,
6-421,HEALTH_MONITORING,544.2607992036058,1.0,100,CloudNode,1807,1.0,12000.0,808.1559496553068,5673.50816844446,4865.352218789154,4663.701973212735,22.67753330015024,,
6-453,GPS_TRACKING,524.2821546599946,0.2,200,CloudNode,2023,1.0,12000.0,880.0840864642349,5677.222554030681,4797.138467566446,4668.366107384648,21.845089777499773,,
5-442,GPS_TRACKING,719.0216793924135,0.2,200,CloudNode,1995,1.0,12000.0,869.2271752591055,5677.352085827198,4808.124910568093,4658.278532589671,29.959236641350564,,
7-425,GPS_TRACKING,536.9262490295052,0.2,200,CloudNode,1978,1.0,12000.0,863.4789556493303,5677.468509027803,4813.989553378472,4668.0015355687965,22.37192704289605,,
0-446,E_COMMERCE_TRANSACTION,633.097788139775,0.5,300,CloudNode,1854,1.0,12000.0,826.6248479413673,5678.200219474339,4851.575371532972,4661.232503938435,26.37907450582396,,
5-434,GPS_TRACKING,271.9417687965523,0.2,200,CloudNode,1930,1.0,12000.0,849.7875661323145,5678.609327382972,4828.821761250658,4687.001528386857,11.33090703318968,,
5-296,VIDEO_SURVEILLANCE,375.53131536008004,60.0,800,FogNode_9,5,1.0,1349.236560939329,594.0466115126842,5680.388698103117,5086.342086590434,0.0,37.77080359680189,,
1-431,GPS_TRACKING,192.07571262334275,0.2,200,CloudNode,2009,1.0,12000.0,872.3159061891918,5681.610197597856,4809.294291408664,4695.727897827058,8.003154692639281,,
8-399,HEALTH_MONITORING,919.9005242670083,1.0,100,CloudNode,1720,1.0,12000.0,774.4792961454335,5683.373332711799,4908.894036566366,4648.950874582748,38.32918851112535,,
1-356,VOICE_ASSISTANT,554.0802399433185,2.0,150,CloudNode,1561,1.0,12000.0,709.6663348349316,5685.175127555313,4975.508792720382,4671.868783832422,23.08667666430494,,
5-389,HEALTH_MONITORING,937.0018863493261,1.0,100,CloudNode,1734,1.0,12000.0,781.2704623691817,5686.070259480624,4904.799797111443,4649.109988782982,39.04174526455525,,
3-433,SENSOR_DATA_LOGGING,507.8777260497031,0.1,10000,CloudNode,1943,1.0,12000.0,854.3445980874731,5686.803527902114,4832.458929814641,4676.59850884926,21.16157191873763,,
5-437,SMART_HOME_CONTROL,582.3054723304359,0.1,150,CloudNode,1946,1.0,12000.0,855.0624098753576,5687.910633126765,4832.848223251407,4671.765385142147,24.262728013768164,,
3-439,SENSOR_DATA_LOGGING,794.7164549548463,0.1,10000,CloudNode,1994,1.0,12000.0,867.9416782473825,5688.566550026493,4820.62487177911,4660.0818006877025,33.113185623118596,,
1-440,GPS_TRACKING,523.3685794182281,0.2,200,CloudNode,2052,1.0,12000.0,888.5461323467555,5690.966114679796,4802.419982333041,4679.128151419246,21.807024142426172,,
6-361,VOICE_ASSISTANT,905.9098775285102,2.0,150,CloudNode,1540,1.0,12000.0,700.5211349133924,5691.110459855519,4990.589324942127,4656.689350813228,37.746244897021256,,
4-410,GPS_TRACKING,169.15399280724753,0.2,200,CloudNode,2046,1.0,12000.0,886.9448179229747,5691.448251894469,4804.503433971494,4705.7238701791,7.048083033635314,,
2-469,SENSOR_DATA_LOGGING,673.1627866613469,0.1,10000,CloudNode,1982,1.0,12000.0,864.2724509581893,5692.6239448876795,4828.35149392949,4669.816752533725,28.048449444222786,,
3-402,VIDEO_SURVEILLANCE,166.26149715902807,60.0,800,FogNode_7,54,1.0,1727.0272900361456,792.8817374006911,5696.271146427245,4903.389409026554,0.0,11.395410067879975,,
8-417,HEALTH_MONITORING,719.5276816404095,1.0,100,CloudNode,1843,1.0,12000.0,821.464009595647,5699.663319345742,4878.1993097500945,4672.008341409512,29.980320068350395,,
2-466,SMART_HOME_CONTROL,545.9663882627215,0.1,150,CloudNode,1962,1.0,12000.0,860.4367824578492,5701.963756646588,4841.526974188739,4687.10027427028,22.74859951094673,,
8-444,SENSOR_DATA_LOGGING,302.85433902431765,0.1,10000,CloudNode,2007,1.0,12000.0,871.3883701829485,5706.848059183216,4835.459689000268,4708.870682886744,12.618930792679903,,
7-439,SENSOR_DATA_LOGGING,275.37463975898123,0.1,10000,CloudNode,2039,1.0,12000.0,884.7168215605074,5714.058346502101,4829.341524941594,4716.411844063572,11.473943323290884,,
1-441,GPS_TRACKING,460.74641851234213,0.2,200,CloudNode,2053,1.0,12000.0,889.3659225641859,5715.618088906709,4826.252166342523,4706.416375643805,19.197767438014253,,
6-451,SENSOR_DATA_LOGGING,859.4697959115426,0.1,10000,CloudNode,2018,1.0,12000.0,875.1544674504609,5719.680218567508,4844.525751117047,4679.556616151427,35.811241496314274,,
8-369,VOICE_ASSISTANT,719.2406253126208,2.0,150,CloudNode,1583,1.0,12000.0,718.6941130401441,5721.001295444511,5002.307182404367,4691.4164005588245,29.968359388025863,,
4-355,VOICE_ASSISTANT,845.0101488657716,2.0,150,CloudNode,1664,1.0,12000.0,745.7654695259527,5724.109811686559,4978.344342160606,4684.823537321132,35.20875620274048,,
1-397,HEALTH_MONITORING,490.4668595367429,1.0,100,CloudNode,1767,1.0,12000.0,795.2363784545547,5724.245571006528,4929.009192551973,4710.343532624816,20.436119147364288,,
5-451,GPS_TRACKING,298.3760982324798,0.2,200,CloudNode,2033,1.0,12000.0,882.8928745960632,5726.828431499294,4843.935556903231,4726.382936549662,12.432337426353326,,
8-430,GPS_TRACKING,759.8628378713546,0.2,200,CloudNode,1920,1.0,12000.0,847.9971273022405,5729.307154002668,4881.310026700427,4695.4126815756845,31.66095157797311,,
3-379,VOICE_ASSISTANT,975.8262699814741,2.0,150,CloudNode,1620,1.0,12000.0,734.5486277774135,5732.090683397925,4997.542055620512,4682.241350011191,40.65942791589475,,
0-435,HEALTH_MONITORING,580.075686302871,1.0,100,CloudNode,1806,1.0,12000.0,806.7967604054867,5735.143168427354,4928.346408021867,4713.176944150626,24.169820262619623,,
0-455,E_COMMERCE_TRANSACTION,523.8413420618984,0.5,300,CloudNode,1879,1.0,12000.0,835.8515411857281,5736.277390059505,4900.425848873777,4717.489987316138,21.826722585912435,,
1-412,HEALTH_MONITORING,722.5688358829032,1.0,100,CloudNode,1851,1.0,12000.0,825.477361822987,5738.823397039881,4913.346035216893,4706.068652525084,30.1070348284543,,
0-476,GPS_TRACKING,408.92836161885987,0.2,200,CloudNode,2049,1.0,12000.0,887.8819260636344,5740.925422651454,4853.043496587819,4731.196077807065,17.038681734119162,,
3-455,SENSOR_DATA_LOGGING,776.2726410385881,0.1,10000,CloudNode,2059,1.0,12000.0,891.3671363353498,5742.157895781018,4850.790759445668,4705.600358046273,32.344693376607836,,
7-429,GPS_TRACKING,777.6439316947487,0.2,200,CloudNode,1995,1.0,12000.0,868.2549403489759,5743.003880448901,4874.748940099926,4706.255575808845,32.4018304872812,,
5-426,E_COMMERCE_TRANSACTION,848.844672712982,0.5,300,CloudNode,1879,1.0,12000.0,836.2521888186542,5743.955220000293,4907.703031181639,4702.558465876753,35.368528029707576,,
8-455,SENSOR_DATA_LOGGING,680.3066744637878,0.1,10000,CloudNode,2081,1.0,12000.0,900.9953420247916,5745.258772898475,4844.263430873683,4714.0473489257965,28.34611143599116,,
9-427,E_COMMERCE_TRANSACTION,661.1685546907314,0.5,300,CloudNode,2018,1.0,12000.0,874.8874340799716,5746.54563145203,4871.658197372059,4716.555019239886,27.548689778780474,,
1-432,E_COMMERCE_TRANSACTION,735.9748030801242,0.5,300,CloudNode,2012,1.0,12000.0,873.5457890510572,5747.401493070634,4873.855704019577,4712.705986323534,30.66561679500517,,
8-450,SMART_HOME_CONTROL,424.47770602579317,0.1,150,CloudNode,2041,1.0,12000.0,885.9422007754952,5750.991231075525,4865.04903030003,4739.196634304891,17.686571084408047,,
0-473,GPS_TRACKING,939.7184302339815,0.2,200,CloudNode,2029,1.0,12000.0,882.7432802905801,5751.818037630625,4869.074757340046,4702.760755259841,39.154934593082565,,
5-450,SENSOR_DATA_LOGGING,483.97662779614666,0.1,10000,CloudNode,2024,1.0,12000.0,881.0521192691201,5754.38973215178,4873.337612882659,4737.693578983814,20.165692824839446,,
5-393,HEALTH_MONITORING,877.1970086973616,1.0,100,CloudNode,1745,1.0,12000.0,785.0884781862705,5758.274878280094,4973.186400093823,4712.119445284627,36.54987536239007,,
8-365,VOICE_ASSISTANT,207.54623667431923,2.0,150,CloudNode,1581,1.0,12000.0,717.492560320082,5761.250739723153,5043.758179403071,4764.441223740517,8.647759861429968,,
6-442,SENSOR_DATA_LOGGING,921.7949078257024,0.1,10000,CloudNode,1971,1.0,12000.0,862.2173765052785,5764.726875445574,4902.509498940295,4713.541398713994,38.40812115940427,,
8-451,SMART_HOME_CONTROL,795.741326849332,0.1,150,CloudNode,2067,1.0,12000.0,894.2509815150084,5765.975096583186,4871.7241150681775,4724.3661902541635,33.155888618722166,,
1-399,HEALTH_MONITORING,289.99471838663106,1.0,100,CloudNode,1768,1.0,12000.0,795.453260695534,5769.424999430695,4973.971738735161,4765.737925877914,12.083113266109628,,
1-343,VIDEO_SURVEILLANCE,540.2282210113378,60.0,800,FogNode_3,57,1.0,1899.4436001125757,673.8979160574137,5769.583958147169,5095.686042089756,0.0,25.64889477996016,,
0-442,HEALTH_MONITORING,534.335133019585,1.0,100,CloudNode,1840,1.0,12000.0,821.0108537604258,5771.356359250926,4950.345505490501,4749.530140174204,22.263963875816042,,
1-396,HEALTH_MONITORING,971.1161429838522,1.0,100,CloudNode,1766,1.0,12000.0,794.4537203122328,5771.892459928451,4977.438739616218,4716.43637500739,40.46317262432718,,
0-474,SENSOR_DATA_LOGGING,51.735796062834325,0.1,10000,CloudNode,2039,1.0,12000.0,884.8980335246728,5773.736315769264,4888.838282244592,4786.118722111255,2.155658169284764,,
7-430,SENSOR_DATA_LOGGING,634.6525781297776,0.1,10000,CloudNode,2007,1.0,12000.0,871.1045519398075,5776.997526530707,4905.892974590899,4747.290055910585,26.443857422074064,,
7-426,GPS_TRACKING,375.08429575322344,0.2,200,CloudNode,1987,1.0,12000.0,866.5841026134342,5783.075062276727,4916.490959663293,4769.995263452172,15.628512323050975,,
5-445,SMART_HOME_CONTROL,122.94156673802675,0.1,150,CloudNode,2007,1.0,12000.0,871.1657505829544,5783.981446330767,4912.815695747812,4790.008351912093,5.122565280751115,,
6-353,VIDEO_SURVEILLANCE,572.8953443792374,60.0,800,FogNode_3,57,1.0,1899.4436001125757,673.5012574139162,5784.086968592116,5110.5857111782,0.0,27.199860792914247,,
5-448,GPS_TRACKING,327.17994031910575,0.2,200,CloudNode,2021,1.0,12000.0,875.9672102505904,5785.539873306686,4909.572663056096,4776.216629999577,13.632497513296073,,
0-450,HEALTH_MONITORING,538.7636973226245,1.0,100,CloudNode,1869,1.0,12000.0,830.3012289862781,5785.822397428339,4955.521168442061,4761.618306119633,22.448487388442686,,
9-349,VOICE_ASSISTANT,788.0572365122471,2.0,150,CloudNode,1617,1.0,12000.0,732.7892101604151,5786.672731820531,5053.8835216601165,4744.348048516103,32.8357181880103,,
7-442,GPS_TRACKING,768.6652552366714,0.2,200,CloudNode,2058,1.0,12000.0,890.7952336889342,5788.301008942917,4897.505775253983,4747.400950582638,32.02771896819465,,
6-449,GPS_TRACKING,448.6330784012968,0.2,200,CloudNode,2009,1.0,12000.0,871.8687733721699,5788.3773209423,4916.50854757013,4769.176162536505,18.693044933387366,,
2-389,VOICE_ASSISTANT,837.1761619806124,2.0,150,CloudNode,1577,1.0,12000.0,714.1915704876371,5789.444898732559,5075.253328244921,4743.247667082981,34.882340082525516,,
8-458,VIDEO_SURVEILLANCE,130.1040253460938,60.0,800,FogNode_7,62,1.0,1727.0272900361456,906.6807586112541,5789.951985738108,4883.271227126854,0.0,8.917210211829754,,
3-416,HEALTH_MONITORING,662.4707942581282,1.0,100,CloudNode,1851,1.0,12000.0,825.2151397640981,5790.349067948865,4965.133928184767,4756.43099156662,27.602949760755344,,
6-465,SENSOR_DATA_LOGGING,806.3351159624935,0.1,10000,CloudNode,2105,1.0,12000.0,904.9374889007793,5796.501746999542,4891.564258098762,4751.591636926002,33.59729649843723,,
5-429,HEALTH_MONITORING,511.30344858538314,1.0,100,CloudNode,1896,1.0,12000.0,841.405026145892,5796.998352867228,4955.593326721337,4772.380067740076,21.304310357724297,,
8-459,SENSOR_DATA_LOGGING,664.3259147513618,0.1,10000,CloudNode,2113,1.0,12000.0,907.5783391752828,5797.518388676965,4889.940049501682,4762.845994599311,27.680246447973406,,
2-415,VOICE_ASSISTANT,252.40956932723438,2.0,150,CloudNode,1701,1.0,12000.0,764.4631360268122,5798.031657307976,5033.568521281164,4793.177115460023,10.517065388634766,,
4-400,E_COMMERCE_TRANSACTION,742.4153225300001,0.5,300,CloudNode,1975,1.0,12000.0,863.1016197572363,5798.145333603671,4935.043713846435,4757.561021885082,30.93397177208334,,
1-361,VOICE_ASSISTANT,181.521014592179,2.0,150,CloudNode,1601,1.0,12000.0,725.5385086642232,5799.108197546781,5073.569688882559,4799.634435488993,7.563375608007458,,
6-445,GPS_TRACKING,399.8454267595306,0.2,200,CloudNode,1996,1.0,12000.0,869.3008958347938,5799.295548813147,4929.994652978354,4782.692596214178,16.660226114980443,,
5-455,SENSOR_DATA_LOGGING,147.95500681676427,0.1,10000,CloudNode,2075,1.0,12000.0,898.1005683679357,5801.774482633956,4903.67391426602,4803.671982938304,6.164791950698511,,
0-469,SMART_HOME_CONTROL,677.0432078662669,0.1,150,CloudNode,1983,1.0,12000.0,865.0350176324596,5803.821760392823,4938.786742760363,4766.525142401373,28.210133661094456,,
1-446,SENSOR_DATA_LOGGING,831.0382828184077,0.1,10000,CloudNode,2081,1.0,12000.0,899.3511448442824,5808.076587274748,4908.725442430466,4759.570169604082,34.62659511743365,,
7-395,HEALTH_MONITORING,135.3030619198908,1.0,100,CloudNode,1806,1.0,12000.0,806.7555672820829,5809.306912467967,5002.551345185884,4811.589963733709,5.63762757999545,,
0-458,E_COMMERCE_TRANSACTION,836.262588980616,0.5,300,CloudNode,1895,1.0,12000.0,840.8851000155788,5812.692429530619,4971.80732951504,4763.5864946947695,34.844274540859,,
6-447,GPS_TRACKING,976.2821733460463,0.2,200,CloudNode,2007,1.0,12000.0,871.2218185068651,5813.447531176763,4942.225712669898,4753.753979377454,40.678423889418596,,
3-413,HEALTH_MONITORING,88.19043643732175,1.0,100,CloudNode,1840,1.0,12000.0,820.2063049617462,5815.425790311191,4995.219485349445,4819.381881355364,3.6746015182217393,,
4-416,SMART_HOME_CONTROL,667.0925263922786,0.1,150,CloudNode,2078,1.0,12000.0,898.4717408624441,5816.841783589176,4918.370042726732,4779.181470199642,27.79552193301161,,
3-454,SENSOR_DATA_LOGGING,606.1699658281833,0.1,10000,CloudNode,2053,1.0,12000.0,889.3456797281923,5821.870523069942,4932.524843341749,4788.023603119045,25.257081909507637,,
1-452,SENSOR_DATA_LOGGING,636.9806020984513,0.1,10000,CloudNode,2138,1.0,12000.0,914.5287181429649,5824.974176769989,4910.445458627024,4788.339759030387,26.540858420768807,,
9-439,GPS_TRACKING,452.71729722993473,0.2,200,CloudNode,2105,1.0,12000.0,904.8990074930663,5826.103762378128,4921.204754885061,4802.886792267013,18.863220717913947,,
9-448,SENSOR_DATA_LOGGING,366.2763585986217,0.1,10000,CloudNode,2137,1.0,12000.0,914.0404827519772,5827.02477688276,4912.984294130783,4810.55444070621,15.261514941609237,,
7-448,GPS_TRACKING,980.8993723339264,0.2,200,CloudNode,2082,1.0,12000.0,901.2701727999919,5828.287245813191,4927.017073013199,4766.284137416441,40.870807180580265,,
2-485,SENSOR_DATA_LOGGING,144.10242761732792,0.1,10000,CloudNode,2080,1.0,12000.0,899.0642954417186,5828.850319223953,4929.786023782234,4826.672915142324,6.004267817388664,,
8-454,SENSOR_DATA_LOGGING,411.9064703655015,0.1,10000,CloudNode,2075,1.0,12000.0,897.7353492251158,5831.3238920643535,4933.588542839238,4810.791609653653,17.162769598562562,,
9-429,E_COMMERCE_TRANSACTION,403.6129449249074,0.5,300,CloudNode,2021,1.0,12000.0,878.9725551712727,5832.742609623857,4953.770054452584,4812.008212634701,16.817206038537808,,
2-472,SMART_HOME_CONTROL,868.453245328354,0.1,150,CloudNode,2013,1.0,12000.0,873.9613741939255,5837.097979222936,4963.136605029011,4781.95168978788,36.18555188868142,,
0-500,VIDEO_SURVEILLANCE,135.68083467430085,60.0,800,FogNode_3,94,1.0,1899.4436001125757,956.7307914239357,5837.7807098442245,4881.049918420289,0.0,6.44183942427783,,
9-438,GPS_TRACKING,349.8701422602837,0.2,200,CloudNode,2100,1.0,12000.0,904.3468732545516,5841.8482747189755,4937.501401464424,4823.308911618535,14.577922594178489,,
9-423,GPS_TRACKING,200.14764108043977,0.2,200,CloudNode,1997,1.0,12000.0,869.4624829255272,5845.5292893139895,4976.066806388462,4837.042882260487,8.339485045018323,,
1-445,SMART_HOME_CONTROL,260.1839483261537,0.1,150,CloudNode,2077,1.0,12000.0,898.314729813914,5848.706772576606,4950.392042762693,4835.770135930726,10.840997846923072,,
5-449,GPS_TRACKING,209.31069237180148,0.2,200,CloudNode,2021,1.0,12000.0,876.0377092029718,5848.7664497620035,4972.728740559031,4839.235589918938,8.721278848825062,,
2-477,SENSOR_DATA_LOGGING,329.1525880959257,0.1,10000,CloudNode,2022,1.0,12000.0,879.4709656083144,5849.299905411269,4969.828939802955,4831.281237064446,13.71469117066357,,
7-434,E_COMMERCE_TRANSACTION,569.1423209556712,0.5,300,CloudNode,2021,1.0,12000.0,876.1441259281925,5851.250287139129,4975.106161210936,4815.5225423147685,23.714263373152967,,
6-374,VOICE_ASSISTANT,617.8544440946479,2.0,150,CloudNode,1579,1.0,12000.0,715.5628473563751,5853.262352975176,5137.699505618802,4813.634366868632,25.743935170610328,,
5-405,HEALTH_MONITORING,773.4447710869473,1.0,100,CloudNode,1776,1.0,12000.0,797.4189037686234,5854.802798872777,5057.383895104153,4804.5749049974465,32.22686546195614,,
2-489,SENSOR_DATA_LOGGING,852.7090703708805,0.1,10000,CloudNode,2113,1.0,12000.0,907.2336578175004,5856.598962504259,4949.3653046867585,4801.025882624765,35.529544598786686,,
3-441,E_COMMERCE_TRANSACTION,724.6130817040956,0.5,300,CloudNode,1995,1.0,12000.0,869.2194441873171,5858.529757079013,4989.3103128916955,4811.150599192057,30.19221173767065,,
4-413,GPS_TRACKING,575.6879294986862,0.2,200,CloudNode,2059,1.0,12000.0,891.2219173894349,5861.421525301654,4970.199607912219,4823.972504730141,23.986997062445262,,
4-353,VOICE_ASSISTANT,958.2159410255215,2.0,150,CloudNode,1652,1.0,12000.0,742.4437530701919,5862.926390695521,5120.4826376253295,4799.047770633314,39.92566420939673,,
4-398,E_COMMERCE_TRANSACTION,934.655804969302,0.5,300,CloudNode,1954,1.0,12000.0,857.9200768873935,5864.560715567973,5006.640638680579,4801.387500072873,38.94399187372092,,
1-434,SENSOR_DATA_LOGGING,972.1878847469591,0.1,10000,CloudNode,2028,1.0,12000.0,882.4061452191023,5866.838054490586,4984.431909271483,4800.9956673835495,40.507828531123295,,
2-440,HEALTH_MONITORING,503.56039682417014,1.0,100,CloudNode,1807,1.0,12000.0,808.1479787544891,5868.0671287801415,5059.919150025652,4835.041526599727,20.98168320100709,,
8-426,E_COMMERCE_TRANSACTION,991.8011704307827,0.5,300,CloudNode,1879,1.0,12000.0,836.5526570627264,5870.951106478816,5034.3984494160895,4802.957729557671,41.325048767949276,,
9-443,SMART_HOME_CONTROL,883.298215160505,0.1,150,CloudNode,2119,1.0,12000.0,909.5628739544863,5871.126573273674,4961.563699319187,4811.219856549009,36.80409229835438,,
9-436,GPS_TRACKING,562.3044587429987,0.2,200,CloudNode,2092,1.0,12000.0,903.1338338037206,5871.832881665238,4968.699047861518,4834.275665111323,23.429352447624943,,
8-453,GPS_TRACKING,325.68276100953443,0.2,200,CloudNode,2072,1.0,12000.0,896.52391785612,5875.847002660735,4979.323084804615,4855.2016915569475,13.570115042063934,,
5-435,E_COMMERCE_TRANSACTION,967.4536754390656,0.5,300,CloudNode,1937,1.0,12000.0,852.3806164077695,5879.91668843307,5027.5360720253,4811.363327926135,40.310569809961066,,
6-464,SENSOR_DATA_LOGGING,386.4505267560473,0.1,10000,CloudNode,2084,1.0,12000.0,901.7389648453797,5881.504115974273,4979.765151128893,4854.507466852165,16.10210528150197,,
6-458,SMART_HOME_CONTROL,497.35108399281256,0.1,150,CloudNode,2053,1.0,12000.0,888.5970150844375,5883.294198385043,4994.6971833006055,4849.248256908019,20.722961833033857,,
9-393,HEALTH_MONITORING,570.519446472735,1.0,100,CloudNode,1803,1.0,12000.0,805.5033491940388,5884.641266428997,5079.137917234959,4844.676591591106,23.771643603030626,,
0-483,SMART_HOME_CONTROL,908.4442253167575,0.1,150,CloudNode,2143,1.0,12000.0,918.0568953586644,5885.01059791103,4966.953702552366,4820.458600774156,37.85184272153156,,
3-417,HEALTH_MONITORING,261.2375713738742,1.0,100,CloudNode,1870,1.0,12000.0,830.968159303272,5892.896370888163,5061.928211584891,4871.3706818592855,10.884898807244758,,
9-417,E_COMMERCE_TRANSACTION,943.475920966845,0.5,300,CloudNode,1936,1.0,12000.0,852.1637268051869,5894.048783725095,5041.885056919908,4825.615535683772,39.31149670695187,,
0-464,HEALTH_MONITORING,127.65926700015052,1.0,100,CloudNode,1943,1.0,12000.0,854.3986300870747,5895.27953867901,5040.880908591936,4883.760210825743,5.319136125006271,,
9-400,HEALTH_MONITORING,580.5991386357897,1.0,100,CloudNode,1840,1.0,12000.0,820.3236992698193,5897.149711314986,5076.826012045167,4854.366868135646,24.191630776491237,,
3-504,VIDEO_SURVEILLANCE,62.76873324257322,60.0,800,FogNode_2,0,1.0,681.967788340379,996.1066061249028,5898.249392632911,4902.142786508008,0.0,7.704486924628239,,
1-429,E_COMMERCE_TRANSACTION,205.30482797643438,0.5,300,CloudNode,1993,1.0,12000.0,867.6025304779633,5898.612851638976,5031.010321161013,4880.787818498715,8.554367832351433,,
9-426,SMART_HOME_CONTROL,850.5654231517988,0.1,150,CloudNode,2009,1.0,12000.0,871.9467799013745,5903.623061553173,5031.6762816517985,4840.54626289713,35.44022596465828,,
1-438,SENSOR_DATA_LOGGING,704.5077690996573,0.1,10000,CloudNode,2041,1.0,12000.0,886.0599797740439,5904.238270072295,5018.17829029825,4852.192269400536,29.354490379152388,,
1-421,HEALTH_MONITORING,930.8501250377519,1.0,100,CloudNode,1917,1.0,12000.0,846.022494074065,5905.858089566336,5059.835595492272,4836.49848339798,38.785421876573,,
9-433,GPS_TRACKING,534.3742139909878,0.2,200,CloudNode,2072,1.0,12000.0,896.9518715355106,5911.369238989835,5014.417367454324,4869.094366602082,22.26559224962449,,
2-476,E_COMMERCE_TRANSACTION,547.8351180102131,0.5,300,CloudNode,2022,1.0,12000.0,879.4355308545668,5913.720055280993,5034.284524426426,4868.899182238575,22.826463250425547,,
0-393,VOICE_ASSISTANT,782.6365531116603,2.0,150,CloudNode,1653,1.0,12000.0,742.9359169414525,5916.469999898434,5173.534082956981,4856.392136664173,32.60985637965251,,
0-433,HEALTH_MONITORING,756.8540801272108,1.0,100,CloudNode,1802,1.0,12000.0,805.2132411893273,5917.873972216711,5112.660731027384,4859.2168405767425,31.53558667196711,,
6-468,SMART_HOME_CONTROL,801.2267239993439,0.1,150,CloudNode,2113,1.0,12000.0,907.7144072369848,5920.031246641788,5012.316839404803,4858.064031070948,33.384446833306,,
7-441,SMART_HOME_CONTROL,755.7020753743874,0.1,150,CloudNode,2057,1.0,12000.0,890.3790655247262,5921.504930026878,5031.125864502152,4861.900615961198,31.487586473932808,,
5-458,SMART_HOME_CONTROL,265.1526203099119,0.1,150,CloudNode,2099,1.0,12000.0,904.0459604748575,5925.7191132456655,5021.673152770808,4901.430787728913,11.048025846246329,,
7-410,HEALTH_MONITORING,611.7082002989022,1.0,100,CloudNode,1898,1.0,12000.0,842.0601069782055,5926.822686018976,5084.762579040771,4875.393988434019,25.487841679120923,,
4-387,HEALTH_MONITORING,847.2907989927106,1.0,100,CloudNode,1868,1.0,12000.0,829.9212614367925,5927.206529086985,5097.2852676501925,4860.593356539028,35.30378329136295,,
4-409,GPS_TRACKING,818.3350713407232,0.2,200,CloudNode,2034,1.0,12000.0,883.6317471469341,5929.616114580047,5045.984367433113,4864.528320680072,34.0972946391968,,
6-467,SENSOR_DATA_LOGGING,436.5108461548837,0.1,10000,CloudNode,2112,1.0,12000.0,907.1201432442613,5934.988755485217,5027.868612240955,4896.425503524202,18.187951923120153,,
4-406,GPS_TRACKING,781.4252114308913,0.2,200,CloudNode,2019,1.0,12000.0,875.3196891182847,5936.069874098057,5060.750184979772,4871.574000217486,32.55938380962047,,
5-378,VOICE_ASSISTANT,468.4967050151649,2.0,150,CloudNode,1664,1.0,12000.0,745.7965155029705,5936.191103399583,5190.394587896612,4895.081916186289,19.520696042298535,,
3-393,VOICE_ASSISTANT,912.9613008522864,2.0,150,CloudNode,1700,1.0,12000.0,764.2629239139376,5939.006499099878,5174.74357518594,4865.977280090151,38.040054202178595,,
3-478,VIDEO_SURVEILLANCE,335.2078589846072,60.0,800,FogNode_3,94,1.0,1899.4436001125757,953.5805512102345,5942.244137420942,4988.663586210708,0.0,15.914961066670138,,
9-442,SENSOR_DATA_LOGGING,946.2459817079101,0.1,10000,CloudNode,2118,1.0,12000.0,909.1589933360658,5943.414547376965,5034.255554040899,4867.469666144368,39.426915904496255,,
1-457,SENSOR_DATA_LOGGING,776.0868932462934,0.1,10000,CloudNode,2165,1.0,12000.0,924.7069986880341,5944.590596203594,5019.88359751556,4879.23223545524,32.336953885262226,,
6-461,SENSOR_DATA_LOGGING,432.7681538496612,0.1,10000,CloudNode,2060,1.0,12000.0,891.8609253136859,5947.43325181064,5055.572326496955,4907.895019623771,18.03200641040255,,
0-477,E_COMMERCE_TRANSACTION,776.6605162979779,0.5,300,CloudNode,2052,1.0,12000.0,888.9206731307181,5948.015908076542,5059.095234945824,4882.458191273651,32.360854845749074,,
0-449,HEALTH_MONITORING,67.00721121519018,1.0,100,CloudNode,1866,1.0,12000.0,829.0528542904891,5948.998481644898,5119.945627354408,4936.610125068644,2.7919671339662577,,
5-419,HEALTH_MONITORING,686.7795439610738,1.0,100,CloudNode,1851,1.0,12000.0,825.4646384251936,5950.127999551586,5124.663361126392,4891.626780693365,28.615814331711412,,
2-445,HEALTH_MONITORING,682.9084430525726,1.0,100,CloudNode,1820,1.0,12000.0,812.5221293460306,5950.957820646143,5138.435691300112,4892.418700955936,28.454518460523857,,
4-383,HEALTH_MONITORING,391.75462988597593,1.0,100,CloudNode,1848,1.0,12000.0,824.6432963748488,5952.677465798953,5128.034169424104,4915.826622822345,16.32310957858233,,
5-446,E_COMMERCE_TRANSACTION,568.1624053413736,0.5,300,CloudNode,2009,1.0,12000.0,872.3751292179505,5953.204956678117,5080.829827460167,4903.141280188625,23.67343355589057,,
5-463,SENSOR_DATA_LOGGING,991.8767249539417,0.1,10000,CloudNode,2138,1.0,12000.0,915.0818332827756,5954.4892754114,5039.407442128624,4871.641198411264,41.328196873080906,,
7-420,E_COMMERCE_TRANSACTION,355.00150733488624,0.5,300,CloudNode,1959,1.0,12000.0,859.120534832892,5956.789988031559,5097.669453198667,4920.989077445526,14.791729472286926,,
0-491,SENSOR_DATA_LOGGING,285.1033103755256,0.1,10000,CloudNode,2207,1.0,12000.0,938.7912742579822,5962.765108297838,5023.973834039856,4932.436218986287,11.879304598980234,,
3-423,HEALTH_MONITORING,935.7060757224422,1.0,100,CloudNode,1878,1.0,12000.0,835.6056703840587,5962.986104221234,5127.380433837176,4883.88791431944,38.98775315510176,,
8-385,VOICE_ASSISTANT,169.2858536553419,2.0,150,CloudNode,1681,1.0,12000.0,753.6538057702546,5964.235154022865,5210.58134825261,4940.657914253291,7.053577235639246,,
1-454,GPS_TRACKING,834.5048686705475,0.2,200,CloudNode,2139,1.0,12000.0,915.6415585111287,5964.821611068222,5049.180052557093,4893.452044704649,34.77103619460614,,
0-412,VOICE_ASSISTANT,442.10584132587917,2.0,150,CloudNode,1723,1.0,12000.0,776.6261765944344,5971.83090892904,5195.204732334605,4928.618442531185,18.421076721911632,,
3-458,E_COMMERCE_TRANSACTION,677.5654108048561,0.5,300,CloudNode,2093,1.0,12000.0,903.3378275934821,5972.933784132172,5069.59595653869,4912.500298615846,28.231892116869005,,
1-435,E_COMMERCE_TRANSACTION,311.840428015597,0.5,300,CloudNode,2034,1.0,12000.0,883.5119937676047,5973.419954145274,5089.907960377669,4940.088855643956,12.993351167316543,,
8-447,SENSOR_DATA_LOGGING,841.6740450345849,0.1,10000,CloudNode,2024,1.0,12000.0,881.1754655240917,5974.3777738251765,5093.2023083010845,4902.021503667496,35.06975187644103,,
5-467,GPS_TRACKING,779.4157851092472,0.2,200,CloudNode,2170,1.0,12000.0,926.3618703647969,5978.671370706763,5052.309500341966,4910.15494606613,32.475657712885294,,
7-413,HEALTH_MONITORING,643.0793776552899,1.0,100,CloudNode,1931,1.0,12000.0,850.8085802322006,5980.412634156917,5129.604053924717,4921.538182918526,26.794974068970415,,
6-475,SENSOR_DATA_LOGGING,753.446391002141,0.1,10000,CloudNode,2155,1.0,12000.0,921.8923236374926,5980.66117146689,5058.768847829397,4913.755920902438,31.393599625089212,,
2-479,GPS_TRACKING,613.33567898037,0.2,200,CloudNode,2041,1.0,12000.0,886.3554161107111,5980.727421161744,5094.372005051033,4923.327677798707,25.55565329084875,,
8-449,GPS_TRACKING,548.3747172984936,0.2,200,CloudNode,2038,1.0,12000.0,884.4271248945515,5981.888996507791,5097.461871613239,4929.69070141647,22.8489465541039,,
4-397,HEALTH_MONITORING,128.04312618491036,1.0,100,CloudNode,1948,1.0,12000.0,855.6166131930529,5982.501169444449,5126.884556251396,4959.138000814934,5.3351302577045985,,
8-429,HEALTH_MONITORING,450.503212223983,1.0,100,CloudNode,1909,1.0,12000.0,844.0642749560723,5985.55784242854,5141.493567472468,4940.362987678758,18.770967175999292,,
4-393,HEALTH_MONITORING,74.79274076409067,1.0,100,CloudNode,1932,1.0,12000.0,850.9161569179769,5986.645362553924,5135.729205635947,4966.41191977344,3.1163641985037778,,
5-468,SENSOR_DATA_LOGGING,449.24275000694564,0.1,10000,CloudNode,2175,1.0,12000.0,927.6944786957705,5988.394716480055,5060.700237784285,4941.052763878548,18.71844791695607,,
4-430,GPS_TRACKING,526.6179277244576,0.2,200,CloudNode,2156,1.0,12000.0,922.7058351227582,5988.475423513965,5065.769588391207,4937.476237507679,21.94241365518573,,
3-435,HEALTH_MONITORING,474.86804376219544,1.0,100,CloudNode,1960,1.0,12000.0,859.6632938414785,5988.57081862508,5128.907524783602,4940.305395037389,19.786168490091477,,
6-477,VIDEO_SURVEILLANCE,436.3766653407622,60.0,800,FogNode_7,62,1.0,1727.0272900361456,923.4742185603415,5990.54263753585,5067.068418975508,0.0,29.908855210510136,,
9-435,SENSOR_DATA_LOGGING,785.5274421122517,0.1,10000,CloudNode,2082,1.0,12000.0,900.7869136422655,5991.179733421686,5090.392819779421,4921.200518232489,32.730310088010484,,
4-404,E_COMMERCE_TRANSACTION,444.288026715439,0.5,300,CloudNode,1997,1.0,12000.0,869.3793418136058,5991.513277637687,5122.133935824081,4943.51968647026,18.51200111314329,,
9-484,VIDEO_SURVEILLANCE,411.5105794999723,60.0,800,FogNode_3,93,1.0,1899.4436001125757,962.2995961926504,5992.615275837462,5030.315679644811,0.0,19.537653058324228,,
6-459,GPS_TRACKING,876.0035313981444,0.2,200,CloudNode,2056,1.0,12000.0,890.2894525264968,5994.505224310057,5104.215771783561,4917.109941249194,36.50014714158935,,
5-471,SENSOR_DATA_LOGGING,372.61008908194384,0.1,10000,CloudNode,2198,1.0,12000.0,935.3111231021498,5995.285994779693,5059.974871677543,4951.876189570726,15.525420378414328,,
2-483,SENSOR_DATA_LOGGING,514.82275243247,0.1,10000,CloudNode,2066,1.0,12000.0,894.0587797857467,5996.106852714156,5102.048072928409,4942.261048022129,21.450948018019584,,
6-397,VOICE_ASSISTANT,724.6987456193989,2.0,150,CloudNode,1700,1.0,12000.0,763.7103933144839,5996.461436233007,5232.751042918523,4929.611869736344,30.195781067474954,,
0-443,HEALTH_MONITORING,429.88763735142,1.0,100,CloudNode,1843,1.0,12000.0,821.5604291779439,6000.6455808475075,5179.085151669564,4952.443178955002,17.9119848896425,,
6-429,HEALTH_MONITORING,207.81214106576135,1.0,100,CloudNode,1879,1.0,12000.0,833.6582431915144,6002.875520850687,5169.217277659172,4969.435950095346,8.65883921107339,,
0-422,VOICE_ASSISTANT,604.0703520902292,2.0,150,CloudNode,1750,1.0,12000.0,788.2038696184541,6003.016661806471,5214.812792188017,4941.775022237892,25.16959800375955,,
8-421,HEALTH_MONITORING,80.59745620894769,1.0,100,CloudNode,1869,1.0,12000.0,830.9248606988949,6003.177890917085,5172.25303021819,4977.551267080145,3.3582273420394873,,
1-466,SMART_HOME_CONTROL,347.10384681499465,0.1,150,CloudNode,2219,1.0,12000.0,940.6316038466792,6011.426490012365,5070.794886165686,4966.934723032873,14.462660283958112,,
2-499,SMART_HOME_CONTROL,458.4394824913759,0.1,150,CloudNode,2163,1.0,12000.0,924.1363960978888,6011.623244352888,5087.486848254999,4959.971730104722,19.10164510380733,,
0-447,HEALTH_MONITORING,366.15853377797646,1.0,100,CloudNode,1856,1.0,12000.0,827.295208008143,6012.402207655955,5185.106999647812,4966.771924858943,15.256605574082352,,
3-457,E_COMMERCE_TRANSACTION,390.23247013108823,0.5,300,CloudNode,2086,1.0,12000.0,901.9087163461434,6013.180543977814,5111.27182763167,4966.371423686471,16.259686255462007,,
1-430,HEALTH_MONITORING,331.44095253275407,1.0,100,CloudNode,1996,1.0,12000.0,868.9404798983915,6016.0147958577845,5147.074315959393,4971.14812098077,13.810039688864753,,
9-460,SENSOR_DATA_LOGGING,258.9535446336381,0.1,10000,CloudNode,2192,1.0,12000.0,933.0733691317035,6016.08468636286,5083.011317231157,4976.675317830774,10.789731026401588,,
3-449,HEALTH_MONITORING,64.82573055872336,1.0,100,CloudNode,2024,1.0,12000.0,881.0319239547551,6017.025388566115,5135.99346461136,4990.621614709586,2.7010721066134735,,
7-421,HEALTH_MONITORING,368.03839305739206,1.0,100,CloudNode,1961,1.0,12000.0,860.2747370039652,6017.31522864204,5157.040491638075,4969.944242363168,15.334933044058003,,
2-414,VOICE_ASSISTANT,390.79806297785285,2.0,150,CloudNode,1690,1.0,12000.0,758.7790877909162,6023.746238669841,5264.967150878924,4973.5954492133205,16.2832526240772,,
3-415,HEALTH_MONITORING,531.0257552148619,1.0,100,CloudNode,1849,1.0,12000.0,823.7040888033546,6024.979567429649,5201.275478626295,4966.347037070553,22.126073133952577,,
8-442,HEALTH_MONITORING,775.79066318307,1.0,100,CloudNode,1975,1.0,12000.0,863.1811187462835,6027.635326153157,5164.454207406873,4951.280009492711,32.32461096596125,,
4-399,HEALTH_MONITORING,312.28336596002686,1.0,100,CloudNode,1972,1.0,12000.0,862.3861055905134,6028.89913468069,5166.513029090176,4983.543593744177,13.011806915001118,,
3-476,SENSOR_DATA_LOGGING,474.83482190163016,0.1,10000,CloudNode,2257,1.0,12000.0,952.0452321210042,6031.08284612949,5079.037614008485,4973.815206178877,19.784784245901257,,
1-419,HEALTH_MONITORING,827.9970560560877,1.0,100,CloudNode,1905,1.0,12000.0,843.2152575184102,6031.7648629691785,5188.5496054507685,4951.381867547191,34.49987733567032,,
2-484,GPS_TRACKING,701.4038805705496,0.2,200,CloudNode,2072,1.0,12000.0,895.6240641847801,6032.828097206056,5137.204033021276,4960.671722892034,29.22516169043957,,
1-428,HEALTH_MONITORING,919.4277109954854,1.0,100,CloudNode,1983,1.0,12000.0,865.0601480945718,6033.40896394785,5168.348815853278,4945.742344240177,38.309487958145226,,
9-415,HEALTH_MONITORING,403.8393336204676,1.0,100,CloudNode,1931,1.0,12000.0,850.3838592849739,6046.05548545766,5195.671626172686,4991.099860418392,16.826638900852817,,
8-445,E_COMMERCE_TRANSACTION,646.2781079094565,0.5,300,CloudNode,2014,1.0,12000.0,874.6381734189094,6049.963361706611,5175.325188287701,4977.981735815586,26.928254496227353,,
9-434,GPS_TRACKING,421.5221692699939,0.2,200,CloudNode,2078,1.0,12000.0,898.8226504254343,6051.211533802027,5152.388883376592,4994.677336913508,17.563423719583078,,
1-388,VOICE_ASSISTANT,231.34894443259904,2.0,150,CloudNode,1725,1.0,12000.0,778.2709300159293,6052.107175908773,5273.836245892843,5008.182115969654,9.639539351358295,,
7-453,SENSOR_DATA_LOGGING,766.7719639402445,0.1,10000,CloudNode,2133,1.0,12000.0,912.5382273429615,6052.4684822867675,5139.930254943806,4971.158481152204,31.948831830843524,,
9-454,SMART_HOME_CONTROL,886.5009994786778,0.1,150,CloudNode,2160,1.0,12000.0,923.2037815569008,6052.546453996652,5129.342672439751,4964.6896936771645,36.93754164494491,,
8-479,SENSOR_DATA_LOGGING,983.4442570202663,0.1,10000,CloudNode,2241,1.0,12000.0,947.3770903048713,6054.887472217194,5107.510381912322,4960.077332328555,40.9768440425111,,
4-435,SENSOR_DATA_LOGGING,670.4895420471076,0.1,10000,CloudNode,2192,1.0,12000.0,932.9320152022204,6056.519709351433,5123.587694149213,4981.561774919214,27.93706425196282,,
9-456,SENSOR_DATA_LOGGING,785.7260471680427,0.1,10000,CloudNode,2172,1.0,12000.0,927.1138014847794,6060.76316537703,5133.649363892251,4977.2637843391185,32.73858529866845,,
0-452,HEALTH_MONITORING,368.6694400467539,1.0,100,CloudNode,1871,1.0,12000.0,831.6308286377438,6061.805299466719,5230.174470828975,5006.725442568564,15.361226668614746,,
2-474,E_COMMERCE_TRANSACTION,607.3927325875826,0.5,300,CloudNode,2021,1.0,12000.0,876.2981901473125,6062.04255106133,5185.744360914018,4990.778683058732,25.308030524482607,,
6-474,GPS_TRACKING,578.8933633758413,0.2,200,CloudNode,2150,1.0,12000.0,920.6753456246105,6065.266502180769,5144.591156556158,4995.274138929297,24.12055680732672,,
6-446,E_COMMERCE_TRANSACTION,934.3971413955147,0.5,300,CloudNode,2006,1.0,12000.0,870.6637734964511,6066.341851963592,5195.678078467141,4971.1763543255565,38.93321422481311,,
5-465,GPS_TRACKING,633.385739095145,0.2,200,CloudNode,2156,1.0,12000.0,921.5091525756457,6068.79694078238,5147.287788206735,4994.617952849786,26.391072462297707,,
5-464,SENSOR_DATA_LOGGING,453.23069291513013,0.1,10000,CloudNode,2143,1.0,12000.0,918.0490854319834,6071.178188357444,5153.129102925461,5008.664967452258,18.884612204797087,,
4-457,VIDEO_SURVEILLANCE,560.3516985361255,60.0,800,FogNode_3,93,1.0,1899.4436001125757,966.4185363463599,6075.544082489406,5109.1255461430455,0.0,26.604314984913387,,
8-474,SMART_HOME_CONTROL,885.6668993992058,0.1,150,CloudNode,2227,1.0,12000.0,942.6061081567176,6076.822236756405,5134.216128599687,4983.188483376637,36.902787474966914,,
9-463,GPS_TRACKING,550.0259628624868,0.2,200,CloudNode,2193,1.0,12000.0,934.0605044472559,6077.6003598743855,5143.53985542713,5007.238874009088,22.917748452603618,,
5-481,SENSOR_DATA_LOGGING,601.5467344308726,0.1,10000,CloudNode,2267,1.0,12000.0,954.3101866649233,6077.764220689062,5123.454034024139,5004.744386276927,25.064447267953025,,
4-425,SMART_HOME_CONTROL,964.4198035744971,0.1,150,CloudNode,2117,1.0,12000.0,908.816458795345,6083.546207881626,5174.729749086281,4983.023184945098,40.18415848227071,,
2-500,SMART_HOME_CONTROL,749.8899596028025,0.1,150,CloudNode,2170,1.0,12000.0,926.1594702425673,6086.237068636741,5160.077598394174,5001.346198658657,31.245414983450104,,
4-438,SMART_HOME_CONTROL,898.8869661175098,0.1,150,CloudNode,2232,1.0,12000.0,943.3618574861366,6088.087791154273,5144.725933668136,4991.877601484931,37.453623588229576,,
9-459,GPS_TRACKING,429.64826589041223,0.2,200,CloudNode,2191,1.0,12000.0,932.6627123871068,6088.350476154187,5155.6877637670805,5026.907046283963,17.902011078767174,,
9-437,E_COMMERCE_TRANSACTION,451.2036944378303,0.5,300,CloudNode,2096,1.0,12000.0,903.7643566025941,6088.811841671846,5185.047485069252,5025.769958959345,18.800153934909595,,
1-376,VOICE_ASSISTANT,860.9961548753611,2.0,150,CloudNode,1677,1.0,12000.0,751.8921165927717,6089.064908214987,5337.172791622215,4995.232233223305,35.87483978647338,,
3-469,GPS_TRACKING,322.26339405488545,0.2,200,CloudNode,2205,1.0,12000.0,936.3081026560519,6095.652223620287,5159.344120964235,5040.820006314216,13.42764141895356,,
8-477,GPS_TRACKING,381.55516331310673,0.2,200,CloudNode,2239,1.0,12000.0,946.1437239985993,6097.062765790194,5150.919041791595,5037.819404626187,15.898131804712781,,
7-443,HEALTH_MONITORING,118.35789235286295,1.0,100,CloudNode,2059,1.0,12000.0,891.5044572992788,6098.213633850259,5206.7091765509795,5058.076062795297,4.931578848035956,,
3-440,HEALTH_MONITORING,384.2325425033381,1.0,100,CloudNode,1996,1.0,12000.0,868.4366903482328,6098.361230505537,5229.924540157304,5038.64796351469,16.009689270972423,,
3-429,HEALTH_MONITORING,908.15278193828,1.0,100,CloudNode,1924,1.0,12000.0,848.8670449783767,6100.6589659245055,5251.791920946129,5002.102924578852,37.839699247428335,,
5-473,GPS_TRACKING,471.6404529953516,0.2,200,CloudNode,2222,1.0,12000.0,941.5705671052832,6101.345922144276,5159.775355038993,5035.192072566076,19.651685541472983,,
3-448,HEALTH_MONITORING,297.4317689233395,1.0,100,CloudNode,2022,1.0,12000.0,877.8796798646866,6101.6082175000165,5223.72853763533,5048.5678599138255,12.392990371805814,,
1-460,SENSOR_DATA_LOGGING,195.48738434495465,0.1,10000,CloudNode,2187,1.0,12000.0,931.3221580851975,6102.527683998821,5171.205525913623,5056.769031547688,8.145307681039778,,
9-465,SMART_HOME_CONTROL,605.4719924615284,0.1,150,CloudNode,2217,1.0,12000.0,940.4018703291564,6102.563175280567,5162.16130495141,5026.575765725992,25.227999685897018,,
4-433,GPS_TRACKING,887.8151934942423,0.2,200,CloudNode,2189,1.0,12000.0,931.6403230876081,6102.883734138543,5171.243411050935,5004.930031267862,36.99229972892677,,
3-427,HEALTH_MONITORING,640.0245210162692,1.0,100,CloudNode,1917,1.0,12000.0,847.2851621440282,6103.2987384579665,5256.013576313939,5025.068663502659,26.667688375677884,,
3-473,SENSOR_DATA_LOGGING,318.9702338693934,0.1,10000,CloudNode,2236,1.0,12000.0,945.0171442219463,6104.181212696835,5159.164068474889,5048.609746751243,13.290426411224724,,
4-429,E_COMMERCE_TRANSACTION,522.4797113636802,0.5,300,CloudNode,2139,1.0,12000.0,915.4385183325988,6104.303141324004,5188.864622991406,5034.466611890951,21.769987973486675,,
9-441,GPS_TRACKING,271.54391887146755,0.2,200,CloudNode,2113,1.0,12000.0,907.3890447481888,6111.440501577802,5204.051456829613,5058.232299062283,11.314329952977815,,
6-480,GPS_TRACKING,563.4552550377583,0.2,200,CloudNode,2205,1.0,12000.0,936.3894410270447,6118.132792943924,5181.743351916879,5042.962159833226,23.47730229323993,,
9-474,SENSOR_DATA_LOGGING,486.97782608656104,0.1,10000,CloudNode,2255,1.0,12000.0,951.4029230653936,6118.345706196275,5166.942783130882,5048.479472615354,20.290742753606708,,
3-462,GPS_TRACKING,376.99330288704607,0.2,200,CloudNode,2144,1.0,12000.0,918.5924599247173,6119.503899728194,5200.911439803476,5058.283102109502,15.708054286960254,,
2-509,GPS_TRACKING,694.2236028578379,0.2,200,CloudNode,2236,1.0,12000.0,945.0884536762323,6119.657266371539,5174.568812695306,5035.276897115718,28.925983452409913,,
4-437,SENSOR_DATA_LOGGING,434.83462039564984,0.1,10000,CloudNode,2210,1.0,12000.0,937.6611219891721,6119.782426247931,5182.121304258759,5054.1208521867575,18.11810918315208,,
2-497,GPS_TRACKING,904.2309080915682,0.2,200,CloudNode,2156,1.0,12000.0,922.5591397387087,6121.408061131958,5198.848921393249,5021.26972030592,37.67628783714867,,
7-446,E_COMMERCE_TRANSACTION,780.5521470935477,0.5,300,CloudNode,2072,1.0,12000.0,896.7539977427565,6121.5657216092295,5224.811723866473,5030.449338647028,32.52300612889782,,
6-450,HEALTH_MONITORING,235.41919066549525,1.0,100,CloudNode,2011,1.0,12000.0,872.9744526256325,6122.502000027334,5249.527547401702,5068.5683426122805,9.809132944395635,,
3-475,GPS_TRACKING,841.3523606097926,0.2,200,CloudNode,2243,1.0,12000.0,948.1171776005722,6122.58117900425,5174.464001403678,5026.91564957275,35.05634835874136,,
7-464,SMART_HOME_CONTROL,846.2473586346044,0.1,150,CloudNode,2204,1.0,12000.0,936.1345463701773,6125.408085436745,5189.2735390665675,5028.952968374401,35.260306609775185,,
4-418,E_COMMERCE_TRANSACTION,502.86985649332576,0.5,300,CloudNode,2082,1.0,12000.0,901.2803185715675,6130.97072958943,5229.690411017863,5058.215999159449,20.952910687221905,,
8-472,GPS_TRACKING,434.13009204599734,0.2,200,CloudNode,2193,1.0,12000.0,933.8084686167097,6136.836473595005,5203.028004978296,5067.448003414168,18.08875383524989,,
8-415,VOICE_ASSISTANT,235.42153563876138,2.0,150,CloudNode,1823,1.0,12000.0,814.8327628256549,6139.122361031424,5324.289598205769,5081.368799419605,9.809230651615058,,
6-422,VOICE_ASSISTANT,269.6448375784167,2.0,150,CloudNode,1812,1.0,12000.0,810.5042276628509,6142.127669503074,5331.623441840223,5081.3265288234,11.235201565767362,,
1-386,VOICE_ASSISTANT,572.3121142386958,2.0,150,CloudNode,1715,1.0,12000.0,771.540368180722,6143.344899806845,5371.804531626123,5064.609191335478,23.846338093278995,,
3-467,SMART_HOME_CONTROL,234.27163184748164,0.1,150,CloudNode,2190,1.0,12000.0,931.8702801760013,6144.930721424035,5213.060441248034,5084.959850982379,9.761317993645068,,
0-478,E_COMMERCE_TRANSACTION,693.0553555217496,0.5,300,CloudNode,2059,1.0,12000.0,891.3368542738854,6154.81737875034,5263.480524476455,5065.838919296206,28.8773064800729,,
1-449,E_COMMERCE_TRANSACTION,663.8538371209606,0.5,300,CloudNode,2114,1.0,12000.0,907.9362163881045,6156.92937059343,5248.9931542053255,5068.353647255419,27.660576546706693,,
0-479,E_COMMERCE_TRANSACTION,516.5724272917257,0.5,300,CloudNode,2060,1.0,12000.0,891.7566106681234,6161.180495218235,5269.423884550111,5080.363272514304,21.523851137155237,,
9-464,GPS_TRACKING,774.2798566696578,0.2,200,CloudNode,2211,1.0,12000.0,939.637181973472,6162.736955239397,5223.099773265924,5066.767607195808,32.26166069456907,,
7-467,GPS_TRACKING,701.458621141271,0.2,200,CloudNode,2254,1.0,12000.0,951.0408059371725,6162.75802641911,5211.717220481938,5067.9663567064645,29.227442547552958,,
0-494,SMART_HOME_CONTROL,526.2313128261783,0.1,150,CloudNode,2241,1.0,12000.0,947.9091589831858,6165.418331011411,5217.509172028225,5082.224917429783,21.926304701090764,,
9-377,VOICE_ASSISTANT,350.0346879745128,2.0,150,CloudNode,1723,1.0,12000.0,775.6702633450748,6166.006030926214,5390.335767581139,5095.986491752318,14.5847786656047,,
2-513,SENSOR_DATA_LOGGING,762.6543803265888,0.1,10000,CloudNode,2285,1.0,12000.0,960.5734077562338,6166.117706974449,5205.544299218215,5068.317054322824,31.777265846941205,,
0-427,VOICE_ASSISTANT,317.5469016677891,2.0,150,CloudNode,1781,1.0,12000.0,798.3220558467265,6169.807141612494,5371.4850857657675,5102.10883742126,13.231120902824545,,
5-387,VOICE_ASSISTANT,644.9540271617867,2.0,150,CloudNode,1723,1.0,12000.0,776.5634948284537,6172.091875126424,5395.52838029797,5080.25101500878,26.873084465074445,,
9-432,HEALTH_MONITORING,124.57123532095737,1.0,100,CloudNode,2059,1.0,12000.0,891.3842372468089,6173.117891516143,5281.733654269334,5120.568947615739,5.190468138373224,,
5-485,SENSOR_DATA_LOGGING,643.1829241329004,0.1,10000,CloudNode,2272,1.0,12000.0,955.7092310527203,6173.381003259005,5217.671772206285,5081.205882180554,26.79928850553752,,
6-457,HEALTH_MONITORING,863.940739895443,1.0,100,CloudNode,2046,1.0,12000.0,886.9907530060973,6176.176274354789,5289.1855213486915,5068.372263396886,35.99753082897679,,
9-383,VOICE_ASSISTANT,379.6091749135828,2.0,150,CloudNode,1738,1.0,12000.0,782.7502062137278,6176.5648193335,5393.814613119772,5103.572746705371,15.817048954732616,,
9-475,SENSOR_DATA_LOGGING,908.8048317589455,0.1,10000,CloudNode,2258,1.0,12000.0,952.543427082751,6177.079658124188,5224.5362310414375,5068.109711128731,37.86686798995606,,
7-463,SMART_HOME_CONTROL,661.8564326979656,0.1,150,CloudNode,2188,1.0,12000.0,931.5956384385883,6177.735881729081,5246.140243290492,5082.3206433673495,27.577351362415232,,
8-443,HEALTH_MONITORING,959.0359781109192,1.0,100,CloudNode,1991,1.0,12000.0,867.1142599280465,6178.2808953481135,5311.166635420067,5065.30002496259,39.959832421288304,,
1-471,SMART_HOME_CONTROL,910.6294086488921,0.1,150,CloudNode,2285,1.0,12000.0,959.991077562041,6179.1845225120405,5219.1934449499995,5068.056461211021,37.94289202703717,,
1-459,SENSOR_DATA_LOGGING,941.0189419505153,0.1,10000,CloudNode,2176,1.0,12000.0,928.3727042426463,6180.945929161364,5252.573224918718,5069.257738164005,39.20912258127147,,
7-451,E_COMMERCE_TRANSACTION,846.5509442057519,0.5,300,CloudNode,2133,1.0,12000.0,912.1679174064893,6181.986413594948,5269.818496188459,5074.847137021595,35.272956008573,,
9-490,SMART_HOME_CONTROL,764.519531379629,0.1,150,CloudNode,2297,1.0,12000.0,968.5271404599873,6186.211960975636,5217.684820515649,5082.879490059462,31.85498047415121,,
7-445,HEALTH_MONITORING,177.30137157226105,1.0,100,CloudNode,2072,1.0,12000.0,896.7061587138637,6186.866989424113,5290.160830710249,5127.930040728175,7.387557148844211,,
5-443,HEALTH_MONITORING,162.79850264082344,1.0,100,CloudNode,1997,1.0,12000.0,869.4336963389783,6186.947545145741,5317.513848806762,5128.34112756984,6.7832709433676435,,
3-397,VOICE_ASSISTANT,422.29567259850126,2.0,150,CloudNode,1735,1.0,12000.0,781.6783579779984,6190.008684800216,5408.330326822217,5113.2491273314845,17.59565302493755,,
3-460,E_COMMERCE_TRANSACTION,417.0686288235651,0.5,300,CloudNode,2143,1.0,12000.0,917.9911405865485,6191.68508966206,5273.693949075511,5115.346016349287,17.377859534315213,,
9-462,SMART_HOME_CONTROL,631.920115974987,0.1,150,CloudNode,2193,1.0,12000.0,933.5864066954255,6194.787679167656,5261.201272472231,5100.963664165051,26.330004832291124,,
2-473,HEALTH_MONITORING,699.9974352931998,1.0,100,CloudNode,2021,1.0,12000.0,875.6117091465902,6197.455480639191,5321.8437714926,5098.244156861112,29.166559803883327,,
7-390,VOICE_ASSISTANT,913.113594876212,2.0,150,CloudNode,1788,1.0,12000.0,800.182563678024,6197.500860704976,5397.318297026952,5082.701746655176,38.04639978650883,,
8-457,E_COMMERCE_TRANSACTION,270.86888174488575,0.5,300,CloudNode,2104,1.0,12000.0,904.8842787091654,6199.652064936262,5294.767786227097,5130.786099039598,11.286203406036908,,
9-444,E_COMMERCE_TRANSACTION,305.7037373661707,0.5,300,CloudNode,2122,1.0,12000.0,910.4059979156177,6201.651585801969,5291.245587886351,5130.763048694134,12.737655723590445,,
3-470,SENSOR_DATA_LOGGING,287.5911443434155,0.1,10000,CloudNode,2209,1.0,12000.0,938.3515291125606,6205.952342290233,5267.6008131776725,5133.265799852149,11.982964347642312,,
0-484,GPS_TRACKING,902.7375761075123,0.2,200,CloudNode,2149,1.0,12000.0,920.1968899893433,6206.198860931723,5286.00197094238,5090.472754886809,37.61406567114634,,
0-445,VOICE_ASSISTANT,368.5756899719931,2.0,150,CloudNode,1851,1.0,12000.0,824.8595541367861,6208.995536179113,5384.135982042327,5130.954270062279,15.357320415499712,,
4-442,GPS_TRACKING,523.026551152127,0.2,200,CloudNode,2259,1.0,12000.0,952.8176947419455,6209.703252903793,5256.885558161848,5122.90414601048,21.792772964671958,,
5-401,VOICE_ASSISTANT,239.18469839603353,2.0,150,CloudNode,1760,1.0,12000.0,791.3908796618484,6226.130919131393,5434.740039469545,5154.434511605424,9.96602909983473,,
5-469,SENSOR_DATA_LOGGING,328.1155511810101,0.1,10000,CloudNode,2191,1.0,12000.0,932.1461861101216,6226.995027534679,5294.848841424558,5148.639000820922,13.671481299208754,,
7-461,SENSOR_DATA_LOGGING,793.9280449246211,0.1,10000,CloudNode,2177,1.0,12000.0,928.7479623430589,6227.34116562862,5298.593203285561,5119.014277003223,33.08033520519255,,
7-437,HEALTH_MONITORING,570.3947790142311,1.0,100,CloudNode,2022,1.0,12000.0,879.1022561369361,6228.478827412549,5349.376571275613,5132.616107891551,23.766449125592963,,
4-446,SENSOR_DATA_LOGGING,757.803672178007,0.1,10000,CloudNode,2283,1.0,12000.0,958.9816855937443,6228.568637026246,5269.586951432501,5122.742154844209,31.575153007416958,,
7-433,HEALTH_MONITORING,641.4573373262039,1.0,100,CloudNode,2021,1.0,12000.0,875.8561167982887,6230.019597444017,5354.163480645728,5131.108230370864,26.72738905525849,,
2-505,SENSOR_DATA_LOGGING,341.2149787930237,0.1,10000,CloudNode,2227,1.0,12000.0,942.7073219641371,6230.086167368055,5287.378845403918,5150.421123537665,14.217290783042653,,
2-478,HEALTH_MONITORING,523.4614220291712,1.0,100,CloudNode,2039,1.0,12000.0,884.800512268175,6233.630469969313,5348.829957701138,5139.675008921551,21.8108925845488,,
8-416,VOICE_ASSISTANT,309.7834326364654,2.0,150,CloudNode,1829,1.0,12000.0,816.7110263471358,6234.810822232152,5418.099795885016,5157.016873301753,12.907643026519393,,
0-492,E_COMMERCE_TRANSACTION,499.1873353290283,0.5,300,CloudNode,2210,1.0,12000.0,939.5906048520204,6236.386623778409,5296.796018926389,5143.984687641662,20.799472305376177,,
9-467,GPS_TRACKING,766.9440707939865,0.2,200,CloudNode,2220,1.0,12000.0,941.4025435119117,6237.029897415641,5295.627353903729,5128.367906062025,31.956002949749436,,
2-507,SENSOR_DATA_LOGGING,819.5918276403413,0.1,10000,CloudNode,2232,1.0,12000.0,943.3440062640628,6238.106460582522,5294.762454318459,5126.448823712939,34.14965948501422,,
1-463,GPS_TRACKING,738.5097079237305,0.2,200,CloudNode,2195,1.0,12000.0,934.3743647395829,6239.278357389391,5304.903992649808,5131.165202164469,30.77123783015544,,
7-402,VOICE_ASSISTANT,687.0596813013715,2.0,150,CloudNode,1854,1.0,12000.0,826.931928240129,6244.121962865894,5417.190034625764,5137.279819454802,28.62748672089048,,
7-460,GPS_TRACKING,987.8738215051543,0.2,200,CloudNode,2173,1.0,12000.0,927.4184423784427,6245.080844877873,5317.66240249943,5120.154116617097,41.16140922938143,,
5-456,HEALTH_MONITORING,807.2758412763285,1.0,100,CloudNode,2080,1.0,12000.0,899.6525382297832,6246.457509285068,5346.804971055285,5131.744976609472,33.636493386513685,,
3-443,HEALTH_MONITORING,974.8335257829764,1.0,100,CloudNode,2007,1.0,12000.0,871.3891015496205,6247.242158074796,5375.853056525176,5122.85102047674,40.61806357429068,,
0-495,GPS_TRACKING,673.7503756286554,0.2,200,CloudNode,2255,1.0,12000.0,951.9569924359668,6253.646725340697,5301.689732904731,5146.556251718537,28.07293231786064,,
2-506,SMART_HOME_CONTROL,363.5016455966404,0.1,150,CloudNode,2227,1.0,12000.0,942.7117557677338,6257.6329694283395,5314.921213660606,5173.833222239061,15.145901899860016,,
9-431,HEALTH_MONITORING,786.1739795342753,1.0,100,CloudNode,2057,1.0,12000.0,890.5410238117117,6262.969978933714,5372.428955122002,5146.647846627673,32.75724914726147,,
4-439,SMART_HOME_CONTROL,351.07724444873554,0.1,150,CloudNode,2241,1.0,12000.0,947.5637879427832,6265.643060815803,5318.07927287302,5181.026988357402,14.628218518697315,,
2-514,GPS_TRACKING,896.1040752389456,0.2,200,CloudNode,2286,1.0,12000.0,963.7876954837083,6266.360429265305,5302.572733781597,5140.89161718152,37.33766980162273,,
1-400,VOICE_ASSISTANT,978.7482851468707,2.0,150,CloudNode,1770,1.0,12000.0,796.127735732455,6267.774318071209,5471.646582338753,5137.469420919704,40.781178547786276,,
9-473,SMART_HOME_CONTROL,983.503154520524,0.1,150,CloudNode,2250,1.0,12000.0,949.5136647213079,6268.906141355785,5319.392476634477,5137.080324541751,40.97929810502183,,
2-433,VOICE_ASSISTANT,291.4387278436204,2.0,150,CloudNode,1760,1.0,12000.0,792.6397427320774,6271.528718728431,5478.888975996354,5189.537849242699,12.143280326817518,,
0-448,VOICE_ASSISTANT,522.6406979761905,2.0,150,CloudNode,1863,1.0,12000.0,828.4656263511731,6272.122028524262,5443.656402173088,5174.501425839922,21.77669574900794,,
5-470,GPS_TRACKING,402.7873569537785,0.2,200,CloudNode,2191,1.0,12000.0,932.8820915310363,6278.646457957354,5345.764366426318,5188.022621086561,16.782806539740772,,
7-404,VOICE_ASSISTANT,639.8319622677607,2.0,150,CloudNode,1855,1.0,12000.0,827.2523191675086,6281.798157601529,5454.54583843402,5174.43434353098,26.65966509449003,,
5-454,HEALTH_MONITORING,380.4227020095156,1.0,100,CloudNode,2073,1.0,12000.0,895.8248886063714,6285.348617174824,5389.5237285684525,5195.786297229067,15.85094591706315,,
9-488,SENSOR_DATA_LOGGING,958.026293010481,0.1,10000,CloudNode,2289,1.0,12000.0,965.6109516718763,6285.787866707773,5320.176915035897,5154.6713819010765,39.91776220877004,,
0-506,SENSOR_DATA_LOGGING,677.2222475486626,0.1,10000,CloudNode,2340,1.0,12000.0,980.6551074905989,6286.454784739739,5305.79967724914,5175.316686553529,28.21759364786094,,
2-437,VOICE_ASSISTANT,294.43333680032424,2.0,150,CloudNode,1802,1.0,12000.0,804.2007358928355,6287.506090333741,5483.305354440905,5204.716991670698,12.26805570001351,,
9-486,SENSOR_DATA_LOGGING,977.1459664733452,0.1,10000,CloudNode,2288,1.0,12000.0,963.38688598089,6291.132083443239,5327.745197462349,5157.069433498098,40.714415269722714,,
9-485,GPS_TRACKING,791.3343851066904,0.2,200,CloudNode,2289,1.0,12000.0,962.8236946658831,6296.030699460279,5333.207004794396,5175.162408321666,32.972266046112104,,
9-496,SMART_HOME_CONTROL,829.3918748149454,0.1,150,CloudNode,2339,1.0,12000.0,980.2354048949251,6296.111017102591,5315.875612207667,5173.725116158864,34.557994783956055,,
8-489,SENSOR_DATA_LOGGING,740.851522575028,0.1,10000,CloudNode,2313,1.0,12000.0,972.9162648649693,6296.548449113404,5323.632184248435,5179.460948239635,30.868813440626166,,
1-458,E_COMMERCE_TRANSACTION,405.35020576005934,0.5,300,CloudNode,2172,1.0,12000.0,927.2562728671963,6299.4222446291415,5372.165971761945,5207.297015381783,16.88959190666914,,
7-474,SENSOR_DATA_LOGGING,736.5209140841295,0.1,10000,CloudNode,2289,1.0,12000.0,965.4371415889208,6299.483203422867,5334.046061833946,5182.555758912252,30.68837142017206,,
8-405,VOICE_ASSISTANT,909.0355984883956,2.0,150,CloudNode,1746,1.0,12000.0,786.6368846023765,6301.883885672093,5515.247001069716,5172.943600778055,37.87648327034982,,
6-483,SENSOR_DATA_LOGGING,760.9231659759687,0.1,10000,CloudNode,2224,1.0,12000.0,941.8702645825427,6302.688621220722,5360.8183566381795,5183.093371726864,31.705131915665362,,
0-501,GPS_TRACKING,669.0531180259304,0.2,200,CloudNode,2284,1.0,12000.0,959.3281436332468,6313.3873959305,5354.059252297253,5199.397591096846,27.877213251080434,,
7-470,GPS_TRACKING,858.4710165641138,0.2,200,CloudNode,2262,1.0,12000.0,953.5745405707386,6315.661214246236,5362.086673675498,5187.2082989759465,35.76962569017141,,
9-386,VOICE_ASSISTANT,987.0046632574849,2.0,150,CloudNode,1767,1.0,12000.0,795.107706572901,6315.8808585741035,5520.773152001202,5178.624128214349,41.1251943023952,,
7-478,SENSOR_DATA_LOGGING,239.1413932423378,0.1,10000,CloudNode,2330,1.0,12000.0,978.059028431098,6316.039466539452,5337.980438108354,5234.289804347271,9.964224718430742,,
6-469,E_COMMERCE_TRANSACTION,957.4445407070306,0.5,300,CloudNode,2116,1.0,12000.0,908.5710610459901,6316.81694247456,5408.24588142857,5181.629147291996,39.89352252945961,,
4-467,SENSOR_DATA_LOGGING,374.10099289374784,0.1,10000,CloudNode,2341,1.0,12000.0,981.0292212056349,6322.307166184385,5341.27794497875,5229.663025957021,15.587541370572827,,
6-506,SENSOR_DATA_LOGGING,311.65025009104613,0.1,10000,CloudNode,2372,1.0,12000.0,989.6793045462352,6322.519303287658,5332.839998741422,5234.512555298449,12.985427087126922,,
8-482,GPS_TRACKING,615.2551223110609,0.2,200,CloudNode,2263,1.0,12000.0,953.8569749036586,6322.79997892102,5368.943004017361,5212.000666331525,25.6356300962942,,
4-423,HEALTH_MONITORING,680.9486474176748,1.0,100,CloudNode,2107,1.0,12000.0,905.5360156349115,6323.106149883445,5417.570134248534,5207.438153358883,28.372860309069782,,
7-471,SENSOR_DATA_LOGGING,999.8779673984474,0.1,10000,CloudNode,2277,1.0,12000.0,956.8497560088095,6329.780673234939,5372.930917226129,5189.282391120838,41.66158197493531,,
4-471,SENSOR_DATA_LOGGING,536.1529463173597,0.1,10000,CloudNode,2370,1.0,12000.0,989.3506045808674,6330.028029367937,5340.67742478707,5224.27345361265,22.339706096556654,,
0-481,HEALTH_MONITORING,702.9045133049327,1.0,100,CloudNode,2080,1.0,12000.0,899.5816166674579,6330.697404633006,5431.115787965548,5212.558299677186,29.287688054372197,,
9-495,SENSOR_DATA_LOGGING,396.64765808722166,0.1,10000,CloudNode,2331,1.0,12000.0,978.4854634263979,6334.937857179361,5356.452393752963,5239.108996475245,16.526985753634236,,
8-468,E_COMMERCE_TRANSACTION,808.928629921499,0.5,300,CloudNode,2184,1.0,12000.0,930.2509155436067,6336.31686051591,5406.065944972303,5209.613812759074,33.70535958006246,,
7-387,VOICE_ASSISTANT,592.5418214871222,2.0,150,CloudNode,1780,1.0,12000.0,797.7362966679341,6336.884575457668,5539.148278789734,5226.166453220997,24.689242561963425,,
9-471,SMART_HOME_CONTROL,703.9276185069137,0.1,150,CloudNode,2239,1.0,12000.0,946.070884175009,6337.30709283293,5391.2362086579205,5218.376905776765,29.33031743778807,,
1-444,HEALTH_MONITORING,657.2173858711916,1.0,100,CloudNode,2075,1.0,12000.0,897.8660080057608,6341.222900229005,5443.356892223244,5225.154622367685,27.384057744632983,,
6-503,SENSOR_DATA_LOGGING,907.4994247004594,0.1,10000,CloudNode,2346,1.0,12000.0,982.173491615587,6343.39927012958,5361.225778513994,5208.540382525325,37.8124760291858,,
4-464,GPS_TRACKING,352.6642645956582,0.2,200,CloudNode,2339,1.0,12000.0,980.2048627068774,6346.2056311908655,5366.000768483988,5250.2373502216005,14.694344358152426,,
1-415,VOICE_ASSISTANT,792.5814673895488,2.0,150,CloudNode,1888,1.0,12000.0,839.3252781015381,6347.846613217324,5508.521335115786,5220.760092647654,33.02422780789787,,
2-502,GPS_TRACKING,591.035866404404,0.2,200,CloudNode,2197,1.0,12000.0,934.8755213690297,6348.7361922899,5413.860670920871,5236.882645418576,24.626494433516836,,
6-500,SENSOR_DATA_LOGGING,764.7001806326384,0.1,10000,CloudNode,2293,1.0,12000.0,967.6264778408389,6349.512881760493,5381.886403919654,5224.640524685199,31.862507526359934,,
0-508,SENSOR_DATA_LOGGING,267.59197750442934,0.1,10000,CloudNode,2353,1.0,12000.0,984.0473467638355,6352.080004693641,5368.032657929805,5261.339236022031,11.149665729351224,,
8-475,GPS_TRACKING,442.925146902401,0.2,200,CloudNode,2231,1.0,12000.0,943.1584809910426,6352.57164315477,5409.413162163727,5251.626324890718,18.45521445426671,,
2-491,HEALTH_MONITORING,385.6190929247705,1.0,100,CloudNode,2121,1.0,12000.0,909.7749312886658,6354.654227698055,5444.87929640939,5254.741004618772,16.06746220519877,,
5-412,VOICE_ASSISTANT,163.99320893429552,2.0,150,CloudNode,1812,1.0,12000.0,810.7505579786571,6359.87173193539,5549.121173956733,5275.96285865784,6.8330503722623135,,
2-450,VOICE_ASSISTANT,444.61080523112486,2.0,150,CloudNode,1846,1.0,12000.0,822.4949177109117,6360.1570503193725,5537.6621326084605,5254.803242871935,18.525450217963535,,
4-452,SMART_HOME_CONTROL,772.142953465274,0.1,150,CloudNode,2289,1.0,12000.0,963.0774482915775,6360.375945582385,5397.298497290807,5234.225337226073,32.17262306105308,,
4-436,E_COMMERCE_TRANSACTION,277.6703565761969,0.5,300,CloudNode,2204,1.0,12000.0,935.9419045163191,6372.652078141842,5436.710173625523,5277.314483729384,11.569598190674872,,
6-493,SENSOR_DATA_LOGGING,892.7945671012168,0.1,10000,CloudNode,2257,1.0,12000.0,952.381774931563,6373.821791887576,5421.440016956013,5237.257138805273,37.19977362921736,,
2-501,E_COMMERCE_TRANSACTION,743.6365663224318,0.5,300,CloudNode,2170,1.0,12000.0,926.1963250471592,6375.357109790702,5449.160784743543,5249.659298168996,30.984856930101323,,
8-414,VOICE_ASSISTANT,894.091838631694,2.0,150,CloudNode,1819,1.0,12000.0,812.3844122089288,6377.19627444003,5564.811862231101,5239.389951732737,37.25382660965392,,
5-484,SENSOR_DATA_LOGGING,743.1221115190853,0.1,10000,CloudNode,2272,1.0,12000.0,955.4311473777876,6377.966309166043,5422.535161788255,5250.499273023495,30.963421313295218,,
2-504,E_COMMERCE_TRANSACTION,413.1076375469059,0.5,300,CloudNode,2208,1.0,12000.0,937.4428491783352,6382.272249679567,5444.829400501231,5277.145721648988,17.21281823112108,,
6-498,SENSOR_DATA_LOGGING,624.7840710797743,0.1,10000,CloudNode,2289,1.0,12000.0,962.8833108798883,6388.382199772558,5425.49888889267,5266.792682753135,26.03266962832393,,
0-460,VOICE_ASSISTANT,346.2682040907878,2.0,150,CloudNode,1903,1.0,12000.0,843.0137058611627,6388.727415609623,5545.71370974846,5285.200893910393,14.427841837116159,,
2-498,HEALTH_MONITORING,802.0545052209353,1.0,100,CloudNode,2157,1.0,12000.0,922.7754328152909,6389.145041619463,5466.3696088041725,5255.176658871826,33.41893771753897,,
7-480,SENSOR_DATA_LOGGING,940.4751589128864,0.1,10000,CloudNode,2341,1.0,12000.0,981.7513300350423,6394.253788483511,5412.502458448469,5250.379835486493,39.186464954703595,,
3-477,SMART_HOME_CONTROL,857.4959506354012,0.1,150,CloudNode,2262,1.0,12000.0,953.5174300859984,6394.257974807303,5440.740544721305,5254.622451799391,35.728997943141714,,
6-430,VOICE_ASSISTANT,514.7004388105399,2.0,150,CloudNode,1879,1.0,12000.0,833.7880275912944,6394.971707927853,5561.183680336559,5278.8160433611865,21.44585161710583,,
5-482,E_COMMERCE_TRANSACTION,686.9101361696822,0.5,300,CloudNode,2267,1.0,12000.0,954.3978836312738,6398.465411576479,5444.067527945205,5271.237382688871,28.62125567373676,,
4-451,SENSOR_DATA_LOGGING,613.4280166225489,0.1,10000,CloudNode,2288,1.0,12000.0,962.7179371540547,6399.855193675112,5437.137256521057,5277.306472022726,25.559500692606203,,
2-510,SENSOR_DATA_LOGGING,694.219850320557,0.1,10000,CloudNode,2255,1.0,12000.0,951.9355398875965,6401.25092432296,5449.315384435363,5273.4104302166925,28.925827096689876,,
9-457,HEALTH_MONITORING,523.8764670444273,1.0,100,CloudNode,2172,1.0,12000.0,927.3392058759092,6404.032317836087,5476.693111960178,5284.160641204008,21.828186126851136,,
2-480,HEALTH_MONITORING,905.9427548242761,1.0,100,CloudNode,2054,1.0,12000.0,889.5706971524593,6406.192634201696,5516.621937049236,5262.106830242276,37.74761478434484,,
9-492,GPS_TRACKING,942.0766448816466,0.2,200,CloudNode,2323,1.0,12000.0,975.6480666192672,6408.534416441407,5432.88634982214,5261.524423371682,39.25319353673528,,
9-487,SENSOR_DATA_LOGGING,892.7757383143944,0.1,10000,CloudNode,2288,1.0,12000.0,964.8430894024551,6409.335835372228,5444.492745969773,5265.933280381305,37.1989890964331,,
4-469,SMART_HOME_CONTROL,872.4955338253104,0.1,150,CloudNode,2356,1.0,12000.0,984.8867911686152,6409.592536609777,5424.705745441162,5267.333469142079,36.3539805760546,,
3-432,VOICE_ASSISTANT,102.59569619526795,2.0,150,CloudNode,1935,1.0,12000.0,852.0404530327331,6409.800565672565,5557.760112639832,5320.095706011707,4.2748206748028315,,
7-475,SENSOR_DATA_LOGGING,706.7521471627101,0.1,10000,CloudNode,2302,1.0,12000.0,969.3993880997926,6413.550239961614,5444.150851861822,5280.345752502938,29.44800613177959,,
4-424,HEALTH_MONITORING,301.5373766591448,1.0,100,CloudNode,2108,1.0,12000.0,906.0507957506046,6413.855530331218,5507.8047345806135,5310.134726431965,12.564057360797701,,
4-443,SMART_HOME_CONTROL,936.9027178128443,0.1,150,CloudNode,2258,1.0,12000.0,953.1802468402682,6415.382319317334,5462.2020724770655,5267.566404800413,39.03761324220185,,
2-518,SMART_HOME_CONTROL,321.4499488740419,0.1,150,CloudNode,2323,1.0,12000.0,975.3728336535332,6415.932537358966,5440.559703705433,5309.333329126359,13.393747869751747,,
5-460,HEALTH_MONITORING,464.69240470289,1.0,100,CloudNode,2111,1.0,12000.0,906.8731713887105,6416.690676224617,5509.817504835906,5300.141700163903,19.36218352928708,,
6-504,GPS_TRACKING,522.4621318018084,0.2,200,CloudNode,2353,1.0,12000.0,984.2271182977031,6417.36030287106,5433.1331845733575,5297.033532835218,21.769255491742015,,
8-493,SMART_HOME_CONTROL,232.22363221693138,0.1,150,CloudNode,2341,1.0,12000.0,981.3439293960757,6419.207163026523,5437.863233630447,5318.794181644929,9.675984675705475,,
2-503,HEALTH_MONITORING,293.45962896605783,1.0,100,CloudNode,2206,1.0,12000.0,937.1664525159142,6419.426677008358,5482.260224492444,5314.581877075254,12.227484540252409,,
3-501,GPS_TRACKING,593.325183308356,0.2,200,CloudNode,2377,1.0,12000.0,991.6605117653967,6424.8008750663985,5433.140363301001,5298.2724750311,24.721882637848168,,
4-450,SENSOR_DATA_LOGGING,966.0757018765305,0.1,10000,CloudNode,2286,1.0,12000.0,960.7609104151147,6433.077951644481,5472.317041229366,5278.420164398342,40.25315424485544,,
6-433,VOICE_ASSISTANT,894.5122111528462,2.0,150,CloudNode,1886,1.0,12000.0,838.5437812042816,6434.69973458211,5596.155953377828,5284.619346474656,37.2713421313686,,
1-480,GPS_TRACKING,500.1946250632063,0.2,200,CloudNode,2363,1.0,12000.0,986.2730826887479,6435.940860229237,5449.667777540489,5314.093460701384,20.84144271096693,,
6-505,GPS_TRACKING,577.0765037581903,0.2,200,CloudNode,2368,1.0,12000.0,988.6077132201525,6436.471908419074,5447.864195198921,5310.199052339098,24.04485432325793,,
3-412,VOICE_ASSISTANT,327.06392114808,2.0,150,CloudNode,1830,1.0,12000.0,817.0373954368498,6436.847863372117,5619.810467935267,5326.122884865364,13.62766338117,,
6-511,GPS_TRACKING,809.7162907175807,0.2,200,CloudNode,2390,1.0,12000.0,996.3136138762593,6440.12843570164,5443.814821825381,5296.12156521196,33.738178779899194,,
4-414,HEALTH_MONITORING,712.0618088958846,1.0,100,CloudNode,2072,1.0,12000.0,895.1523288498882,6441.6107337542235,5546.458404904335,5304.3438911175135,29.669242037328523,,
8-498,GPS_TRACKING,488.43781951684537,0.2,200,CloudNode,2377,1.0,12000.0,991.5384987478649,6444.735469462491,5453.196970714626,5321.93356096799,20.35157581320189,,
3-437,VOICE_ASSISTANT,132.59554138501204,2.0,150,CloudNode,1990,1.0,12000.0,867.324339291308,6447.521536867825,5580.197197576516,5347.204204641814,5.524814224375502,,
0-480,HEALTH_MONITORING,606.5551245675805,1.0,100,CloudNode,2072,1.0,12000.0,896.3172716267567,6449.011671957111,5552.694400330354,5317.415856712691,25.273130190315854,,
8-494,SENSOR_DATA_LOGGING,446.83323966133185,0.1,10000,CloudNode,2353,1.0,12000.0,984.1041402732649,6453.926779529728,5469.822639256463,5331.813495455262,18.618051652555494,,
4-390,VOICE_ASSISTANT,577.2486027153265,2.0,150,CloudNode,1890,1.0,12000.0,840.1959393828569,6454.296684427974,5614.100745045117,5323.423983513489,24.052025113138605,,
8-471,E_COMMERCE_TRANSACTION,551.054617999765,0.5,300,CloudNode,2189,1.0,12000.0,931.8141178242399,6455.257053538875,5523.442935714635,5326.339018359584,22.960609083323543,,
7-455,HEALTH_MONITORING,954.7362022855301,1.0,100,CloudNode,2141,1.0,12000.0,916.822276584605,6456.757624630491,5539.935348045886,5299.80245606649,39.78067509523042,,
0-507,GPS_TRACKING,464.4438541005173,0.2,200,CloudNode,2346,1.0,12000.0,982.0809196988265,6457.910817534899,5475.829897836073,5333.558167446468,19.351827254188223,,
2-508,HEALTH_MONITORING,291.75375481854945,1.0,100,CloudNode,2233,1.0,12000.0,944.0712023845628,6460.253673130783,5516.18247074622,5346.867012404673,12.156406450772895,,
9-406,VOICE_ASSISTANT,545.6676725902485,2.0,150,CloudNode,1877,1.0,12000.0,833.147610438407,6460.854625366521,5627.7070149281135,5331.00676491671,22.736153024593687,,
5-418,VOICE_ASSISTANT,859.4250632834537,2.0,150,CloudNode,1839,1.0,12000.0,821.0985453021659,6465.872543757132,5644.773998454966,5314.224135258756,35.809377636810574,,
3-502,SENSOR_DATA_LOGGING,329.4846851665405,0.1,10000,CloudNode,2381,1.0,12000.0,992.2257128615036,6467.585492798852,5475.359779937348,5349.883899473514,13.728528548605853,,
5-491,E_COMMERCE_TRANSACTION,221.5206717152561,0.5,300,CloudNode,2333,1.0,12000.0,978.9228005210459,6475.217680606762,5496.294880085716,5364.991004012123,9.23002798813567,,
3-456,HEALTH_MONITORING,761.8494907930022,1.0,100,CloudNode,2073,1.0,12000.0,896.0078330015073,6477.037697527698,5581.02986452619,5329.613549027181,31.743728783041764,,
4-461,SENSOR_DATA_LOGGING,763.874732701349,0.1,10000,CloudNode,2308,1.0,12000.0,971.5104025295386,6477.51175805633,5506.0013555267915,5329.525981584356,31.828113862556204,,
8-501,SENSOR_DATA_LOGGING,706.0837551167413,0.1,10000,CloudNode,2394,1.0,12000.0,998.4215788399209,6478.266989934753,5479.845411094832,5332.982627285918,29.420156463197554,,
9-411,VOICE_ASSISTANT,319.2993890445593,2.0,150,CloudNode,1919,1.0,12000.0,847.8580809769288,6481.8653359592545,5634.007254982325,5363.681532721821,13.30414121018997,,
8-427,VOICE_ASSISTANT,693.8776854615833,2.0,150,CloudNode,1889,1.0,12000.0,839.9330401847733,6482.62401552153,5642.690975336756,5336.587994434958,28.91157022756597,,
0-516,GPS_TRACKING,433.5315035397389,0.2,200,CloudNode,2394,1.0,12000.0,998.0647652524285,6483.649162162803,5485.584396910374,5356.960585989791,18.06381264748912,,
1-474,SENSOR_DATA_LOGGING,889.6508467021127,0.1,10000,CloudNode,2317,1.0,12000.0,973.8049346168222,6483.938136231075,5510.133201614253,5326.054821634711,37.0687852792547,,
7-488,SMART_HOME_CONTROL,597.2447083271669,0.1,150,CloudNode,2383,1.0,12000.0,992.6477961697656,6484.470126942707,5491.822330772941,5345.677734366551,24.88519618029862,,
9-494,E_COMMERCE_TRANSACTION,935.7123083161136,0.5,300,CloudNode,2331,1.0,12000.0,978.4144094817177,6486.510442134417,5508.096032652699,5325.594197154451,38.98801284650474,,
2-529,GPS_TRACKING,486.2182950750569,0.2,200,CloudNode,2388,1.0,12000.0,995.4072881220607,6489.529863213365,5494.1225750913045,5358.289232412008,20.25909562812737,,
7-484,GPS_TRACKING,893.5094187353278,0.2,200,CloudNode,2366,1.0,12000.0,987.508469631843,6491.819421099004,5504.310951467161,5332.125014188716,37.229559113971995,,
7-473,E_COMMERCE_TRANSACTION,631.6678709180466,0.5,300,CloudNode,2288,1.0,12000.0,963.5781058408489,6494.249722997394,5530.671617156545,5351.233678996803,26.31949462158527,,
6-492,HEALTH_MONITORING,698.0701758379964,1.0,100,CloudNode,2254,1.0,12000.0,951.028627913291,6495.020378025283,5543.991750111993,5346.818776698248,29.086257326583183,,
5-495,SMART_HOME_CONTROL,985.503298765531,0.1,150,CloudNode,2373,1.0,12000.0,990.3585007703281,6498.057812256094,5507.699311485766,5331.120338315046,41.06263744856379,,
8-431,VOICE_ASSISTANT,62.494985862028145,2.0,150,CloudNode,1933,1.0,12000.0,851.2299096807831,6499.4576384858965,5648.227728805114,5395.093964891102,2.603957744251173,,
7-450,HEALTH_MONITORING,466.803482082122,1.0,100,CloudNode,2125,1.0,12000.0,910.6866687577946,6499.754915540031,5589.068246782236,5368.302966777066,19.450145086755086,,
6-490,HEALTH_MONITORING,814.7480011124231,1.0,100,CloudNode,2252,1.0,12000.0,949.6322916265982,6500.973618403849,5551.341326777251,5344.513257774317,33.9478333796843,,
5-496,SMART_HOME_CONTROL,314.19910924154755,0.1,150,CloudNode,2373,1.0,12000.0,990.5351876333243,6512.693701237879,5522.158513604555,5388.756654941479,13.091629551731147,,
9-498,SMART_HOME_CONTROL,453.0876852321226,0.1,150,CloudNode,2366,1.0,12000.0,988.1263942063675,6516.02429703743,5527.897902831062,5383.288614941527,18.87865355133844,,
2-455,VOICE_ASSISTANT,508.8460153903012,2.0,150,CloudNode,1879,1.0,12000.0,833.6027455422657,6519.441532143556,5685.838786601291,5383.147516840226,21.201917307929218,,
7-485,GPS_TRACKING,910.5618615517618,0.2,200,CloudNode,2372,1.0,12000.0,989.5892576350672,6520.615624591805,5531.026366956738,5354.341823258923,37.94007756465674,,
9-468,E_COMMERCE_TRANSACTION,681.8236913399543,0.5,300,CloudNode,2233,1.0,12000.0,944.5028471920758,6524.404133743848,5579.9012865517725,5374.743180664222,28.409320472498095,,
4-432,HEALTH_MONITORING,325.7732541174525,1.0,100,CloudNode,2179,1.0,12000.0,929.6817033273193,6525.205583432548,5595.523880105229,5398.488287831194,13.573885588227187,,
9-501,SMART_HOME_CONTROL,873.3542521739093,0.1,150,CloudNode,2386,1.0,12000.0,994.6574214687186,6526.7063005442205,5532.048879075502,5363.1356400250115,36.38976050724622,,
5-490,E_COMMERCE_TRANSACTION,595.1973586542039,0.5,300,CloudNode,2330,1.0,12000.0,977.989023019516,6527.111537944181,5549.122514924665,5382.893664413945,24.799889943925162,,
4-388,VOICE_ASSISTANT,820.2313229797932,2.0,150,CloudNode,1875,1.0,12000.0,832.565499595311,6528.606283379099,5696.040783783788,5368.127779732589,34.17630512415805,,
6-434,VOICE_ASSISTANT,876.1854601690544,2.0,150,CloudNode,1898,1.0,12000.0,841.8634152966433,6530.926272548987,5689.062857252344,5365.915298773012,36.50772750704393,,
3-451,VOICE_ASSISTANT,90.46604167133867,2.0,150,CloudNode,2025,1.0,12000.0,881.9737808121681,6532.744420238493,5650.770639426325,5420.945818386713,3.7694184029724447,,
5-493,GPS_TRACKING,587.2735086778862,0.2,200,CloudNode,2358,1.0,12000.0,985.4029378564037,6532.877595287566,5547.474657431162,5387.226274343235,24.46972952824526,,
7-477,GPS_TRACKING,634.6286489773984,0.2,200,CloudNode,2313,1.0,12000.0,972.8840472733531,6534.751056707371,5561.867009434019,5386.1821117359395,26.442860374058267,,
2-528,SENSOR_DATA_LOGGING,976.9903258956033,0.1,10000,CloudNode,2385,1.0,12000.0,994.1383442959158,6535.712544919274,5541.574200623358,5363.424527767279,40.70793024565013,,
9-466,HEALTH_MONITORING,844.1607359070704,1.0,100,CloudNode,2219,1.0,12000.0,940.7537291667595,6536.219271749388,5595.465542582629,5373.201136901162,35.17336399612793,,
1-475,E_COMMERCE_TRANSACTION,649.203243475973,0.5,300,CloudNode,2321,1.0,12000.0,974.9236925080547,6536.724285811194,5561.800593303139,5386.268655957448,27.050135144832204,,
6-432,VOICE_ASSISTANT,72.89834133855223,2.0,150,CloudNode,1882,1.0,12000.0,838.0003864866832,6537.0011343272,5699.000747840517,5425.279720517376,3.037430889106343,,
0-499,HEALTH_MONITORING,647.3757528893376,1.0,100,CloudNode,2268,1.0,12000.0,954.8027036168126,6538.418106350152,5583.61540273334,5387.148270953929,26.9739897037224,,
8-491,GPS_TRACKING,639.4472457706302,0.2,200,CloudNode,2330,1.0,12000.0,978.1239639855361,6548.307648506169,5570.1836845206335,5395.671932255278,26.643635240442926,,
2-521,E_COMMERCE_TRANSACTION,918.6682792657301,0.5,300,CloudNode,2356,1.0,12000.0,984.9440675190253,6551.773370545573,5566.829303026548,5381.883163408997,38.27784496940542,,
2-515,E_COMMERCE_TRANSACTION,760.2465726613113,0.5,300,CloudNode,2287,1.0,12000.0,964.2757962702934,6552.883744268474,5588.607947998181,5391.334267268865,31.67694052755464,,
9-410,VOICE_ASSISTANT,321.87063298612304,2.0,150,CloudNode,1915,1.0,12000.0,845.6845415096915,6553.934090693025,5708.249549183333,5422.311734672672,13.411276374421794,,
7-465,HEALTH_MONITORING,305.2694559448612,1.0,100,CloudNode,2209,1.0,12000.0,938.6697237314366,6561.151666248012,5622.481942516575,5425.426292817781,12.719560664369217,,
5-477,HEALTH_MONITORING,508.0650045458974,1.0,100,CloudNode,2241,1.0,12000.0,946.9105303290866,6562.954374970629,5616.043844641543,5418.082594285159,21.169375189412392,,
8-440,VOICE_ASSISTANT,868.9704212204047,2.0,150,CloudNode,1966,1.0,12000.0,861.335769808444,6564.233622867371,5702.8978530589275,5393.377021919427,36.20710088418353,,
3-506,SENSOR_DATA_LOGGING,980.8665624548948,0.1,10000,CloudNode,2394,1.0,12000.0,998.8142554633109,6565.388042367377,5566.573786904066,5386.989946772608,40.869440102287285,,
9-425,VOICE_ASSISTANT,663.7850597412634,2.0,150,CloudNode,2000,1.0,12000.0,869.9929969405916,6568.009122882984,5698.016125942393,5411.246828795991,27.657710822552637,,
4-444,HEALTH_MONITORING,537.6981684914431,1.0,100,CloudNode,2263,1.0,12000.0,953.918594110475,6569.212314451469,5615.293720340994,5421.017518812544,22.40409035381013,,
2-522,GPS_TRACKING,407.7623842024197,0.2,200,CloudNode,2356,1.0,12000.0,985.2790493318294,6570.704484494729,5585.425435162899,5424.671583372943,16.990099341767486,,
0-486,HEALTH_MONITORING,533.7979379309154,1.0,100,CloudNode,2167,1.0,12000.0,925.7241675959476,6571.189462038464,5645.465294442516,5422.244387861397,22.241580747121475,,
1-481,E_COMMERCE_TRANSACTION,863.9852603525177,0.5,300,CloudNode,2370,1.0,12000.0,989.2584457100595,6571.753687236074,5582.495241526015,5399.7318959413005,35.999385848021575,,
7-418,VOICE_ASSISTANT,263.9130327099813,2.0,150,CloudNode,1954,1.0,12000.0,857.8407115370603,6575.926843418856,5718.086131881796,5435.947830629328,10.996376362915887,,
3-471,HEALTH_MONITORING,467.3056616727977,1.0,100,CloudNode,2209,1.0,12000.0,939.4589430717725,6577.360244822885,5637.901301751112,5425.204055883283,19.471069236366574,,
5-497,SENSOR_DATA_LOGGING,747.4777661710074,0.1,10000,CloudNode,2380,1.0,12000.0,992.1045681357203,6578.314110885014,5586.209542749294,5413.9889798451895,31.144906923791975,,
1-477,GPS_TRACKING,946.9108825511015,0.2,200,CloudNode,2346,1.0,12000.0,983.22089695408,6579.882858616441,5596.661961662361,5399.640554480058,39.4546201062959,,
1-416,VOICE_ASSISTANT,966.9904123882554,2.0,150,CloudNode,1889,1.0,12000.0,839.7817070296197,6580.040172851584,5740.258465821965,5399.867202977477,40.291267182843974,,
0-510,SENSOR_DATA_LOGGING,711.6676713560461,0.1,10000,CloudNode,2361,1.0,12000.0,985.9011079547124,6587.91192265877,5602.010814704057,5423.407610105794,29.652819639835254,,
9-420,VOICE_ASSISTANT,659.0564072330884,2.0,150,CloudNode,1959,1.0,12000.0,859.1683653045083,6589.6724239767955,5730.504058672287,5425.560403602698,27.46068363471202,,
3-447,VOICE_ASSISTANT,186.01508916957636,2.0,150,CloudNode,2022,1.0,12000.0,876.4397484490859,6591.428100849655,5714.988352400569,5447.109789158695,7.750628715399015,,
4-462,E_COMMERCE_TRANSACTION,287.08501053478483,0.5,300,CloudNode,2328,1.0,12000.0,976.6825762102939,6591.932873760883,5615.2502975505895,5446.474923812011,11.961875438949368,,
4-468,E_COMMERCE_TRANSACTION,567.6501179483059,0.5,300,CloudNode,2341,1.0,12000.0,981.2005800218185,6599.0775470412655,5617.876967019447,5437.455708811867,23.65208824784608,,
3-505,SENSOR_DATA_LOGGING,957.9217175020633,0.1,10000,CloudNode,2390,1.0,12000.0,996.3488092073599,6599.268341935395,5602.919532728036,5416.989860395522,39.91340489591931,,
3-499,E_COMMERCE_TRANSACTION,661.1017417995621,0.5,300,CloudNode,2368,1.0,12000.0,988.3606596509538,6603.399460322799,5615.038800671846,5434.300896418807,27.54590590831509,,
4-392,VOICE_ASSISTANT,880.2108864107496,2.0,150,CloudNode,1917,1.0,12000.0,846.2093046970227,6606.095327439389,5759.886022742366,5426.706585325304,36.675453600447895,,
3-500,E_COMMERCE_TRANSACTION,907.4380246600036,0.5,300,CloudNode,2369,1.0,12000.0,988.8249836358294,6608.4974306758995,5619.67244704007,5424.96914480939,37.80991769416682,,
1-436,VOICE_ASSISTANT,518.3328547881556,2.0,150,CloudNode,2035,1.0,12000.0,883.8354351151957,6608.582446933056,5724.747011817861,5444.788137858324,21.597202282839817,,
9-421,VOICE_ASSISTANT,375.627636642984,2.0,150,CloudNode,1983,1.0,12000.0,865.6505669898903,6608.662547876467,5743.011980886577,5447.726233805768,15.651151526790999,,
0-514,SENSOR_DATA_LOGGING,895.1566347215877,0.1,10000,CloudNode,2391,1.0,12000.0,996.8333377203337,6610.815657976187,5613.982320255854,5425.3115551973615,37.298193113399485,,
1-425,VOICE_ASSISTANT,503.1929391474029,2.0,150,CloudNode,1943,1.0,12000.0,853.9902587864077,6612.637229423679,5758.646970637271,5446.972728809926,20.96637246447512,,
4-411,VOICE_ASSISTANT,924.6542317166351,2.0,150,CloudNode,2052,1.0,12000.0,888.9041863803473,6614.0556536369195,5725.151467256572,5423.825565384522,38.52725965485979,,
6-491,HEALTH_MONITORING,651.8334358729801,1.0,100,CloudNode,2252,1.0,12000.0,949.7151690428464,6615.471119237427,5665.755950194581,5442.5759862892955,27.159726494707503,,
3-497,E_COMMERCE_TRANSACTION,330.16677845776684,0.5,300,CloudNode,2352,1.0,12000.0,983.8913731624341,6617.186322181609,5633.294949019175,5455.007181745141,13.756949102406953,,
3-452,VOICE_ASSISTANT,465.34223817969405,2.0,150,CloudNode,2034,1.0,12000.0,883.4272855970661,6618.661378464749,5735.234092867683,5448.9905118237175,19.38925992415392,,
9-493,HEALTH_MONITORING,493.0783904636722,1.0,100,CloudNode,2325,1.0,12000.0,976.3746420485038,6619.403976756987,5643.029334708483,5448.65981159394,20.544932935986342,,
1-479,HEALTH_MONITORING,354.58497796693797,1.0,100,CloudNode,2359,1.0,12000.0,985.5509631913959,6620.976849013566,5635.42588582217,5455.22448634808,14.774374081955749,,
9-500,E_COMMERCE_TRANSACTION,410.8221036327688,0.5,300,CloudNode,2384,1.0,12000.0,993.4911851607337,6622.147097961501,5628.655912800767,5453.378473877328,17.11758765136537,,
1-485,GPS_TRACKING,868.245594702888,0.2,200,CloudNode,2397,1.0,12000.0,999.8570840604085,6625.237543827048,5625.380459766639,5438.514165244007,36.176899779287,,
5-487,HEALTH_MONITORING,816.3479092885192,1.0,100,CloudNode,2288,1.0,12000.0,964.8860257854128,6632.262615308081,5667.376589522668,5444.74102030939,34.01449622035497,,
0-509,HEALTH_MONITORING,296.0223119828694,1.0,100,CloudNode,2355,1.0,12000.0,984.7118401759974,6633.250972931629,5648.539132755632,5461.195442677545,12.334262999286224,,
3-481,HEALTH_MONITORING,522.7302671798589,1.0,100,CloudNode,2268,1.0,12000.0,955.2097093063835,6635.493729359205,5680.284020052821,5454.533861448861,21.780427799160783,,
4-422,VOICE_ASSISTANT,287.0682999237021,2.0,150,CloudNode,2102,1.0,12000.0,904.8162391879415,6639.393477564402,5734.577238376461,5462.897062650649,11.96117916348759,,
2-481,VOICE_ASSISTANT,862.9530187737734,2.0,150,CloudNode,2059,1.0,12000.0,891.2402235912625,6643.666438800556,5752.426215209293,5443.302906013855,35.956375782240556,,
2-482,VOICE_ASSISTANT,995.8620146936489,2.0,150,CloudNode,2061,1.0,12000.0,892.020565655643,6645.942876195099,5753.922310539457,5444.366050562041,41.49425061223537,,
7-452,VOICE_ASSISTANT,568.0582786432504,2.0,150,CloudNode,2133,1.0,12000.0,912.5055995200041,6646.606531822333,5734.100932302328,5459.406255768441,23.66909494346877,,
7-462,HEALTH_MONITORING,997.140892605343,1.0,100,CloudNode,2186,1.0,12000.0,931.1313827271965,6652.307388835247,5721.176006108051,5445.675081493448,41.54753719188929,,
8-456,VOICE_ASSISTANT,880.253247224515,2.0,150,CloudNode,2093,1.0,12000.0,903.3838867920598,6653.394610120294,5750.010723328234,5447.592484179338,36.677218634354794,,
2-519,HEALTH_MONITORING,989.9447716330528,1.0,100,CloudNode,2333,1.0,12000.0,979.1113391989022,6653.684859674551,5674.573520475649,5447.166099452008,41.247698818043865,,
4-465,HEALTH_MONITORING,607.8584218213758,1.0,100,CloudNode,2340,1.0,12000.0,980.5567569651831,6654.054328807914,5673.497571842731,5462.413473772773,25.327434242557327,,
8-461,VOICE_ASSISTANT,522.3748418004332,2.0,150,CloudNode,2125,1.0,12000.0,910.5828628944181,6656.168466240381,5745.585603345963,5462.008319568933,21.76561840835138,,
7-454,VOICE_ASSISTANT,569.452859780322,2.0,150,CloudNode,2139,1.0,12000.0,915.9391754297567,6658.27006295788,5742.330887528124,5460.258035090759,23.72720249084675,,
6-473,VOICE_ASSISTANT,489.44558958785086,2.0,150,CloudNode,2125,1.0,12000.0,910.5707821551254,6659.448510930403,5748.877728775278,5465.197174767743,20.39356623282712,,
9-502,E_COMMERCE_TRANSACTION,758.8120428423816,0.5,300,CloudNode,2389,1.0,12000.0,995.7470863432599,6662.311883944797,5666.564797601537,5460.547510141272,31.617168451765902,,
3-494,HEALTH_MONITORING,651.5009906480368,1.0,100,CloudNode,2340,1.0,12000.0,980.3595452080712,6662.954297097137,5682.594751889066,5458.255812777365,27.145874610334868,,
5-459,VOICE_ASSISTANT,324.6379425650319,2.0,150,CloudNode,2111,1.0,12000.0,906.4520122645691,6666.446639444821,5759.994627180252,5473.834061354908,13.526580940209662,,
2-493,VOICE_ASSISTANT,639.103510646899,2.0,150,CloudNode,2133,1.0,12000.0,912.5376272511778,6670.444948068851,5757.907320817673,5464.446046543001,26.629312943620796,,
8-492,HEALTH_MONITORING,846.3228341303284,1.0,100,CloudNode,2341,1.0,12000.0,981.012140357264,6676.622230283583,5695.610089926319,5463.118105806883,35.26345142209702,,
8-470,VOICE_ASSISTANT,808.0834257452922,2.0,150,CloudNode,2189,1.0,12000.0,931.6495992517763,6681.395939115694,5749.7463398639175,5461.642692703988,33.670142739387174,,
0-482,VOICE_ASSISTANT,682.6879240812078,2.0,150,CloudNode,2143,1.0,12000.0,917.4347501290222,6682.128204167149,5764.693454038127,5468.273170866443,28.445330170050326,,
1-482,HEALTH_MONITORING,593.6562140935117,1.0,100,CloudNode,2390,1.0,12000.0,996.4407558135948,6682.722324106088,5686.281568292494,5472.557128679583,24.735675587229657,,
6-462,VOICE_ASSISTANT,893.4732334508928,2.0,150,CloudNode,2072,1.0,12000.0,895.2145451536767,6682.953533463474,5787.738988309797,5464.277103789812,37.228051393787204,,
1-453,VOICE_ASSISTANT,744.9521493660028,2.0,150,CloudNode,2138,1.0,12000.0,914.8435418369223,6684.226443742001,5769.382901905078,5465.640770255497,31.039672890250117,,
1-476,HEALTH_MONITORING,420.5097601165698,1.0,100,CloudNode,2341,1.0,12000.0,981.6770682644828,6687.349868844962,5705.672800580479,5483.161418866355,17.521240004857074,,
4-415,VOICE_ASSISTANT,836.670248203324,2.0,150,CloudNode,2072,1.0,12000.0,897.0639564622788,6689.126497440597,5792.062540978318,5465.212628414073,34.86126034180516,,
6-508,HEALTH_MONITORING,654.1386859788774,1.0,100,CloudNode,2385,1.0,12000.0,993.6798534131125,6690.005286524111,5696.325433110999,5474.645645562335,27.255778582453225,,
5-476,VOICE_ASSISTANT,394.99867461717827,2.0,150,CloudNode,2240,1.0,12000.0,946.8342092960764,6691.186619175978,5744.352409879902,5475.618206328232,16.458278109049097,,
3-480,VOICE_ASSISTANT,399.4130594318038,2.0,150,CloudNode,2264,1.0,12000.0,954.116578950599,6699.731061064138,5745.6144821135385,5478.172076692889,16.64221080965849,,
6-471,VOICE_ASSISTANT,555.6824842215499,2.0,150,CloudNode,2121,1.0,12000.0,909.7287206837924,6699.99173335968,5790.263012675888,5481.646819977061,23.15343684256458,,
8-469,VOICE_ASSISTANT,654.2067058061523,2.0,150,CloudNode,2186,1.0,12000.0,931.0793680907577,6700.460101678946,5769.380733588188,5477.880418064393,27.25861274192301,,
5-457,VOICE_ASSISTANT,956.7841005658462,2.0,150,CloudNode,2087,1.0,12000.0,902.1627612759478,6700.708857394053,5798.546096118105,5466.121249658156,39.866004190243586,,
0-488,VOICE_ASSISTANT,682.7774062950125,2.0,150,CloudNode,2177,1.0,12000.0,928.7935360244987,6703.504649013584,5774.711112989085,5477.725939595868,28.44905859562552,,
8-476,VOICE_ASSISTANT,618.0950955621216,2.0,150,CloudNode,2233,1.0,12000.0,944.6486067397942,6704.90253475047,5760.253928010676,5483.990557343437,25.7539623150884,,
4-460,HEALTH_MONITORING,977.0626058874407,1.0,100,CloudNode,2302,1.0,12000.0,969.4585640071002,6713.684499132034,5744.225935124934,5472.078286665145,40.7109419119767,,
6-488,VOICE_ASSISTANT,385.3153282331103,2.0,150,CloudNode,2241,1.0,12000.0,947.0347067342402,6716.336054428093,5769.301347693853,5483.354194948287,16.05480534304626,,
1-451,VOICE_ASSISTANT,776.0880453710713,2.0,150,CloudNode,2137,1.0,12000.0,914.0623459077879,6718.728332588837,5804.665986681049,5481.518228456691,32.33700189046131,,
7-479,VOICE_ASSISTANT,332.7953331934141,2.0,150,CloudNode,2339,1.0,12000.0,980.0210361729202,6718.9195636087625,5738.898527435842,5480.311838224326,13.866472216392253,,
7-483,HEALTH_MONITORING,942.2723060105952,1.0,100,CloudNode,2365,1.0,12000.0,986.9012405266682,6722.189130968105,5735.2878904414365,5476.812340021809,39.261346083774804,,
3-466,VOICE_ASSISTANT,835.453327038581,2.0,150,CloudNode,2175,1.0,12000.0,927.7038667353766,6731.932994531346,5804.229127795969,5478.710070159501,34.81055529327421,,
6-479,VOICE_ASSISTANT,752.0760906180257,2.0,150,CloudNode,2164,1.0,12000.0,924.5819284337489,6733.117955620353,5808.536027186605,5482.0115587200235,31.33650377575107,,
7-456,VOICE_ASSISTANT,935.6573046762625,2.0,150,CloudNode,2143,1.0,12000.0,917.9698859098885,6734.139908296736,5816.170022386848,5479.122343650435,38.9857210281776,,
3-474,VOICE_ASSISTANT,632.9841737745865,2.0,150,CloudNode,2237,1.0,12000.0,945.2010214490119,6734.144620263576,5788.943598814564,5488.268420946564,26.3743405739411,,
0-503,VOICE_ASSISTANT,622.2740705335659,2.0,150,CloudNode,2339,1.0,12000.0,979.5663933233494,6734.578496650553,5755.0121033272035,5486.043806208475,25.928086272231912,,
5-494,VOICE_ASSISTANT,409.2164681662485,2.0,150,CloudNode,2372,1.0,12000.0,990.1352268730687,6734.81022974124,5744.675002868171,5480.519156991275,17.050686173593686,,
7-486,HEALTH_MONITORING,908.3740791724055,1.0,100,CloudNode,2373,1.0,12000.0,989.8459567643658,6735.146350861437,5745.300394097071,5476.497655962844,37.8489199655169,,
7-481,VOICE_ASSISTANT,601.902975970011,2.0,150,CloudNode,2350,1.0,12000.0,983.7177957581988,6737.508450175796,5753.790654417597,5482.956140656437,25.079290665417126,,
2-525,VOICE_ASSISTANT,470.7671289445046,2.0,150,CloudNode,2370,1.0,12000.0,989.0611049454586,6739.22232743839,5750.161222492931,5485.286788509485,19.615297039354356,,
4-474,HEALTH_MONITORING,787.2823638845762,1.0,100,CloudNode,2394,1.0,12000.0,997.9545012714163,6742.229093940631,5744.274592669215,5487.223231775089,32.803431828524005,,
7-469,VOICE_ASSISTANT,964.2954757644327,2.0,150,CloudNode,2259,1.0,12000.0,952.7468958360018,6743.31225341084,5790.565357574838,5479.172668228981,40.178978156851365,,
9-472,VOICE_ASSISTANT,727.5542667380897,2.0,150,CloudNode,2241,1.0,12000.0,947.258999321488,6743.583055691648,5796.32405637016,5484.232910570729,30.314761114087073,,
2-520,VOICE_ASSISTANT,363.69490926198097,2.0,150,CloudNode,2341,1.0,12000.0,981.4590524542234,6746.643963533258,5765.1849110790345,5475.765030401918,15.15395455258254,,
4-454,VOICE_ASSISTANT,763.6777607383452,2.0,150,CloudNode,2288,1.0,12000.0,965.039863983928,6753.645099918974,5788.605235935046,5480.716414629205,31.81990669743105,,
6-487,VOICE_ASSISTANT,862.3328539594263,2.0,150,CloudNode,2240,1.0,12000.0,946.5717439869347,6753.989275330435,5807.4175313435,5488.255714786348,35.93053558164276,,
2-11,AUGMENTED_REALITY,271.143064431502,30.0,150,CloudNode,0,0.0,12000.0,18.583173002844376,6756.735163666028,6738.151990663184,4249.808654205272,11.297627684645917,,
5-489,VOICE_ASSISTANT,853.8155787995481,2.0,150,CloudNode,2321,1.0,12000.0,974.9347086414284,6760.277795673893,5785.343087032465,5480.7982269423455,35.57564911664784,,
9-2,AUGMENTED_REALITY,469.45684064491365,30.0,150,CloudNode,0,0.0,12000.0,4.920912872156266,6761.3105343551815,6756.389621483026,4256.7804176946765,19.56070169353807,,
4-473,VOICE_ASSISTANT,790.867665529211,2.0,150,CloudNode,2383,1.0,12000.0,992.9363635089992,6765.636699858239,5772.7003363492395,5485.8503617191445,32.952819397050455,,
4-463,VOICE_ASSISTANT,761.7035540341668,2.0,150,CloudNode,2330,1.0,12000.0,978.3028405446214,6766.979945183098,5788.6771046384765,5474.71475775726,31.73764808475695,,
6-19,AUGMENTED_REALITY,368.7420264256541,30.0,150,CloudNode,0,0.0,12000.0,48.80528726385754,6768.236952377933,6719.431665114076,4230.415379491549,15.364251101068922,,
8-43,AUGMENTED_REALITY,100.46635941929424,30.0,150,CloudNode,0,0.0,12000.0,69.03419902953351,6769.682730973456,6700.6485319439225,4195.851389232931,4.18609830913726,,
7-2,AUGMENTED_REALITY,433.24380191150533,30.0,150,CloudNode,0,0.0,12000.0,9.01718066573254,6770.682146809845,6761.664966144112,4234.367537345093,18.051825079646054,,
4-31,AUGMENTED_REALITY,342.733449884616,30.0,150,CloudNode,0,0.041666666666666664,12000.0,75.32699012575594,6772.144176515366,6696.81718638961,4202.044721940184,14.280560411859,,
8-496,VOICE_ASSISTANT,807.6785682943217,2.0,150,CloudNode,2365,1.0,12000.0,986.4974902855951,6772.20908210833,5785.7115918227355,5474.134589548263,33.65327367893007,,
0-505,VOICE_ASSISTANT,729.2760838597883,2.0,150,CloudNode,2340,1.0,12000.0,980.275442310155,6779.501339577152,5799.225897266997,5466.732637710418,30.386503494157846,,
3-493,VOICE_ASSISTANT,998.1333435462577,2.0,150,CloudNode,2339,1.0,12000.0,979.8125898885296,6783.6378803078005,5803.8252904192705,5482.584986497928,41.588889314427405,,
7-29,AUGMENTED_REALITY,435.43871598440836,30.0,150,CloudNode,0,0.08333333333333333,12000.0,77.80829260801352,6789.931659584341,6712.123366976328,4196.1055470673255,18.14327983268368,,
2-22,AUGMENTED_REALITY,614.0706527694675,30.0,150,CloudNode,0,0.0,12000.0,44.91622649481407,6790.394881835845,6745.47865534103,4221.487504812256,25.586277198727814,,
1-478,VOICE_ASSISTANT,978.8769424381476,2.0,150,CloudNode,2352,1.0,12000.0,983.899798189249,6795.257577668546,5811.357779479297,5475.751553223989,40.78653926825615,,
7-5,AUGMENTED_REALITY,753.7165720124103,30.0,150,CloudNode,0,0.0,12000.0,17.5730234773633,6797.619944075607,6780.046920598244,4229.083533846619,31.40485716718376,,
8-37,AUGMENTED_REALITY,531.0155326995233,30.0,150,CloudNode,0,0.0,12000.0,57.583035661951016,6798.240569722062,6740.657534060111,4195.318619753367,22.12564719581347,,
0-70,AUGMENTED_REALITY,315.269446256894,30.0,150,CloudNode,71,1.0,12000.0,147.2463287917434,6798.416630370107,6651.170301578363,4165.913893759075,13.136226927370585,,
0-37,AUGMENTED_REALITY,519.6608016314467,30.0,150,CloudNode,0,0.5416666666666666,12000.0,93.90511671079155,6800.040230468649,6706.135113757857,4196.959362594582,21.65253340131028,,
5-499,VOICE_ASSISTANT,974.1525424224051,2.0,150,CloudNode,2389,1.0,12000.0,995.9325208944373,6800.098942143963,5804.166421249525,5462.91438648455,40.589689267600214,,
7-21,AUGMENTED_REALITY,680.2141693059402,30.0,150,CloudNode,0,0.0,12000.0,53.25299931896822,6803.328477642086,6750.075478323118,4198.291295799574,28.342257054414176,,
1-97,AUGMENTED_REALITY,181.4080845648776,30.0,150,CloudNode,121,1.0,12000.0,168.87488932805692,6805.512222216252,6636.637332888195,4148.993488218945,7.558670190203234,,
5-87,AUGMENTED_REALITY,123.8597035082584,30.0,150,CloudNode,144,1.0,12000.0,174.38828882382026,6805.579219627568,6631.1909308037475,4152.565435499215,5.160820979510767,,
5-7,AUGMENTED_REALITY,878.9266004194806,30.0,150,CloudNode,0,0.0,12000.0,9.321171725306085,6806.361838988643,6797.040667263337,4250.581959789044,36.62194168414502,,
1-20,AUGMENTED_REALITY,855.2377658292721,30.0,150,CloudNode,0,0.0,12000.0,34.26605787926642,6806.416164680543,6772.150106801277,4228.96647429485,35.634906909553,,
3-52,AUGMENTED_REALITY,506.79867145602617,30.0,150,CloudNode,6,1.0,12000.0,112.86699288292118,6812.915369431181,6700.0483765482595,4167.876046261032,21.116611310667757,,
8-97,AUGMENTED_REALITY,83.18089177869825,30.0,150,CloudNode,185,1.0,12000.0,189.22687172296745,6813.293579970202,6624.066708247235,4129.825129676303,3.4658704907790936,,
4-92,AUGMENTED_REALITY,129.8476612650017,30.0,150,CloudNode,181,1.0,12000.0,187.80590701157183,6814.149116080836,6626.343209069265,4133.955032538548,5.410319219375071,,
1-6,AUGMENTED_REALITY,987.1904303138962,30.0,150,CloudNode,0,0.0,12000.0,6.3209784379090195,6814.19886372417,6807.8778852862615,4255.8072203024185,41.13293459641234,,
5-14,AUGMENTED_REALITY,966.4269443209613,30.0,150,CloudNode,0,0.0,12000.0,21.70822687146795,6814.680198956989,6792.971972085522,4234.376187359001,40.26778934670672,,
2-43,AUGMENTED_REALITY,665.2237308904176,30.0,150,CloudNode,0,0.25,12000.0,84.83507104739944,6815.713106581427,6730.878035534028,4198.872487762252,27.717655453767403,,
6-74,AUGMENTED_REALITY,536.8272686684116,30.0,150,CloudNode,74,1.0,12000.0,149.99989965773415,6816.944687830698,6666.944788172964,4154.583489814775,22.36780286118382,,
5-66,AUGMENTED_REALITY,575.1023707205746,30.0,150,CloudNode,30,1.0,12000.0,125.28956211451005,6817.6079285335045,6692.318366418995,4168.726838850045,23.962598780023942,,
6-26,AUGMENTED_REALITY,893.0266932500246,30.0,150,CloudNode,0,0.0,12000.0,54.55555989958997,6817.731144515008,6763.175584615418,4220.629704675091,37.20944555208436,,
2-75,AUGMENTED_REALITY,344.77989384621793,30.0,150,CloudNode,63,1.0,12000.0,144.28907166863814,6818.663317404859,6674.374245736221,4152.461197314836,14.365828910259081,,
8-82,AUGMENTED_REALITY,285.8230446708254,30.0,150,CloudNode,123,1.0,12000.0,169.48092610022246,6821.438531131509,6651.957605031286,4151.834169206952,11.909293527951059,,
0-43,AUGMENTED_REALITY,686.010967791506,30.0,150,CloudNode,0,0.9166666666666666,12000.0,105.00926990366003,6824.14752583239,6719.138255928729,4177.196302668655,28.58379032464608,,
3-20,AUGMENTED_REALITY,995.1022471109554,30.0,150,CloudNode,0,0.0,12000.0,37.6497009905198,6825.154281199877,6787.504580209357,4220.975264056015,41.46259362962314,,
2-108,AUGMENTED_REALITY,342.75519197067405,30.0,150,CloudNode,182,1.0,12000.0,188.76474523931986,6834.142152291791,6645.3774070524705,4130.268029628862,14.281466332111417,,
0-81,AUGMENTED_REALITY,430.39002133950856,30.0,150,CloudNode,97,1.0,12000.0,156.8817734838881,6834.282465481732,6677.400691997844,4140.096142727699,17.932917555812857,,
4-85,AUGMENTED_REALITY,348.14276398741384,30.0,150,CloudNode,152,1.0,12000.0,178.08359787014197,6835.428061679494,6657.344463809352,4125.354331161492,14.505948499475577,,
2-112,AUGMENTED_REALITY,322.42059260452055,30.0,150,CloudNode,196,1.0,12000.0,193.34190397511566,6839.783752148224,6646.441848173108,4120.029653608115,13.434191358521689,,
4-136,AUGMENTED_REALITY,290.01323967251903,30.0,150,CloudNode,404,1.0,12000.0,271.5708725925833,6839.880876554137,6568.310003961554,4082.778472776803,12.08388498635496,,
3-115,AUGMENTED_REALITY,190.25468084335498,30.0,150,CloudNode,359,1.0,12000.0,255.38770067074134,6840.002082569336,6584.614381898595,4075.8776679740226,7.927278368473124,,
2-63,AUGMENTED_REALITY,739.3121868620922,30.0,150,CloudNode,22,1.0,12000.0,119.63633149213418,6841.110688482327,6721.474356990192,4161.62053936478,30.80467445258717,,
2-110,AUGMENTED_REALITY,329.27785639707986,30.0,150,CloudNode,190,1.0,12000.0,191.02883250344198,6841.58893744726,6650.560104943818,4115.440345650924,13.71991068321166,,
9-62,AUGMENTED_REALITY,957.9864357181619,30.0,150,CloudNode,0,0.9583333333333334,12000.0,107.265125487578,6845.468902834752,6738.203777347174,4177.411561126702,39.91610148825675,,
6-45,AUGMENTED_REALITY,955.4553361660428,30.0,150,CloudNode,0,0.4166666666666667,12000.0,90.72742501746518,6847.85823039177,6757.130805374305,4174.947282414316,39.81063900691845,,
2-150,AUGMENTED_REALITY,391.6863842471329,30.0,150,CloudNode,374,1.0,12000.0,262.3478300501676,6850.2484605540985,6587.900630503931,4076.905931936148,16.320266010297203,,
9-100,AUGMENTED_REALITY,678.5202077663156,30.0,150,CloudNode,138,1.0,12000.0,172.87105513929376,6854.783920369255,6681.9128652299605,4151.277941587651,28.271675323596483,,
7-80,AUGMENTED_REALITY,855.4038434043448,30.0,150,CloudNode,148,1.0,12000.0,175.5437069423181,6854.921533924829,6679.377826982512,4146.480635508369,35.64182680851437,,
8-95,AUGMENTED_REALITY,503.7390471428387,30.0,150,CloudNode,177,1.0,12000.0,185.83032846018256,6855.271833898772,6669.441505438589,4115.172093893754,20.989126964284942,,
0-146,AUGMENTED_REALITY,538.7327507321786,30.0,150,CloudNode,439,1.0,12000.0,282.10797936708474,6863.5577132992075,6581.449733932122,4074.0774399276397,22.447197947174107,,
8-146,AUGMENTED_REALITY,339.4655356690684,30.0,150,CloudNode,426,1.0,12000.0,277.60340239581217,6863.716856318583,6586.113453922771,4079.8905412593763,14.144397319544517,,
8-167,AUGMENTED_REALITY,271.23759357588585,30.0,150,CloudNode,500,1.0,12000.0,312.940835618484,6864.192070245251,6551.251234626767,4051.474872180098,11.301566398995243,,
6-140,AUGMENTED_REALITY,405.23134352327327,30.0,150,CloudNode,433,1.0,12000.0,280.3430070687204,6868.051744108671,6587.708737039951,4080.2489448407746,16.88463931346972,,
9-131,AUGMENTED_REALITY,570.9975338933505,30.0,150,CloudNode,326,1.0,12000.0,239.33223361617235,6869.021658955955,6629.689425339782,4073.647665406256,23.791563912222934,,
1-93,AUGMENTED_REALITY,839.5038622949587,30.0,150,CloudNode,100,1.0,12000.0,161.16676036083257,6870.057597335209,6708.890836974376,4134.916106567047,34.979327595623275,,
1-101,AUGMENTED_REALITY,871.0425862213777,30.0,150,CloudNode,181,1.0,12000.0,187.86097048947312,6872.627112653763,6684.76614216429,4138.672339844679,36.29344109255741,,
9-158,AUGMENTED_REALITY,208.388657730757,30.0,150,CloudNode,498,1.0,12000.0,311.2619394764935,6872.637555376335,6561.375615899841,4038.249301241737,8.682860738781542,,
2-189,AUGMENTED_REALITY,119.92596693995904,30.0,150,CloudNode,528,1.0,12000.0,327.7323859563332,6874.185900823581,6546.453514867248,4036.6239605016112,4.99691528916496,,
0-140,AUGMENTED_REALITY,766.1443125295327,30.0,150,CloudNode,374,1.0,12000.0,261.3721967256456,6878.525558334451,6617.153361608805,4089.455859718316,31.922679688730533,,
0-98,AUGMENTED_REALITY,882.0385425744702,30.0,150,CloudNode,155,1.0,12000.0,179.28115784706353,6879.015434097458,6699.734276250394,4134.331230658163,36.75160594060292,,
2-170,AUGMENTED_REALITY,477.94415258034593,30.0,150,CloudNode,471,1.0,12000.0,294.14915155520197,6879.709555935832,6585.560404380631,4073.0556411568555,19.914339690847747,,
8-154,AUGMENTED_REALITY,481.3033124628737,30.0,150,CloudNode,463,1.0,12000.0,289.8129906981136,6880.110691941242,6590.297701243128,4072.762520857429,20.05430468595307,,
3-170,AUGMENTED_REALITY,223.69964097567996,30.0,150,CloudNode,598,1.0,12000.0,351.9392839800565,6882.358493066557,6530.4192090865,4044.2894537816837,9.320818373986665,,
8-125,AUGMENTED_REALITY,830.9541864762098,30.0,150,CloudNode,331,1.0,12000.0,243.41383470995777,6883.445045930521,6640.031211220563,4094.7410860130067,34.623091103175405,,
2-176,AUGMENTED_REALITY,442.1996528610632,30.0,150,CloudNode,488,1.0,12000.0,303.54664706366555,6884.708201463525,6581.16155439986,4040.3359193490564,18.424985535877635,,
3-159,AUGMENTED_REALITY,281.92505312962066,30.0,150,CloudNode,549,1.0,12000.0,339.563036944905,6891.545498536139,6551.982461591235,4028.6325035123627,11.746877213734194,,
6-155,AUGMENTED_REALITY,454.8956643939417,30.0,150,CloudNode,495,1.0,12000.0,307.95230695252855,6892.691892402083,6584.739585449554,4043.48463978085,18.953986016414238,,
2-142,AUGMENTED_REALITY,909.30300287974,30.0,150,CloudNode,346,1.0,12000.0,250.0490016607651,6893.506394754986,6643.457393094221,4073.8312850983484,37.88762511998917,,
4-131,AUGMENTED_REALITY,738.4696270592315,30.0,150,CloudNode,377,1.0,12000.0,264.03964784005024,6895.68128788006,6631.64164004001,4083.693548120095,30.769567794134645,,
1-157,AUGMENTED_REALITY,635.5096245136868,30.0,150,CloudNode,494,1.0,12000.0,305.7958705317514,6898.428038210893,6592.632167679141,4048.896871128951,26.479567688070283,,
2-159,AUGMENTED_REALITY,980.279246687617,30.0,150,CloudNode,418,1.0,12000.0,274.51395532622996,6898.634625054666,6624.120669728436,4080.2222323389005,40.844968611984044,,
2-195,AUGMENTED_REALITY,355.25508765743297,30.0,150,CloudNode,560,1.0,12000.0,341.5614600511555,6899.662187973328,6558.100727922173,4028.377658825263,14.802295319059708,,
6-129,AUGMENTED_REALITY,750.8565286499638,30.0,150,CloudNode,394,1.0,12000.0,267.8619486217564,6902.355129535721,6634.493180913964,4079.279750728276,31.285688693748494,,
6-202,AUGMENTED_REALITY,388.370256534848,30.0,150,CloudNode,705,1.0,12000.0,398.57845832466137,6905.001743420905,6506.4232850962435,4003.9504800405853,16.182094022285334,,
9-203,AUGMENTED_REALITY,155.8205641633001,30.0,150,CloudNode,761,1.0,12000.0,420.69859394157726,6905.676939415691,6484.978345474114,3986.935967087992,6.4925235068041705,,
4-143,AUGMENTED_REALITY,993.0552364075162,30.0,150,CloudNode,443,1.0,12000.0,283.16869018005076,6907.908884233837,6624.740194053787,4076.7833306416373,41.37730151697984,,
2-255,AUGMENTED_REALITY,116.08064586720135,30.0,150,CloudNode,843,1.0,12000.0,454.9134287831893,6909.335575128928,6454.422146345739,3979.1024404138116,4.836693577800056,,
2-149,AUGMENTED_REALITY,834.9943765005839,30.0,150,CloudNode,374,1.0,12000.0,262.2110478678888,6910.693553190708,6648.48250532282,4071.388523668305,34.791432354191,,
5-196,AUGMENTED_REALITY,387.5262419823859,30.0,150,CloudNode,706,1.0,12000.0,397.0043262659615,6910.819411832983,6513.815085567021,3999.363317765253,16.14692674926608,,
6-161,AUGMENTED_REALITY,584.7369507539623,30.0,150,CloudNode,506,1.0,12000.0,317.2328909958988,6912.285792528704,6595.052901532806,4046.0158468298605,24.364039614748428,,
3-171,AUGMENTED_REALITY,699.6011168513968,30.0,150,CloudNode,598,1.0,12000.0,352.98362094990625,6913.221626995779,6560.238006045873,4039.2547944385865,29.150046535474868,,
0-228,AUGMENTED_REALITY,345.49059149674065,30.0,150,CloudNode,765,1.0,12000.0,423.38958334718313,6913.499084088254,6490.10950074107,3982.3052701954075,14.395441312364193,,
5-169,AUGMENTED_REALITY,619.4418030725211,30.0,150,CloudNode,547,1.0,12000.0,335.77155680912904,6920.641809211998,6584.8702524028695,4028.8707293123825,25.810075128021712,,
8-168,AUGMENTED_REALITY,880.8500994401397,30.0,150,CloudNode,500,1.0,12000.0,312.94308519398464,6923.652635507444,6610.709550313459,4039.5411211018227,36.70208747667249,,
7-210,AUGMENTED_REALITY,161.50970376482599,30.0,150,CloudNode,854,1.0,12000.0,458.2023079808231,6924.278553813385,6466.076245832562,3966.253432015574,6.729570990201083,,
7-176,AUGMENTED_REALITY,580.8368832073808,30.0,150,CloudNode,706,1.0,12000.0,398.22466026432573,6928.5137655418575,6530.289105277532,3985.5619286842475,24.20153680030753,,
8-247,AUGMENTED_REALITY,218.72479055065318,30.0,150,CloudNode,891,1.0,12000.0,485.56398417769856,6931.726149967475,6446.162165789777,3956.098934310162,9.11353293961055,,
1-257,AUGMENTED_REALITY,109.64243468933152,30.0,150,CloudNode,943,1.0,12000.0,505.43238766489236,6932.7895050648885,6427.357117399996,3951.7437152674447,4.568434778722147,,
7-219,AUGMENTED_REALITY,258.914757475334,30.0,150,CloudNode,874,1.0,12000.0,474.5934763012374,6933.862022318315,6459.268546017078,3957.2571421720545,10.788114894805583,,
0-205,AUGMENTED_REALITY,634.011931700133,30.0,150,CloudNode,707,1.0,12000.0,395.2878912433824,6935.192820708235,6539.904929464852,3981.8779080571744,26.417163820838876,,
8-218,AUGMENTED_REALITY,520.2226568729575,30.0,150,CloudNode,773,1.0,12000.0,424.9624522220902,6941.779926283639,6516.817474061549,3986.4303078441285,21.67594403637323,,
9-219,AUGMENTED_REALITY,524.3416971618295,30.0,150,CloudNode,842,1.0,12000.0,453.9379478280521,6946.050270965873,6492.112323137821,3980.5658710232033,21.84757071507623,,
3-263,AUGMENTED_REALITY,161.62148009069875,30.0,150,CloudNode,928,1.0,12000.0,500.7033608164813,6947.3304789925405,6446.627118176059,3938.4447143625107,6.734228337112448,,
2-231,AUGMENTED_REALITY,889.9832850019824,30.0,150,CloudNode,742,1.0,12000.0,411.30940110461114,6948.351174573746,6537.041773469135,3995.1005563871804,37.0826368750826,,
7-184,AUGMENTED_REALITY,659.3294851277824,30.0,150,CloudNode,750,1.0,12000.0,413.9379920932619,6950.625411640709,6536.6874195474475,3988.1806111586693,27.47206188032427,,
8-207,AUGMENTED_REALITY,807.3051917701142,30.0,150,CloudNode,750,1.0,12000.0,414.07644647468044,6950.72047857803,6536.64403210335,3981.3903225155736,33.63771632375476,,
4-197,AUGMENTED_REALITY,944.8764179571563,30.0,150,CloudNode,685,1.0,12000.0,389.82409217126707,6951.366814150193,6561.542721978926,4014.9243331817192,39.369850748214844,,
4-224,AUGMENTED_REALITY,552.3446571005845,30.0,150,CloudNode,810,1.0,12000.0,442.55391669301395,6951.705660840739,6509.151744147725,3981.821778256731,23.014360712524358,,
3-241,AUGMENTED_REALITY,541.8028848609893,30.0,150,CloudNode,859,1.0,12000.0,463.8245304123281,6953.0591246389195,6489.234594226591,3967.3213334476186,22.57512020254122,,
8-213,AUGMENTED_REALITY,889.201336715803,30.0,150,CloudNode,761,1.0,12000.0,420.99519975750053,6953.115545490441,6532.12034573294,3990.5809253412363,37.050055696491796,,
0-215,AUGMENTED_REALITY,661.5305778447535,30.0,150,CloudNode,727,1.0,12000.0,404.5750588275823,6953.762173208395,6549.187114380813,3983.4478764146147,27.563774076864725,,
3-259,AUGMENTED_REALITY,264.02532625214565,30.0,150,CloudNode,905,1.0,12000.0,492.77790706027076,6954.791615585901,6462.01370852563,3943.371751262007,11.00105526050607,,
2-225,AUGMENTED_REALITY,910.5150164942779,30.0,150,CloudNode,714,1.0,12000.0,401.4029244661301,6955.585807310355,6554.182882844225,3987.3399082040232,37.938125687261575,,
4-266,AUGMENTED_REALITY,169.14494604898954,30.0,150,CloudNode,1031,1.0,12000.0,527.9002640792935,6955.875338454388,6427.975074375095,3931.3754344063054,7.047706085374564,,
7-198,AUGMENTED_REALITY,569.3001285809147,30.0,150,CloudNode,795,1.0,12000.0,435.25209056096355,6956.777252510671,6521.525161949708,3967.265066132228,23.720838690871446,,
8-220,AUGMENTED_REALITY,644.9194656134982,30.0,150,CloudNode,775,1.0,12000.0,425.7697664825851,6958.745032222029,6532.975265739444,3982.4755139996214,26.871644400562428,,
8-251,AUGMENTED_REALITY,340.7964074530003,30.0,150,CloudNode,921,1.0,12000.0,499.5080327441298,6963.592521329318,6464.0844885851875,3935.9275780392986,14.19985031054168,,
2-241,AUGMENTED_REALITY,855.8739830135439,30.0,150,CloudNode,780,1.0,12000.0,427.8088334082786,6964.829226672781,6537.020393264503,3986.345072626273,35.66141595889766,,
2-264,AUGMENTED_REALITY,504.30663655187834,30.0,150,CloudNode,863,1.0,12000.0,466.2512514036911,6966.304106859375,6500.052855455684,3951.647831642611,21.012776522994933,,
8-212,AUGMENTED_REALITY,902.1335967930997,30.0,150,CloudNode,761,1.0,12000.0,420.5845760494246,6966.723298268897,6546.138722219473,3987.4105482680875,37.58889986637916,,
8-265,AUGMENTED_REALITY,282.498818742603,30.0,150,CloudNode,1020,1.0,12000.0,525.3711008163381,6970.872047221091,6445.5009464047525,3934.9643834697467,11.770784114275125,,
5-307,AUGMENTED_REALITY,264.8501232643686,30.0,150,CloudNode,1300,1.0,12000.0,608.2735205400332,6976.862459191265,6368.588938651232,3875.4871622634446,11.035421802682025,,
6-245,AUGMENTED_REALITY,779.691438531758,30.0,150,CloudNode,890,1.0,12000.0,484.5257771008668,6978.195913540092,6493.670136439226,3955.928754781407,32.48714327215659,,
1-252,AUGMENTED_REALITY,596.7153769451774,30.0,150,CloudNode,898,1.0,12000.0,488.9401167541145,6981.452431379573,6492.512314625458,3954.668792178597,24.863140706049055,,
1-308,AUGMENTED_REALITY,319.6924563956324,30.0,150,CloudNode,1312,1.0,12000.0,613.0553174650648,6982.516376487357,6369.461059022292,3871.1158923656753,13.320519016484683,,
2-321,AUGMENTED_REALITY,403.59533218032334,30.0,150,CloudNode,1184,1.0,12000.0,575.0138562266737,6985.338605189099,6410.3247489624255,3887.9059429481704,16.816472174180138,,
0-271,AUGMENTED_REALITY,816.7625552743999,30.0,150,CloudNode,908,1.0,12000.0,493.0038870949263,6988.705355484865,6495.701468389939,3955.541312030653,34.03177313643333,,
4-265,AUGMENTED_REALITY,520.9499215105644,30.0,150,CloudNode,1029,1.0,12000.0,527.1210447224272,6989.462764425087,6462.341719702659,3934.4471886340666,21.706246729606853,,
3-225,AUGMENTED_REALITY,967.4803076673002,30.0,150,CloudNode,808,1.0,12000.0,439.6708701725156,6991.3169121629835,6551.646041990468,3966.9034336460645,40.31167948613751,,
0-340,AUGMENTED_REALITY,364.14328212874074,30.0,150,CloudNode,1340,1.0,12000.0,623.8686719362439,6995.17450018351,6371.305828247266,3871.305773596285,15.172636755364199,,
9-297,AUGMENTED_REALITY,231.93748427756603,30.0,150,CloudNode,1365,1.0,12000.0,638.0303645784597,6996.190582881062,6358.1602183026025,3866.2384840565514,9.664061844898585,,
5-317,AUGMENTED_REALITY,330.96087812629025,30.0,150,CloudNode,1347,1.0,12000.0,627.194575576864,6998.452120398281,6371.2575448214175,3870.677566092624,13.790036588595427,,
3-264,AUGMENTED_REALITY,893.8502692418542,30.0,150,CloudNode,928,1.0,12000.0,501.2857518652232,7003.001287978679,6501.7155361134555,3954.1877797017014,37.2437612184106,,
5-305,AUGMENTED_REALITY,569.8883718957936,30.0,150,CloudNode,1300,1.0,12000.0,607.893065177453,7003.076504968339,6395.183439790886,3875.844619929766,23.745348828991403,,
4-269,AUGMENTED_REALITY,643.6168260505102,30.0,150,CloudNode,1056,1.0,12000.0,535.4043489876202,7004.260147144918,6468.855798157298,3913.3458975212693,26.81736775210459,,
0-347,AUGMENTED_REALITY,314.52992614303156,30.0,150,CloudNode,1364,1.0,12000.0,636.9951986654414,7004.406740718678,6367.411542053236,3866.354053089703,13.105413589292983,,
3-343,AUGMENTED_REALITY,323.0644698132483,30.0,150,CloudNode,1386,1.0,12000.0,644.6247326030294,7009.438415638461,6364.8136830354315,3867.1189139319035,13.461019575552013,,
5-271,AUGMENTED_REALITY,718.478770631843,30.0,150,CloudNode,1119,1.0,12000.0,555.0863479864103,7010.593709464018,6455.507361477607,3913.0315993168515,29.936615442993457,,
0-349,AUGMENTED_REALITY,256.4512879288196,30.0,150,CloudNode,1368,1.0,12000.0,638.4496739812276,7010.833705085822,6372.384031104594,3868.5117850416073,10.685470330367485,,
8-298,AUGMENTED_REALITY,636.0173323444105,30.0,150,CloudNode,1269,1.0,12000.0,600.8548667172315,7011.746476584063,6410.8916098668315,3868.5989592813175,26.500722181017103,,
4-302,AUGMENTED_REALITY,713.5447702827714,30.0,150,CloudNode,1284,1.0,12000.0,604.197166741427,7012.577609680672,6408.380442939245,3883.5286508728714,29.731032095115477,,
4-299,AUGMENTED_REALITY,677.8530552714163,30.0,150,CloudNode,1256,1.0,12000.0,595.8601493235282,7013.265007116623,6417.404857793094,3871.7484487112984,28.24387730297568,,
4-316,AUGMENTED_REALITY,340.64185038165493,30.0,150,CloudNode,1374,1.0,12000.0,641.1864218571255,7013.725426054238,6372.539004197112,3869.8779966259076,14.193410432568957,,
2-331,AUGMENTED_REALITY,576.0981691333093,30.0,150,CloudNode,1241,1.0,12000.0,591.752286993602,7014.312287620484,6422.560000626882,3867.9787860022225,24.00409038055455,,
0-289,AUGMENTED_REALITY,804.9687640802783,30.0,150,CloudNode,983,1.0,12000.0,516.555963511202,7015.431904913769,6498.875941402567,3931.376836136187,33.5403651700116,,
3-369,AUGMENTED_REALITY,89.15340348628834,30.0,150,CloudNode,1572,1.0,12000.0,712.6069137601759,7021.741737911008,6309.134824150832,3823.8611703763745,3.714725145262014,,
8-358,AUGMENTED_REALITY,131.59320651734447,30.0,150,CloudNode,1545,1.0,12000.0,703.7608614981999,7022.712577127175,6318.951715628975,3841.359491360938,5.48305027155602,,
6-309,AUGMENTED_REALITY,726.135327560105,30.0,150,CloudNode,1304,1.0,12000.0,610.6254722650095,7024.103798625993,6413.478326360983,3871.382471739782,30.255638648337708,,
6-324,AUGMENTED_REALITY,265.5113839604022,30.0,150,CloudNode,1364,1.0,12000.0,637.3642547962106,7025.127236642046,6387.762981845835,3865.099664889297,11.062974331683424,,
3-294,AUGMENTED_REALITY,910.0171722383112,30.0,150,CloudNode,1149,1.0,12000.0,564.8443502063327,7029.596937561588,6464.752587355255,3884.0111405542966,37.9173821765963,,
4-310,AUGMENTED_REALITY,500.8328886187995,30.0,150,CloudNode,1358,1.0,12000.0,632.7304720614698,7033.05298621455,6400.32251415308,3864.1575564814793,20.868037025783313,,
5-355,AUGMENTED_REALITY,97.29067336890219,30.0,150,CloudNode,1554,1.0,12000.0,706.6212763443561,7033.234792756121,6326.613516411765,3812.017308854998,4.053778057037591,,
0-326,AUGMENTED_REALITY,965.4357999754238,30.0,150,CloudNode,1250,1.0,12000.0,593.5287312774727,7033.512107970205,6439.983376692732,3888.003773316426,40.22649166564266,,
5-329,AUGMENTED_REALITY,357.94893337413663,30.0,150,CloudNode,1382,1.0,12000.0,642.5336392240885,7034.089224926096,6391.555585702007,3856.8142196817707,14.914538890589025,,
2-315,AUGMENTED_REALITY,995.8267494766569,30.0,150,CloudNode,1119,1.0,12000.0,555.6945273219636,7034.352376606581,6478.657849284617,3891.074535552919,41.49278122819404,,
8-321,AUGMENTED_REALITY,831.4569651316984,30.0,150,CloudNode,1353,1.0,12000.0,630.0932356024106,7036.011378696539,6405.918143094129,3866.6886944571634,34.644040213820766,,
7-339,AUGMENTED_REALITY,161.87406106324391,30.0,150,CloudNode,1548,1.0,12000.0,704.3421069602863,7036.202082215778,6331.859975255492,3815.3625389697418,6.7447525443018295,,
9-317,AUGMENTED_REALITY,435.83815344863945,30.0,150,CloudNode,1430,1.0,12000.0,664.3979228808438,7039.396351089059,6374.998428208215,3857.487648313479,18.159923060359976,,
7-356,AUGMENTED_REALITY,376.02678630088377,30.0,150,CloudNode,1620,1.0,12000.0,734.6439411263118,7046.767470438843,6312.123529312531,3821.3711271784146,15.667782762536824,,
4-305,AUGMENTED_REALITY,718.5735423919862,30.0,150,CloudNode,1322,1.0,12000.0,616.1904164376716,7048.586484017531,6432.396067579859,3869.158679926222,29.940564266332757,,
4-322,AUGMENTED_REALITY,473.6207714023445,30.0,150,CloudNode,1417,1.0,12000.0,658.8654782684863,7048.906813255323,6390.041334986837,3857.691935944663,19.73419880843102,,
8-347,AUGMENTED_REALITY,482.02838747708296,30.0,150,CloudNode,1512,1.0,12000.0,690.2554835608297,7051.002737375578,6360.747253814749,3846.3174382432017,20.084516144878457,,
9-290,AUGMENTED_REALITY,704.6473587460251,30.0,150,CloudNode,1350,1.0,12000.0,628.062769537799,7053.895113412345,6425.8323438745465,3867.090590533219,29.360306614417713,,
3-321,AUGMENTED_REALITY,904.7250076791892,30.0,150,CloudNode,1301,1.0,12000.0,609.0318234816615,7056.846182019505,6447.814358537844,3867.9856665382417,37.69687531996622,,
7-344,AUGMENTED_REALITY,530.7987723962649,30.0,150,CloudNode,1585,1.0,12000.0,719.4725759315324,7065.9749689440305,6346.502393012498,3815.375296240178,22.11661551651104,,
5-350,AUGMENTED_REALITY,672.4312734879807,30.0,150,CloudNode,1536,1.0,12000.0,698.3352858274534,7066.629648921349,6368.294363093895,3846.6150048151258,28.01796972866586,,
9-360,AUGMENTED_REALITY,415.0233367148189,30.0,150,CloudNode,1681,1.0,12000.0,754.2264014950525,7068.097386029773,6313.87098453472,3807.3223870320817,17.292639029784123,,
0-363,AUGMENTED_REALITY,844.5493886342944,30.0,150,CloudNode,1436,1.0,12000.0,666.9742075432141,7068.831236117806,6401.857028574592,3863.016289744977,35.18955785976227,,
4-366,AUGMENTED_REALITY,417.83446371283287,30.0,150,CloudNode,1708,1.0,12000.0,767.3434968175185,7071.021620858514,6303.6781240409955,3783.738462803433,17.409769321368035,,
3-365,AUGMENTED_REALITY,581.7368040086473,30.0,150,CloudNode,1549,1.0,12000.0,704.9091561951958,7072.581865626713,6367.672709431517,3811.8806023365028,24.239033500360303,,
0-345,AUGMENTED_REALITY,986.8950181114059,30.0,150,CloudNode,1345,1.0,12000.0,627.0113606216723,7078.431834390346,6451.420473768674,3865.2208864259023,41.120625754641914,,
8-370,AUGMENTED_REALITY,804.679024157476,30.0,150,CloudNode,1588,1.0,12000.0,721.1512900491674,7080.782011400694,6359.6307213515265,3823.5016325145093,33.528292673228165,,
1-360,AUGMENTED_REALITY,826.1386020391959,30.0,150,CloudNode,1599,1.0,12000.0,723.6781507709674,7082.109890619889,6358.431739848921,3823.5713716262544,34.422441751633166,,
9-305,AUGMENTED_REALITY,941.1462159509358,30.0,150,CloudNode,1389,1.0,12000.0,649.343109683866,7082.835592047923,6433.492482364057,3854.820663409464,39.214425664622325,,
1-378,AUGMENTED_REALITY,612.0378172406366,30.0,150,CloudNode,1684,1.0,12000.0,755.451568349556,7085.092376362816,6329.6408080132605,3807.045807428068,25.50157571835986,,
6-366,AUGMENTED_REALITY,736.5950804159114,30.0,150,CloudNode,1561,1.0,12000.0,709.6443798091028,7090.97986092958,6381.335481120477,3814.875702120925,30.69146168399631,,
9-361,AUGMENTED_REALITY,708.7644813608381,30.0,150,CloudNode,1688,1.0,12000.0,757.5279910075488,7092.298499536191,6334.7705085286425,3809.1062049668753,29.53185339003492,,
5-398,AUGMENTED_REALITY,513.0491198514285,30.0,150,CloudNode,1749,1.0,12000.0,787.5489620578644,7093.75683069653,6306.207868638666,3786.376956006813,21.37704666047619,,
2-387,AUGMENTED_REALITY,977.7196257183413,30.0,150,CloudNode,1570,1.0,12000.0,712.2449057356456,7094.054245157201,6381.809339421556,3827.6098294648796,40.738317738264215,,
6-413,AUGMENTED_REALITY,346.2522396358237,30.0,150,CloudNode,1760,1.0,12000.0,790.7251867884452,7094.829322247016,6304.10413545857,3787.2731316896547,14.427176651492653,,
2-446,AUGMENTED_REALITY,315.4861185397475,30.0,150,CloudNode,1823,1.0,12000.0,814.8338228896608,7095.121745996118,6280.287923106457,3774.467082040545,13.145254939156146,,
1-402,AUGMENTED_REALITY,346.5240221803433,30.0,150,CloudNode,1786,1.0,12000.0,799.90753983561,7095.506650769711,6295.599110934101,3787.266005317014,14.438500924180971,,
9-351,AUGMENTED_REALITY,738.4297414501455,30.0,150,CloudNode,1645,1.0,12000.0,740.1166229682426,7095.888188394093,6355.77156542585,3802.046291752799,30.767905893756062,,
5-390,AUGMENTED_REALITY,338.27817121822363,30.0,150,CloudNode,1738,1.0,12000.0,783.0296086963489,7096.287233631291,6313.257624934942,3782.6438828695273,14.094923800759318,,
7-377,AUGMENTED_REALITY,702.1726799770709,30.0,150,CloudNode,1739,1.0,12000.0,783.5326817315619,7097.910741087148,6314.378059355587,3786.628758163816,29.257194999044618,,
8-432,AUGMENTED_REALITY,76.41996343106297,30.0,150,CloudNode,1944,1.0,12000.0,854.6960835908171,7098.666829822113,6243.970746231296,3726.7569931734142,3.184165142960957,,
7-354,AUGMENTED_REALITY,802.6764536569023,30.0,150,CloudNode,1616,1.0,12000.0,733.4995462225581,7099.942690685959,6366.443144463401,3813.924286422728,33.44485223570426,,
9-391,AUGMENTED_REALITY,519.9417261642946,30.0,150,CloudNode,1802,1.0,12000.0,803.439649035995,7100.1746591998635,6296.7350101638685,3781.5261089832097,21.66423859017894,,
4-402,AUGMENTED_REALITY,74.23070420320076,30.0,150,CloudNode,1985,1.0,12000.0,865.7908574301916,7100.240137174134,6234.4492797439425,3720.019243253205,3.0929460084666984,,
1-383,AUGMENTED_REALITY,850.452516257627,30.0,150,CloudNode,1705,1.0,12000.0,766.3571547828033,7106.882421718008,6340.525266935205,3785.197240114727,35.43552151073446,,
3-419,AUGMENTED_REALITY,473.21459869145974,30.0,150,CloudNode,1878,1.0,12000.0,833.2853736833861,7110.4561707494695,6277.170797066084,3766.5778084843505,19.717274945477488,,
7-417,AUGMENTED_REALITY,344.20995968527365,30.0,150,CloudNode,1946,1.0,12000.0,854.9382675341132,7111.519755355029,6256.581487820916,3739.9950002355968,14.34208165355307,,
0-453,AUGMENTED_REALITY,414.15395439937004,30.0,150,CloudNode,1872,1.0,12000.0,831.8442705972762,7112.944663923627,6281.10039332635,3760.4308681310645,17.256414766640418,,
2-426,AUGMENTED_REALITY,861.5598715644446,30.0,150,CloudNode,1733,1.0,12000.0,780.9698669469321,7118.564126402546,6337.5942594556145,3784.688265154282,35.89832798185186,,
5-430,AUGMENTED_REALITY,581.8113427740036,30.0,150,CloudNode,1910,1.0,12000.0,844.8398089065057,7121.066144191213,6276.226335284708,3756.4509986157536,24.24213928225015,,
7-435,AUGMENTED_REALITY,435.887182158519,30.0,150,CloudNode,2020,1.0,12000.0,877.1974700679707,7121.416308209359,6244.218838141389,3733.985542643431,18.161965923271623,,
4-364,AUGMENTED_REALITY,901.8098984077097,30.0,150,CloudNode,1700,1.0,12000.0,763.9504754298463,7124.057638122632,6360.107162692786,3784.5221635469284,37.57541243365457,,
6-456,AUGMENTED_REALITY,349.6666673493929,30.0,150,CloudNode,2041,1.0,12000.0,886.4962400709601,7124.260634941901,6237.764394870941,3714.6562128759047,14.569444472891371,,
2-421,AUGMENTED_REALITY,873.2798759817871,30.0,150,CloudNode,1723,1.0,12000.0,776.0735325536263,7126.668436410828,6350.594903857202,3787.4619807688655,36.38666149924113,,
0-420,AUGMENTED_REALITY,971.313428904822,30.0,150,CloudNode,1740,1.0,12000.0,784.2944910400588,7129.5292697596,6345.234778719541,3784.7465390663247,40.47139287103425,,
9-452,AUGMENTED_REALITY,395.3350294719403,30.0,150,CloudNode,2147,1.0,12000.0,918.995447136629,7131.611415611442,6212.615968474813,3697.434159108102,16.47229289466418,,
8-424,AUGMENTED_REALITY,617.5773836837037,30.0,150,CloudNode,1873,1.0,12000.0,831.8649923111099,7132.2467933743355,6300.381801063226,3750.9198210477543,25.732390986820988,,
7-447,AUGMENTED_REALITY,499.847624456876,30.0,150,CloudNode,2072,1.0,12000.0,896.9485291701119,7135.41079940127,6238.462270231158,3722.625538650309,20.826984352369834,,
8-463,AUGMENTED_REALITY,437.22350436897915,30.0,150,CloudNode,2144,1.0,12000.0,918.5395300571121,7136.675429204883,6218.135899147771,3687.3147472394417,18.21764601537413,,
9-416,AUGMENTED_REALITY,657.3147570888875,30.0,150,CloudNode,1933,1.0,12000.0,851.4517139417596,7136.886120377296,6285.434406435536,3748.9736618810803,27.388114878703647,,
0-490,AUGMENTED_REALITY,516.5445293199988,30.0,150,CloudNode,2209,1.0,12000.0,938.3424034265631,7139.332611074625,6200.990207648061,3698.8242057488305,21.52268872166662,,
5-436,AUGMENTED_REALITY,582.2113566532697,30.0,150,CloudNode,1938,1.0,12000.0,852.9745615462004,7139.497473984019,6286.522912437818,3729.647586079871,24.25880652721957,,
9-449,AUGMENTED_REALITY,522.495934356875,30.0,150,CloudNode,2138,1.0,12000.0,914.6871662474282,7141.4520689502215,6226.764902702793,3697.2416121396323,21.770663931536454,,
6-466,AUGMENTED_REALITY,439.35972479375846,30.0,150,CloudNode,2111,1.0,12000.0,907.0070182743169,7143.495732117488,6236.488713843171,3692.6219222406608,18.306655199739936,,
9-450,AUGMENTED_REALITY,547.4704732334696,30.0,150,CloudNode,2138,1.0,12000.0,914.8566005680756,7145.797198635986,6230.94059806791,3693.933705374017,22.811269718061233,,
7-466,AUGMENTED_REALITY,468.6558158824013,30.0,150,CloudNode,2241,1.0,12000.0,947.6885392741632,7150.574406678562,6202.885867404399,3688.987088053376,19.527325661766724,,
6-481,AUGMENTED_REALITY,453.2896959253259,30.0,150,CloudNode,2207,1.0,12000.0,937.3418392254628,7150.718805250737,6213.376966025275,3682.733131175347,18.887070663555246,,
6-502,AUGMENTED_REALITY,459.66371824302246,30.0,150,CloudNode,2333,1.0,12000.0,979.0625783989518,7159.721618062945,6180.659039663993,3660.1308066346687,19.152654926792604,,
0-515,AUGMENTED_REALITY,443.8722196261365,30.0,150,CloudNode,2394,1.0,12000.0,997.9887651758098,7161.046989758143,6163.058224582333,3653.4218828175954,18.494675817755688,,
5-3,CLOUD_GAMING,297.4495097967326,50.0,150,CloudNode,0,0.0,12000.0,3.642219673968347,7161.673579527023,7158.031359853055,3048.736154392848,12.393729574863858,,
6-460,AUGMENTED_REALITY,803.6067101820569,30.0,150,CloudNode,2060,1.0,12000.0,891.6990413322234,7161.79654809552,6270.097506763296,3718.848265294037,33.48361292425237,,
0-496,AUGMENTED_REALITY,504.3385230260581,30.0,150,CloudNode,2258,1.0,12000.0,952.5740779068691,7163.094354443385,6210.520276536516,3683.2596241764,21.014105126085756,,
4-7,CLOUD_GAMING,392.7541532478507,50.0,150,CloudNode,0,0.0,12000.0,21.061918451736233,7164.976306144989,7143.914387693253,3045.940994962864,16.364756385327112,,
0-0,CLOUD_GAMING,485.47412461416286,50.0,150,CloudNode,0,0.0,12000.0,4.901632971983503,7167.124613462008,7162.222980490024,3063.5592632539538,20.228088525590117,,
2-492,AUGMENTED_REALITY,871.328966511099,30.0,150,CloudNode,2133,1.0,12000.0,912.1709009649231,7168.498935603351,6256.328034638428,3707.330754848642,36.305373604629125,,
3-0,CLOUD_GAMING,430.5790021589941,50.0,150,CloudNode,0,0.0,12000.0,2.0311163975688733,7172.557012718132,7170.525896320563,3049.2114216830378,17.940791756624755,,
7-457,AUGMENTED_REALITY,947.2714340379667,30.0,150,CloudNode,2143,1.0,12000.0,918.0820675779771,7174.445936939542,6256.363869361565,3712.1736919526966,39.46964308491528,,
8-481,AUGMENTED_REALITY,777.8685917955269,30.0,150,CloudNode,2263,1.0,12000.0,953.6458956769856,7175.278553399096,6221.632657722111,3692.499214133214,32.41119132481362,,
8-465,AUGMENTED_REALITY,922.1461932671823,30.0,150,CloudNode,2156,1.0,12000.0,922.2077831124325,7176.788206791557,6254.580423679125,3695.2381587169034,38.42275805279926,,
0-498,AUGMENTED_REALITY,736.3593392512307,30.0,150,CloudNode,2262,1.0,12000.0,953.5365872158104,7179.927404673482,6226.390817457672,3681.858655026816,30.681639135467947,,
3-23,CLOUD_GAMING,239.87700721764776,50.0,150,CloudNode,0,0.0,12000.0,47.843721382125665,7181.663330128494,7133.819608746368,3047.0662285322696,9.994875300735323,,
8-490,AUGMENTED_REALITY,736.4608951615925,30.0,150,CloudNode,2324,1.0,12000.0,975.7404955086998,7185.632376205367,6209.891880696668,3645.892507306958,30.68587063173302,,
5-20,CLOUD_GAMING,301.27862552685104,50.0,150,CloudNode,0,0.0,12000.0,34.15767051459697,7186.153541885381,7151.995871370784,3048.3012167515535,12.553276063618792,,
3-21,CLOUD_GAMING,564.3193481206897,50.0,150,CloudNode,0,0.0,12000.0,42.25394808001576,7188.478681293613,7146.224733213597,3037.986015507947,23.513306171695405,,
8-1,CLOUD_GAMING,549.0190503234508,50.0,150,CloudNode,0,0.0,12000.0,1.9038210089783474,7191.548786162941,7189.644965153962,3038.1740877545844,22.875793763477112,,
8-2,CLOUD_GAMING,567.8334451238013,50.0,150,CloudNode,0,0.0,12000.0,2.373103991362242,7197.893860438879,7195.520756447517,3041.569954312,23.659726880158388,,
6-0,CLOUD_GAMING,766.1831793292843,50.0,150,CloudNode,0,0.0,12000.0,1.6146557116281437,7199.25939767871,7197.644741967082,3048.520763732826,31.924299138720176,,
0-13,CLOUD_GAMING,624.3058897828132,50.0,150,CloudNode,0,0.0,12000.0,28.75188473712773,7202.744296065972,7173.992411328844,3040.8727311246967,26.012745407617217,,
8-13,CLOUD_GAMING,437.51433928362883,50.0,150,CloudNode,0,0.0,12000.0,15.86195153699251,7203.584141735643,7187.72219019865,3049.9189719087863,18.22976413681787,,
3-2,CLOUD_GAMING,938.3618580726138,50.0,150,CloudNode,0,0.0,12000.0,6.563761051333043,7207.726091265651,7201.162330214318,3054.628945957323,39.098410753025576,,
2-0,CLOUD_GAMING,913.8319467868874,50.0,150,CloudNode,0,0.0,12000.0,1.1891119898653637,7207.764077843683,7206.574965853817,3045.612417604916,38.076331116120315,,
8-21,CLOUD_GAMING,540.6553449872142,50.0,150,CloudNode,0,0.0,12000.0,27.249474631039277,7208.148966525653,7180.899491894614,3047.7453210464173,22.527306041133926,,
0-11,CLOUD_GAMING,843.1704166860252,50.0,150,CloudNode,0,0.0,12000.0,27.115064397500646,7209.7616753745215,7182.646610977021,3041.2624197178475,35.13210069525105,,
7-7,CLOUD_GAMING,806.661856660879,50.0,150,CloudNode,0,0.0,12000.0,17.85053271414773,7210.717553505894,7192.867020791747,3037.1486099138556,33.61091069420329,,
4-34,CLOUD_GAMING,284.54061546390983,50.0,150,CloudNode,0,0.041666666666666664,12000.0,77.77611372507157,7212.190399248939,7134.414285523867,3034.053215419938,11.85585897766291,,
2-12,CLOUD_GAMING,615.1282966117046,50.0,150,CloudNode,0,0.0,12000.0,19.594791632813514,7213.057239479828,7193.462447847015,3046.552738255302,25.63034569215436,,
8-15,CLOUD_GAMING,665.7313599679546,50.0,150,CloudNode,0,0.0,12000.0,20.398087013422515,7220.453919475653,7200.05583246223,3047.933927321418,27.738806665331445,,
2-26,CLOUD_GAMING,421.15757685293266,50.0,150,CloudNode,0,0.0,12000.0,53.17337523252778,7221.250006623125,7168.076631390597,3034.3843387898205,17.548232368872192,,
5-10,CLOUD_GAMING,985.3395706273775,50.0,150,CloudNode,0,0.0,12000.0,18.398441732884116,7221.444241960239,7203.045800227355,3046.703166609659,41.0558154428074,,
3-44,CLOUD_GAMING,165.30776179732524,50.0,150,CloudNode,0,0.75,12000.0,101.26900512046026,7221.924613342097,7120.655608221637,3007.963211581782,6.887823408221886,,
1-24,CLOUD_GAMING,487.0314260348554,50.0,150,CloudNode,0,0.0,12000.0,44.697357860426685,7222.249282298065,7177.551924437638,3056.8053110982964,20.292976084785643,,
3-36,CLOUD_GAMING,245.37185490015335,50.0,150,CloudNode,0,0.125,12000.0,79.4586180345145,7223.191950640985,7143.733332606471,3025.5609879490285,10.22382728750639,,
5-22,CLOUD_GAMING,740.8346579229427,50.0,150,CloudNode,0,0.0,12000.0,38.34391666897719,7230.2351570969295,7191.891240427953,3050.814797742025,30.86811074678928,,
5-9,CLOUD_GAMING,908.1751826883694,50.0,150,CloudNode,0,0.0,12000.0,12.087051535237187,7235.402883286975,7223.315831751738,3049.428921408573,37.8406326120154,,
2-74,CLOUD_GAMING,186.13732789018547,50.0,150,CloudNode,62,1.0,12000.0,143.64114753027755,7237.760726288913,7094.119578758636,2987.9987551541426,7.755721995424395,,
8-26,CLOUD_GAMING,769.8844514737136,50.0,150,CloudNode,0,0.0,12000.0,30.455784497153584,7239.435591021906,7208.979806524752,3056.780216009488,32.078518811404734,,
7-43,CLOUD_GAMING,349.2353721338735,50.0,150,CloudNode,0,0.9166666666666666,12000.0,106.0328972958653,7239.820501183717,7133.787603887852,3003.877741410358,14.551473838911395,,
1-81,CLOUD_GAMING,247.95963788426653,50.0,150,CloudNode,33,1.0,12000.0,129.8575766997965,7241.117222632674,7111.259645932878,2997.5615211323857,10.331651578511106,,
3-14,CLOUD_GAMING,804.4344972874396,50.0,150,CloudNode,0,0.0,12000.0,29.671086912779955,7241.482145046828,7211.811058134048,3056.1545756112973,33.51810405364332,,
2-6,CLOUD_GAMING,800.9366702445056,50.0,150,CloudNode,0,0.0,12000.0,10.84886534045043,7243.532929311932,7232.684063971482,3058.148370142607,33.37236126018774,,
3-35,CLOUD_GAMING,627.6516691986317,50.0,150,CloudNode,0,0.041666666666666664,12000.0,77.068777153142,7243.8530919294935,7166.7843147763515,3029.7923660035685,26.152152883276322,,
1-28,CLOUD_GAMING,770.0269406336272,50.0,150,CloudNode,0,0.0,12000.0,48.024491116595144,7244.096316392951,7196.071825276355,3056.2649484381172,32.08445585973447,,
2-37,CLOUD_GAMING,739.7413878476727,50.0,150,CloudNode,0,0.041666666666666664,12000.0,74.91427192133132,7247.2774918593395,7172.363219938008,3038.2568395384033,30.822557826986365,,
0-72,CLOUD_GAMING,220.94268654586023,50.0,150,CloudNode,71,1.0,12000.0,148.36537607864824,7248.647047642417,7100.281671563769,2993.3608360223107,9.205945272744176,,
6-30,CLOUD_GAMING,634.3983969699545,50.0,150,CloudNode,0,0.0,12000.0,63.92078422511575,7250.7603935197085,7186.839609294593,3026.1176004289473,26.433266540414774,,
2-107,CLOUD_GAMING,131.24190040932245,50.0,150,CloudNode,179,1.0,12000.0,187.27964739395668,7252.054047666785,7064.774400272828,2977.8200972411614,5.468412517055103,,
7-50,CLOUD_GAMING,487.1768906368982,50.0,150,CloudNode,24,1.0,12000.0,121.67420092002084,7252.78847346868,7131.11427254866,3001.303570453666,20.299037109870756,,
9-29,CLOUD_GAMING,988.5379115765223,50.0,150,CloudNode,0,0.0,12000.0,43.99610466854473,7254.935172016175,7210.93906734763,3054.585442640546,41.189079649021764,,
5-73,CLOUD_GAMING,382.4700434739366,50.0,150,CloudNode,56,1.0,12000.0,142.35783536533998,7255.064454263813,7112.706618898473,2987.3953758986045,15.936251811414024,,
3-74,CLOUD_GAMING,426.28046997216813,50.0,150,CloudNode,102,1.0,12000.0,163.19727247900633,7257.447985839777,7094.2507133607705,2996.70347953493,17.761686248840338,,
3-57,CLOUD_GAMING,575.7737129118943,50.0,150,CloudNode,29,1.0,12000.0,124.43707612952531,7257.742818117179,7133.305741987654,3003.6927952091464,23.990571371328933,,
2-52,CLOUD_GAMING,651.9614980948761,50.0,150,CloudNode,0,0.6666666666666666,12000.0,99.5330908392668,7257.914266576883,7158.381175737616,3026.355004508315,27.165062420619837,,
4-132,CLOUD_GAMING,204.99483698984466,50.0,150,CloudNode,378,1.0,12000.0,264.11287084207004,7269.136950749272,7005.024079907202,2928.075207401921,8.541451541243529,,
4-29,CLOUD_GAMING,908.4934958012564,50.0,150,CloudNode,0,0.041666666666666664,12000.0,75.05803419667797,7274.967188995482,7199.909154798804,3024.5092747666167,37.85389565838568,,
4-84,CLOUD_GAMING,422.88536601831146,50.0,150,CloudNode,150,1.0,12000.0,177.45288153343196,7278.773376480125,7101.3204949466935,2977.397781474253,17.620223584096312,,
9-86,CLOUD_GAMING,700.0152750107551,50.0,150,CloudNode,54,1.0,12000.0,138.47624732256673,7279.7788482111355,7141.302600888569,2997.469066487947,29.16730312544813,,
7-54,CLOUD_GAMING,820.860830313329,50.0,150,CloudNode,34,1.0,12000.0,130.27510174856397,7281.462308672606,7151.187206924042,2994.379317649944,34.20253459638871,,
7-47,CLOUD_GAMING,917.166488652955,50.0,150,CloudNode,10,1.0,12000.0,114.42069661744777,7284.194618564762,7169.773921947314,3011.813681410693,38.21527036053979,,
2-62,CLOUD_GAMING,929.1686012224346,50.0,150,CloudNode,17,1.0,12000.0,117.38030308579985,7285.156808034188,7167.776504948388,3019.2457738613475,38.71535838426811,,
9-87,CLOUD_GAMING,779.1570447369821,50.0,150,CloudNode,72,1.0,12000.0,148.91041762540073,7286.179760351207,7137.269342725806,2997.5360233646443,32.46487686404092,,
1-149,CLOUD_GAMING,375.41409762690574,50.0,150,CloudNode,448,1.0,12000.0,284.64483591997646,7289.1987747124585,7004.553938792482,2904.5784944436346,15.64225406778774,,
8-122,CLOUD_GAMING,503.39562244946353,50.0,150,CloudNode,314,1.0,12000.0,234.27035155506468,7289.227127063462,7054.956775508397,2943.858615770957,20.97481760206098,,
6-154,CLOUD_GAMING,90.80417239842987,50.0,150,CloudNode,493,1.0,12000.0,306.3001767978725,7291.761632931298,6985.461456133426,2897.8749972204623,3.7835071832679112,,
4-68,CLOUD_GAMING,625.6418634015034,50.0,150,CloudNode,52,1.0,12000.0,136.76525205899728,7291.957323133843,7155.192071074845,2991.373820217269,26.06841097506264,,
2-182,CLOUD_GAMING,89.38905463350451,50.0,150,CloudNode,501,1.0,12000.0,315.23431270198415,7292.605895920313,6977.371583218329,2897.3750661235317,3.724543943062688,,
8-96,CLOUD_GAMING,623.1632068617325,50.0,150,CloudNode,177,1.0,12000.0,186.7989839489241,7293.412412285305,7106.613428336382,2976.2339143050694,25.965133619238856,,
0-94,CLOUD_GAMING,697.6271241737115,50.0,150,CloudNode,141,1.0,12000.0,173.56399970803193,7293.538476968118,7119.974477260086,2995.81568586932,29.067796840571315,,
9-145,CLOUD_GAMING,467.4421517873966,50.0,150,CloudNode,426,1.0,12000.0,277.2519880093845,7294.017966912763,7016.765978903379,2911.698740083797,19.47675632447486,,
6-80,CLOUD_GAMING,716.6649318142196,50.0,150,CloudNode,105,1.0,12000.0,164.55427931042348,7299.1576686730905,7134.603389362667,2993.4542295874753,29.861038825592484,,
7-66,CLOUD_GAMING,808.2977471842022,50.0,150,CloudNode,75,1.0,12000.0,150.75548874514962,7305.1188718875965,7154.363383142447,2992.109499598917,33.67907279934175,,
2-161,CLOUD_GAMING,576.3183391603948,50.0,150,CloudNode,433,1.0,12000.0,280.3483554275305,7305.4745141031435,7025.126158675613,2909.393670754549,24.013264131683115,,
7-126,CLOUD_GAMING,661.0094412834551,50.0,150,CloudNode,366,1.0,12000.0,259.0187046492734,7307.872593575635,7048.853888926361,2921.2038104520943,27.542060053477297,,
0-155,CLOUD_GAMING,106.19365605009983,50.0,150,CloudNode,489,1.0,12000.0,304.29836458756694,7308.007140010599,7003.708775423032,2894.800897878985,4.42473566875416,,
3-155,CLOUD_GAMING,200.0762687766272,50.0,150,CloudNode,544,1.0,12000.0,333.5326359987525,7308.630345531895,6975.097709533143,2894.654920626228,8.336511199026134,,
2-190,CLOUD_GAMING,248.50221632352336,50.0,150,CloudNode,532,1.0,12000.0,328.49806859754256,7309.907292739419,6981.409224141877,2900.003206826468,10.35425901348014,,
6-110,CLOUD_GAMING,738.5007941487008,50.0,150,CloudNode,302,1.0,12000.0,230.70211507744997,7310.188780488143,7079.486665410693,2926.068835616844,30.770866422862532,,
2-99,CLOUD_GAMING,803.0860645634314,50.0,150,CloudNode,138,1.0,12000.0,172.85411202316854,7310.776930643113,7137.922818619944,2970.5169731649594,33.46191935680964,,
8-113,CLOUD_GAMING,824.5736665967947,50.0,150,CloudNode,291,1.0,12000.0,226.5474810527239,7312.81078860935,7086.263307556626,2948.528467938868,34.35723610819978,,
7-112,CLOUD_GAMING,784.0760294672732,50.0,150,CloudNode,312,1.0,12000.0,233.5620278713222,7316.100062641981,7082.538034770659,2926.8600898373616,32.66983456113638,,
2-191,CLOUD_GAMING,119.83401099960483,50.0,150,CloudNode,542,1.0,12000.0,331.7292087040585,7318.616513115196,6986.887304411137,2896.3032130541233,4.993083791650201,,
4-150,CLOUD_GAMING,308.2942110718613,50.0,150,CloudNode,494,1.0,12000.0,305.2949981102734,7319.229661224106,7013.934663113832,2893.4308589840066,12.845592127994221,,
4-158,CLOUD_GAMING,314.4990113624035,50.0,150,CloudNode,510,1.0,12000.0,318.5794075850739,7320.22621785963,7001.646810274557,2892.1044777260067,13.104125473433479,,
4-134,CLOUD_GAMING,809.0227774267822,50.0,150,CloudNode,386,1.0,12000.0,265.7648830233392,7325.161382902744,7059.3964998794045,2909.6567408595292,33.70928239278259,,
8-173,CLOUD_GAMING,181.74913963809016,50.0,150,CloudNode,515,1.0,12000.0,321.52346652880027,7325.33454212465,7003.8110755958505,2885.2489838832935,7.572880818253756,,
6-150,CLOUD_GAMING,622.7020882787601,50.0,150,CloudNode,480,1.0,12000.0,297.1392429297852,7326.859029685378,7029.719786755593,2912.706327979001,25.945920344948338,,
0-171,CLOUD_GAMING,155.82600273483604,50.0,150,CloudNode,549,1.0,12000.0,339.5300017820609,7329.085562869884,6989.555561087823,2888.327918053459,6.492750113951502,,
4-157,CLOUD_GAMING,441.60420689275867,50.0,150,CloudNode,496,1.0,12000.0,310.36713302567085,7330.212762859702,7019.845629834031,2894.492232845685,18.400175287198277,,
0-161,CLOUD_GAMING,284.7362180580156,50.0,150,CloudNode,501,1.0,12000.0,315.569825327854,7331.7351581821,7016.165332854246,2895.9361350786985,11.86400908575065,,
2-180,CLOUD_GAMING,282.0719983863212,50.0,150,CloudNode,500,1.0,12000.0,313.001916701877,7334.28293050864,7021.2810138067625,2885.5786411394774,11.752999932763382,,
0-133,CLOUD_GAMING,963.7370235637063,50.0,150,CloudNode,331,1.0,12000.0,243.88356350330199,7335.246590646484,7091.363027143182,2912.9129351713345,40.155709315154425,,
9-150,CLOUD_GAMING,839.7008082171177,50.0,150,CloudNode,444,1.0,12000.0,283.892989432475,7339.112018100698,7055.2190286682235,2915.320241502395,34.98753367571324,,
3-146,CLOUD_GAMING,605.6513039473467,50.0,150,CloudNode,488,1.0,12000.0,303.02218386953507,7339.698069059074,7036.675885189539,2898.0295274486252,25.235470997806114,,
3-153,CLOUD_GAMING,590.8034524268726,50.0,150,CloudNode,525,1.0,12000.0,326.43810123820003,7341.839516955885,7015.401415717685,2894.2940377523573,24.61681051778636,,
0-148,CLOUD_GAMING,765.53425074742,50.0,150,CloudNode,469,1.0,12000.0,292.0836732592386,7345.256829568224,7053.173156308985,2898.5118306352206,31.89726044780916,,
5-172,CLOUD_GAMING,556.2101883350895,50.0,150,CloudNode,564,1.0,12000.0,342.5069001020782,7351.46972091552,7008.962820813442,2899.13508915845,23.17542451396206,,
9-214,CLOUD_GAMING,120.96734129231896,50.0,150,CloudNode,808,1.0,12000.0,439.6258765410886,7351.920128730245,6912.294252189156,2829.1394937415653,5.040305887179956,,
2-173,CLOUD_GAMING,888.7020491396243,50.0,150,CloudNode,482,1.0,12000.0,297.9974209917838,7353.837352306105,7055.839931314321,2909.244067132214,37.02925204748434,,
7-142,CLOUD_GAMING,933.1721866960092,50.0,150,CloudNode,457,1.0,12000.0,287.48521715123013,7356.53772537146,7069.052508220229,2913.439893385311,38.88217444566705,,
9-155,CLOUD_GAMING,855.2989942428649,50.0,150,CloudNode,483,1.0,12000.0,298.3803519499383,7357.454676538112,7059.074324588174,2898.192903878643,35.6374580934527,,
3-196,CLOUD_GAMING,424.6534074718187,50.0,150,CloudNode,683,1.0,12000.0,388.39452924929503,7360.549166858728,6972.154637609433,2867.8653446943126,17.693891977992447,,
9-211,CLOUD_GAMING,260.5304414920896,50.0,150,CloudNode,786,1.0,12000.0,432.1252610008341,7361.408939183415,6929.283678182581,2827.061669162802,10.8554350621704,,
0-170,CLOUD_GAMING,635.7897840164931,50.0,150,CloudNode,548,1.0,12000.0,339.18212651218676,7362.889774740794,7023.707648228607,2889.856911461269,26.49124100068721,,
6-229,CLOUD_GAMING,112.67816287478236,50.0,150,CloudNode,853,1.0,12000.0,458.5792411045492,7363.227199212336,6904.6479581077865,2810.5887930511617,4.694923453115932,,
4-159,CLOUD_GAMING,699.8260250989284,50.0,150,CloudNode,515,1.0,12000.0,321.4062809834642,7363.793349528054,7042.38706854459,2895.8107007131193,29.15941771245535,,
8-169,CLOUD_GAMING,896.0090962390951,50.0,150,CloudNode,501,1.0,12000.0,315.1669686632905,7366.429057617889,7051.262088954599,2899.949319179089,37.33371234329563,,
9-194,CLOUD_GAMING,507.223920408922,50.0,150,CloudNode,741,1.0,12000.0,409.84851659799733,7371.35422290396,6961.505706305963,2857.3269954989364,21.13433001703842,,
3-214,CLOUD_GAMING,498.31615887553113,50.0,150,CloudNode,754,1.0,12000.0,416.0423282985156,7373.261504755062,6957.219176456546,2852.810219301131,20.763173286480463,,
7-208,CLOUD_GAMING,144.0093983879009,50.0,150,CloudNode,850,1.0,12000.0,457.2428351380647,7374.890557939785,6917.64772280172,2800.747255037916,6.00039159949587,,
4-185,CLOUD_GAMING,806.5505502250995,50.0,150,CloudNode,639,1.0,12000.0,368.3687527964312,7380.023334461442,7011.6545816650105,2885.317785289132,33.60627292604582,,
8-158,CLOUD_GAMING,898.8410324619174,50.0,150,CloudNode,482,1.0,12000.0,298.6229057654219,7382.776012947461,7084.153107182039,2895.8541017107245,37.45170968591322,,
3-172,CLOUD_GAMING,777.1704037361031,50.0,150,CloudNode,600,1.0,12000.0,353.8826177617461,7384.990418170972,7031.107800409226,2863.994368274948,32.38210015567097,,
7-195,CLOUD_GAMING,416.9899088664547,50.0,150,CloudNode,787,1.0,12000.0,431.9881293427454,7386.218879987725,6954.23075064498,2812.1781802378646,17.374579536102278,,
2-218,CLOUD_GAMING,676.0549361188677,50.0,150,CloudNode,674,1.0,12000.0,383.83702047710267,7390.620841851879,7006.783821374776,2855.0536037049706,28.168955671619486,,
0-176,CLOUD_GAMING,869.9837176442281,50.0,150,CloudNode,601,1.0,12000.0,354.9692027574175,7391.728304361125,7036.759101603708,2877.7184339164005,36.2493215685095,,
8-233,CLOUD_GAMING,394.73815769317696,50.0,150,CloudNode,840,1.0,12000.0,453.23197481276594,7393.44401333316,6940.212038520394,2800.5146240453814,16.44742323721571,,
2-206,CLOUD_GAMING,909.4273937407962,50.0,150,CloudNode,614,1.0,12000.0,361.4188062117712,7394.402129260262,7032.983323048491,2887.628839548075,37.89280807253317,,
1-203,CLOUD_GAMING,718.0233681439923,50.0,150,CloudNode,681,1.0,12000.0,387.97579930291226,7395.08187132515,7007.106072022238,2854.1777324171853,29.917640339333015,,
1-239,CLOUD_GAMING,464.1090353081461,50.0,150,CloudNode,865,1.0,12000.0,467.9483305223862,7395.213478313805,6927.265147791419,2806.632613287753,19.337876471172756,,
2-263,CLOUD_GAMING,471.74906826232143,50.0,150,CloudNode,861,1.0,12000.0,465.36956178744816,7396.767098893305,6931.397537105857,2799.1960462412508,19.656211177596724,,
6-194,CLOUD_GAMING,886.3862609873632,50.0,150,CloudNode,666,1.0,12000.0,380.31652451044255,7400.724551434325,7020.408026923882,2859.624282147448,36.932760874473466,,
6-197,CLOUD_GAMING,852.5217175433065,50.0,150,CloudNode,683,1.0,12000.0,388.3862311957949,7401.256239321644,7012.870008125849,2853.1341048810355,35.52173823097111,,
7-166,CLOUD_GAMING,936.7749855209871,50.0,150,CloudNode,633,1.0,12000.0,366.45740353324,7403.399124251399,7036.94172071816,2863.808695467954,39.032291063374466,,
5-241,CLOUD_GAMING,533.0930876355676,50.0,150,CloudNode,918,1.0,12000.0,496.08750934434084,7407.651623181967,6911.564113837626,2790.5574781992855,22.212211984815315,,
3-298,CLOUD_GAMING,293.47269423789055,50.0,150,CloudNode,1180,1.0,12000.0,572.5967074073264,7409.446476024129,6836.849768616803,2740.215627383477,12.228028926578773,,
1-207,CLOUD_GAMING,848.2728797153903,50.0,150,CloudNode,731,1.0,12000.0,406.4698277921328,7409.801424743648,7003.331596951515,2848.9635538218436,35.3447033214746,,
1-255,CLOUD_GAMING,536.9519879406938,50.0,150,CloudNode,940,1.0,12000.0,504.28707955742806,7411.175056612947,6906.887977055519,2772.0907793162814,22.37299949752891,,
7-237,CLOUD_GAMING,472.95955559921435,50.0,150,CloudNode,938,1.0,12000.0,504.00272760044965,7412.674801054996,6908.672073454547,2767.3577780766736,19.706648149967265,,
2-233,CLOUD_GAMING,822.5068583753443,50.0,150,CloudNode,747,1.0,12000.0,413.4601556009378,7413.799067766169,7000.338912165232,2824.9381824773745,34.27111909897268,,
1-303,CLOUD_GAMING,235.0766290871846,50.0,150,CloudNode,1271,1.0,12000.0,601.8303651639843,7414.803197404404,6812.97283224042,2692.252483125558,9.794859545299358,,
2-271,CLOUD_GAMING,826.6871992558492,50.0,150,CloudNode,890,1.0,12000.0,484.27097627380016,7420.8107286682325,6936.539752394432,2811.3922828060495,34.445299968993716,,
1-248,CLOUD_GAMING,737.7999190995745,50.0,150,CloudNode,886,1.0,12000.0,481.89126688228794,7422.892265775046,6941.000998892759,2800.2502080380855,30.741663295815602,,
5-276,CLOUD_GAMING,518.24988346329,50.0,150,CloudNode,1146,1.0,12000.0,563.4284745991683,7423.210824750049,6859.782350150881,2736.649988105077,21.593745144303746,,
6-339,CLOUD_GAMING,186.24982542674653,50.0,150,CloudNode,1398,1.0,12000.0,652.2945692337302,7424.967294809691,6772.6727255759615,2689.8341434735603,7.7604093927811055,,
3-326,CLOUD_GAMING,438.86772898025606,50.0,150,CloudNode,1318,1.0,12000.0,615.5445447947006,7431.654182073505,6816.109637278804,2699.8715086051516,18.286155374177337,,
9-263,CLOUD_GAMING,502.1093050014062,50.0,150,CloudNode,1169,1.0,12000.0,569.2462433026354,7432.46328393533,6863.217040632694,2730.7297853712307,20.92122104172526,,
9-249,CLOUD_GAMING,597.2334712276529,50.0,150,CloudNode,1052,1.0,12000.0,534.443264643835,7432.545468883099,6898.102204239263,2738.955077222081,24.884727967818872,,
5-245,CLOUD_GAMING,756.7024465539417,50.0,150,CloudNode,928,1.0,12000.0,501.1599735498584,7434.412760116789,6933.252786566931,2765.454604829494,31.529268606414238,,
3-293,CLOUD_GAMING,608.7688249917161,50.0,150,CloudNode,1146,1.0,12000.0,563.3750364455459,7444.174748749137,6880.799712303591,2722.556707356739,25.36536770798817,,
5-333,CLOUD_GAMING,266.47191083768877,50.0,150,CloudNode,1387,1.0,12000.0,648.2200092785515,7445.416817319857,6797.196808041305,2675.019941875652,11.102996284903698,,
3-341,CLOUD_GAMING,432.40097793017327,50.0,150,CloudNode,1375,1.0,12000.0,641.8601134929208,7445.834839571162,6803.974726078241,2686.429593083998,18.01670741375722,,
6-314,CLOUD_GAMING,536.0424994949361,50.0,150,CloudNode,1340,1.0,12000.0,623.6633747844814,7445.926447612888,6822.263072828407,2688.873068092791,22.33510414562234,,
3-337,CLOUD_GAMING,425.1128412879951,50.0,150,CloudNode,1372,1.0,12000.0,640.0492046569912,7446.601126720279,6806.551922063289,2684.128911634436,17.713035053666463,,
9-239,CLOUD_GAMING,999.0091317158924,50.0,150,CloudNode,994,1.0,12000.0,519.381372904935,7447.044110504378,6927.662737599443,2770.942762005183,41.62538048816218,,
6-287,CLOUD_GAMING,638.3966888009286,50.0,150,CloudNode,1181,1.0,12000.0,571.2238472287195,7447.601853327006,6876.378006098286,2719.810330948497,26.599862033372027,,
8-262,CLOUD_GAMING,896.4983924458467,50.0,150,CloudNode,999,1.0,12000.0,520.1757766277369,7449.598757310272,6929.422980682535,2751.5188294878126,37.35409968524361,,
3-345,CLOUD_GAMING,423.30413219274624,50.0,150,CloudNode,1386,1.0,12000.0,646.4849467440062,7450.0785417538,6803.593595009794,2677.9914251644523,17.63767217469776,,
8-346,CLOUD_GAMING,246.68510574435828,50.0,150,CloudNode,1507,1.0,12000.0,688.865581548371,7452.211274218868,6763.345692670498,2674.348996310531,10.278546072681594,,
2-378,CLOUD_GAMING,216.08442914397847,50.0,150,CloudNode,1539,1.0,12000.0,700.0707088922154,7452.419795878787,6752.349086986572,2644.1679589604555,9.003517880999103,,
1-267,CLOUD_GAMING,842.2542160421846,50.0,150,CloudNode,1074,1.0,12000.0,541.0221731670529,7456.406731324573,6915.384558157521,2740.3966947409417,35.093925668424355,,
2-351,CLOUD_GAMING,430.4932682857016,50.0,150,CloudNode,1382,1.0,12000.0,642.4530340554685,7456.685167692041,6814.232133636573,2683.2989377850026,17.937219511904235,,
6-378,CLOUD_GAMING,177.56407373501364,50.0,150,CloudNode,1588,1.0,12000.0,720.8622320671054,7461.841116648963,6740.9788845818575,2637.0048904822215,7.398503072292234,,
9-286,CLOUD_GAMING,591.5426949365947,50.0,150,CloudNode,1338,1.0,12000.0,622.0623390744826,7463.094292344219,6841.031953269737,2680.706191793399,24.647612289024778,,
1-347,CLOUD_GAMING,375.95658223966626,50.0,150,CloudNode,1506,1.0,12000.0,688.1107696745745,7463.792999121969,6775.682229447394,2668.056231418842,15.664857593319429,,
4-323,CLOUD_GAMING,623.2220801012484,50.0,150,CloudNode,1430,1.0,12000.0,663.7643951386149,7464.609974396767,6800.845579258152,2684.64852627893,25.96758667088535,,
0-352,CLOUD_GAMING,688.7435840791842,50.0,150,CloudNode,1378,1.0,12000.0,642.1842665902777,7465.0469218552325,6822.862655264955,2688.4870030984903,28.697649336632676,,
0-331,CLOUD_GAMING,782.6422987721514,50.0,150,CloudNode,1275,1.0,12000.0,602.2578573216837,7465.944742998671,6863.686885676988,2695.145471525474,32.610095782172976,,
2-386,CLOUD_GAMING,215.73780983405544,50.0,150,CloudNode,1568,1.0,12000.0,711.8935637140496,7467.576908129777,6755.683344415727,2626.917306162285,8.98907540975231,,
9-350,CLOUD_GAMING,153.13648155755703,50.0,150,CloudNode,1616,1.0,12000.0,733.5801537129636,7469.168104787703,6735.587951074739,2614.3309861044545,6.380686731564876,,
7-273,CLOUD_GAMING,964.3587435699495,50.0,150,CloudNode,1213,1.0,12000.0,585.5024752131594,7472.091532991954,6886.589057778795,2729.968009492365,40.18161431541456,,
5-327,CLOUD_GAMING,837.4434750092275,50.0,150,CloudNode,1368,1.0,12000.0,638.8743586055577,7473.186080502168,6834.31172189661,2687.545965497302,34.893478125384476,,
6-393,CLOUD_GAMING,149.94388979785992,50.0,150,CloudNode,1687,1.0,12000.0,756.9296530907068,7475.5896164940405,6718.659963403334,2607.6216707532712,6.2476620749108305,,
9-287,CLOUD_GAMING,954.608620413312,50.0,150,CloudNode,1342,1.0,12000.0,624.749358908042,7476.3178172610815,6851.568458353039,2692.8723545807325,39.775359183888,,
7-378,CLOUD_GAMING,135.97470609991686,50.0,150,CloudNode,1740,1.0,12000.0,784.027611831197,7476.378147363559,6692.350535532362,2601.6913252521144,5.665612754163202,,
0-362,CLOUD_GAMING,591.9129918614454,50.0,150,CloudNode,1430,1.0,12000.0,664.4311502784445,7481.871551538219,6817.440401259774,2666.837200600815,24.663041327560226,,
6-345,CLOUD_GAMING,721.392694991628,50.0,150,CloudNode,1431,1.0,12000.0,664.5153996422177,7483.008323691015,6818.492924048797,2680.7175724659883,30.0580289579845,,
6-377,CLOUD_GAMING,467.0885045942081,50.0,150,CloudNode,1587,1.0,12000.0,720.6128511091894,7483.098790798654,6762.485939689464,2649.490055925059,19.46202102475867,,
1-372,CLOUD_GAMING,412.5488626401278,50.0,150,CloudNode,1645,1.0,12000.0,741.2293821889217,7484.457613640478,6743.228231451556,2626.851963064335,17.189535943338658,,
1-408,CLOUD_GAMING,151.21742238225042,50.0,150,CloudNode,1822,1.0,12000.0,814.3878446808008,7484.692984857142,6670.3051401763405,2596.6568491700136,6.3007259325937675,,
5-370,CLOUD_GAMING,472.3272724635254,50.0,150,CloudNode,1620,1.0,12000.0,734.2993570440217,7486.962459365634,6752.663102321612,2626.9768369447675,19.68030301931356,,
0-411,CLOUD_GAMING,495.52331155925305,50.0,150,CloudNode,1721,1.0,12000.0,774.8591978356905,7493.713405175392,6718.854207339701,2614.515340902338,20.64680464830221,,
1-362,CLOUD_GAMING,577.1415265373655,50.0,150,CloudNode,1602,1.0,12000.0,726.6647156086193,7494.6962539317265,6768.031538323107,2645.666019597159,24.047563605723564,,
2-370,CLOUD_GAMING,861.5990223361937,50.0,150,CloudNode,1502,1.0,12000.0,686.6295719449827,7496.767213337707,6810.137641392725,2675.3986185387284,35.89995926400807,,
3-377,CLOUD_GAMING,646.6545814268621,50.0,150,CloudNode,1607,1.0,12000.0,729.3342211589379,7499.722721356734,6770.388500197796,2650.17730777823,26.94394089278592,,
4-358,CLOUD_GAMING,452.3876738795082,50.0,150,CloudNode,1687,1.0,12000.0,756.9648704536388,7501.491971945261,6744.5271014916225,2605.437173830498,18.849486411646176,,
7-393,CLOUD_GAMING,457.8327016636979,50.0,150,CloudNode,1802,1.0,12000.0,805.2332540070256,7505.729633268418,6700.496379261393,2596.911273070842,19.076362569320747,,
8-392,CLOUD_GAMING,683.4497020005438,50.0,150,CloudNode,1701,1.0,12000.0,764.6648235161862,7513.63930952542,6748.974486009233,2614.072308837667,28.477070916689325,,
6-401,CLOUD_GAMING,745.5278580551096,50.0,150,CloudNode,1708,1.0,12000.0,767.5757181961243,7514.3385957234605,6746.762877527336,2627.3079121840747,31.063660752296236,,
4-371,CLOUD_GAMING,156.5692177449464,50.0,150,CloudNode,1800,1.0,12000.0,803.2207449255205,7514.53940675734,6711.31866183182,2591.322813361652,6.523717406039433,,
9-326,CLOUD_GAMING,833.8147979637796,50.0,150,CloudNode,1503,1.0,12000.0,687.2586863809539,7514.9013838168385,6827.642697435885,2650.1364832549125,34.742283248490814,,
8-411,CLOUD_GAMING,500.9213907425551,50.0,150,CloudNode,1806,1.0,12000.0,806.3343718437718,7517.333065722587,6710.998693878815,2597.0224810743557,20.87172461427313,,
6-2,VIDEO_SURVEILLANCE,580.495819298864,60.0,800,CloudNode,0,0.0,12000.0,3.813957072144931,7517.542756395941,7513.728799323796,2594.6551772010116,24.187325804119336,,
9-390,CLOUD_GAMING,440.04006892730325,50.0,150,CloudNode,1799,1.0,12000.0,802.7664227493052,7519.678329434957,6716.911906685652,2597.648981153984,18.335002871970968,,
8-390,CLOUD_GAMING,705.0546375775579,50.0,150,CloudNode,1698,1.0,12000.0,761.9579257540457,7523.364527528231,6761.406601774185,2603.720206886587,29.377276565731577,,
7-333,CLOUD_GAMING,977.9624834792444,50.0,150,CloudNode,1536,1.0,12000.0,698.356603415931,7527.423321236159,6829.0667178202275,2645.585306678314,40.74843681163518,,
3-420,CLOUD_GAMING,83.72009392016345,50.0,150,CloudNode,1879,1.0,12000.0,833.5324672579522,7530.341202021577,6696.808734763625,2588.653332452457,3.4883372466734768,,
2-453,CLOUD_GAMING,476.04648241298395,50.0,150,CloudNode,1872,1.0,12000.0,831.8345134166614,7534.3667941328085,6702.532280716147,2594.5632036788475,19.835270100541,,
6-407,CLOUD_GAMING,759.6977528600377,50.0,150,CloudNode,1725,1.0,12000.0,779.6420960891312,7536.494226573837,6756.852130484706,2595.8828638529976,31.6540730358349,,
0-14,VIDEO_SURVEILLANCE,452.53275156148277,60.0,800,CloudNode,0,0.0,12000.0,30.949510518717048,7537.433783986858,7506.484273468141,2596.2722722333456,18.855531315061782,,
6-412,CLOUD_GAMING,914.8253981195402,50.0,150,CloudNode,1752,1.0,12000.0,789.0959557976771,7538.076566492258,6748.980610694582,2611.9350800124785,38.11772492164751,,
5-28,VIDEO_SURVEILLANCE,260.98640261721255,60.0,800,CloudNode,0,0.0,12000.0,42.53964240651602,7539.081932607354,7496.542290200839,2595.1039402207907,10.874433442383856,,
2-17,VIDEO_SURVEILLANCE,339.27945205304064,60.0,800,CloudNode,0,0.0,12000.0,29.85051532968097,7541.912597196507,7512.062081866826,2597.2423661939265,14.13664383554336,,
1-403,CLOUD_GAMING,709.9959982508051,50.0,150,CloudNode,1788,1.0,12000.0,800.2782663210053,7543.859318044709,6743.581051723703,2592.189386040869,29.583166593783545,,
5-391,CLOUD_GAMING,937.7261914625541,50.0,150,CloudNode,1739,1.0,12000.0,783.6148004920047,7544.088592287218,6760.4737917952125,2600.8107852062167,39.07192464427309,,
9-8,VIDEO_SURVEILLANCE,775.3251799672173,60.0,800,CloudNode,0,0.0,12000.0,12.18929455686763,7546.481983202154,7534.292688645286,2597.487716116082,32.30521583196739,,
8-401,CLOUD_GAMING,920.9798123722259,50.0,150,CloudNode,1725,1.0,12000.0,777.6307670917122,7553.126465061245,6775.495697969533,2596.8841942351064,38.37415884884275,,
2-439,CLOUD_GAMING,865.3249206028894,50.0,150,CloudNode,1806,1.0,12000.0,807.9496642681186,7556.568023690718,6748.6183594225995,2592.5792111265164,36.055205025120394,,
8-410,CLOUD_GAMING,966.2591493589028,50.0,150,CloudNode,1804,1.0,12000.0,805.9219638233004,7556.83941304099,6750.917449217689,2597.2817403070258,40.26079788995428,,
6-409,CLOUD_GAMING,913.0022784854475,50.0,150,CloudNode,1745,1.0,12000.0,785.0357854399618,7559.182314005774,6774.146528565812,2592.8554384135277,38.04176160356031,,
5-19,VIDEO_SURVEILLANCE,798.2058829891729,60.0,800,CloudNode,0,0.0,12000.0,29.900112899864848,7560.230562091157,7530.330449191291,2597.6147767298335,33.2585784578822,,
6-448,CLOUD_GAMING,200.19488004564434,50.0,150,CloudNode,2007,1.0,12000.0,871.3279009219044,7560.771498957688,6689.443598035784,2603.0585408674706,8.34145333523518,,
5-16,VIDEO_SURVEILLANCE,890.7920863724648,60.0,800,CloudNode,0,0.0,12000.0,27.94605964990235,7561.195133230006,7533.249073580104,2593.5925768656352,37.11633693218604,,
1-423,CLOUD_GAMING,376.6069006445613,50.0,150,CloudNode,1922,1.0,12000.0,848.3720719874109,7561.7251104086245,6713.353038421214,2592.4724010598493,15.691954193523387,,
8-11,VIDEO_SURVEILLANCE,842.9362767070478,60.0,800,CloudNode,0,0.0,12000.0,8.498085487838337,7567.011903063295,7558.513817575456,2595.3513370172104,35.12234486279365,,
3-13,VIDEO_SURVEILLANCE,639.1317121173475,60.0,800,CloudNode,0,0.0,12000.0,15.359186341022786,7568.162359826618,7552.803173485595,2596.362681931011,26.630488004889482,,
6-439,CLOUD_GAMING,312.7870963983482,50.0,150,CloudNode,1941,1.0,12000.0,853.5462713968407,7569.924909411237,6716.3786380143965,2603.4114539585025,13.032795683264506,,
5-23,VIDEO_SURVEILLANCE,802.931862323638,60.0,800,CloudNode,0,0.0,12000.0,38.524160214980675,7572.640621795388,7534.116461580407,2593.615685544107,33.455494263484916,,
1-418,CLOUD_GAMING,434.24940101327974,50.0,150,CloudNode,1898,1.0,12000.0,842.1177672421654,7573.621234071297,6731.503466829132,2598.5363634755795,18.09372504221999,,
9-396,CLOUD_GAMING,729.0475849240121,50.0,150,CloudNode,1808,1.0,12000.0,809.6819522402205,7575.2933721676745,6765.611419927454,2597.0340535170653,30.376982705167173,,
9-413,CLOUD_GAMING,741.3162583606068,50.0,150,CloudNode,1925,1.0,12000.0,849.3434448223487,7576.114950586844,6726.7715057644955,2597.6629731051316,30.88817743169195,,
8-446,CLOUD_GAMING,195.51897861435867,50.0,150,CloudNode,2018,1.0,12000.0,875.1793305111913,7576.52381030902,6701.344479797828,2609.090632204513,8.146624108931611,,
1-27,VIDEO_SURVEILLANCE,507.982741329977,60.0,800,CloudNode,0,0.0,12000.0,48.00241599445466,7576.69868924364,7528.696273249185,2596.143703838594,21.16594755541571,,
2-45,VIDEO_SURVEILLANCE,239.49520713304832,60.0,800,CloudNode,0,0.375,12000.0,89.03076434550752,7576.797346968744,7487.766582623237,2606.591718577434,9.978966963877014,,
0-34,VIDEO_SURVEILLANCE,55.396600069650546,60.0,800,CloudNode,0,0.375,12000.0,89.4013479349868,7577.257005134526,7487.855657199539,2603.1897998484483,2.3081916695687728,,
6-40,VIDEO_SURVEILLANCE,124.51242469301675,60.0,800,CloudNode,0,0.041666666666666664,12000.0,77.25218574750718,7577.38793845438,7500.135752706872,2608.2079708059273,5.1880176955423645,,
6-25,VIDEO_SURVEILLANCE,804.1994710904589,60.0,800,CloudNode,0,0.0,12000.0,54.248439309012134,7584.559378986813,7530.310939677801,2594.570423626157,33.50831129543579,,
0-468,CLOUD_GAMING,778.8134285377826,50.0,150,CloudNode,1976,1.0,12000.0,863.3413141179474,7584.5794484797725,6721.238134361825,2596.3633462029084,32.45055952240761,,
6-440,CLOUD_GAMING,365.0169365207808,50.0,150,CloudNode,1943,1.0,12000.0,853.9637924041472,7591.189577001086,6737.225784596939,2607.3233550845835,15.2090390216992,,
1-437,CLOUD_GAMING,204.5226767623182,50.0,150,CloudNode,2042,1.0,12000.0,885.6340383924369,7592.336928564534,6706.702890172097,2603.277860213804,8.521778198429926,,
1-427,CLOUD_GAMING,394.6475416284408,50.0,150,CloudNode,1981,1.0,12000.0,864.0135257640544,7594.082428365709,6730.068902601655,2605.8831251956835,16.443647567851702,,
2-32,VIDEO_SURVEILLANCE,523.3784198964611,60.0,800,CloudNode,0,0.0,12000.0,63.64304352921424,7596.7413333859495,7533.098289856735,2608.5034101897445,21.807434162352546,,
3-62,VIDEO_SURVEILLANCE,194.32773056991078,60.0,800,CloudNode,34,1.0,12000.0,130.9480055427935,7600.753356534306,7469.805350991512,2590.9525505733945,8.096988773746283,,
5-447,CLOUD_GAMING,486.9065681019199,50.0,150,CloudNode,2021,1.0,12000.0,875.467982864233,7602.300657750451,6726.832674886218,2605.8956836218995,20.28777367091333,,
4-394,CLOUD_GAMING,916.8800041230115,50.0,150,CloudNode,1940,1.0,12000.0,853.3798546251887,7603.82998824641,6750.4501336212215,2592.3924610015974,38.203333505125485,,
7-436,CLOUD_GAMING,348.1208759124249,50.0,150,CloudNode,2021,1.0,12000.0,877.6551166992487,7605.807419961446,6728.152303262197,2594.040661834829,14.505036496351037,,
3-31,VIDEO_SURVEILLANCE,841.162221983507,60.0,800,CloudNode,0,0.0,12000.0,60.72642959664327,7609.178784439313,7548.45235484267,2599.2247004277842,35.04842591597946,,
3-436,CLOUD_GAMING,771.2747730166788,50.0,150,CloudNode,1981,1.0,12000.0,863.7484398673207,7610.754880953544,6747.006441086223,2605.3512618617187,32.136448875694946,,
1-41,VIDEO_SURVEILLANCE,502.152217970212,60.0,800,CloudNode,0,0.0,12000.0,72.8087498352472,7611.770927575421,7538.962177740174,2603.257243474067,20.923009082092165,,
4-21,VIDEO_SURVEILLANCE,953.6366540167837,60.0,800,CloudNode,0,0.0,12000.0,59.555409220517916,7615.963947741902,7556.408538521385,2598.138528878536,39.73486058403265,,
7-438,CLOUD_GAMING,906.3217698578349,50.0,150,CloudNode,2037,1.0,12000.0,884.1964807590177,7617.439411351326,6733.242930592309,2601.692774669428,37.76340707740979,,
7-419,CLOUD_GAMING,712.5677791484087,50.0,150,CloudNode,1956,1.0,12000.0,858.6650850512409,7618.562962268142,6759.897877216901,2608.635944565687,29.690324131183697,,
8-467,CLOUD_GAMING,315.7083179563111,50.0,150,CloudNode,2177,1.0,12000.0,929.0572530895728,7618.645955060893,6689.588701971321,2594.7972109430166,13.154513248179628,,
7-409,CLOUD_GAMING,968.0140960643394,50.0,150,CloudNode,1888,1.0,12000.0,838.9404218554411,7618.744407830954,6779.803985975513,2598.4571819310104,40.33392066934748,,
1-86,VIDEO_SURVEILLANCE,330.7069362626682,60.0,800,CloudNode,55,1.0,12000.0,138.51779681163802,7618.748488356308,7480.230691544671,2594.5961012967537,13.779455677611175,,
2-70,VIDEO_SURVEILLANCE,446.71190114660493,60.0,800,CloudNode,37,1.0,12000.0,132.4138310982522,7621.805440241989,7489.391609143737,2588.1407738876123,18.61299588110854,,
5-57,VIDEO_SURVEILLANCE,354.77108388353207,60.0,800,CloudNode,22,1.0,12000.0,119.43604588654641,7623.646685356004,7504.210639469457,2591.7773145939127,14.78212849514717,,
8-452,CLOUD_GAMING,565.4035460329809,50.0,150,CloudNode,2071,1.0,12000.0,894.8022259219545,7624.504900623795,6729.702674701841,2593.57809161189,23.558481084707537,,
8-433,CLOUD_GAMING,731.2259379200866,50.0,150,CloudNode,1948,1.0,12000.0,855.3823091166897,7629.0978546532915,6773.715545536602,2608.6182423293267,30.46774741333694,,
0-99,VIDEO_SURVEILLANCE,129.01913763579634,60.0,800,CloudNode,158,1.0,12000.0,179.43563846412727,7629.5000831592915,7450.064444695165,2572.151356409233,5.375797401491514,,
3-82,VIDEO_SURVEILLANCE,136.5353717190164,60.0,800,CloudNode,153,1.0,12000.0,178.38348311500505,7633.18338788524,7454.799904770235,2572.8419501677636,5.688973821625684,,
4-45,VIDEO_SURVEILLANCE,926.7956405536686,60.0,800,CloudNode,0,0.4583333333333333,12000.0,91.72498978234762,7633.800993736857,7542.076003954509,2607.835971724742,38.61648502306952,,
5-452,CLOUD_GAMING,703.4087466921726,50.0,150,CloudNode,2036,1.0,12000.0,884.1658363279765,7635.316084801321,6751.150248473345,2599.9212067360677,29.308697778840525,,
7-432,CLOUD_GAMING,719.0322244052494,50.0,150,CloudNode,2013,1.0,12000.0,874.3426050379167,7636.034302620615,6761.691697582698,2602.7146262937094,29.95967601688539,,
6-36,VIDEO_SURVEILLANCE,768.2352728810107,60.0,800,CloudNode,0,0.0,12000.0,73.33999828404247,7637.640840144715,7564.300841860672,2602.2513370545776,32.00980303670878,,
0-73,VIDEO_SURVEILLANCE,451.96930572124757,60.0,800,CloudNode,73,1.0,12000.0,149.43011878077743,7641.494097056514,7492.063978275736,2588.1001295751275,18.83205440505198,,
9-60,VIDEO_SURVEILLANCE,775.5986689676524,60.0,800,CloudNode,0,0.9166666666666666,12000.0,104.52085311521094,7641.890227548497,7537.369374433286,2593.8843385538776,32.31661120698552,,
8-75,VIDEO_SURVEILLANCE,475.80903160519955,60.0,800,CloudNode,64,1.0,12000.0,145.10177603173003,7645.458172595212,7500.356396563482,2584.632759222578,19.825376316883315,,
1-90,VIDEO_SURVEILLANCE,337.2046340587593,60.0,800,CloudNode,76,1.0,12000.0,150.8652398044352,7646.746341232457,7495.881101428022,2579.6627423501795,14.050193085781638,,
1-94,VIDEO_SURVEILLANCE,347.9545634312793,60.0,800,CloudNode,104,1.0,12000.0,163.27736041771803,7647.740621450227,7484.463261032509,2576.406213856638,14.498106809636639,,
4-419,CLOUD_GAMING,578.3132934541677,50.0,150,CloudNode,2084,1.0,12000.0,901.6683706343908,7648.946130988819,6747.277760354428,2592.455171938128,24.096387227256987,,
3-450,CLOUD_GAMING,877.9227648344244,50.0,150,CloudNode,2024,1.0,12000.0,881.6571625833477,7649.684040711888,6768.02687812854,2600.3155857089187,36.580115201434346,,
5-71,VIDEO_SURVEILLANCE,446.9889319679676,60.0,800,CloudNode,55,1.0,12000.0,138.315382311329,7653.213025405899,7514.89764309457,2579.046991374811,18.62453883199865,,
3-492,CLOUD_GAMING,296.48068259740245,50.0,150,CloudNode,2330,1.0,12000.0,978.041200228416,7660.022808351105,6681.981608122689,2552.6297434757007,12.35336177489177,,
3-112,VIDEO_SURVEILLANCE,180.80156028060568,60.0,800,CloudNode,342,1.0,12000.0,247.84686624442446,7662.807418140277,7414.960551895852,2534.0042619878777,7.533398345025237,,
0-64,VIDEO_SURVEILLANCE,684.9990989480128,60.0,800,CloudNode,52,1.0,12000.0,137.26933377462245,7667.838139199212,7530.568805424589,2582.444526709547,28.541629122833868,,
5-480,CLOUD_GAMING,603.2441152475942,50.0,150,CloudNode,2265,1.0,12000.0,954.1431167189974,7668.833305205441,6714.690188486444,2579.595852000816,25.13517146864976,,
1-100,VIDEO_SURVEILLANCE,417.5483105204041,60.0,800,CloudNode,181,1.0,12000.0,187.81890612764622,7670.829995163982,7483.011089036336,2553.217548000941,17.397846271683505,,
3-64,VIDEO_SURVEILLANCE,771.7376723503711,60.0,800,CloudNode,36,1.0,12000.0,132.14432621087767,7673.490257135178,7541.3459309243,2587.256209140529,32.155736347932134,,
9-95,VIDEO_SURVEILLANCE,613.2908945400748,60.0,800,CloudNode,105,1.0,12000.0,163.40357490404529,7675.612475168801,7512.208900264756,2562.754327839719,25.553787272503115,,
7-57,VIDEO_SURVEILLANCE,957.1926373940329,60.0,800,CloudNode,40,1.0,12000.0,133.30112967371377,7676.507386502119,7543.206256828405,2593.8248292403514,39.88302655808471,,
7-53,VIDEO_SURVEILLANCE,721.3139841513448,60.0,800,CloudNode,33,1.0,12000.0,129.8918203123158,7677.548910030605,7547.657089718289,2579.022955851249,30.05474933963937,,
4-470,CLOUD_GAMING,566.8997030954897,50.0,150,CloudNode,2370,1.0,12000.0,989.305494539627,7681.042635661481,6691.737141121854,2562.315508801017,23.62082096231207,,
8-68,VIDEO_SURVEILLANCE,952.745702532243,60.0,800,CloudNode,31,1.0,12000.0,124.64082872975051,7681.696132961471,7557.055304231721,2592.192934998823,39.69773760551013,,
0-502,CLOUD_GAMING,726.2987069049341,50.0,150,CloudNode,2321,1.0,12000.0,975.0032968024935,7684.171577598082,6709.1682807955885,2563.841697819771,30.26244612103892,,
8-100,VIDEO_SURVEILLANCE,470.1567772531413,60.0,800,CloudNode,205,1.0,12000.0,197.71983091501238,7684.637904032974,7486.918073117961,2543.3666757763194,19.589865718880887,,
3-472,CLOUD_GAMING,882.4655554630823,50.0,150,CloudNode,2233,1.0,12000.0,943.8381299926785,7685.309723864011,6741.4715938713325,2576.1523316971643,36.769398144295096,,
7-125,VIDEO_SURVEILLANCE,436.0404864876088,60.0,800,CloudNode,366,1.0,12000.0,258.4901798857095,7686.020747919189,7427.530568033479,2523.3431160004357,18.168353603650367,,
6-85,VIDEO_SURVEILLANCE,716.0627649009182,60.0,800,CloudNode,154,1.0,12000.0,178.66299242828035,7689.171980234368,7510.508987806087,2564.378112691603,29.835948537538258,,
5-486,CLOUD_GAMING,728.1587803249039,50.0,150,CloudNode,2284,1.0,12000.0,959.2613976118008,7689.7777530137,6730.516355401899,2566.381717582175,30.33994918020433,,
6-91,VIDEO_SURVEILLANCE,596.8255438897457,60.0,800,CloudNode,188,1.0,12000.0,190.255933383713,7691.625689539309,7501.369756155596,2542.040792967492,24.86773099540607,,
1-126,VIDEO_SURVEILLANCE,481.84563372881473,60.0,800,CloudNode,316,1.0,12000.0,236.21846744664964,7693.366828216634,7457.148360769984,2521.1113969925627,20.07690140536728,,
2-137,VIDEO_SURVEILLANCE,633.4905631168924,60.0,800,CloudNode,330,1.0,12000.0,241.69151397111307,7699.537221492198,7457.845707521085,2542.4926575626423,26.395440129870515,,
1-125,VIDEO_SURVEILLANCE,715.5401904523651,60.0,800,CloudNode,316,1.0,12000.0,235.0553504490905,7701.122446260878,7466.067095811787,2548.5160117019395,29.81417460218188,,
8-127,VIDEO_SURVEILLANCE,494.76762939839466,60.0,800,CloudNode,341,1.0,12000.0,246.3547391037344,7701.253444134304,7454.8987050305695,2525.6008603646833,20.615317891599776,,
1-484,CLOUD_GAMING,818.3175799819564,50.0,150,CloudNode,2394,1.0,12000.0,998.9707506741478,7701.376519550404,6702.405768876256,2567.20515819917,34.09656583258152,,
9-146,VIDEO_SURVEILLANCE,341.362867651857,60.0,800,CloudNode,434,1.0,12000.0,279.55078800602035,7704.954292139773,7425.403504133753,2508.1582091958207,14.223452818827376,,
0-124,VIDEO_SURVEILLANCE,681.8894964990544,60.0,800,CloudNode,316,1.0,12000.0,235.64912262371618,7705.7702556970735,7470.121133073358,2522.831403397261,28.41206235412727,,
5-165,VIDEO_SURVEILLANCE,84.70183665662574,60.0,800,CloudNode,540,1.0,12000.0,331.29156329303464,7706.59570788025,7375.304144587216,2477.1188185599995,3.5292431940260727,,
9-141,VIDEO_SURVEILLANCE,582.2172349601221,60.0,800,CloudNode,393,1.0,12000.0,267.5762417788416,7711.325521053621,7443.749279274779,2527.7595277729315,24.259051456671756,,
6-164,VIDEO_SURVEILLANCE,300.20306408087515,60.0,800,CloudNode,530,1.0,12000.0,328.0705320415604,7716.642611546048,7388.572079504488,2469.886252244569,12.508461003369797,,
1-483,CLOUD_GAMING,963.4211465214164,50.0,150,CloudNode,2394,1.0,12000.0,997.3191108624333,7717.925935688167,6720.606824825733,2548.5090221526143,40.14254777172568,,
5-130,VIDEO_SURVEILLANCE,513.7486753594271,60.0,800,CloudNode,374,1.0,12000.0,261.7425293189339,7718.424864782087,7456.682335463153,2512.6577394728274,21.406194806642798,,
0-151,VIDEO_SURVEILLANCE,398.57427722242227,60.0,800,CloudNode,478,1.0,12000.0,296.9306386173373,7719.235271021057,7422.30463240372,2480.7596611175577,16.60726155093426,,
5-159,VIDEO_SURVEILLANCE,364.46225916768094,60.0,800,CloudNode,513,1.0,12000.0,320.46434235679385,7719.543835165008,7399.079492808214,2482.2075587276686,15.18592746532004,,
9-130,VIDEO_SURVEILLANCE,668.1074162140021,60.0,800,CloudNode,322,1.0,12000.0,238.3762559037469,7723.513757217045,7485.137501313298,2531.709374402958,27.837809008916754,,
2-185,VIDEO_SURVEILLANCE,475.92749555213925,60.0,800,CloudNode,503,1.0,12000.0,316.57216840447194,7723.832202227427,7407.260033822955,2493.5536787164965,19.83031231467247,,
8-161,VIDEO_SURVEILLANCE,536.8715853090882,60.0,800,CloudNode,488,1.0,12000.0,304.18663947352763,7729.377202808731,7425.1905633352035,2487.863242154286,22.369649387878674,,
3-123,VIDEO_SURVEILLANCE,777.5491355331368,60.0,800,CloudNode,405,1.0,12000.0,271.2497275921585,7735.62575645841,7464.3760288662515,2511.3309818862454,32.39788064721404,,
3-142,VIDEO_SURVEILLANCE,755.1613783478566,60.0,800,CloudNode,486,1.0,12000.0,302.09846991697356,7736.420371997499,7434.321902080525,2511.5046780376224,31.465057431160695,,
6-200,VIDEO_SURVEILLANCE,231.45256336706782,60.0,800,CloudNode,702,1.0,12000.0,394.7597467938118,7737.712578396009,7342.952831602197,2433.287336437138,9.643856806961159,,
2-146,VIDEO_SURVEILLANCE,723.4623731412836,60.0,800,CloudNode,374,1.0,12000.0,261.22228689348884,7737.837441125712,7476.615154232223,2508.9878824103653,30.14426554755348,,
4-211,VIDEO_SURVEILLANCE,250.4829603302377,60.0,800,CloudNode,755,1.0,12000.0,418.20778201182696,7738.7995157156865,7320.59173370386,2435.439660420603,10.436790013759904,,
5-152,VIDEO_SURVEILLANCE,693.8697868935932,60.0,800,CloudNode,489,1.0,12000.0,303.28980627086077,7738.865117902614,7435.575311631753,2495.7579605600395,28.911241120566384,,
4-154,VIDEO_SURVEILLANCE,683.3003552753693,60.0,800,CloudNode,493,1.0,12000.0,306.9945881811163,7742.251420136959,7435.256831955842,2484.514927000796,28.47084813647372,,
3-149,VIDEO_SURVEILLANCE,591.5485500043171,60.0,800,CloudNode,506,1.0,12000.0,317.032805458128,7742.662540716993,7425.629735258865,2471.5166884576593,24.64785625017988,,
9-132,VIDEO_SURVEILLANCE,899.0140875543779,60.0,800,CloudNode,336,1.0,12000.0,244.9553927104649,7743.751145834973,7498.795753124507,2531.818516488991,37.45892031476574,,
3-219,VIDEO_SURVEILLANCE,52.20609268338534,60.0,800,CloudNode,775,1.0,12000.0,425.81748700058284,7746.601927860574,7320.78444085999,2406.2025247064394,2.1752538618077226,,
7-204,VIDEO_SURVEILLANCE,115.17555988453877,60.0,800,CloudNode,833,1.0,12000.0,449.7836441187298,7748.463081226325,7298.679437107595,2403.3231385466006,4.798981661855782,,
7-163,VIDEO_SURVEILLANCE,595.3641789318141,60.0,800,CloudNode,611,1.0,12000.0,358.5871129332666,7750.736127838529,7392.149014905262,2472.325390160113,24.80684078882559,,
9-192,VIDEO_SURVEILLANCE,559.5167533241344,60.0,800,CloudNode,712,1.0,12000.0,400.62688837858707,7752.396651807418,7351.769763428831,2440.0372019138485,23.313198055172265,,
4-226,VIDEO_SURVEILLANCE,78.98685421370058,60.0,800,CloudNode,821,1.0,12000.0,445.3550270638438,7753.184165711716,7307.829138647872,2408.335025032816,3.2911189255708573,,
6-239,VIDEO_SURVEILLANCE,181.87090119754993,60.0,800,CloudNode,872,1.0,12000.0,473.07833437370317,7753.955424148816,7280.877089775113,2408.8165904280368,7.57795421656458,,
9-221,VIDEO_SURVEILLANCE,198.41851027154095,60.0,800,CloudNode,855,1.0,12000.0,460.5763823112687,7754.247454251971,7293.671071940703,2416.231863403581,8.267437927980874,,
2-232,VIDEO_SURVEILLANCE,228.45518495724338,60.0,800,CloudNode,743,1.0,12000.0,412.1718329535381,7754.66368853818,7342.4918555846425,2427.1515378756585,9.518966039885141,,
9-195,VIDEO_SURVEILLANCE,306.01715260560746,60.0,800,CloudNode,741,1.0,12000.0,410.0141459719863,7754.878632192532,7344.864486220546,2422.645195033723,12.750714691900312,,
2-197,VIDEO_SURVEILLANCE,783.0698416217442,60.0,800,CloudNode,580,1.0,12000.0,348.401093825059,7755.033573148846,7406.632479323787,2476.5073934718976,32.62791006757267,,
2-205,VIDEO_SURVEILLANCE,619.5986375583446,60.0,800,CloudNode,614,1.0,12000.0,361.34593249150385,7756.587511936302,7395.241579444798,2441.901747664374,25.81660989826436,,
6-224,VIDEO_SURVEILLANCE,51.87650708270445,60.0,800,CloudNode,835,1.0,12000.0,450.09618751365565,7757.507207968608,7307.411020454952,2402.501140479465,2.1615211284460187,,
7-135,VIDEO_SURVEILLANCE,922.1203031512796,60.0,800,CloudNode,421,1.0,12000.0,275.77329264123426,7758.539491557412,7482.766198916177,2495.1143005117992,38.42167929796998,,
9-225,VIDEO_SURVEILLANCE,72.33145029971,60.0,800,CloudNode,874,1.0,12000.0,475.9940070421996,7760.27507511028,7284.2810680680805,2400.712464088546,3.0138104291545833,,
7-234,VIDEO_SURVEILLANCE,72.24121535142936,60.0,800,CloudNode,922,1.0,12000.0,499.5889439026996,7760.898733471818,7261.309789569118,2395.280896369268,3.01005063964289,,
0-191,VIDEO_SURVEILLANCE,660.1135862823131,60.0,800,CloudNode,653,1.0,12000.0,373.6686833142875,7761.6051734037765,7387.936490089489,2433.3227246186107,27.504732761763044,,
3-190,VIDEO_SURVEILLANCE,732.8684392381078,60.0,800,CloudNode,661,1.0,12000.0,378.98543808036715,7762.448889486913,7383.463451406546,2439.858928936338,30.536184968254496,,
4-234,VIDEO_SURVEILLANCE,116.22592857039253,60.0,800,CloudNode,865,1.0,12000.0,468.28507888930716,7764.719067196378,7296.433988307071,2392.287089128831,4.842747023766355,,
2-213,VIDEO_SURVEILLANCE,664.0270890268549,60.0,800,CloudNode,656,1.0,12000.0,375.25676055134335,7771.978202298286,7396.721441746943,2439.714837067878,27.667795376118953,,
5-235,VIDEO_SURVEILLANCE,127.40469742801278,60.0,800,CloudNode,875,1.0,12000.0,478.38534710000687,7772.222231522777,7293.836884422771,2379.474862338293,5.3085290595005326,,
9-213,VIDEO_SURVEILLANCE,422.69413566776,60.0,800,CloudNode,796,1.0,12000.0,435.3320971183051,7773.061952431359,7337.729855313054,2409.8957377401866,17.612255652823332,,
2-228,VIDEO_SURVEILLANCE,687.0899257031223,60.0,800,CloudNode,741,1.0,12000.0,409.28861279107986,7776.492764829651,7367.204152038571,2431.7302476875066,28.62874690429676,,
2-194,VIDEO_SURVEILLANCE,913.92551187678,60.0,800,CloudNode,551,1.0,12000.0,340.0389116127485,7777.413903457369,7437.374991844621,2470.350133705603,38.0802296615325,,
0-277,VIDEO_SURVEILLANCE,232.29058512355817,60.0,800,CloudNode,924,1.0,12000.0,499.7515321559504,7777.897040317708,7278.145508161758,2384.8846111979483,9.678774380148258,,
0-272,VIDEO_SURVEILLANCE,235.95328685396606,60.0,800,CloudNode,907,1.0,12000.0,493.70488778190935,7782.11166339141,7288.4067756095,2365.7838310192883,9.831386952248586,,
5-221,VIDEO_SURVEILLANCE,412.66317281771876,60.0,800,CloudNode,814,1.0,12000.0,444.0179304382043,7782.851678961135,7338.83374852293,2403.5248223730096,17.194298867404946,,
6-221,VIDEO_SURVEILLANCE,630.3297550570154,60.0,800,CloudNode,808,1.0,12000.0,439.4654926739403,7788.947851585584,7349.482358911644,2420.688427077236,26.26373979404231,,
0-231,VIDEO_SURVEILLANCE,554.1033661218057,60.0,800,CloudNode,785,1.0,12000.0,430.14101420388215,7789.926426345123,7359.785412141241,2406.333608896349,23.08764025507524,,
2-259,VIDEO_SURVEILLANCE,436.51614970526407,60.0,800,CloudNode,856,1.0,12000.0,461.5821844958372,7791.040034346953,7329.4578498511155,2400.94161596294,18.188172904386004,,
7-180,VIDEO_SURVEILLANCE,959.2251330154764,60.0,800,CloudNode,741,1.0,12000.0,409.3363629270266,7791.26094880491,7381.924585877883,2436.520051913796,39.96771387564485,,
2-281,VIDEO_SURVEILLANCE,423.0427134313397,60.0,800,CloudNode,916,1.0,12000.0,494.9167078176612,7792.7607674212195,7297.844059603558,2393.034484655571,17.62677972630582,,
2-229,VIDEO_SURVEILLANCE,896.7059446158474,60.0,800,CloudNode,741,1.0,12000.0,410.19021862391276,7794.269330549662,7384.079111925749,2428.5228875025196,37.36274769232698,,
3-236,VIDEO_SURVEILLANCE,654.2964175063177,60.0,800,CloudNode,842,1.0,12000.0,454.2732468207084,7797.187242175853,7342.913995355144,2406.1223813419483,27.262350729429905,,
9-236,VIDEO_SURVEILLANCE,459.18587399798616,60.0,800,CloudNode,948,1.0,12000.0,507.9996386520796,7798.540564610113,7290.540925958033,2384.4478313266054,19.132744749916093,,
5-205,VIDEO_SURVEILLANCE,932.9848594810406,60.0,800,CloudNode,739,1.0,12000.0,409.0960485533304,7801.580940517513,7392.484891964183,2429.6726275216506,38.87436914504336,,
5-201,VIDEO_SURVEILLANCE,939.198115494854,60.0,800,CloudNode,719,1.0,12000.0,402.78895503400986,7801.780266841616,7398.9913118076065,2431.7824012446827,39.133254812285585,,
6-252,VIDEO_SURVEILLANCE,584.1324774518455,60.0,800,CloudNode,924,1.0,12000.0,499.9041592502557,7809.576439926138,7309.672280675883,2382.053945185683,24.33885322716023,,
9-248,VIDEO_SURVEILLANCE,426.3806003109297,60.0,800,CloudNode,1041,1.0,12000.0,531.8558533776207,7813.428757010286,7281.572903632666,2354.4823966115155,17.765858346288738,,
9-242,VIDEO_SURVEILLANCE,494.71104164255985,60.0,800,CloudNode,1015,1.0,12000.0,523.7607645188295,7813.448151659657,7289.687387140828,2358.475949891057,20.612960068439993,,
6-242,VIDEO_SURVEILLANCE,721.5151159431275,60.0,800,CloudNode,875,1.0,12000.0,476.1919990745375,7814.081683810743,7337.889684736206,2402.207502303685,30.063129830963646,,
6-241,VIDEO_SURVEILLANCE,768.7564214281663,60.0,800,CloudNode,875,1.0,12000.0,475.4252346473366,7814.799162957543,7339.373928310206,2404.1660138821035,32.03151755950693,,
9-247,VIDEO_SURVEILLANCE,366.99058489625673,60.0,800,CloudNode,1040,1.0,12000.0,531.4950836829838,7819.530400326939,7288.035316643955,2352.0365487609815,15.291274370677364,,
3-256,VIDEO_SURVEILLANCE,820.547808152545,60.0,800,CloudNode,898,1.0,12000.0,488.9955053063392,7820.7756358201295,7331.78013051379,2405.0706508970516,34.18949200635604,,
0-310,VIDEO_SURVEILLANCE,399.1722174496977,60.0,800,CloudNode,1181,1.0,12000.0,571.2237013185265,7827.533682003804,7256.309980685277,2345.9189023693116,16.632175727070738,,
0-283,VIDEO_SURVEILLANCE,696.791053141347,60.0,800,CloudNode,960,1.0,12000.0,510.4125182162936,7830.044123393399,7319.6316051771055,2362.0675326655046,29.032960547556126,,
8-286,VIDEO_SURVEILLANCE,432.2383003983897,60.0,800,CloudNode,1182,1.0,12000.0,573.9676525258121,7833.207100542385,7259.239448016573,2323.7519056499323,18.009929183266237,,
7-291,VIDEO_SURVEILLANCE,268.9618614749837,60.0,800,CloudNode,1341,1.0,12000.0,624.4312207528601,7836.495172266992,7212.063951514132,2318.998413624151,11.206744228124322,,
0-307,VIDEO_SURVEILLANCE,561.2662263138022,60.0,800,CloudNode,1168,1.0,12000.0,569.0080848326173,7836.698611871273,7267.690527038656,2351.8160119207023,23.386092763075094,,
9-228,VIDEO_SURVEILLANCE,972.2653357537737,60.0,800,CloudNode,893,1.0,12000.0,487.41335173827787,7837.609623249116,7350.196271510838,2393.0759650674945,40.51105565640724,,
8-269,VIDEO_SURVEILLANCE,706.9187234555072,60.0,800,CloudNode,1058,1.0,12000.0,536.0998780715101,7841.021557012702,7304.921678941192,2356.9980904367285,29.454946810646135,,
2-300,VIDEO_SURVEILLANCE,773.793434495907,60.0,800,CloudNode,1034,1.0,12000.0,528.2265896523487,7841.896689665361,7313.670100013012,2355.8851693659753,32.241393103996124,,
0-274,VIDEO_SURVEILLANCE,926.2644883738596,60.0,800,CloudNode,918,1.0,12000.0,496.55144534419355,7841.9077745608665,7345.356329216673,2367.0366507908548,38.594353682244154,,
8-271,VIDEO_SURVEILLANCE,593.2448498432477,60.0,800,CloudNode,1084,1.0,12000.0,544.2841678955534,7842.19783824149,7297.913670345936,2349.6194252466876,24.71853541013532,,
1-307,VIDEO_SURVEILLANCE,347.1075135243612,60.0,800,CloudNode,1306,1.0,12000.0,611.6858529376552,7842.354383137316,7230.668530199661,2320.1103872845397,14.46281306351505,,
6-305,VIDEO_SURVEILLANCE,538.3965972860913,60.0,800,CloudNode,1271,1.0,12000.0,601.8707751256187,7843.406947717287,7241.536172591668,2323.841965921124,22.433191553587136,,
4-270,VIDEO_SURVEILLANCE,847.641491383162,60.0,800,CloudNode,1059,1.0,12000.0,536.488395242623,7843.698743379956,7307.210348137332,2352.396431287887,35.31839547429841,,
5-302,VIDEO_SURVEILLANCE,436.9562838776451,60.0,800,CloudNode,1284,1.0,12000.0,604.5172143897212,7845.989463582609,7241.472249192888,2317.253302034077,18.20651182823521,,
4-277,VIDEO_SURVEILLANCE,797.3427883889872,60.0,800,CloudNode,1108,1.0,12000.0,551.2033085795034,7849.296911326884,7298.09360274738,2353.806746116611,33.22261618287447,,
3-325,VIDEO_SURVEILLANCE,586.8506338682384,60.0,800,CloudNode,1317,1.0,12000.0,614.3338031357856,7850.485160006533,7236.151356870748,2314.490843841372,24.452109744509936,,
2-342,VIDEO_SURVEILLANCE,181.8590911613247,60.0,800,CloudNode,1337,1.0,12000.0,621.3095386244504,7852.76454751256,7231.45500888811,2314.411206251174,7.5774621317218624,,
1-327,VIDEO_SURVEILLANCE,157.46032390073418,60.0,800,CloudNode,1398,1.0,12000.0,652.1656891665596,7856.528641375681,7204.362952209121,2301.1441887167994,6.560846829197257,,
4-263,VIDEO_SURVEILLANCE,987.3754451155885,60.0,800,CloudNode,1012,1.0,12000.0,522.7495007624022,7858.774051922616,7336.024551160214,2355.533805661441,41.140643546482856,,
7-299,VIDEO_SURVEILLANCE,337.07214531609634,60.0,800,CloudNode,1356,1.0,12000.0,632.2360423314025,7861.296445985393,7229.060403653991,2321.8290878022663,14.044672721504014,,
5-261,VIDEO_SURVEILLANCE,896.4122558822291,60.0,800,CloudNode,1061,1.0,12000.0,537.6189443725156,7865.741055670472,7328.1221112979565,2352.920486556266,37.35051066175954,,
2-345,VIDEO_SURVEILLANCE,768.8093132015836,60.0,800,CloudNode,1341,1.0,12000.0,624.2694361676547,7865.847709608414,7241.578273440759,2309.580858492848,32.03372138339931,,
8-277,VIDEO_SURVEILLANCE,942.4881793056094,60.0,800,CloudNode,1120,1.0,12000.0,555.8450383651141,7869.801630413711,7313.956592048597,2349.721047049482,39.27034080440039,,
9-331,VIDEO_SURVEILLANCE,272.07127921888025,60.0,800,CloudNode,1521,1.0,12000.0,693.2937474261638,7871.969517928457,7178.675770502294,2269.995763352803,11.336303300786678,,
8-333,VIDEO_SURVEILLANCE,357.3862952259229,60.0,800,CloudNode,1405,1.0,12000.0,655.9205682809264,7873.480934648783,7217.560366367857,2298.577261362334,14.891095634413453,,
6-386,VIDEO_SURVEILLANCE,94.31605219555428,60.0,800,CloudNode,1668,1.0,12000.0,747.9235960069103,7873.707380624711,7125.783784617801,2245.318991105236,3.9298355081480953,,
3-327,VIDEO_SURVEILLANCE,479.381599562469,60.0,800,CloudNode,1319,1.0,12000.0,615.7560416260651,7876.647078501479,7260.891036875414,2320.5562061592127,19.974233315102875,,
8-373,VIDEO_SURVEILLANCE,292.84334073437657,60.0,800,CloudNode,1601,1.0,12000.0,724.3438379049261,7883.177663650481,7158.833825745555,2250.480054495437,12.201805863932357,,
4-347,VIDEO_SURVEILLANCE,304.5400558973996,60.0,800,CloudNode,1615,1.0,12000.0,732.1103280139022,7886.674783976843,7154.564455962941,2242.742497134268,12.689168995724984,,
2-333,VIDEO_SURVEILLANCE,795.8753815909322,60.0,800,CloudNode,1256,1.0,12000.0,595.949742745739,7887.098584286041,7291.148841540302,2317.8612845465914,33.161474232955506,,
6-341,VIDEO_SURVEILLANCE,617.834744079277,60.0,800,CloudNode,1405,1.0,12000.0,655.0059111104687,7887.981400940265,7232.975489829797,2320.7433915701813,25.74311433663654,,
9-292,VIDEO_SURVEILLANCE,885.5047424061443,60.0,800,CloudNode,1350,1.0,12000.0,628.8861280683601,7888.591224824721,7259.705096756361,2318.4118699290475,36.896030933589344,,
1-311,VIDEO_SURVEILLANCE,908.4481097604768,60.0,800,CloudNode,1318,1.0,12000.0,615.4567223317009,7889.152160806363,7273.695438474662,2319.372824241128,37.8520045733532,,
1-304,VIDEO_SURVEILLANCE,854.93488645572,60.0,800,CloudNode,1286,1.0,12000.0,605.5068755766259,7890.77497419825,7285.268098621624,2317.458260187859,35.622286935655,,
5-380,VIDEO_SURVEILLANCE,258.3050057618364,60.0,800,CloudNode,1668,1.0,12000.0,748.4460642557593,7898.1724956482985,7149.726431392539,2245.425049786718,10.76270857340985,,
7-306,VIDEO_SURVEILLANCE,714.341338334864,60.0,800,CloudNode,1380,1.0,12000.0,643.993527055226,7901.726283102728,7257.732756047502,2307.734873806353,29.76422243061933,,
9-298,VIDEO_SURVEILLANCE,725.0848118571888,60.0,800,CloudNode,1371,1.0,12000.0,639.5215614689237,7902.778117458749,7263.256555989825,2304.958251241692,30.2118671607162,,
0-339,VIDEO_SURVEILLANCE,913.1676771150358,60.0,800,CloudNode,1337,1.0,12000.0,621.2915065955733,7903.630988430056,7282.339481834483,2323.591425841817,38.04865321312649,,
6-327,VIDEO_SURVEILLANCE,784.2049677636091,60.0,800,CloudNode,1372,1.0,12000.0,640.2479589598789,7907.247103645662,7266.999144685783,2309.516173079558,32.675206990150386,,
8-310,VIDEO_SURVEILLANCE,933.1945720278516,60.0,800,CloudNode,1321,1.0,12000.0,615.9226113643808,7907.810337729054,7291.887726364673,2320.9023014134837,38.88310716782715,,
9-355,VIDEO_SURVEILLANCE,424.5045202619999,60.0,800,CloudNode,1664,1.0,12000.0,745.5899736522033,7909.082757313211,7163.492783661008,2242.6615706405837,17.687688344249995,,
9-339,VIDEO_SURVEILLANCE,761.829463810281,60.0,800,CloudNode,1557,1.0,12000.0,707.8161004206843,7909.475252233466,7201.659151812782,2271.7335142956217,31.74289432542838,,
1-328,VIDEO_SURVEILLANCE,822.1150078758965,60.0,800,CloudNode,1398,1.0,12000.0,652.2398784582464,7909.5311410023605,7257.291262544114,2311.606254209617,34.25479199482902,,
5-365,VIDEO_SURVEILLANCE,693.7093566709244,60.0,800,CloudNode,1610,1.0,12000.0,730.9541419898845,7910.573660568471,7179.619518578586,2250.347872519147,28.904556527955183,,
6-322,VIDEO_SURVEILLANCE,846.6426287191954,60.0,800,CloudNode,1364,1.0,12000.0,636.8383007731751,7912.461326954133,7275.623026180958,2307.993761112004,35.27677619663314,,
5-377,VIDEO_SURVEILLANCE,563.2907824478023,60.0,800,CloudNode,1664,1.0,12000.0,745.7356244028622,7912.681954207788,7166.946329804926,2246.951463403214,23.470449268658427,,
7-359,VIDEO_SURVEILLANCE,762.2110092001438,60.0,800,CloudNode,1638,1.0,12000.0,738.3180430122991,7914.002744106545,7175.684701094246,2254.8738187274876,31.758792050005994,,
2-448,VIDEO_SURVEILLANCE,64.12798595681488,60.0,800,CloudNode,1839,1.0,12000.0,819.691808815735,7914.426756142946,7094.734947327211,2229.0080138465273,2.6719994148672868,,
7-361,VIDEO_SURVEILLANCE,529.6568547940594,60.0,800,CloudNode,1668,1.0,12000.0,748.3782521845787,7917.619005881621,7169.240753697042,2248.057894860799,22.069035616419143,,
7-342,VIDEO_SURVEILLANCE,662.681184150355,60.0,800,CloudNode,1581,1.0,12000.0,717.0182609434395,7925.025062426241,7208.006801482801,2247.069924551556,27.61171600626479,,
7-374,VIDEO_SURVEILLANCE,217.25661450427907,60.0,800,CloudNode,1721,1.0,12000.0,775.3625489055896,7925.915055604411,7150.552506698821,2228.8302715315076,9.052358937678294,,
9-394,VIDEO_SURVEILLANCE,104.54100127359482,60.0,800,CloudNode,1806,1.0,12000.0,806.7792865336476,7926.330755987754,7119.551469454106,2212.9595779802303,4.355875053066451,,
3-373,VIDEO_SURVEILLANCE,845.8658583629826,60.0,800,CloudNode,1602,1.0,12000.0,724.9420122030812,7927.01746290593,7202.075450702849,2249.900642892122,35.24441076512427,,
8-400,VIDEO_SURVEILLANCE,313.0534521710728,60.0,800,CloudNode,1720,1.0,12000.0,774.751771673755,7928.865905139672,7154.114133465917,2226.2833193091055,13.043893840461369,,
1-385,VIDEO_SURVEILLANCE,332.76998034744673,60.0,800,CloudNode,1713,1.0,12000.0,769.890306662291,7929.457114798349,7159.566808136058,2228.863338229311,13.865415847810281,,
6-382,VIDEO_SURVEILLANCE,512.0591915184413,60.0,800,CloudNode,1647,1.0,12000.0,741.5541706417155,7930.653000233468,7189.098829591753,2244.306655205958,21.335799646601718,,
6-376,VIDEO_SURVEILLANCE,716.3753281380497,60.0,800,CloudNode,1584,1.0,12000.0,719.3573856860528,7931.667461939961,7212.310076253908,2247.4610638895256,29.84897200575207,,
0-398,VIDEO_SURVEILLANCE,562.4635370699026,60.0,800,CloudNode,1676,1.0,12000.0,751.1488677066126,7933.970545708533,7182.82167800192,2244.782399776991,23.435980711245943,,
2-431,VIDEO_SURVEILLANCE,318.58661986780623,60.0,800,CloudNode,1761,1.0,12000.0,790.9703786949289,7936.080025991344,7145.1096472964155,2224.43720708169,13.274442494491925,,
2-444,VIDEO_SURVEILLANCE,369.2186152698835,60.0,800,CloudNode,1818,1.0,12000.0,811.9871227081776,7940.243470172622,7128.256347464445,2228.4135633246506,15.384108969578481,,
6-424,VIDEO_SURVEILLANCE,410.41453018528347,60.0,800,CloudNode,1821,1.0,12000.0,812.6279566695822,7941.448314494435,7128.820357824853,2229.3511991490022,17.100605424386814,,
8-376,VIDEO_SURVEILLANCE,717.8648733079673,60.0,800,CloudNode,1611,1.0,12000.0,731.3608821767644,7942.999736426145,7211.6388542493805,2244.6765204867343,29.91103638783197,,
3-444,VIDEO_SURVEILLANCE,110.74792160228387,60.0,800,CloudNode,2009,1.0,12000.0,872.2200518253501,7943.19953917539,7070.97948735004,2172.132925025144,4.614496733428494,,
3-399,VIDEO_SURVEILLANCE,664.7035020657343,60.0,800,CloudNode,1739,1.0,12000.0,783.2849777934291,7943.9831833302,7160.698205536771,2240.4480607897094,27.695979252738926,,
9-384,VIDEO_SURVEILLANCE,402.6792940615482,60.0,800,CloudNode,1761,1.0,12000.0,790.9405533351122,7946.017934792596,7155.077381457484,2218.1561564244175,16.778303919231174,,
5-440,VIDEO_SURVEILLANCE,258.2988601721205,60.0,800,CloudNode,1987,1.0,12000.0,866.5671705648905,7950.982019812692,7084.414849247802,2193.1738172852265,10.762452507171687,,
5-386,VIDEO_SURVEILLANCE,733.5098551680758,60.0,800,CloudNode,1716,1.0,12000.0,772.2487815435466,7951.900795462256,7179.652013918709,2221.2139987796418,30.562910632003156,,
9-412,VIDEO_SURVEILLANCE,330.9915572021853,60.0,800,CloudNode,1924,1.0,12000.0,848.8955903568199,7954.600092672779,7105.704502315959,2200.95944947471,13.791314883424386,,
2-420,VIDEO_SURVEILLANCE,845.9898715446253,60.0,800,CloudNode,1723,1.0,12000.0,775.5816330561554,7957.173939938895,7181.59230688274,2244.3993518401203,35.24957798102606,,
8-422,VIDEO_SURVEILLANCE,412.370602142613,60.0,800,CloudNode,1870,1.0,12000.0,831.0666834956631,7960.2792724496285,7129.212588953966,2204.0833220120167,17.182108422608877,,
2-457,VIDEO_SURVEILLANCE,388.18858834180304,60.0,800,CloudNode,1881,1.0,12000.0,837.009425173687,7961.214954168156,7124.205528994468,2196.1609382008155,16.174524514241796,,
0-423,VIDEO_SURVEILLANCE,814.1911644621492,60.0,800,CloudNode,1752,1.0,12000.0,789.202836540008,7966.021759353478,7176.81892281347,2226.8815568723858,33.92463185258955,,
4-391,VIDEO_SURVEILLANCE,484.1944944148991,60.0,800,CloudNode,1910,1.0,12000.0,844.5143162355567,7966.680297188996,7122.1659809534385,2203.881328404469,20.174770600620796,,
0-410,VIDEO_SURVEILLANCE,963.4161564595244,60.0,800,CloudNode,1718,1.0,12000.0,773.9820117913547,7969.436840511324,7195.454828719969,2238.2047694133453,40.142339852480184,,
3-408,VIDEO_SURVEILLANCE,673.399503609129,60.0,800,CloudNode,1802,1.0,12000.0,805.2892773359405,7970.119369407305,7164.830092071365,2214.266673319412,28.058312650380376,,
9-461,VIDEO_SURVEILLANCE,150.25245508949763,60.0,800,CloudNode,2193,1.0,12000.0,933.4645034899866,7972.800310373753,7039.335806883766,2139.6382256402894,6.2605189620624015,,
9-445,VIDEO_SURVEILLANCE,392.34091646611955,60.0,800,CloudNode,2126,1.0,12000.0,911.111385575536,7975.694812798322,7064.583427222787,2154.6890999620455,16.347538186088315,,
5-404,VIDEO_SURVEILLANCE,898.8096667457819,60.0,800,CloudNode,1770,1.0,12000.0,796.226191701717,7978.531793992205,7182.305602290488,2226.9722124872815,37.450402781074246,,
6-452,VIDEO_SURVEILLANCE,591.3219625758159,60.0,800,CloudNode,2021,1.0,12000.0,875.9339174290268,7979.92983044812,7103.995913019093,2187.6778703166656,24.638415107325663,,
0-451,VIDEO_SURVEILLANCE,673.0898181772085,60.0,800,CloudNode,1869,1.0,12000.0,830.958488362246,7981.115880607675,7150.157392245428,2218.6609400586167,28.045409090717023,,
9-458,VIDEO_SURVEILLANCE,453.66228240151736,60.0,800,CloudNode,2188,1.0,12000.0,931.6128465165872,7983.823124992722,7052.210278476135,2148.7645710256165,18.902595100063223,,
1-443,VIDEO_SURVEILLANCE,503.9044652363469,60.0,800,CloudNode,2062,1.0,12000.0,892.5067275109375,7985.975222099895,7093.468494588958,2151.707829687959,20.996019384847788,,
9-428,VIDEO_SURVEILLANCE,562.6254001548481,60.0,800,CloudNode,2022,1.0,12000.0,878.8227221215852,7988.333764507339,7109.511042385753,2158.4715803634626,23.442725006452005,,
8-473,VIDEO_SURVEILLANCE,335.27628793404597,60.0,800,CloudNode,2210,1.0,12000.0,937.8593415056284,7989.154644829326,7051.295303323697,2131.529922486581,13.969845330585247,,
5-400,VIDEO_SURVEILLANCE,951.772757810989,60.0,800,CloudNode,1761,1.0,12000.0,790.7750955801508,7989.88805705272,7199.112961472569,2222.480446575906,39.657198242124544,,
9-422,VIDEO_SURVEILLANCE,713.8547566240098,60.0,800,CloudNode,1996,1.0,12000.0,868.7747655491179,7991.155358325295,7122.380592776178,2185.8018180802437,29.743948192667077,,
0-436,VIDEO_SURVEILLANCE,923.3497997737142,60.0,800,CloudNode,1806,1.0,12000.0,808.0035858210352,7991.372572790756,7183.368986969721,2211.0445013307626,38.472908323904754,,
1-401,VIDEO_SURVEILLANCE,955.7052756218329,60.0,800,CloudNode,1784,1.0,12000.0,799.5890883527059,7992.324060509608,7192.734972156903,2214.177999052281,39.821053150909705,,
3-498,VIDEO_SURVEILLANCE,269.0100415804537,60.0,800,CloudNode,2352,1.0,12000.0,983.9573410229827,7992.536872872343,7008.57953184936,2080.22841859828,11.208751732518902,,
6-463,VIDEO_SURVEILLANCE,595.6373321595006,60.0,800,CloudNode,2075,1.0,12000.0,897.5681483114147,7992.835983522015,7095.2678352106,2151.227266596552,24.818222173312524,,
8-499,VIDEO_SURVEILLANCE,389.7824847738204,60.0,800,CloudNode,2384,1.0,12000.0,993.4747188554143,8005.282184104904,7011.807465249491,2080.6516551815957,16.240936865575847,,
5-475,VIDEO_SURVEILLANCE,473.8112601711565,60.0,800,CloudNode,2234,1.0,12000.0,944.7973780391181,8008.9211121922535,7064.123734153135,2124.544351193994,19.742135840464854,,
6-482,VIDEO_SURVEILLANCE,700.2760489523696,60.0,800,CloudNode,2214,1.0,12000.0,939.8675550956523,8010.257132874953,7070.3895777793,2141.2839858514435,29.178168706348735,,
4-428,VIDEO_SURVEILLANCE,843.7233357415353,60.0,800,CloudNode,2138,1.0,12000.0,914.96437904849,8010.553748151084,7095.589369102594,2162.3533240954357,35.155138989230636,,
1-439,VIDEO_SURVEILLANCE,935.0766881837084,60.0,800,CloudNode,2052,1.0,12000.0,888.1259767882322,8014.003083339986,7125.877106551754,2172.3261284086384,38.96152867432119,,
5-478,VIDEO_SURVEILLANCE,599.4193670426057,60.0,800,CloudNode,2241,1.0,12000.0,947.4061800209745,8015.973373273695,7068.56719325272,2132.231869457486,24.97580696010857,,
5-479,VIDEO_SURVEILLANCE,827.3534293276053,60.0,800,CloudNode,2263,1.0,12000.0,953.9589458679401,8023.546211783413,7069.587265915473,2142.707765574037,34.47305955531689,,
0-493,VIDEO_SURVEILLANCE,854.4236228185281,60.0,800,CloudNode,2227,1.0,12000.0,942.5471737630198,8028.375908507106,7085.828734744086,2141.2439893669143,35.60098428410534,,
4-434,VIDEO_SURVEILLANCE,963.7969812399757,60.0,800,CloudNode,2191,1.0,12000.0,932.1890547019689,8031.298434916023,7099.109380214055,2140.8399855101698,40.158207551665654,,
6-485,VIDEO_SURVEILLANCE,820.2723002698585,60.0,800,CloudNode,2237,1.0,12000.0,945.5545383661425,8035.036322211484,7089.481783845341,2131.0220703308887,34.178012511244106,,
0-512,VIDEO_SURVEILLANCE,816.6234027705439,60.0,800,CloudNode,2373,1.0,12000.0,990.4186607732037,8043.746763029201,7053.328102255998,2082.689861120123,34.02597511543932,,
0-20,BATCH_DATA_PROCESSING,110.07516868613871,200.0,30000,FogNode_3,0,0.8571428571428571,1899.4436001125757,44.92322636383257,16108.218100960046,16063.294874596213,0.0,5.226136491410514,,
3-3,BATCH_DATA_PROCESSING,565.2434190320473,200.0,30000,CloudNode,0,0.0,12000.0,6.734657419544997,16135.074594841828,16128.339937422283,0.0,23.551809126335304,,
2-18,BATCH_DATA_PROCESSING,250.60278182696376,200.0,30000,CloudNode,0,0.0,12000.0,31.034211239233993,16148.181013973543,16117.146802734309,0.0,10.44178257612349,,
9-6,BATCH_DATA_PROCESSING,425.706143417523,200.0,30000,CloudNode,0,0.0,12000.0,10.600513162782931,16148.680912202748,16138.080399039965,0.0,17.737755975730124,,
9-10,BATCH_DATA_PROCESSING,380.742582014485,200.0,30000,CloudNode,0,0.0,12000.0,14.362602530691632,16151.686368178995,16137.323765648303,0.0,15.864274250603543,,
4-3,BATCH_DATA_PROCESSING,523.9669059722944,200.0,30000,CloudNode,0,0.0,12000.0,7.267401967275618,16155.978446249861,16148.711044282585,0.0,21.831954415512268,,
9-15,BATCH_DATA_PROCESSING,563.3149933098887,200.0,30000,CloudNode,0,0.0,12000.0,22.11432995584255,16156.933538384934,16134.819208429091,0.0,23.471458054578697,,
3-24,BATCH_DATA_PROCESSING,461.1126689796614,200.0,30000,CloudNode,0,0.0,12000.0,48.515722427665,16167.902767893876,16119.387045466212,0.0,19.21302787415256,,
4-28,BATCH_DATA_PROCESSING,240.71644408467546,200.0,30000,CloudNode,0,0.041666666666666664,12000.0,74.1595866233911,16168.774266047432,16094.614679424041,0.0,10.029851836861477,,
6-43,BATCH_DATA_PROCESSING,179.30026937664462,200.0,30000,CloudNode,0,0.20833333333333334,12000.0,83.23538788492286,16175.545525584683,16092.31013769976,0.0,7.470844557360192,,
2-14,BATCH_DATA_PROCESSING,704.6218609294823,200.0,30000,CloudNode,0,0.0,12000.0,23.86555997501926,16181.78970953487,16157.92414955985,0.0,29.359244205395097,,
0-41,BATCH_DATA_PROCESSING,284.41899422482317,200.0,30000,CloudNode,0,0.7083333333333334,12000.0,96.65840644583099,16190.876587641133,16094.218181195301,0.0,11.850791426034299,,
2-96,BATCH_DATA_PROCESSING,52.505073493719564,200.0,30000,FogNode_3,2,1.0,1899.4436001125757,167.7839259765833,16203.850294172817,16036.066368196232,0.0,2.4928299801394953,,
1-44,BATCH_DATA_PROCESSING,691.0052897924892,200.0,30000,CloudNode,0,0.041666666666666664,12000.0,75.04744618829125,16209.133577666476,16134.086131478185,0.0,28.79188707468705,,
6-13,BATCH_DATA_PROCESSING,880.8021175572917,200.0,30000,CloudNode,0,0.0,12000.0,38.78896988825459,16209.290916134876,16170.50194624662,0.0,36.70008823155382,,
4-61,BATCH_DATA_PROCESSING,310.2906635780865,200.0,30000,CloudNode,33,1.0,12000.0,129.9174148447718,16214.194628780724,16084.277213935953,0.0,12.928777649086935,,
7-37,BATCH_DATA_PROCESSING,313.68120692078367,200.0,30000,CloudNode,0,0.625,12000.0,95.34461346885367,16217.422405958823,16122.07779248997,0.0,13.070050288365985,,
2-33,BATCH_DATA_PROCESSING,648.9192474001993,200.0,30000,CloudNode,0,0.0,12000.0,63.93560184002811,16218.702659557764,16154.767057717736,0.0,27.038301975008302,,
2-94,BATCH_DATA_PROCESSING,124.32898407701182,200.0,30000,FogNode_3,2,1.0,1899.4436001125757,166.05515209062898,16239.016455480089,16072.96130338946,0.0,5.902877537054274,,
5-35,BATCH_DATA_PROCESSING,901.4473433900224,200.0,30000,CloudNode,0,0.0,12000.0,62.8286054569931,16240.605065955388,16177.776460498395,0.0,37.56030597458427,,
4-36,BATCH_DATA_PROCESSING,778.1605581535896,200.0,30000,CloudNode,0,0.125,12000.0,80.31011182066446,16242.960772457896,16162.650660637231,0.0,32.423356589732904,,
0-53,BATCH_DATA_PROCESSING,537.7556694935724,200.0,30000,CloudNode,24,1.0,12000.0,122.03118864048139,16252.003882239638,16129.972693599157,0.0,22.40648622889885,,
7-44,BATCH_DATA_PROCESSING,675.6730844709072,200.0,30000,CloudNode,3,1.0,12000.0,108.97590363690857,16253.800861781947,16144.824958145038,0.0,28.153045186287798,,
6-61,BATCH_DATA_PROCESSING,301.9144236638662,200.0,30000,CloudNode,23,1.0,12000.0,122.43820029458162,16254.794858378655,16132.356658084072,0.0,12.579767652661092,,
7-59,BATCH_DATA_PROCESSING,517.983906804,200.0,30000,CloudNode,55,1.0,12000.0,138.16667958151135,16260.02188298722,16121.855203405708,0.0,21.5826627835,,
2-44,BATCH_DATA_PROCESSING,946.421729490406,200.0,30000,CloudNode,0,0.25,12000.0,87.15476170004152,16274.532626598419,16187.377864898377,0.0,39.43423872876692,,
5-74,BATCH_DATA_PROCESSING,555.1185540814971,200.0,30000,CloudNode,57,1.0,12000.0,142.57278059867994,16276.528575325781,16133.9557947271,0.0,23.129939753395714,,
9-116,BATCH_DATA_PROCESSING,113.05278949043912,200.0,30000,FogNode_7,0,0.875,1727.0272900361456,206.47193909474046,16281.561666000463,16075.089726905722,0.0,7.74853419206872,,
5-58,BATCH_DATA_PROCESSING,934.3536439396701,200.0,30000,CloudNode,22,1.0,12000.0,119.4676711632761,16282.16062171221,16162.692950548933,0.0,38.93140183081958,,
6-78,BATCH_DATA_PROCESSING,829.3570854659613,200.0,30000,CloudNode,98,1.0,12000.0,157.62982829615882,16283.678704676558,16126.0488763804,0.0,34.55654522774839,,
9-99,BATCH_DATA_PROCESSING,700.9555669779859,200.0,30000,CloudNode,135,1.0,12000.0,172.38196254508077,16293.410640490554,16121.028677945473,0.0,29.20648195741608,,
4-81,BATCH_DATA_PROCESSING,266.4694304566244,200.0,30000,CloudNode,138,1.0,12000.0,172.82519391659443,16295.29995952723,16122.474765610636,0.0,11.102892935692685,,
5-79,BATCH_DATA_PROCESSING,634.3857714865674,200.0,30000,CloudNode,100,1.0,12000.0,161.9534799123112,16297.984825617412,16136.031345705102,0.0,26.432740478606974,,
8-91,BATCH_DATA_PROCESSING,686.0569598912174,200.0,30000,CloudNode,167,1.0,12000.0,181.15060605471064,16300.99781886947,16119.847212814759,0.0,28.585706662134058,,
2-115,BATCH_DATA_PROCESSING,370.1148049858248,200.0,30000,CloudNode,204,1.0,12000.0,197.58109529406448,16301.035746587715,16103.45465129365,0.0,15.4214502077427,,
8-80,BATCH_DATA_PROCESSING,690.1230891590163,200.0,30000,CloudNode,105,1.0,12000.0,163.91149751045313,16302.995647673128,16139.084150162675,0.0,28.755128714959014,,
8-78,BATCH_DATA_PROCESSING,813.7188124393587,200.0,30000,CloudNode,74,1.0,12000.0,150.3873346798099,16305.052333076019,16154.664998396209,0.0,33.904950518306606,,
2-88,BATCH_DATA_PROCESSING,828.2379424401297,200.0,30000,CloudNode,100,1.0,12000.0,162.0112089892955,16310.952378577373,16148.941169588077,0.0,34.50991426833873,,
4-105,BATCH_DATA_PROCESSING,171.45882621095103,200.0,30000,FogNode_4,0,0.25,1758.3565909566523,217.51449814642268,16320.642837986901,16103.12833984048,0.0,14.283137421741857,,
7-85,BATCH_DATA_PROCESSING,671.7585194301056,200.0,30000,CloudNode,185,1.0,12000.0,189.18228771878776,16325.111407921557,16135.929120202769,0.0,27.989938309587732,,
2-113,BATCH_DATA_PROCESSING,997.0156456819666,200.0,30000,CloudNode,196,1.0,12000.0,194.7811985225415,16333.443626427057,16138.662427904515,0.0,41.54231857008194,,
0-117,BATCH_DATA_PROCESSING,196.32310350687177,200.0,30000,FogNode_4,0,0.25,1758.3565909566523,219.45142433269712,16336.194390828667,16116.742966495969,0.0,16.35442122414578,,
8-94,BATCH_DATA_PROCESSING,997.8926341346397,200.0,30000,CloudNode,173,1.0,12000.0,184.42158154990827,16346.18170979365,16161.76012824374,0.0,41.57885975560999,,
2-103,BATCH_DATA_PROCESSING,941.9417020943353,200.0,30000,CloudNode,160,1.0,12000.0,179.96420513954433,16346.62916828156,16166.664963142017,0.0,39.247570920597305,,
9-98,BATCH_DATA_PROCESSING,863.9376720689495,200.0,30000,CloudNode,133,1.0,12000.0,171.8646689461444,16347.29151826185,16175.426849315707,0.0,35.99740300287289,,
4-108,BATCH_DATA_PROCESSING,212.65288030301838,200.0,30000,FogNode_4,0,0.25,1758.3565909566523,223.77428155866696,16350.461689960177,16126.68740840151,0.0,17.714750413374983,,
8-124,BATCH_DATA_PROCESSING,570.247167988378,200.0,30000,CloudNode,325,1.0,12000.0,239.1984434997751,16350.879997184145,16111.68155368437,0.0,23.76029866618242,,
9-103,BATCH_DATA_PROCESSING,853.7812460190127,200.0,30000,CloudNode,161,1.0,12000.0,180.0039790750246,16351.096247637252,16171.092268562226,0.0,35.57421858412553,,
0-102,BATCH_DATA_PROCESSING,933.8686121765471,200.0,30000,CloudNode,168,1.0,12000.0,182.2490621491388,16351.64423815968,16169.395176010541,0.0,38.911192174022794,,
1-137,BATCH_DATA_PROCESSING,185.6424091167543,200.0,30000,CloudNode,377,1.0,12000.0,263.38770119250654,16361.053776407567,16097.66607521506,0.0,7.735100379864762,,
6-134,BATCH_DATA_PROCESSING,201.4085778667823,200.0,30000,CloudNode,410,1.0,12000.0,272.4543552954845,16368.20281338603,16095.748458090546,0.0,8.392024077782596,,
8-130,BATCH_DATA_PROCESSING,273.4200671402042,200.0,30000,CloudNode,350,1.0,12000.0,252.72145876617753,16369.943503295019,16117.22204452884,0.0,11.392502797508508,,
5-136,BATCH_DATA_PROCESSING,225.18259498783686,200.0,30000,CloudNode,414,1.0,12000.0,273.0233945714257,16376.463282337585,16103.439887766159,0.0,9.382608124493203,,
9-143,BATCH_DATA_PROCESSING,449.10443300819213,200.0,30000,CloudNode,401,1.0,12000.0,269.39445272284576,16383.269727902843,16113.875275179998,0.0,18.712684708674672,,
7-114,BATCH_DATA_PROCESSING,751.5445242781205,200.0,30000,CloudNode,316,1.0,12000.0,236.60119713548238,16383.312447025279,16146.711249889797,0.0,31.314355178255024,,
6-115,BATCH_DATA_PROCESSING,613.1251652576556,200.0,30000,CloudNode,326,1.0,12000.0,239.44342534154356,16387.263359906417,16147.819934564874,0.0,25.546881885735647,,
0-115,BATCH_DATA_PROCESSING,287.4475834738637,200.0,30000,FogNode_4,0,0.25,1758.3565909566523,219.25559888369156,16391.578723068073,16172.32312418438,0.0,23.945418425141312,,
8-151,BATCH_DATA_PROCESSING,359.8045829436663,200.0,30000,CloudNode,457,1.0,12000.0,287.45405343469014,16394.546578444013,16107.092525009322,0.0,14.991857622652761,,
7-137,BATCH_DATA_PROCESSING,655.5496639391994,200.0,30000,CloudNode,430,1.0,12000.0,278.7552601077172,16400.34282886305,16121.587568755333,0.0,27.314569330799973,,
1-146,BATCH_DATA_PROCESSING,517.4391246459427,200.0,30000,CloudNode,430,1.0,12000.0,278.9478477074216,16404.123923340092,16125.176075632671,0.0,21.559963526914277,,
5-157,BATCH_DATA_PROCESSING,70.33184519002435,200.0,30000,CloudNode,500,1.0,12000.0,314.18100718610106,16408.92572105288,16094.74471386678,0.0,2.930493549584348,,
8-134,BATCH_DATA_PROCESSING,805.0215774170534,200.0,30000,CloudNode,386,1.0,12000.0,266.0485334011578,16412.66320741985,16146.614674018692,0.0,33.54256572571056,,
1-167,BATCH_DATA_PROCESSING,79.67084260464841,200.0,30000,CloudNode,513,1.0,12000.0,320.21422783476856,16415.531765255386,16095.317537420617,0.0,3.3196184418603507,,
2-207,BATCH_DATA_PROCESSING,90.0083982843784,200.0,30000,FogNode_3,21,1.0,1899.4436001125757,361.9078259543958,16418.778012949555,16056.870186995158,0.0,4.27340862087306,,
6-160,BATCH_DATA_PROCESSING,131.6949851312338,200.0,30000,CloudNode,500,1.0,12000.0,314.0809481279525,16420.428553928534,16106.347605800582,0.0,5.487291047134742,,
3-132,BATCH_DATA_PROCESSING,878.2791111912965,200.0,30000,CloudNode,436,1.0,12000.0,280.9265555160616,16422.38981327696,16141.463257760899,0.0,36.59496296630402,,
1-152,BATCH_DATA_PROCESSING,504.8222100855606,200.0,30000,CloudNode,477,1.0,12000.0,296.6011003291813,16428.900665566714,16132.299565237534,0.0,21.034258753565023,,
0-142,BATCH_DATA_PROCESSING,970.1267617932416,200.0,30000,CloudNode,395,1.0,12000.0,268.3393481667602,16429.086716491107,16160.747368324346,0.0,40.42194840805173,,
6-98,BATCH_DATA_PROCESSING,359.15570179485564,200.0,30000,FogNode_7,0,0.875,1727.0272900361456,211.47757987244535,16433.132627588748,16221.655047716302,0.0,24.616201406239767,,
2-163,BATCH_DATA_PROCESSING,258.94458489196643,200.0,30000,FogNode_3,16,1.0,1899.4436001125757,285.0227432992292,16433.706180472895,16148.683437173666,0.0,12.294141907842164,,
6-126,BATCH_DATA_PROCESSING,711.6608663815246,200.0,30000,CloudNode,379,1.0,12000.0,264.2611264636989,16434.049517613148,16169.78839114945,0.0,29.65253609923019,,
5-168,BATCH_DATA_PROCESSING,381.62210343132955,200.0,30000,CloudNode,546,1.0,12000.0,334.14108375562705,16448.41505003038,16114.273966274754,0.0,15.900920976305397,,
3-156,BATCH_DATA_PROCESSING,203.69990051982646,200.0,30000,CloudNode,546,1.0,12000.0,334.1559100948262,16450.523643830787,16116.36773373596,0.0,8.487495854992769,,
3-134,BATCH_DATA_PROCESSING,737.3126799780362,200.0,30000,CloudNode,454,1.0,12000.0,285.58408867956877,16452.56560853348,16166.981519853913,0.0,30.721361665751505,,
2-156,BATCH_DATA_PROCESSING,962.0786497938329,200.0,30000,CloudNode,401,1.0,12000.0,269.8832248038801,16454.3109572173,16184.427732413422,0.0,40.086610408076375,,
3-166,BATCH_DATA_PROCESSING,549.2227922942086,200.0,30000,CloudNode,571,1.0,12000.0,345.82053747774575,16454.45271428097,16108.632176803225,0.0,22.88428301225869,,
2-166,BATCH_DATA_PROCESSING,768.1007328869142,200.0,30000,CloudNode,469,1.0,12000.0,291.90513030699657,16454.58390496355,16162.678774656553,0.0,32.00419720362142,,
6-152,BATCH_DATA_PROCESSING,870.9768866767157,200.0,30000,CloudNode,484,1.0,12000.0,300.36596689363597,16457.076479025145,16156.710512131509,0.0,36.29070361152982,,
4-97,BATCH_DATA_PROCESSING,434.6220977419306,200.0,30000,FogNode_7,0,0.875,1727.0272900361456,203.3873328155474,16461.54085101402,16258.153518198471,0.0,29.788598761349338,,
7-151,BATCH_DATA_PROCESSING,951.531590600723,200.0,30000,CloudNode,483,1.0,12000.0,299.522724561647,16470.936094605368,16171.41337004372,0.0,39.647149608363456,,
5-99,BATCH_DATA_PROCESSING,450.8238855003946,200.0,30000,FogNode_7,0,0.875,1727.0272900361456,204.28528990039968,16471.43225004982,16267.146960149421,0.0,30.899054389953854,,
1-176,BATCH_DATA_PROCESSING,376.7183343705569,200.0,30000,CloudNode,548,1.0,12000.0,337.7985301644536,16475.440105774807,16137.641575610354,0.0,15.696597265439872,,
4-171,BATCH_DATA_PROCESSING,660.7598789091427,200.0,30000,CloudNode,581,1.0,12000.0,348.60990175682275,16477.881655844663,16129.27175408784,0.0,27.531661621214276,,
4-174,BATCH_DATA_PROCESSING,798.105329128401,200.0,30000,CloudNode,594,1.0,12000.0,350.9282079292117,16479.551031379087,16128.622823449876,0.0,33.25438871368337,,
8-179,BATCH_DATA_PROCESSING,712.8452138006751,200.0,30000,CloudNode,537,1.0,12000.0,329.971063919466,16489.312630481425,16159.34156656196,0.0,29.70188390836146,,
0-175,BATCH_DATA_PROCESSING,645.6654570495265,200.0,30000,CloudNode,589,1.0,12000.0,349.705960689196,16490.185336074326,16140.47937538513,0.0,26.902727377063602,,
1-206,BATCH_DATA_PROCESSING,232.85151821942821,200.0,30000,CloudNode,721,1.0,12000.0,403.7575734445962,16493.80133214126,16090.043758696665,0.0,9.702146592476176,,
1-172,BATCH_DATA_PROCESSING,947.901051102565,200.0,30000,CloudNode,525,1.0,12000.0,326.4218038841004,16498.173722708274,16171.751918824173,0.0,39.495877129273545,,
3-93,BATCH_DATA_PROCESSING,494.5193758205456,200.0,30000,FogNode_7,0,0.875,1727.0272900361456,210.05217721322998,16502.340577483068,16292.288400269837,0.0,33.89390310010913,,
3-168,BATCH_DATA_PROCESSING,837.3796551162301,200.0,30000,CloudNode,584,1.0,12000.0,349.1703748361867,16510.425840383123,16161.255465546936,0.0,34.89081896317625,,
5-194,BATCH_DATA_PROCESSING,440.31618425050914,200.0,30000,CloudNode,696,1.0,12000.0,393.2929580303701,16513.44525432528,16120.152296294911,0.0,18.346507677104547,,
8-203,BATCH_DATA_PROCESSING,316.0239137773423,200.0,30000,CloudNode,717,1.0,12000.0,402.4006882978929,16517.123340361704,16114.72265206381,0.0,13.167663074055927,,
6-186,BATCH_DATA_PROCESSING,281.26205754204153,200.0,30000,FogNode_3,21,1.0,1899.4436001125757,362.4856350265262,16520.84610210901,16158.360467082486,0.0,13.353728366847982,,
7-160,BATCH_DATA_PROCESSING,906.6059551328103,200.0,30000,CloudNode,598,1.0,12000.0,352.1192508621262,16522.085797661788,16169.966546799662,0.0,37.77524813053376,,
5-188,BATCH_DATA_PROCESSING,261.6062196754869,200.0,30000,FogNode_3,24,1.0,1899.4436001125757,382.84132744779146,16526.7532924814,16143.911965033609,0.0,12.420510705046793,,
7-181,BATCH_DATA_PROCESSING,445.73925179816354,200.0,30000,CloudNode,744,1.0,12000.0,411.36088778544126,16527.72373211894,16116.362844333496,0.0,18.572468824923483,,
8-202,BATCH_DATA_PROCESSING,398.4535862648085,200.0,30000,CloudNode,711,1.0,12000.0,400.27410119854756,16531.923714777247,16131.6496135787,0.0,16.60223276103369,,
8-204,BATCH_DATA_PROCESSING,734.3058723287439,200.0,30000,CloudNode,719,1.0,12000.0,402.84954998811065,16539.087959114757,16136.238409126647,0.0,30.596078013697664,,
6-217,BATCH_DATA_PROCESSING,396.02848009592424,200.0,30000,CloudNode,767,1.0,12000.0,423.95862970665087,16539.584591032057,16115.625961325406,0.0,16.501186670663508,,
2-230,BATCH_DATA_PROCESSING,718.2790129140576,200.0,30000,CloudNode,742,1.0,12000.0,410.7425447299409,16540.401050947065,16129.658506217123,0.0,29.928292204752402,,
3-208,BATCH_DATA_PROCESSING,681.9978737385414,200.0,30000,CloudNode,742,1.0,12000.0,409.6633594662319,16542.64327559892,16132.979916132686,0.0,28.416578072439226,,
9-188,BATCH_DATA_PROCESSING,236.42321609767782,200.0,30000,FogNode_3,26,1.0,1899.4436001125757,387.69217358460077,16543.24773454785,16155.55556096325,25.062295518313476,11.224874890610085,,
2-239,BATCH_DATA_PROCESSING,224.91429691417562,200.0,30000,CloudNode,762,1.0,12000.0,422.1186211992478,16543.546373204175,16121.427752004927,0.0,9.371429038090652,,
7-186,BATCH_DATA_PROCESSING,694.2331994227046,200.0,30000,CloudNode,756,1.0,12000.0,417.8412821679528,16545.5488428036,16127.707560635648,0.0,28.92638330927936,,
7-188,BATCH_DATA_PROCESSING,296.03245866433144,200.0,30000,CloudNode,764,1.0,12000.0,423.1308856697487,16546.71587024076,16123.584984571013,0.0,12.334685777680477,,
0-225,BATCH_DATA_PROCESSING,612.4624124823937,200.0,30000,CloudNode,755,1.0,12000.0,417.9613863740229,16553.33800011378,16135.376613739758,0.0,25.519267186766402,,
8-217,BATCH_DATA_PROCESSING,346.1804119022567,200.0,30000,CloudNode,770,1.0,12000.0,424.6038090215936,16558.470760441058,16133.866951419464,0.0,14.424183829260697,,
8-239,BATCH_DATA_PROCESSING,83.99025279582594,200.0,30000,CloudNode,863,1.0,12000.0,466.4525499272551,16569.904961566594,16103.452411639339,0.0,3.4995938664927473,,
5-95,BATCH_DATA_PROCESSING,623.1228549232171,200.0,30000,FogNode_7,0,0.875,1727.0272900361456,199.73502732815072,16571.635321923623,16371.900294595473,0.0,42.708267252798336,,
9-216,BATCH_DATA_PROCESSING,509.05112126332347,200.0,30000,CloudNode,825,1.0,12000.0,446.71022678654515,16572.490329713735,16125.78010292719,0.0,21.210463385971813,,
0-248,BATCH_DATA_PROCESSING,517.4448990526512,200.0,30000,CloudNode,838,1.0,12000.0,451.41125679288064,16573.34837205832,16121.93711526544,0.0,21.5602041271938,,
6-228,BATCH_DATA_PROCESSING,136.8355756245034,200.0,30000,CloudNode,854,1.0,12000.0,458.21214764909564,16576.56527250231,16118.353124853214,0.0,5.701482317687642,,
9-206,BATCH_DATA_PROCESSING,780.7309272019368,200.0,30000,CloudNode,774,1.0,12000.0,425.2918879554801,16589.52620804679,16164.234320091311,0.0,32.530455300080696,,
9-229,BATCH_DATA_PROCESSING,221.54415335207403,200.0,30000,CloudNode,900,1.0,12000.0,489.51198303587677,16592.808273835522,16103.296290799646,0.0,9.231006389669751,,
0-240,BATCH_DATA_PROCESSING,556.561456574827,200.0,30000,CloudNode,812,1.0,12000.0,442.8486450439256,16593.858032744156,16151.009387700231,0.0,23.190060690617795,,
2-248,BATCH_DATA_PROCESSING,756.2772837482962,200.0,30000,CloudNode,810,1.0,12000.0,442.55095998251284,16595.91357857694,16153.362618594427,0.0,31.511553489512345,,
6-183,BATCH_DATA_PROCESSING,419.09485880515297,200.0,30000,FogNode_3,21,1.0,1899.4436001125757,361.84540457355143,16596.43611002359,16234.59070545004,0.0,19.897738619045654,,
8-237,BATCH_DATA_PROCESSING,534.4445523169074,200.0,30000,CloudNode,861,1.0,12000.0,465.26754047449407,16601.569787142776,16136.302246668283,0.0,22.26852301320448,,
1-258,BATCH_DATA_PROCESSING,303.71555192410517,200.0,30000,CloudNode,950,1.0,12000.0,508.297591489056,16608.501196623056,16100.203605134,0.0,12.654814663504382,,
2-266,BATCH_DATA_PROCESSING,495.03961850458177,200.0,30000,CloudNode,872,1.0,12000.0,473.1187674943214,16609.139649815814,16136.020882321493,0.0,20.62665077102424,,
9-215,BATCH_DATA_PROCESSING,965.3977274588798,200.0,30000,CloudNode,808,1.0,12000.0,439.7645109338955,16609.81988085009,16170.055369916194,0.0,40.22490531078666,,
1-260,BATCH_DATA_PROCESSING,341.19291277865045,200.0,30000,CloudNode,966,1.0,12000.0,511.7581041374875,16617.420040731595,16105.661936594108,0.0,14.216371365777102,,
7-95,BATCH_DATA_PROCESSING,692.2679028890873,200.0,30000,FogNode_7,0,0.875,1727.0272900361456,203.1405265552185,16617.674633402123,16414.534106846902,0.0,47.44740523241526,,
9-226,BATCH_DATA_PROCESSING,630.5206106226283,200.0,30000,CloudNode,886,1.0,12000.0,482.4471723617226,16620.804979557885,16138.357807196162,0.0,26.271692109276177,,
2-272,BATCH_DATA_PROCESSING,295.1997445170542,200.0,30000,CloudNode,894,1.0,12000.0,486.9047635045876,16621.141097196225,16134.236333691637,0.0,12.29998935487726,,
2-277,BATCH_DATA_PROCESSING,309.17848283355164,200.0,30000,CloudNode,902,1.0,12000.0,491.3691730455026,16626.810497484617,16135.441324439114,0.0,12.882436784731318,,
0-258,BATCH_DATA_PROCESSING,803.2121298316417,200.0,30000,CloudNode,871,1.0,12000.0,470.7093679356971,16627.196502854138,16156.487134918441,0.0,33.467172076318406,,
1-262,BATCH_DATA_PROCESSING,371.3309356337222,200.0,30000,CloudNode,982,1.0,12000.0,516.2842305751353,16628.21025472375,16111.926024148614,0.0,15.47212231807176,,
8-264,BATCH_DATA_PROCESSING,218.8075317887846,200.0,30000,CloudNode,1007,1.0,12000.0,521.9462801547176,16631.823814176772,16109.877534022055,0.0,9.116980491199357,,
7-220,BATCH_DATA_PROCESSING,935.2444488336213,200.0,30000,CloudNode,874,1.0,12000.0,476.3079115234505,16633.96647083534,16157.65855931189,0.0,38.96851870140089,,
4-268,BATCH_DATA_PROCESSING,226.962746472836,200.0,30000,CloudNode,1041,1.0,12000.0,531.8473949586657,16635.3684562816,16103.521061322936,0.0,9.456781103034833,,
4-255,BATCH_DATA_PROCESSING,594.9539473610789,200.0,30000,CloudNode,951,1.0,12000.0,508.74968916478815,16636.721588703054,16127.971899538266,0.0,24.78974780671162,,
3-269,BATCH_DATA_PROCESSING,594.1635210382182,200.0,30000,CloudNode,990,1.0,12000.0,518.2233763604213,16637.97536998049,16119.751993620068,0.0,24.756813376592422,,
1-254,BATCH_DATA_PROCESSING,903.0975437759932,200.0,30000,CloudNode,936,1.0,12000.0,503.3181092424468,16641.092502055526,16137.774392813079,0.0,37.62906432399972,,
5-185,BATCH_DATA_PROCESSING,498.04365611194044,200.0,30000,FogNode_3,22,1.0,1899.4436001125757,374.50903073217614,16642.602418218536,16268.093387486359,0.0,23.646060747303547,,
1-256,BATCH_DATA_PROCESSING,620.534002588671,200.0,30000,CloudNode,941,1.0,12000.0,504.98656143906646,16647.423873942353,16142.437312503287,0.0,25.855583441194625,,
3-277,BATCH_DATA_PROCESSING,336.8236579825439,200.0,30000,CloudNode,1034,1.0,12000.0,528.2278613326386,16650.9959382749,16122.768076942262,0.0,14.034319082605997,,
0-275,BATCH_DATA_PROCESSING,921.0273851844048,200.0,30000,CloudNode,920,1.0,12000.0,499.23092325962324,16664.082899262492,16164.851976002868,0.0,38.3761410493502,,
4-271,BATCH_DATA_PROCESSING,432.89642749562364,200.0,30000,CloudNode,1061,1.0,12000.0,537.1657123720796,16670.719843139093,16133.554130767014,0.0,18.037351145650984,,
3-271,BATCH_DATA_PROCESSING,686.2324955351928,200.0,30000,CloudNode,1003,1.0,12000.0,520.6320169673642,16672.4857894583,16151.853772490937,0.0,28.5930206472997,,
5-248,BATCH_DATA_PROCESSING,694.7887027280333,200.0,30000,CloudNode,973,1.0,12000.0,513.1405025442463,16678.328141669364,16165.187639125119,0.0,28.94952928033472,,
1-275,BATCH_DATA_PROCESSING,725.1648561496843,200.0,30000,CloudNode,1114,1.0,12000.0,554.0931980841561,16696.4273503502,16142.334152266045,0.0,30.215202339570176,,
7-283,BATCH_DATA_PROCESSING,244.37333723628268,200.0,30000,CloudNode,1300,1.0,12000.0,608.6844895396767,16701.004376984703,16092.319887445026,0.0,10.182222384845112,,
2-326,BATCH_DATA_PROCESSING,141.18821756968202,200.0,30000,FogNode_9,3,1.0,1349.236560939329,583.4527311949145,16702.597414676504,16119.144683481589,0.0,14.200659752951948,,
7-271,BATCH_DATA_PROCESSING,585.4589349375733,200.0,30000,CloudNode,1205,1.0,12000.0,581.6292843776207,16704.99391831135,16123.364633933728,0.0,24.394122289065553,,
2-327,BATCH_DATA_PROCESSING,468.6447331345214,200.0,30000,CloudNode,1216,1.0,12000.0,586.0090314877248,16705.43507073439,16119.426039246666,0.0,19.52686388060506,,
3-291,BATCH_DATA_PROCESSING,440.247520936927,200.0,30000,CloudNode,1130,1.0,12000.0,559.1701910485243,16708.477840002943,16149.307648954418,0.0,18.34364670570529,,
9-318,BATCH_DATA_PROCESSING,67.48736629598952,200.0,30000,FogNode_3,59,1.0,1899.4436001125757,665.2700554637931,16710.795415414792,16045.525359951,0.0,3.2041575944736445,,
7-272,BATCH_DATA_PROCESSING,466.7510613404737,200.0,30000,CloudNode,1206,1.0,12000.0,582.919062380295,16715.272980646132,16132.353918265837,0.0,19.447960889186405,,
9-269,BATCH_DATA_PROCESSING,846.3602054142051,200.0,30000,CloudNode,1210,1.0,12000.0,584.1782762478128,16716.2866887567,16132.108412508887,0.0,35.26500855892521,,
7-280,BATCH_DATA_PROCESSING,126.93206431555905,200.0,30000,FogNode_0,11,1.0,1189.2931772946604,603.1792553521831,16720.237195060898,16117.057939708715,0.0,8.082295894941144,,
7-259,BATCH_DATA_PROCESSING,838.2241900707561,200.0,30000,CloudNode,1112,1.0,12000.0,552.892768591168,16723.899509019877,16171.00674042871,0.0,34.92600791961484,,
5-282,BATCH_DATA_PROCESSING,835.3280668594747,200.0,30000,CloudNode,1172,1.0,12000.0,569.8195619923684,16725.827251775754,16156.007689783386,0.0,34.805336119144776,,
1-291,BATCH_DATA_PROCESSING,831.5233456878128,200.0,30000,CloudNode,1183,1.0,12000.0,574.5978797564056,16728.189303931093,16153.591424174687,0.0,34.64680607032553,,
0-304,BATCH_DATA_PROCESSING,822.4660861884411,200.0,30000,CloudNode,1140,1.0,12000.0,562.1268660275352,16728.76762419622,16166.640758168687,0.0,34.26942025785171,,
4-293,BATCH_DATA_PROCESSING,534.5276608062911,200.0,30000,CloudNode,1212,1.0,12000.0,584.8711148612919,16731.680443483623,16146.809328622332,0.0,22.271985866928798,,
3-318,BATCH_DATA_PROCESSING,201.3426318670519,200.0,30000,CloudNode,1284,1.0,12000.0,604.3440527356764,16732.54893593666,16128.204883200982,0.0,8.38927632779383,,
8-301,BATCH_DATA_PROCESSING,321.30595757485565,200.0,30000,CloudNode,1284,1.0,12000.0,604.3232257866674,16732.867388136914,16128.544162350247,0.0,13.387748232285652,,
4-318,BATCH_DATA_PROCESSING,278.3062190044425,200.0,30000,CloudNode,1380,1.0,12000.0,643.8370474446106,16734.340070398877,16090.503022954266,0.0,11.596092458518438,,
8-328,BATCH_DATA_PROCESSING,128.26466174769718,200.0,30000,CloudNode,1393,1.0,12000.0,650.1010965717707,16735.636092744186,16085.534996172415,0.0,5.344360906154049,,
0-297,BATCH_DATA_PROCESSING,902.9930565020471,200.0,30000,CloudNode,1109,1.0,12000.0,551.8120434586485,16736.04180032821,16184.229756869561,0.0,37.6247106875853,,
3-311,BATCH_DATA_PROCESSING,187.53926930798374,200.0,30000,FogNode_9,5,1.0,1349.236560939329,591.4438801011117,16738.503680765996,16147.059800664885,0.0,18.86263173798844,,
2-211,BATCH_DATA_PROCESSING,695.0728173607201,200.0,30000,FogNode_3,20,1.0,1899.4436001125757,369.7504078590863,16741.212704123784,16371.462296264697,0.0,33.000589127907524,,
5-325,BATCH_DATA_PROCESSING,386.30599427933595,200.0,30000,CloudNode,1365,1.0,12000.0,637.9054385980668,16745.61991269199,16107.714474093922,0.0,16.096083094972332,,
6-296,BATCH_DATA_PROCESSING,821.9204519660889,200.0,30000,CloudNode,1210,1.0,12000.0,584.2062633761686,16746.87663993155,16162.670376555381,0.0,34.24668549858704,,
9-291,BATCH_DATA_PROCESSING,446.127261491084,200.0,30000,CloudNode,1350,1.0,12000.0,628.712880319399,16749.485817838857,16120.772937519458,0.0,18.588635895461834,,
8-331,BATCH_DATA_PROCESSING,449.8362740813101,200.0,30000,CloudNode,1397,1.0,12000.0,651.5606373564322,16752.677101142406,16101.116463785975,0.0,18.743178086721255,,
2-356,BATCH_DATA_PROCESSING,157.8560270233034,200.0,30000,FogNode_3,59,1.0,1899.4436001125757,665.1113062232698,16758.984554116552,16093.873247893283,0.0,7.494670715135192,,
5-293,BATCH_DATA_PROCESSING,944.0898224234356,200.0,30000,CloudNode,1224,1.0,12000.0,587.8330999598803,16760.528509411324,16172.695409451444,0.0,39.337075934309816,,
8-318,BATCH_DATA_PROCESSING,675.9160015791658,200.0,30000,CloudNode,1341,1.0,12000.0,625.1793604073858,16762.89442495448,16137.715064547094,0.0,28.163166732465243,,
9-313,BATCH_DATA_PROCESSING,409.33995464323317,200.0,30000,CloudNode,1414,1.0,12000.0,657.7405965142416,16766.229938564516,16108.489342050274,0.0,17.055831443468048,,
7-310,BATCH_DATA_PROCESSING,99.68236727683532,200.0,30000,CloudNode,1397,1.0,12000.0,651.893508549661,16767.808844627023,16115.915336077362,0.0,4.153431969868138,,
8-354,BATCH_DATA_PROCESSING,146.16643260039965,200.0,30000,CloudNode,1527,1.0,12000.0,694.6152683190427,16768.29259511489,16073.677326795847,0.0,6.090268025016652,,
5-316,BATCH_DATA_PROCESSING,474.65637553552745,200.0,30000,CloudNode,1342,1.0,12000.0,625.927162643474,16769.16345470734,16143.236292063866,0.0,19.777348980646977,,
1-331,BATCH_DATA_PROCESSING,266.26800390872165,200.0,30000,CloudNode,1419,1.0,12000.0,659.7599972542695,16785.57866306459,16125.818665810319,0.0,11.094500162863401,,
9-283,BATCH_DATA_PROCESSING,886.5133061509061,200.0,30000,CloudNode,1318,1.0,12000.0,615.1102032626484,16786.040688132467,16170.93048486982,0.0,36.93805442295442,,
3-339,BATCH_DATA_PROCESSING,894.2998295616453,200.0,30000,CloudNode,1372,1.0,12000.0,640.9098492106609,16794.08520384479,16153.175354634128,0.0,37.26249289840189,,
2-346,BATCH_DATA_PROCESSING,790.0664144987466,200.0,30000,CloudNode,1357,1.0,12000.0,631.3749354187431,16794.840443032608,16163.465507613864,0.0,32.91943393744777,,
0-346,BATCH_DATA_PROCESSING,682.5232875514921,200.0,30000,CloudNode,1364,1.0,12000.0,636.7347314041928,16795.081081883898,16158.346350479706,0.0,28.438470314645503,,
6-340,BATCH_DATA_PROCESSING,937.1654715929418,200.0,30000,CloudNode,1400,1.0,12000.0,653.2103231384499,16800.996100432458,16147.785777294008,0.0,39.04856131637258,,
0-361,BATCH_DATA_PROCESSING,446.63183141694134,200.0,30000,CloudNode,1429,1.0,12000.0,662.6041579815936,16804.94525329661,16142.341095315016,0.0,18.609659642372556,,
6-347,BATCH_DATA_PROCESSING,243.90113062183053,200.0,30000,FogNode_3,58,1.0,1899.4436001125757,667.3992576685423,16805.584240682685,16138.184983014144,0.0,11.579910476208461,,
6-337,BATCH_DATA_PROCESSING,726.2988260424418,200.0,30000,CloudNode,1394,1.0,12000.0,650.394768656194,16805.842807750025,16155.448039093832,0.0,30.26245108510174,,
8-338,BATCH_DATA_PROCESSING,597.3017058351112,200.0,30000,CloudNode,1436,1.0,12000.0,666.0545724803434,16805.858065420107,16139.803492939764,0.0,24.887571076462965,,
1-352,BATCH_DATA_PROCESSING,476.23259246502386,200.0,30000,CloudNode,1526,1.0,12000.0,694.1711201547201,16810.859731377543,16116.688611222822,0.0,19.84302468604266,,
7-254,BATCH_DATA_PROCESSING,413.63753176679245,200.0,30000,FogNode_1,8,1.0,1597.9384595498836,542.7465613496158,16812.10998200799,16269.363420658376,0.0,34.16959860521346,,
8-337,BATCH_DATA_PROCESSING,786.2890200513067,200.0,30000,CloudNode,1430,1.0,12000.0,664.3986595449715,16818.7241496941,16154.325490149127,0.0,32.76204250213778,,
4-342,BATCH_DATA_PROCESSING,298.994453128523,200.0,30000,CloudNode,1585,1.0,12000.0,720.189301696049,16828.051781011854,16107.862479315805,0.0,12.458102213688457,,
3-371,BATCH_DATA_PROCESSING,503.1032074257281,200.0,30000,CloudNode,1582,1.0,12000.0,718.0615845034238,16829.164366162902,16111.102781659478,0.0,20.96263364273867,,
5-362,BATCH_DATA_PROCESSING,273.36396125345516,200.0,30000,CloudNode,1582,1.0,12000.0,718.2660371789038,16830.092151320074,16111.82611414117,0.0,11.390165052227298,,
7-336,BATCH_DATA_PROCESSING,705.8376809980115,200.0,30000,CloudNode,1546,1.0,12000.0,701.4689691914682,16833.68348157734,16132.214512385872,0.0,29.409903374917143,,
0-418,BATCH_DATA_PROCESSING,72.58813832752578,200.0,30000,FogNode_7,52,1.0,1727.0272900361456,782.2302113093034,16835.311801755277,16053.081590445974,0.0,4.975124225634557,,
0-392,BATCH_DATA_PROCESSING,212.51773802590165,200.0,30000,CloudNode,1641,1.0,12000.0,739.2178288366791,16836.056848323635,16096.839019486955,0.0,8.854905751079235,,
1-293,BATCH_DATA_PROCESSING,334.1460358833222,200.0,30000,FogNode_9,3,1.0,1349.236560939329,577.512275298101,16838.177923861254,16260.665648563154,0.0,33.608287186109116,,
3-368,BATCH_DATA_PROCESSING,837.8538848743984,200.0,30000,CloudNode,1567,1.0,12000.0,710.8284321243927,16838.621238317468,16127.792806193076,0.0,34.91057853643327,,
1-358,BATCH_DATA_PROCESSING,450.2724813311575,200.0,30000,CloudNode,1577,1.0,12000.0,713.1243590392294,16853.534777977606,16140.410418938376,0.0,18.76135338879823,,
9-341,BATCH_DATA_PROCESSING,749.983174407856,200.0,30000,CloudNode,1567,1.0,12000.0,710.8322970151996,16855.798023463212,16144.965726448012,0.0,31.24929893366067,,
5-358,BATCH_DATA_PROCESSING,737.1791233344231,200.0,30000,CloudNode,1577,1.0,12000.0,713.8432132964284,16855.848347879164,16142.005134582736,0.0,30.715796805600963,,
8-389,BATCH_DATA_PROCESSING,230.290948488777,200.0,30000,CloudNode,1697,1.0,12000.0,761.1775829197203,16861.159343921954,16099.981761002235,0.0,9.595456187032374,,
8-371,BATCH_DATA_PROCESSING,701.8661644219724,200.0,30000,CloudNode,1592,1.0,12000.0,722.0383569083151,16871.769588596777,16149.731231688462,0.0,29.24442351758218,,
1-354,BATCH_DATA_PROCESSING,889.2359910850261,200.0,30000,CloudNode,1550,1.0,12000.0,705.3299554276225,16876.361541110535,16171.031585682913,0.0,37.05149962854276,,
7-353,BATCH_DATA_PROCESSING,957.9774759267657,200.0,30000,CloudNode,1610,1.0,12000.0,730.6497910972469,16883.654729957394,16153.004938860147,0.0,39.915728163615235,,
7-385,BATCH_DATA_PROCESSING,410.9354239487296,200.0,30000,CloudNode,1765,1.0,12000.0,794.1485675761828,16888.97719110835,16094.828623532168,0.0,17.122309331197066,,
6-391,BATCH_DATA_PROCESSING,414.50095247781815,200.0,30000,CloudNode,1685,1.0,12000.0,756.464081798508,16889.46460537686,16133.000523578352,0.0,17.27087301990909,,
4-345,BATCH_DATA_PROCESSING,860.388643121406,200.0,30000,CloudNode,1610,1.0,12000.0,730.6515321132506,16893.836073866976,16163.184541753726,0.0,35.84952679672525,,
8-379,BATCH_DATA_PROCESSING,944.2324741293191,200.0,30000,CloudNode,1620,1.0,12000.0,734.6351293710252,16897.7607947756,16163.125665404576,0.0,39.3430197553883,,
6-419,BATCH_DATA_PROCESSING,490.2152731395371,200.0,30000,CloudNode,1797,1.0,12000.0,802.3858574405762,16902.248493394844,16099.862635954267,0.0,20.425636380814044,,
7-380,BATCH_DATA_PROCESSING,648.8945959814198,200.0,30000,CloudNode,1750,1.0,12000.0,787.9372926910705,16906.068077751792,16118.13078506072,0.0,27.037274832559156,,
9-325,BATCH_DATA_PROCESSING,418.2085075710908,200.0,30000,FogNode_3,59,1.0,1899.4436001125757,681.9032434717177,16908.904092895187,16227.00084942347,0.0,19.85565653474064,,
3-382,BATCH_DATA_PROCESSING,732.7484411948247,200.0,30000,CloudNode,1665,1.0,12000.0,746.5241350917371,16912.394594065303,16165.870458973566,0.0,30.531185049784362,,
9-358,BATCH_DATA_PROCESSING,760.0553853092272,200.0,30000,CloudNode,1670,1.0,12000.0,749.8525447152218,16912.910031976495,16163.057487261272,0.0,31.668974387884465,,
4-378,BATCH_DATA_PROCESSING,697.2608822489302,200.0,30000,CloudNode,1806,1.0,12000.0,807.9957724695169,16935.544599241253,16127.548826771737,0.0,29.052536760372092,,
4-374,BATCH_DATA_PROCESSING,678.3480727984302,200.0,30000,CloudNode,1802,1.0,12000.0,803.9711663284829,16938.673739569553,16134.70257324107,0.0,28.26450303326792,,
8-425,BATCH_DATA_PROCESSING,368.1228640673413,200.0,30000,CloudNode,1879,1.0,12000.0,836.1015731566391,16939.68716356411,16103.585590407472,0.0,15.338452669472554,,
9-389,BATCH_DATA_PROCESSING,923.709960152792,200.0,30000,CloudNode,1793,1.0,12000.0,801.4186538490753,16940.00335465615,16138.584700807074,0.0,38.48791500636633,,
5-438,BATCH_DATA_PROCESSING,181.71414881736766,200.0,30000,CloudNode,1959,1.0,12000.0,859.1379098376846,16957.968851399422,16098.830941561739,0.0,7.571422867390319,,
9-430,BATCH_DATA_PROCESSING,148.08558749822774,200.0,30000,CloudNode,2042,1.0,12000.0,885.4816246983539,16962.396636583417,16076.915011885063,0.0,6.170232812426156,,
4-420,BATCH_DATA_PROCESSING,91.68957562350266,200.0,30000,FogNode_7,62,1.0,1727.0272900361456,903.2308855430342,16971.305274584472,16068.074389041438,0.0,6.284319166092445,,
5-409,BATCH_DATA_PROCESSING,769.334516786971,200.0,30000,CloudNode,1802,1.0,12000.0,804.8364894917042,16971.31905993026,16166.482570438557,0.0,32.055604866123794,,
3-418,BATCH_DATA_PROCESSING,818.3380325495301,200.0,30000,CloudNode,1871,1.0,12000.0,831.5853080609518,16977.7534948273,16146.168186766346,0.0,34.09741802289709,,
7-412,BATCH_DATA_PROCESSING,511.2748215274464,200.0,30000,CloudNode,1916,1.0,12000.0,845.8895813768423,16979.387174787276,16133.497593410433,0.0,21.3031175636436,,
4-401,BATCH_DATA_PROCESSING,76.27274196099708,200.0,30000,CloudNode,1982,1.0,12000.0,864.7398120157577,16979.40899197262,16114.669179956863,0.0,3.1780309150415453,,
1-442,BATCH_DATA_PROCESSING,66.84921718767178,200.0,30000,CloudNode,2056,1.0,12000.0,890.2542220123311,16980.54365855393,16090.289436541598,0.0,2.7853840494863245,,
4-405,BATCH_DATA_PROCESSING,305.5137434453644,200.0,30000,CloudNode,2009,1.0,12000.0,872.0760146938421,16982.905810267857,16110.829795574014,0.0,12.729739310223517,,
1-420,BATCH_DATA_PROCESSING,691.1938909508923,200.0,30000,CloudNode,1909,1.0,12000.0,843.9141306084789,16982.985270250585,16139.071139642107,0.0,28.79974545628718,,
3-442,BATCH_DATA_PROCESSING,660.3126309057199,200.0,30000,CloudNode,1997,1.0,12000.0,869.6096398441028,16986.762187733184,16117.152547889082,0.0,27.513026287738327,,
3-453,BATCH_DATA_PROCESSING,474.3149291169116,200.0,30000,CloudNode,2044,1.0,12000.0,886.8017479515545,16988.705377227197,16101.903629275643,0.0,19.763122046537983,,
5-444,BATCH_DATA_PROCESSING,510.76402439019597,200.0,30000,CloudNode,2005,1.0,12000.0,870.3512465584927,16989.04180208327,16118.690555524776,0.0,21.2818343495915,,
2-486,BATCH_DATA_PROCESSING,225.88050296901363,200.0,30000,CloudNode,2080,1.0,12000.0,900.0336424311745,16989.900655399517,16089.867012968341,0.0,9.4116876237089,,
6-455,BATCH_DATA_PROCESSING,163.87494254885183,200.0,30000,CloudNode,2042,1.0,12000.0,885.6763571301668,16990.04506306212,16104.368705931953,0.0,6.828122606202159,,
9-404,BATCH_DATA_PROCESSING,646.8659172445638,200.0,30000,CloudNode,1874,1.0,12000.0,832.2195147640391,16990.274806442038,16158.055291677998,0.0,26.952746551856823,,
0-466,BATCH_DATA_PROCESSING,520.5104010521629,200.0,30000,CloudNode,1955,1.0,12000.0,858.1275220233288,16990.73766589757,16132.61014387424,0.0,21.687933377173454,,
7-427,BATCH_DATA_PROCESSING,529.9430250253756,200.0,30000,CloudNode,1989,1.0,12000.0,866.6808089200422,16992.942191555798,16126.261382635756,0.0,22.08095937605732,,
2-467,BATCH_DATA_PROCESSING,523.85405565671,200.0,30000,CloudNode,1975,1.0,12000.0,863.1061586219816,17002.31689716281,16139.210738540829,0.0,21.827252319029583,,
1-447,BATCH_DATA_PROCESSING,370.8266221767385,200.0,30000,CloudNode,2109,1.0,12000.0,905.7466573787523,17009.22588131909,16103.479223940338,0.0,15.451109257364106,,
4-412,BATCH_DATA_PROCESSING,256.9792840690079,200.0,30000,CloudNode,2057,1.0,12000.0,890.4344967392312,17015.877137337287,16125.442640598056,0.0,10.707470169541997,,
5-428,BATCH_DATA_PROCESSING,973.3415439052922,200.0,30000,CloudNode,1888,1.0,12000.0,838.7133865156643,17016.075788575738,16177.362402060073,0.0,40.555897662720504,,
7-431,BATCH_DATA_PROCESSING,820.0004962590408,200.0,30000,CloudNode,2012,1.0,12000.0,873.7319407246626,17018.597530363244,16144.86558963858,0.0,34.1666873441267,,
5-342,BATCH_DATA_PROCESSING,637.7302476924884,200.0,30000,FogNode_3,57,1.0,1899.4436001125757,678.0433606184438,17021.656792437796,16343.613431819353,0.0,30.27808504791029,,
3-445,BATCH_DATA_PROCESSING,901.113343974489,200.0,30000,CloudNode,2014,1.0,12000.0,874.6496751266018,17034.850554296656,16160.200879170054,0.0,37.54638933227038,,
2-495,BATCH_DATA_PROCESSING,196.91112870102108,200.0,30000,FogNode_7,62,1.0,1727.0272900361456,915.8540187033163,17035.684534091368,16119.830515388052,0.0,13.49610761853639,,
4-403,BATCH_DATA_PROCESSING,942.0079205764715,200.0,30000,CloudNode,1994,1.0,12000.0,867.7583588793589,17048.277572431904,16180.519213552545,0.0,39.25033002401965,,
2-487,BATCH_DATA_PROCESSING,729.9969293929995,200.0,30000,CloudNode,2103,1.0,12000.0,904.8554834208596,17051.026106773053,16146.170623352195,0.0,30.416538724708314,,
3-465,BATCH_DATA_PROCESSING,580.5991182709954,200.0,30000,CloudNode,2162,1.0,12000.0,923.9535948315101,17051.761714265707,16127.808119434198,0.0,24.191629927958143,,
7-444,BATCH_DATA_PROCESSING,940.7500504922388,200.0,30000,CloudNode,2072,1.0,12000.0,895.5151138783401,17055.874982635465,16160.359868757125,0.0,39.19791877050994,,
8-486,BATCH_DATA_PROCESSING,163.23882191039965,200.0,30000,FogNode_3,93,1.0,1899.4436001125757,965.890122839022,17063.883033207916,16097.992910368894,0.0,7.750234446002081,,
1-467,BATCH_DATA_PROCESSING,286.1265063816155,200.0,30000,CloudNode,2225,1.0,12000.0,942.0683656617801,17069.441927532105,16127.373561870325,0.0,11.921937765900648,,
1-462,BATCH_DATA_PROCESSING,855.9043596758473,200.0,30000,CloudNode,2193,1.0,12000.0,933.6254236354239,17072.491348126307,16138.865924490883,0.0,35.662681653160305,,
6-486,BATCH_DATA_PROCESSING,494.2923082154151,200.0,30000,CloudNode,2239,1.0,12000.0,946.3240402647012,17086.5717752883,16140.247735023599,0.0,20.595512842308963,,
2-523,BATCH_DATA_PROCESSING,308.1053015001769,200.0,30000,CloudNode,2367,1.0,12000.0,987.1680911414982,17088.760154323965,16101.592063182467,0.0,12.837720895840704,,
8-466,BATCH_DATA_PROCESSING,974.9073530377841,200.0,30000,CloudNode,2159,1.0,12000.0,922.9906439734741,17091.200701321493,16168.21005734802,0.0,40.621139709907666,,
3-468,BATCH_DATA_PROCESSING,594.53814467055,200.0,30000,CloudNode,2197,1.0,12000.0,935.2038135160013,17093.959991529737,16158.756178013735,0.0,24.77242269460625,,
4-445,BATCH_DATA_PROCESSING,745.5241669971501,200.0,30000,CloudNode,2268,1.0,12000.0,954.9814522404889,17095.143993649366,16140.162541408878,0.0,31.06350695821459,,
6-470,BATCH_DATA_PROCESSING,978.0991250004358,200.0,30000,CloudNode,2117,1.0,12000.0,908.59731938579,17096.222441142167,16187.625121756377,0.0,40.7541302083515,,
1-465,BATCH_DATA_PROCESSING,985.9892946621876,200.0,30000,CloudNode,2209,1.0,12000.0,939.2451134823366,17100.39195255378,16161.146839071442,0.0,41.08288727759115,,
2-511,BATCH_DATA_PROCESSING,587.8588475193566,200.0,30000,CloudNode,2275,1.0,12000.0,956.755144145988,17113.810020878132,16157.054876732145,0.0,24.49411864663986,,
6-513,BATCH_DATA_PROCESSING,438.1746305160836,200.0,30000,CloudNode,2394,1.0,12000.0,998.2696860485804,17121.33198617844,16123.062300129859,0.0,18.257276271503482,,
8-495,BATCH_DATA_PROCESSING,822.2797843550017,200.0,30000,CloudNode,2359,1.0,12000.0,985.7149958463449,17121.424939521297,16135.709943674952,0.0,34.2616576814584,,
4-441,BATCH_DATA_PROCESSING,312.1393531406624,200.0,30000,FogNode_3,94,1.0,1899.4436001125757,950.3135868743258,17125.95573698217,16175.642150107844,0.0,14.819717138067938,,
7-472,BATCH_DATA_PROCESSING,300.07591284320796,200.0,30000,FogNode_3,93,1.0,1899.4436001125757,960.4528345199194,17128.229107335985,16167.776272816065,0.0,14.246970475010423,,
9-497,BATCH_DATA_PROCESSING,997.7008807311105,200.0,30000,CloudNode,2355,1.0,12000.0,984.5415020982924,17152.452336997256,16167.910834898963,0.0,41.570870030462935,,
4-472,BATCH_DATA_PROCESSING,843.509318155171,200.0,30000,CloudNode,2377,1.0,12000.0,991.5389129230958,17158.13774186217,16166.598828939075,0.0,35.14622158979879,,
2-517,BATCH_DATA_PROCESSING,395.87679832111394,200.0,30000,FogNode_3,94,1.0,1899.4436001125757,971.1766500416378,17190.084890904276,16218.908240862638,0.0,18.795394152044235,,
1-473,BATCH_DATA_PROCESSING,598.254322891161,200.0,30000,FogNode_3,94,1.0,1899.4436001125757,970.9349519488753,17297.930242144605,16326.99529019573,0.0,28.40385152550122,,
