task_id,task_type,task_cpu_required,task_data_size_mb,deadline,node_id,node_queue_at_dispatch,node_load_at_dispatch,node_cpu_speed,creation_time,completion_time,latency,waiting_time,energy_consumed,predicted_latency,predicted_energy
9-12,GPS_TRACKING,71.61439931961601,0.2,200,FogNode_2,0,0.0,681.967788340379,17.189320956106926,144.19590964149964,127.00658868539271,0.0,8.790239577415244,,
9-5,SMART_HOME_CONTROL,109.42230828567722,0.1,150,FogNode_2,0,0.0,681.967788340379,6.673616644362443,181.7774674499636,175.10385080560116,0.0,13.430934478025154,,
0-48,SMART_HOME_CONTROL,147.46288833983903,0.1,150,CloudNode,0,0.0,12000.0,105.90327065987162,182.12019287035218,76.21692221048056,0.0,6.14428701415996,,
1-15,SENSOR_DATA_LOGGING,97.6025821150387,0.1,10000,FogNode_2,0,0.16666666666666666,681.967788340379,21.58683311960905,184.51813401913228,162.93130089952322,0.0,11.980133720545389,,
8-41,GPS_TRACKING,197.23526198086685,0.2,200,CloudNode,0,0.0,12000.0,95.4363586805081,189.42233802213798,93.98597934162987,0.0,8.218135915869453,,
2-41,SENSOR_DATA_LOGGING,333.5585127263383,0.1,10000,CloudNode,0,0.0,12000.0,91.98246621295534,192.3872930634129,100.40482685045755,0.0,13.898271363597429,,
7-37,SMART_HOME_CONTROL,447.4110485767541,0.1,150,CloudNode,0,0.0,12000.0,86.36384197317902,206.41164463135925,120.04780265818023,0.0,18.64212702403142,,
3-45,SENSOR_DATA_LOGGING,542.5492453715967,0.1,10000,CloudNode,0,0.0,12000.0,65.93001042139228,207.67444055614982,141.74443013475752,0.0,22.606218557149866,,
1-46,GPS_TRACKING,449.5053354491795,0.2,200,CloudNode,0,0.0,12000.0,83.89790634689116,209.85424639163875,125.95634004474759,0.0,18.729388977049148,,
8-42,GPS_TRACKING,429.2605934245184,0.2,200,CloudNode,0,0.0,12000.0,96.09803517664449,210.10149779734303,114.00346262069854,0.0,17.88585805935493,,
4-34,SENSOR_DATA_LOGGING,625.9122244756988,0.1,10000,CloudNode,0,0.0,12000.0,83.46828993898804,213.4088063419755,129.94051640298744,0.0,26.079676019820788,,
3-48,SENSOR_DATA_LOGGING,497.7078974528314,0.1,10000,CloudNode,0,0.0,12000.0,72.80985383591126,214.41888703664273,141.60903320073146,0.0,20.737829060534644,,
4-39,SENSOR_DATA_LOGGING,294.29166028501254,0.1,10000,CloudNode,0,0.0,12000.0,89.63638764175492,216.91159808716395,127.27521044540903,15.122921494651365,12.262152511875524,,
4-32,SMART_HOME_CONTROL,635.633394404195,0.1,150,CloudNode,0,0.0,12000.0,71.53653296455536,218.08366238771396,146.5471294231586,0.0,26.484724766841456,,
4-3,SENSOR_DATA_LOGGING,131.8710950918427,0.1,10000,FogNode_2,0,0.0,681.967788340379,11.451099131622865,221.48586778076236,210.0347686491395,0.0,16.186388913491765,,
1-38,SENSOR_DATA_LOGGING,657.8593211992754,0.1,10000,CloudNode,0,0.0,12000.0,76.74268928917724,225.84608690675452,149.1033976175773,0.0,27.41080504996981,,
0-32,SENSOR_DATA_LOGGING,659.553959497423,0.1,10000,CloudNode,0,0.0,12000.0,66.42157464795397,226.1575955797292,159.73602093177522,0.0,27.48141497905929,,
2-33,SENSOR_DATA_LOGGING,833.4495931508068,0.1,10000,CloudNode,0,0.0,12000.0,87.31991325971973,227.39075356405283,140.0708403043331,0.0,34.72706638128361,,
1-40,SMART_HOME_CONTROL,852.7349047564182,0.1,150,CloudNode,0,0.0,12000.0,78.2268376166365,227.49558252017664,149.26874490354015,0.0,35.53062103151743,,
2-43,GPS_TRACKING,237.52003464108157,0.2,200,CloudNode,0,0.0,12000.0,99.53683839222492,229.6475826117289,130.11074421950397,30.12816418696798,9.896668110045066,,
8-30,SMART_HOME_CONTROL,896.9594946993769,0.1,150,CloudNode,0,0.0,12000.0,63.58727166241001,231.27441396643883,167.6871423040288,0.0,37.373312279140706,,
0-51,SENSOR_DATA_LOGGING,207.0081656820294,0.1,10000,CloudNode,0,0.0,12000.0,109.66613747244877,231.66956751014519,122.00343003769642,31.222893481698293,8.625340236751224,,
3-51,SENSOR_DATA_LOGGING,907.2638132864643,0.1,10000,CloudNode,0,0.0,12000.0,78.04639770221159,234.82111105405554,156.77471335184396,0.0,37.802658886936015,,
9-68,SENSOR_DATA_LOGGING,765.3354538085388,0.1,10000,CloudNode,0,0.0,12000.0,101.23522633358203,235.44024357495553,134.2050172413735,0.0,31.88897724202245,,
4-37,GPS_TRACKING,757.4880854403667,0.2,200,CloudNode,0,0.0,12000.0,87.39314287234315,237.34417741026385,149.9510345379207,0.0,31.56200356001528,,
2-7,SENSOR_DATA_LOGGING,144.73890402645978,0.1,10000,FogNode_2,0,0.0,681.967788340379,13.002742810995871,239.22121741821715,226.21847460722128,0.0,17.765835567325613,,
1-48,SENSOR_DATA_LOGGING,768.8596075581265,0.1,10000,CloudNode,0,0.0,12000.0,90.17187846281135,239.32766705177227,149.15578858896092,0.0,32.0358169815886,,
6-50,SMART_HOME_CONTROL,118.02847128470869,0.1,150,CloudNode,0,0.0,12000.0,116.82533840575609,239.48328855212128,122.6579501463652,41.36521206337184,4.917852970196195,,
7-40,GPS_TRACKING,689.3531040929527,0.2,200,CloudNode,0,0.0,12000.0,89.61288143124477,239.56628487809826,149.95340344685349,6.7970571051226045,28.72304600387303,,
5-47,SENSOR_DATA_LOGGING,942.434830978937,0.1,10000,CloudNode,0,0.0,12000.0,83.98845952914249,239.6179252731643,155.62946574402181,0.0,39.26811795745571,,
3-53,GPS_TRACKING,791.6467217934376,0.2,200,CloudNode,0,0.0,12000.0,87.78765445267224,240.51678392643603,152.7291294737638,0.0,32.98528007472656,,
9-59,SENSOR_DATA_LOGGING,948.3060197305255,0.1,10000,CloudNode,0,0.0,12000.0,81.75710220849922,247.6081484963894,165.85104628789017,0.0,39.51275082210523,,
5-66,SENSOR_DATA_LOGGING,243.7525568490792,0.1,10000,CloudNode,0,0.0,12000.0,111.2029945033367,247.70346663480944,136.50047213147275,41.43694171070649,10.1563565353783,,
8-32,SMART_HOME_CONTROL,988.4868950746225,0.1,150,CloudNode,0,0.0,12000.0,71.96866629487931,248.11765371892466,176.14898742404534,0.0,41.186953961442605,,
9-75,SENSOR_DATA_LOGGING,115.5006360139904,0.1,10000,CloudNode,0,0.0,12000.0,118.78008559096085,249.19133787926413,130.41125228830327,47.046166590857354,4.812526500582933,,
9-64,SENSOR_DATA_LOGGING,970.1962296833872,0.1,10000,CloudNode,0,0.0,12000.0,94.10701501074088,251.81226533511494,157.70525032437405,0.0,40.42484290347446,,
7-59,SENSOR_DATA_LOGGING,68.36774504805959,0.1,10000,CloudNode,0,0.0,12000.0,126.33184651869891,253.3054605837277,126.97361406502878,52.37196929653106,2.8486560436691497,,
6-38,GPS_TRACKING,792.9040515146634,0.2,200,CloudNode,0,0.0,12000.0,90.25517005593734,255.49767564835992,165.24250559242256,13.998328661484095,33.037668813110976,,
9-7,SMART_HOME_CONTROL,274.86991844098975,0.1,150,FogNode_0,0,0.0,1189.2931772946604,8.470810893835734,256.21273776608825,247.74192687225252,0.0,17.50211836101134,,
7-30,GPS_TRACKING,136.36293160318183,0.2,200,FogNode_5,0,0.3333333333333333,782.8923712617282,64.55390224749021,262.81278347628654,198.25888122879633,0.0,20.268955752925034,,
4-40,SENSOR_DATA_LOGGING,391.280045765392,0.1,10000,CloudNode,0,0.0,12000.0,90.1725817131204,264.2762379905945,174.1036562774741,42.32685281187625,16.303335240224666,,
6-9,SMART_HOME_CONTROL,86.99916887724285,0.1,150,FogNode_2,0,0.3333333333333333,681.967788340379,24.136472090634204,271.7666987090625,247.63022661842828,100.08756105504288,10.678628107371425,,
7-2,SENSOR_DATA_LOGGING,171.49452164707134,0.1,10000,FogNode_2,0,0.0,681.967788340379,9.141006119848166,274.65292090364574,265.5119147837976,0.0,21.049927749363473,,
0-57,SMART_HOME_CONTROL,800.1892943701188,0.1,150,CloudNode,0,0.0,12000.0,116.39397373511598,276.7839389948529,160.38996525973693,28.82887180992634,33.341220598754944,,
7-48,SMART_HOME_CONTROL,719.6820473200364,0.1,150,CloudNode,0,0.0,12000.0,98.72709218424941,276.8851020305003,178.1580098462509,33.46474476315609,29.986751971668184,,
3-0,SMART_HOME_CONTROL,410.4513382884708,0.1,150,FogNode_1,0,0.0,1597.9384595498836,2.0311163975688733,277.3742411076347,275.3431247100658,0.0,33.90639484861097,,
7-46,SMART_HOME_CONTROL,525.3070383011902,0.1,150,CloudNode,0,0.0,12000.0,96.92883847961919,279.21583010005475,182.28699162043557,45.609248546011,21.887793262549593,,
0-9,SENSOR_DATA_LOGGING,194.7402719558785,0.1,10000,FogNode_6,0,0.0,816.2509881302752,25.282796899296013,279.4163620746154,254.13356517531938,0.0,26.24033294345198,,
5-49,SENSOR_DATA_LOGGING,737.3880838812404,0.1,10000,CloudNode,0,0.0,12000.0,85.5019805120631,279.53266937781734,194.03068886575426,34.1610644209689,30.724503495051685,,
7-54,SMART_HOME_CONTROL,185.23955304498412,0.1,150,CloudNode,0,0.0,12000.0,109.88695845407494,279.7128674110098,169.82590895693488,67.64744861874101,7.718314710207672,,
2-47,SMART_HOME_CONTROL,905.231325721185,0.1,150,CloudNode,0,0.0,12000.0,107.76135025712716,283.1103843662486,175.34903410912142,28.857140197375827,37.71797190504938,,
8-45,GPS_TRACKING,922.7643333457079,0.2,200,CloudNode,0,0.0,12000.0,98.97004359835259,283.30867241016824,184.33862881181565,27.96931568066816,38.448513889404495,,
5-61,SMART_HOME_CONTROL,365.9015950049588,0.1,150,CloudNode,0,0.0,12000.0,101.75774189494852,283.79726016747424,182.0395182725257,56.905803433292164,15.245899791873283,,
7-36,GPS_TRACKING,863.452068872654,0.2,200,CloudNode,0,0.0,12000.0,84.51698818830653,285.36314541469665,200.84615722639012,30.472299458737268,35.977169536360584,,
5-42,SMART_HOME_CONTROL,607.9392464080006,0.1,150,CloudNode,0,0.0,12000.0,68.76954712709485,285.48271492138895,216.7131677942941,45.097814118394865,25.33080193366669,,
0-1,SMART_HOME_CONTROL,196.86263107835396,0.1,150,FogNode_5,0,0.0,782.8923712617282,16.62068111113868,289.211163039914,272.5904819287754,0.0,29.2616175951915,,
8-48,GPS_TRACKING,701.1288611282951,0.2,200,CloudNode,0,0.0,12000.0,99.25845201205759,289.70181906046344,190.44336704840583,41.999386142461844,29.213702547012293,,
1-47,SMART_HOME_CONTROL,748.5138584451853,0.1,150,CloudNode,0,0.0,12000.0,89.630711997298,289.87173739060876,200.24102539331076,41.18093051055013,31.18807743521605,,
2-54,SENSOR_DATA_LOGGING,163.0601841109829,0.1,10000,CloudNode,0,0.0,12000.0,124.92772629286212,290.4734507064156,165.54572441355344,79.60828512029954,6.794174337957621,,
1-54,SMART_HOME_CONTROL,637.7212053087613,0.1,150,CloudNode,0,0.0,12000.0,98.01615416862565,290.48761118599396,192.47145701736832,47.451589999264854,26.571716887865055,,
8-38,SMART_HOME_CONTROL,511.93516709648753,0.1,150,CloudNode,0,0.0,12000.0,90.18998040114377,294.4735292598222,204.28354885867844,55.94829394296744,21.330631962353646,,
7-5,GPS_TRACKING,436.8513608555749,0.2,200,FogNode_7,0,0.0,1727.0272900361456,18.08568104466366,294.74321975810324,276.6575387134396,0.0,29.94139040441315,,
6-17,SENSOR_DATA_LOGGING,183.88488519642698,0.1,10000,FogNode_8,0,0.0,770.9711269175084,37.20812333018634,296.0701001688102,258.86197683862383,0.0,17.47911669281949,,
2-57,SENSOR_DATA_LOGGING,567.8105388281873,0.1,10000,CloudNode,0,0.0,12000.0,126.82563626156723,296.50888278161307,169.68324652004583,53.427614138246895,23.65877245117447,,
2-50,SMART_HOME_CONTROL,101.60716894116626,0.1,150,CloudNode,0,0.0,12000.0,110.58973053535587,298.95487526442446,188.3651447290686,86.53530471984959,4.233632039215261,,
5-67,GPS_TRACKING,213.7619769281445,0.2,200,CloudNode,0,0.0,12000.0,112.81673187176838,301.1221704875136,188.3054386157452,84.82496827377767,8.906749038672686,,
7-50,GPS_TRACKING,149.2354881884719,0.2,200,CloudNode,0,0.0,12000.0,104.69648579082487,302.3080280729814,197.61154228215656,88.60552036628062,6.218145341186329,,
2-51,SENSOR_DATA_LOGGING,228.17587121729576,0.1,10000,CloudNode,0,0.0,12000.0,114.25848721224908,302.81191610224886,188.5534288899998,84.90808761899916,9.507327967387324,,
1-55,SMART_HOME_CONTROL,932.1203618726774,0.1,150,CloudNode,0,0.0,12000.0,99.69528237697558,303.5227837294776,203.82750135250205,41.175680456328195,38.83834841136156,,
5-64,SENSOR_DATA_LOGGING,188.5284150247121,0.1,10000,CloudNode,0,0.0,12000.0,107.33118450110246,305.41252031252276,198.0813358114203,88.44799952921838,7.855350626029671,,
0-50,GPS_TRACKING,955.5020855871877,0.2,200,CloudNode,0,0.0,12000.0,109.24857283324883,305.7827693786615,196.53419654541267,40.947817785989145,39.812586899466154,,
6-41,SENSOR_DATA_LOGGING,229.303946101899,0.1,10000,CloudNode,0,0.0,12000.0,103.45886480801265,309.58211288157383,206.12324807356117,88.08807137901704,9.554331087579124,,
0-49,SENSOR_DATA_LOGGING,750.2122109634464,0.1,10000,CloudNode,0,0.0,12000.0,107.97853563037123,310.63533796587853,202.6568023355073,52.519225662116185,31.25884212347693,,
9-71,SENSOR_DATA_LOGGING,77.58758995815195,0.1,10000,CloudNode,0,0.0,12000.0,108.81559366012833,312.2484018751742,203.43280821504584,100.35886702674188,3.232816248256331,,
5-51,SMART_HOME_CONTROL,881.1420541478319,0.1,150,CloudNode,0,0.0,12000.0,85.91571440738888,312.91179306444064,226.99607865705178,47.85367320607247,36.71425225615967,,
2-38,SENSOR_DATA_LOGGING,880.3506162547714,0.1,10000,CloudNode,0,0.0,12000.0,88.75089853617186,312.9804766277286,224.22957809155673,45.9734534930723,36.68127567728214,,
8-8,GPS_TRACKING,329.2365350182616,0.2,200,FogNode_0,0,0.0,1189.2931772946604,14.199635143113174,315.4308519361596,301.2312167930464,0.0,20.96386842671528,,
9-22,SENSOR_DATA_LOGGING,90.23116379996122,0.1,10000,FogNode_2,0,0.6666666666666666,681.967788340379,33.42045485176478,316.8281424134374,283.4076875616726,133.40891803739675,11.0753361710234,,
9-69,SENSOR_DATA_LOGGING,59.759557329771646,0.1,10000,CloudNode,0,0.0,12000.0,103.30089100132062,317.9604397385429,214.65954873722228,107.1303808780161,2.4899815554071516,,
6-35,SENSOR_DATA_LOGGING,871.0065389321343,0.1,10000,CloudNode,0,0.0,12000.0,81.83473143732695,320.287344879154,238.45261344182703,52.15815122137232,36.29193912217226,,
9-56,GPS_TRACKING,973.4711364454771,0.2,200,CloudNode,0,0.0,12000.0,73.31647279522917,320.450261755562,247.13378896033282,47.95812876893086,40.56129735189488,,
8-54,GPS_TRACKING,967.582851376854,0.2,200,CloudNode,0,0.0,12000.0,118.29393965828012,321.14868820784056,202.85474854956044,45.37280717217351,40.31595214070225,,
7-51,GPS_TRACKING,253.9036124821239,0.2,200,CloudNode,0,0.0,12000.0,106.5545794097805,323.46666244649174,216.91208303671124,97.49871341959198,10.579317186755162,,
7-57,SENSOR_DATA_LOGGING,570.2660973485763,0.1,10000,CloudNode,0,0.0,12000.0,113.39825895074192,324.30611377390096,210.90785482315903,80.12888951402294,23.761087389524015,,
4-9,SMART_HOME_CONTROL,493.5436416237909,0.1,150,FogNode_7,0,0.0,1727.0272900361456,23.70887434522344,326.00786022058696,302.29898587536354,0.0,33.82702717586169,,
2-39,SMART_HOME_CONTROL,223.6621479998309,0.1,150,CloudNode,0,0.0,12000.0,89.46822987276482,328.22062521489306,238.75239534212824,104.1098016553741,9.31925616665962,,
9-63,SENSOR_DATA_LOGGING,289.0538982798456,0.1,10000,CloudNode,0,0.0,12000.0,93.10665818850545,329.50034516917657,236.39368698067113,100.06692366145182,12.0439124283269,,
0-44,GPS_TRACKING,227.4010040948312,0.2,200,CloudNode,0,0.0,12000.0,103.20343964622275,331.8618767390099,228.65843709278715,107.17747713497005,9.475041837284632,,
0-0,GPS_TRACKING,361.788579184197,0.2,200,FogNode_0,0,0.0,1189.2931772946604,4.901632971983503,334.0660523784228,329.16441940643927,0.0,23.036593347348532,,
3-68,SENSOR_DATA_LOGGING,958.0267606092973,0.1,10000,CloudNode,0,0.0,12000.0,127.85924331938683,335.333239032468,207.47399571308114,58.89715312978433,39.91778169205405,,
5-81,GPS_TRACKING,449.1844638393783,0.2,200,CloudNode,0,0.0,12000.0,129.4421728271966,336.386913917706,206.9447410905094,94.33823138221572,18.71601932664076,,
7-42,SMART_HOME_CONTROL,708.75774403211,0.1,150,CloudNode,0,0.0,12000.0,90.57642485118632,338.77601274701897,248.19958789583265,81.33785978795552,29.531572668004586,,
3-16,GPS_TRACKING,241.10686345934909,0.2,200,FogNode_6,0,0.0,816.2509881302752,16.744320202929373,340.04843893182976,323.3041187289004,0.0,32.48801241048978,,
8-20,SENSOR_DATA_LOGGING,500.6341178314607,0.1,10000,FogNode_7,0,0.0,1727.0272900361456,36.77211189924403,341.773687635205,305.001575735961,0.0,34.31300189245924,,
2-3,GPS_TRACKING,592.9336589641495,0.2,200,FogNode_3,0,0.0,1899.4436001125757,8.312360603195776,342.100690088794,333.78832948559824,0.0,28.15123764137653,,
5-75,SMART_HOME_CONTROL,478.1813988086988,0.1,150,CloudNode,0,0.0,12000.0,123.17120464652751,342.6603660029738,219.48916135644626,97.9907257712816,19.92422495036245,,
9-0,SENSOR_DATA_LOGGING,522.3151609875503,0.1,10000,FogNode_1,0,0.0,1597.9384595498836,2.526766878329815,343.3233605561012,340.7965936777714,0.0,43.14719537206863,,
3-15,SMART_HOME_CONTROL,253.86131214511204,0.1,150,FogNode_6,0,0.0,816.2509881302752,16.451649311096574,344.09600655637246,327.6443572452759,0.0,34.206614200778034,,
5-45,E_COMMERCE_TRANSACTION,718.3846240843792,0.5,300,CloudNode,0,0.0,12000.0,80.27633994617301,345.22853075506157,264.95219080888853,85.65636303500253,29.932692670182465,,
0-59,SENSOR_DATA_LOGGING,799.5109404867103,0.1,10000,CloudNode,0,0.0,12000.0,116.72734075015255,349.7362960734744,233.00895532332186,84.72442070787258,33.31295585361293,,
4-50,GPS_TRACKING,555.9567970225307,0.2,200,CloudNode,0,0.0,12000.0,110.19832368137234,349.8525168146885,239.65419313331614,98.4709744692922,23.164866542605445,,
3-56,SENSOR_DATA_LOGGING,863.074271351543,0.1,10000,CloudNode,0,0.0,12000.0,94.10067711363686,351.4555253237793,257.35484821014245,81.58849952759203,35.96142797298096,,
3-12,SENSOR_DATA_LOGGING,432.81068595008816,0.1,10000,FogNode_9,0,0.0,1349.236560939329,12.649642861337549,352.0609263945174,339.41128353317987,0.0,43.531941931241874,,
9-17,SENSOR_DATA_LOGGING,528.6264017633639,0.1,10000,FogNode_7,0,0.0,1727.0272900361456,26.69638888621519,352.7383774939805,326.04198860776535,0.0,36.231567282469285,,
8-36,E_COMMERCE_TRANSACTION,886.3559480777973,0.5,300,CloudNode,0,0.0,12000.0,75.7676975774331,353.0788257732045,277.3111281957714,81.42912696278609,36.931497836574884,,
4-43,SENSOR_DATA_LOGGING,398.0419152008436,0.1,10000,CloudNode,0,0.0,12000.0,99.34694705112678,353.6204213556323,254.2734743045055,113.28586858074962,16.585079800035153,,
3-50,E_COMMERCE_TRANSACTION,742.6551757379725,0.5,300,CloudNode,0,0.0,12000.0,77.93735433607601,356.3614605713199,278.4241062352439,90.27067250526386,30.943965655748855,,
5-71,SMART_HOME_CONTROL,851.7616129671316,0.1,150,CloudNode,0,0.0,12000.0,116.93756625177616,356.4628493353166,239.52528308354044,84.44972239108,35.490067206963815,,
6-36,GPS_TRACKING,740.2436824235024,0.2,200,CloudNode,0,0.0,12000.0,84.2774889576632,358.19585631690495,273.91836735924176,92.2756783476205,30.84348676764593,,
9-82,GPS_TRACKING,174.40315030499445,0.2,200,CloudNode,0,0.0,12000.0,134.95893216753328,359.7621266138111,224.80319444627784,133.89073891358953,7.2667979293747695,,
7-35,GPS_TRACKING,731.4381600228887,0.2,200,CloudNode,0,0.0,12000.0,81.11211114390494,362.075350489421,280.96323934551606,96.4907725555189,30.476590000953696,,
4-13,SENSOR_DATA_LOGGING,242.19396470508775,0.1,10000,FogNode_8,0,0.0,770.9711269175084,29.01740691144056,362.82004366296104,333.8026367515205,0.0,23.021666880639792,,
5-68,SENSOR_DATA_LOGGING,161.6182050346156,0.1,10000,CloudNode,0,0.0,12000.0,114.47937350557305,363.3207005675731,248.84132706200006,137.5276023986902,6.734091876442317,,
1-69,GPS_TRACKING,555.9477775099349,0.2,200,CloudNode,0,0.0,12000.0,118.73345598035458,366.6163263383152,247.88287035796066,113.3121893143728,23.16449072958062,,
2-44,SENSOR_DATA_LOGGING,671.9875339424223,0.1,10000,CloudNode,0,0.0,12000.0,100.39942174028484,368.2473630370427,267.8479412967579,106.64319471034528,27.99948058093426,,
0-56,SENSOR_DATA_LOGGING,207.34679870177828,0.1,10000,CloudNode,0,0.0,12000.0,114.05501159227249,370.3577256650194,256.30271407274694,140.17155415725526,8.63944994590743,,
1-5,SENSOR_DATA_LOGGING,563.3612390599056,0.1,10000,FogNode_1,0,0.0,1597.9384595498836,6.020435432557274,373.42660337001166,367.40616793745437,0.0,46.53791285860797,,
4-54,SMART_HOME_CONTROL,612.4473990768944,0.1,150,CloudNode,0,0.0,12000.0,117.03157030482765,375.34339703030884,258.3118267254812,116.84590959121891,25.51864162820393,,
1-64,SENSOR_DATA_LOGGING,781.2805072154649,0.1,10000,CloudNode,0,0.0,12000.0,116.14218253457186,375.7420469005006,259.59986436592874,105.1533118759537,32.55335446731104,,
7-62,GPS_TRACKING,276.2530727380085,0.2,200,CloudNode,0,0.0,12000.0,131.74957243889168,381.216945711739,249.46737327284734,144.14311865989728,11.510544697417021,,
3-18,SENSOR_DATA_LOGGING,280.40780604696806,0.1,10000,FogNode_6,0,0.0,816.2509881302752,23.546076487910916,382.9575196851964,359.4114431972855,0.0,37.78362901887299,,
8-62,GPS_TRACKING,238.67063546934233,0.2,200,CloudNode,0,0.0,12000.0,130.39625285438808,383.2099201900183,252.8136673356302,148.1465745681037,9.944609811222598,,
6-16,SMART_HOME_CONTROL,574.7186268189789,0.1,150,FogNode_7,0,0.0,1727.0272900361456,36.5999430150501,385.79533996997054,349.19539695492045,0.0,39.39068598658727,,
5-65,GPS_TRACKING,287.6478560673191,0.2,200,CloudNode,0,0.0,12000.0,110.4868023755186,386.04600516169756,275.55920278617896,147.33759397983886,11.985327336138294,,
1-71,SENSOR_DATA_LOGGING,709.7550569973359,0.1,10000,CloudNode,0,0.0,12000.0,125.18133777269809,387.36687996467106,262.18554219197296,120.09063611146212,29.573127374888998,,
0-43,SMART_HOME_CONTROL,778.4033221207475,0.1,150,CloudNode,0,0.0,12000.0,100.5434918685956,388.33360595655404,287.79011408795844,116.01249628213674,32.43347175503115,,
7-56,GPS_TRACKING,556.5539430727438,0.2,200,CloudNode,0,0.0,12000.0,111.98926899732426,389.0398612590358,277.05059226171153,131.44216943624133,23.189747628030993,,
7-58,SENSOR_DATA_LOGGING,634.5553145621002,0.1,10000,CloudNode,0,0.0,12000.0,118.66942978655477,389.2665234645477,270.5970936779929,125.3716904039274,26.439804773420843,,
7-44,SENSOR_DATA_LOGGING,875.2957444871872,0.1,10000,CloudNode,0,0.0,12000.0,94.0214302069629,390.9017517791418,296.8803215721789,111.5596366971366,36.470656020299465,,
2-52,SMART_HOME_CONTROL,250.0483778208383,0.1,150,CloudNode,0,0.0,12000.0,120.31145905038669,391.19509048342263,270.88363143303593,154.62095838487804,10.418682409201596,,
1-65,SENSOR_DATA_LOGGING,769.088124142015,0.1,10000,CloudNode,0,0.0,12000.0,116.36880366280154,393.59102218101117,277.2222185182096,120.87680837390019,32.04533850591729,,
1-74,GPS_TRACKING,703.7580359717723,0.2,200,CloudNode,0,0.0,12000.0,125.59885235815207,393.9797420301157,268.3808896719636,126.14628878221822,29.323251498823844,,
6-47,E_COMMERCE_TRANSACTION,573.6810828345413,0.5,300,CloudNode,0,0.0,12000.0,110.6352167466968,397.54305297635284,286.907836229656,138.04320256530264,23.90337845143922,,
3-62,SENSOR_DATA_LOGGING,917.1530652493024,0.1,10000,CloudNode,0,0.0,12000.0,104.08357132109455,397.5781103119491,293.49453899085455,113.9385943622018,38.21471105205426,,
2-46,SMART_HOME_CONTROL,852.6628385445044,0.1,150,CloudNode,0,0.0,12000.0,105.3748462986036,402.91711328438527,297.5422669857817,122.90778720960222,35.52761827268768,,
0-68,GPS_TRACKING,167.99457338144765,0.2,200,CloudNode,0,0.0,12000.0,132.5480574867009,403.266071246335,270.7180137596341,169.74258967458462,6.999773890893652,,
5-2,GPS_TRACKING,307.7101503061318,0.2,200,FogNode_6,0,0.0,816.2509881302752,1.7674839317784272,407.02938527234926,405.26190134057083,0.0,41.46249110683145,,
1-56,SENSOR_DATA_LOGGING,258.97085036963017,0.1,10000,CloudNode,0,0.0,12000.0,101.02529886777371,407.62690935916675,306.60161049139305,168.26925737931782,10.79045209873459,,
8-40,SENSOR_DATA_LOGGING,826.9654319488666,0.1,10000,CloudNode,0,0.0,12000.0,95.40340272414095,407.68979874275783,312.28639601861687,127.7501884397617,34.456892997869446,,
6-15,GPS_TRACKING,606.9568155150646,0.2,200,FogNode_7,0,0.0,1727.0272900361456,35.17021280655661,410.6731211060686,375.502908299512,0.0,41.60026178323852,,
1-68,SMART_HOME_CONTROL,721.777191392222,0.1,150,CloudNode,0,0.0,12000.0,118.1220165020122,411.60362460646445,293.4816081044522,138.7164044784655,30.074049641342583,,
8-51,E_COMMERCE_TRANSACTION,300.1444289921699,0.5,300,CloudNode,0,0.0,12000.0,114.56372847774564,413.3456417059015,298.7819132281559,169.3552880223735,12.506017874673745,,
1-62,SENSOR_DATA_LOGGING,686.6875347192432,0.1,10000,CloudNode,0,0.0,12000.0,108.59217784174885,416.9860878404147,308.3939099986659,145.1722770207916,28.6119806133018,,
8-72,SENSOR_DATA_LOGGING,244.55458936049223,0.1,10000,CloudNode,0,0.0,12000.0,138.64089307520695,417.95765942532347,279.3167663501165,176.5702361358738,10.189774556687176,,
5-30,SMART_HOME_CONTROL,94.07983092903953,0.1,150,FogNode_8,0,0.5,770.9711269175084,49.316897355493865,418.09779698436915,368.7808996288753,226.54974239514294,8.942727084353981,,
0-61,GPS_TRACKING,599.2860032947074,0.2,200,CloudNode,0,0.0,12000.0,118.82100468725069,418.18786331160163,299.3668586243509,152.7428585780558,24.970250137279475,,
9-85,SMART_HOME_CONTROL,298.0919775627717,0.1,150,CloudNode,0,0.0,12000.0,137.40214893323935,418.4320203112421,281.0298713780028,173.47222933096293,12.420499065115488,,
2-1,SMART_HOME_CONTROL,634.8925438063061,0.1,150,FogNode_1,0,0.0,1597.9384595498836,4.395565087210451,418.83342133262823,414.4378562454178,0.0,52.446941375560186,,
2-53,SENSOR_DATA_LOGGING,562.8848219674201,0.1,10000,CloudNode,0,0.0,12000.0,123.47293151639846,422.64911539778564,299.17618388138715,158.74681800640047,23.453534248642505,,
7-6,GPS_TRACKING,308.80253582418896,0.2,200,FogNode_6,0,0.0,816.2509881302752,19.64946239463674,422.94061145176147,403.29114905712476,0.0,41.60968490197475,,
8-50,SENSOR_DATA_LOGGING,387.9762345626941,0.1,10000,CloudNode,0,0.0,12000.0,107.86865156945333,423.23310465936635,315.364453089913,171.17419743363587,16.165676440112257,,
8-61,SENSOR_DATA_LOGGING,193.97917634234543,0.1,10000,CloudNode,0,0.0,12000.0,129.53773943268746,423.85473010461993,294.31699067193244,186.04659332332906,8.082465680931058,,
9-25,SENSOR_DATA_LOGGING,301.37020329585476,0.1,10000,FogNode_6,0,0.25,816.2509881302752,34.551505282715794,425.65198924924994,391.10048396653417,0.0,40.60821315639701,,
4-72,SMART_HOME_CONTROL,866.3328706962369,0.1,150,CloudNode,0,0.0,12000.0,144.09588562100976,425.8148272469854,281.7189416259756,140.65197556516276,36.097202945676536,,
3-20,SENSOR_DATA_LOGGING,508.4052455634721,0.1,10000,FogNode_9,0,0.0,1349.236560939329,26.845128892813268,425.8200606417391,398.9749317489258,0.0,51.135215339761935,,
8-35,HEALTH_MONITORING,613.3044192639493,1.0,100,CloudNode,0,0.0,12000.0,75.1924773986222,426.4520986356379,351.2596212370157,158.78715841964578,25.55435080266455,,
1-0,SENSOR_DATA_LOGGING,778.6100126319128,0.1,10000,FogNode_3,0,0.0,1899.4436001125757,0.541584524550689,429.9646735062173,429.42308898166664,0.0,36.96675869919106,,
8-47,GPS_TRACKING,893.7611437885373,0.2,200,CloudNode,0,0.0,12000.0,99.18986400762478,430.84155588703135,331.6516918794066,142.94801517852093,37.24004765785572,,
4-65,GPS_TRACKING,61.96589354800626,0.2,200,CloudNode,0,0.0,12000.0,134.12780393454835,431.6159230979718,297.48811916342345,202.10719262881923,2.5819122311669274,,
6-59,SENSOR_DATA_LOGGING,243.64981239771376,0.1,10000,CloudNode,0,0.0,12000.0,155.85353991587428,433.64979273904436,277.7962528231701,191.49206160255284,10.152075516571408,,
1-67,SENSOR_DATA_LOGGING,626.5514152852762,0.1,10000,CloudNode,0,0.0,12000.0,116.91288904476492,435.42253813045795,318.509649085693,165.5966408763964,26.106308970219843,,
7-65,SENSOR_DATA_LOGGING,224.32174692367363,0.1,10000,CloudNode,0,0.0,12000.0,140.53447693895635,435.6795667507208,295.1450898117645,195.1260160478658,9.346739455153068,,
1-23,SENSOR_DATA_LOGGING,174.05475318857805,0.1,10000,FogNode_2,0,0.6666666666666666,681.967788340379,33.22396768764034,437.0017700701118,403.77780238247146,132.36963767600895,21.36418087216157,,
8-52,SMART_HOME_CONTROL,966.6275654477637,0.1,150,CloudNode,0,0.0,12000.0,114.83937697039495,437.0151464559636,322.17576948556865,142.60566011390767,40.276148560323485,,
6-52,E_COMMERCE_TRANSACTION,389.5535847910188,0.5,300,CloudNode,0,0.0,12000.0,120.36015767980545,440.0897080917516,319.72955041194615,186.18129046834804,16.23139936629245,,
6-40,GPS_TRACKING,913.9611108450636,0.2,200,CloudNode,0,0.0,12000.0,93.1766400324687,442.7797522420705,349.6031122096018,151.21297700556977,38.08171295187765,,
9-20,SENSOR_DATA_LOGGING,535.5169982450861,0.1,10000,FogNode_9,0,0.125,1349.236560939329,30.620381497829587,443.46461514760574,412.84423364977613,0.0,53.86210559848886,,
4-49,E_COMMERCE_TRANSACTION,578.2885525844667,0.5,300,CloudNode,0,0.0,12000.0,109.99002494692394,445.73376569172507,335.74374074480113,176.91356251771157,24.095356357686114,,
9-76,GPS_TRACKING,193.5375584087676,0.2,200,CloudNode,0,0.0,12000.0,120.36736834026927,447.7440529653691,327.37668462509987,207.0948746638054,8.064064933698651,,
4-0,SMART_HOME_CONTROL,804.5389713904411,0.1,150,FogNode_3,0,0.0,1899.4436001125757,4.652588344817224,450.55798220765485,445.9053938628376,0.0,38.197810889886334,,
7-63,SMART_HOME_CONTROL,389.88633240680986,0.1,150,CloudNode,0,0.0,12000.0,137.33975952101494,450.67839101216913,313.33863149115416,195.53633447013095,16.245263850283745,,
1-77,SENSOR_DATA_LOGGING,329.4758155939346,0.1,10000,CloudNode,0,0.0,12000.0,131.28874162952133,450.6894226255276,319.40068099600626,199.7023844168707,13.72815898308061,,
5-1,SENSOR_DATA_LOGGING,761.311635679533,0.1,10000,FogNode_4,0,0.0,1758.3565909566523,0.9553311534482788,452.37392471530734,451.41859356185904,0.0,63.419999736865854,,
1-79,GPS_TRACKING,497.84978582683857,0.2,200,CloudNode,0,0.0,12000.0,135.76605206592487,453.091106758701,317.3250546927761,189.90446783626632,20.743741076118276,,
5-84,SMART_HOME_CONTROL,815.071609362501,0.1,150,CloudNode,0,0.0,12000.0,132.79097915830403,455.28951407821285,322.4985349199088,168.85333503678712,33.96131705677088,,
7-17,SENSOR_DATA_LOGGING,540.0054304184023,0.1,10000,FogNode_9,0,0.25,1349.236560939329,41.28001145385337,457.96518396256454,416.68517250871116,0.0,54.313550479758845,,
2-59,SENSOR_DATA_LOGGING,829.4666877744934,0.1,10000,CloudNode,0,0.0,12000.0,131.1519917187273,458.1620852402435,327.01009352151624,169.9922791642783,34.56111199060389,,
2-42,SENSOR_DATA_LOGGING,969.3482088830148,0.1,10000,CloudNode,0,0.0,12000.0,96.3932369066189,461.9959631186569,365.602726212038,164.13912491480127,40.38950870345895,,
9-84,SENSOR_DATA_LOGGING,207.11412733202593,0.1,10000,CloudNode,0,0.0,12000.0,137.1760382124512,462.9932763027272,325.817238090276,219.72086891312733,8.62975530550108,,
5-86,SMART_HOME_CONTROL,876.4549217227626,0.1,150,CloudNode,0,0.0,12000.0,142.5912067913885,464.23300062698615,321.6417938355977,171.42950180734485,36.518955071781775,,
4-63,GPS_TRACKING,765.0733668856333,0.2,200,CloudNode,0,0.0,12000.0,130.93260582653983,466.6732271915214,335.74062136498156,181.82277598057811,31.878056953568052,,
1-70,SENSOR_DATA_LOGGING,263.85805723339365,0.1,10000,CloudNode,0,0.0,12000.0,120.80212008740439,469.73222440148527,348.9301043140809,221.65599769754647,10.994085718058068,,
4-66,SENSOR_DATA_LOGGING,619.798852670661,0.1,10000,CloudNode,0,0.0,12000.0,134.19999732515922,470.0819247004639,335.8819273753047,195.45655940956675,25.824952194610873,,
1-1,SENSOR_DATA_LOGGING,850.3240007733999,0.1,10000,FogNode_3,0,0.0,1899.4436001125757,1.901975067753233,471.179457510191,469.27748244243776,0.0,40.371587370764125,,
3-76,SENSOR_DATA_LOGGING,929.1015982386317,0.1,10000,CloudNode,0,0.0,12000.0,140.6246152447288,471.4048752166683,330.7802599719395,173.48687768532326,38.71256659327632,,
0-2,SENSOR_DATA_LOGGING,353.9215247593965,0.1,10000,FogNode_6,0,0.0,816.2509881302752,16.719771925457557,472.90777912171797,456.1880071962604,0.0,47.689255808602695,,
2-72,SMART_HOME_CONTROL,433.14096737775105,0.1,150,CloudNode,0,0.125,12000.0,158.24181586935163,473.1102270707762,314.8684112014246,211.68341281457174,18.047540307406294,,
8-46,GPS_TRACKING,496.51812714311825,0.2,200,CloudNode,0,0.0,12000.0,98.99041629830258,477.05607734598067,378.0656610476781,210.68094335071197,20.688255297629926,,
0-66,SENSOR_DATA_LOGGING,187.07477765119475,0.1,10000,CloudNode,0,0.0,12000.0,127.57732328249845,477.5855279229231,350.00820464042465,235.02706753634155,7.794782402133114,,
0-58,GPS_TRACKING,649.0355910737885,0.2,200,CloudNode,0,0.0,12000.0,116.3943953886507,477.941029360769,361.5466339721183,200.25879054622015,27.043149628074524,,
0-54,E_COMMERCE_TRANSACTION,521.0406591841556,0.5,300,CloudNode,0,0.0,12000.0,112.3213453598807,478.84259306247094,366.52124770259024,210.62958825647652,21.710027466006483,,
8-71,GPS_TRACKING,475.05267394399925,0.2,200,CloudNode,0,0.0,12000.0,136.81482911901875,479.6774309204182,342.8626018013995,214.54416063893274,19.793861414333303,,
2-65,SENSOR_DATA_LOGGING,691.1948314052803,0.1,10000,CloudNode,0,0.0,12000.0,146.55540558587057,480.248684681559,333.6932790956884,199.40837044024693,28.799784641886678,,
5-17,GPS_TRACKING,176.67816706797953,0.2,200,FogNode_2,0,0.3333333333333333,681.967788340379,23.23939237383682,480.55700000819417,457.31760763435733,167.82008687853047,21.686189249383816,,
2-28,SMART_HOME_CONTROL,310.2361098113913,0.1,150,FogNode_5,0,0.3333333333333333,782.8923712617282,70.20365316022182,480.57704326013794,410.37339009991615,0.0,46.113426198736526,,
8-57,E_COMMERCE_TRANSACTION,282.46295134700466,0.5,300,CloudNode,0,0.0,12000.0,122.58937986965009,481.70066451916057,359.1112846495105,231.24502587442015,11.769289639458528,,
8-77,SENSOR_DATA_LOGGING,944.307470376726,0.1,10000,CloudNode,0,0.0,12000.0,147.39027698202128,481.9583604443955,334.56808346237426,182.06032456499562,39.34614459903025,,
7-60,SENSOR_DATA_LOGGING,120.8695926095329,0.1,10000,CloudNode,0,0.0,12000.0,128.17369620085887,487.12854339677506,358.95484719591616,247.93146480964688,5.0362330253972045,,
1-87,GPS_TRACKING,123.76735076617265,0.2,200,CloudNode,0,0.0,12000.0,154.53355266150552,489.156538959652,334.62298629814643,247.89466253819717,5.156972948590528,,
4-69,SENSOR_DATA_LOGGING,727.8961065426447,0.1,10000,CloudNode,0,0.0,12000.0,136.51930487166044,491.4995647655851,354.98025989392465,206.3917777936549,30.32900443927686,,
1-4,E_COMMERCE_TRANSACTION,149.90350230203126,0.5,300,FogNode_2,0,0.0,681.967788340379,5.814083227981091,491.5769373521998,485.76285412421873,211.3553276520267,18.39975914407401,,
0-55,SENSOR_DATA_LOGGING,890.7299674639886,0.1,10000,CloudNode,0,0.0,12000.0,113.07750069503187,492.18515671398916,379.1076560189573,195.96603918448747,37.11374864433286,,
5-11,GPS_TRACKING,281.78579105023283,0.2,200,FogNode_0,0,0.0,1189.2931772946604,14.353198182475802,493.14825243138205,478.79505424890624,215.62997347360513,17.94248092110223,,
1-59,E_COMMERCE_TRANSACTION,166.60196661918852,0.5,300,CloudNode,0,0.0,12000.0,103.09094354457633,494.1321818998247,391.0412383552483,247.81081565878182,6.941748609132855,,
8-17,SENSOR_DATA_LOGGING,604.059891949867,0.1,10000,FogNode_9,0,0.125,1349.236560939329,30.28341403833559,494.25128801266766,463.96787397433206,0.0,60.75612500562499,,
3-58,E_COMMERCE_TRANSACTION,633.9343068203772,0.5,300,CloudNode,0,0.0,12000.0,95.53138163805825,495.6076111437686,400.0762295057104,216.85740677155184,26.413929450849047,,
2-56,SENSOR_DATA_LOGGING,837.5845939242106,0.1,10000,CloudNode,0,0.0,12000.0,126.48843806219517,495.61354340733624,369.12510534514104,202.16114472657563,34.89935808017544,,
5-15,GPS_TRACKING,772.7683359960027,0.2,200,FogNode_7,0,0.0,1727.0272900361456,20.341531313033702,496.0577428354486,475.7162115224149,0.0,52.964830863545096,,
2-68,SENSOR_DATA_LOGGING,358.442363523685,0.1,10000,CloudNode,0,0.0,12000.0,149.72617668845183,496.5434241518285,346.8172474633767,238.53886616711026,14.935098480153542,,
9-66,E_COMMERCE_TRANSACTION,245.0554620542786,0.5,300,CloudNode,0,0.0,12000.0,96.94455867430364,498.0068164274463,401.0622577531427,247.46500050941972,10.21064425226161,,
0-76,SENSOR_DATA_LOGGING,421.93606498917103,0.1,10000,CloudNode,0,0.0,12000.0,148.73740694038833,498.1546150518248,349.4172081114365,235.77718938786535,17.58066937454879,,
4-56,E_COMMERCE_TRANSACTION,546.098076728221,0.5,300,CloudNode,0,0.0,12000.0,118.7433087435895,498.5992798193861,379.85597107579656,226.54114930714678,22.754086530342544,,
1-78,GPS_TRACKING,383.3562108356161,0.2,200,CloudNode,0,0.0,12000.0,133.0356520881787,502.0282756034319,368.9926235152532,241.81277886704015,15.973175451484002,,
9-93,SMART_HOME_CONTROL,669.0553574060156,0.1,150,CloudNode,0,0.0,12000.0,151.48989775765565,506.43300412933706,354.94310637168144,224.53274945958543,27.87730655858398,,
3-67,SENSOR_DATA_LOGGING,518.9898968738275,0.1,10000,CloudNode,0,0.0,12000.0,126.70479439239303,507.4821586998051,380.7773643074121,236.80691072632033,21.624579036409482,,
0-16,GPS_TRACKING,611.2377098303512,0.2,200,FogNode_9,0,0.25,1349.236560939329,31.38152300431358,508.95888330938686,477.5773603050733,0.0,61.47806732662003,,
6-58,GPS_TRACKING,200.09281168160055,0.2,200,CloudNode,0,0.0,12000.0,153.1126672808942,510.8065828732914,357.6939155923972,258.15594312004,8.337200486733357,,
0-64,SMART_HOME_CONTROL,927.1178746548735,0.1,150,CloudNode,0,0.0,12000.0,124.18471390822282,510.9096156269505,386.72490171872766,208.95149763727204,38.62991144395306,,
2-58,GPS_TRACKING,456.3174458336532,0.2,200,CloudNode,0,0.0,12000.0,130.8237868016346,511.1366808902473,380.31289408861267,244.45854979095182,19.01322690973555,,
5-0,SENSOR_DATA_LOGGING,786.2078199688061,0.1,10000,FogNode_1,0,0.0,1597.9384595498836,0.2707581022814436,512.4320234874074,512.161265385126,0.0,64.94673129361988,,
4-77,SENSOR_DATA_LOGGING,788.6905561534911,0.1,10000,CloudNode,0,0.0,12000.0,155.18485896376882,516.4136356383185,361.2287766745497,224.5276631530827,32.86210650639546,,
0-63,GPS_TRACKING,249.82881194107858,0.2,200,CloudNode,0,0.0,12000.0,121.382445276383,517.362491813585,395.98004653720204,260.017598526034,10.409533830878274,,
4-62,GPS_TRACKING,557.072298737327,0.2,200,CloudNode,0,0.0,12000.0,128.82723561168206,517.8275667781122,389.00033116643016,243.12023318665467,23.211345780721956,,
3-9,E_COMMERCE_TRANSACTION,191.8954782409989,0.5,300,FogNode_2,0,0.0,681.967788340379,11.712209116997156,520.6061765348219,508.89396741782474,180.73537025161863,23.554023263293896,,
3-66,GPS_TRACKING,634.0998786591397,0.2,200,CloudNode,0,0.0,12000.0,126.41956846631274,522.5738809564136,396.1543124901009,241.50757108759439,26.420828277464153,,
2-64,SENSOR_DATA_LOGGING,561.0782870580541,0.1,10000,CloudNode,0,0.0,12000.0,137.81410824634642,526.4339548419227,388.6198465955763,248.2428655007569,23.378261960752255,,
1-53,E_COMMERCE_TRANSACTION,484.0025478094433,0.5,300,CloudNode,0,0.0,12000.0,97.29381208678048,527.462089047562,430.16827696078155,253.53731086448335,20.166772825393473,,
4-61,SENSOR_DATA_LOGGING,277.3154662414587,0.1,10000,CloudNode,0,0.0,12000.0,127.6492393699345,529.5426263161253,401.8933869461908,268.01596303528356,11.554811093394111,,
5-72,E_COMMERCE_TRANSACTION,225.73261060585477,0.5,300,CloudNode,0,0.0,12000.0,117.6037829149836,529.6176337571127,412.0138508421291,271.52895771897084,9.405525441910616,,
5-10,GPS_TRACKING,855.3868399693041,0.2,200,FogNode_4,0,0.0,1758.3565909566523,13.194170090064377,530.5477599922331,517.3535899021687,0.0,71.25680289563738,,
2-66,SENSOR_DATA_LOGGING,172.64168850133143,0.1,10000,CloudNode,0,0.0,12000.0,147.2478022075654,530.8004430134295,383.55264080586403,275.80727460769117,7.1934036875554765,,
1-76,SMART_HOME_CONTROL,281.12146246829,0.1,150,CloudNode,0,0.0,12000.0,129.60639639692224,530.9089472388292,401.30255084190696,268.2182436471779,11.713394269512085,,
5-3,SENSOR_DATA_LOGGING,679.3372448211742,0.1,10000,FogNode_9,0,0.0,1349.236560939329,7.287503326250107,531.8770954189955,524.5895920927454,0.0,68.32749387499076,,
3-77,GPS_TRACKING,89.24419731732375,0.2,200,CloudNode,0,0.0,12000.0,141.26481045357343,534.8991054906724,393.6342950370989,285.1997060267684,3.7185082215551564,,
3-63,SENSOR_DATA_LOGGING,959.6642419269383,0.1,10000,CloudNode,0,0.0,12000.0,108.38759950022099,535.261534238791,426.87393473857003,228.5527372594193,39.9860100802891,,
5-13,SENSOR_DATA_LOGGING,959.0226842013294,0.1,10000,FogNode_3,0,0.0,1899.4436001125757,18.541037422812746,536.5075980008168,517.966560578004,0.0,45.532371249740066,,
9-23,SENSOR_DATA_LOGGING,864.934718741848,0.1,10000,FogNode_4,0,0.25,1758.3565909566523,33.425816982900585,541.9416052492719,508.5157882663713,0.0,72.05217556677997,,
5-78,GPS_TRACKING,754.7621362583316,0.2,200,CloudNode,0,0.0,12000.0,127.74034476401376,544.8552051325898,417.1148603685761,248.56069602861098,31.44842234409715,,
3-10,SMART_HOME_CONTROL,986.0131964808653,0.1,150,FogNode_3,0,0.0,1899.4436001125757,12.169029173752307,545.9182103433043,533.749181169552,0.0,46.81382375923514,,
8-74,SENSOR_DATA_LOGGING,604.7261713968139,0.1,10000,CloudNode,0,0.0,12000.0,143.25295209458866,546.0014587601697,402.7485066655811,259.3615819721363,25.19692380820058,,
7-68,SMART_HOME_CONTROL,213.18072327705244,0.1,150,CloudNode,0,0.0,12000.0,143.1709767160207,547.307686589213,404.1367098731922,287.0605117814919,8.882530136543853,,
0-84,GPS_TRACKING,636.6633921452068,0.2,200,CloudNode,0,0.16666666666666666,12000.0,160.1597607352244,548.6688260861034,388.50906535087904,259.1237899047122,26.527641339383617,,
6-14,GPS_TRACKING,443.22692560123676,0.2,200,FogNode_7,0,0.0,1727.0272900361456,34.24140820787233,551.3847494886267,517.1433412807543,233.89071339444163,30.378365747066553,,
2-62,SMART_HOME_CONTROL,838.8243356206084,0.1,150,CloudNode,0,0.0,12000.0,135.99937004550367,551.6026924875446,415.6033224420409,248.9825448423798,34.951013984192016,,
5-7,SENSOR_DATA_LOGGING,993.9328467005612,0.1,10000,FogNode_3,0,0.0,1899.4436001125757,11.705064595468288,552.088564906965,540.3835003114966,0.0,47.18983202255539,,
6-57,SENSOR_DATA_LOGGING,80.07962184369825,0.1,10000,CloudNode,0,0.0,12000.0,144.7932995857701,552.6747605804779,407.8814609947078,301.3428062561346,3.3366509101540935,,
1-94,SMART_HOME_CONTROL,289.03673416657455,0.1,150,CloudNode,0,0.5,12000.0,169.15908052581094,554.9953417527105,385.8362612268995,288.1334489321199,12.043197256940607,,
8-55,SENSOR_DATA_LOGGING,683.2156659144704,0.1,10000,CloudNode,0,0.0,12000.0,120.78090494717843,555.0892538780307,434.3083489308523,260.81208327733464,28.46731941310293,,
9-91,SMART_HOME_CONTROL,936.593679799431,0.1,150,CloudNode,0,0.0,12000.0,147.31403555288185,555.9905026773882,408.6764671245064,247.72127896354667,39.02473665830963,,
7-70,GPS_TRACKING,138.1733418317301,0.2,200,CloudNode,0,0.0,12000.0,146.5524962251664,556.369650285234,409.8171540600676,300.28348639638926,5.757222576322088,,
0-65,SMART_HOME_CONTROL,793.4538785940686,0.1,150,CloudNode,0,0.0,12000.0,125.00330065106381,558.3063132634949,433.3030126124311,257.47484105986445,33.06057827475286,,
9-83,SENSOR_DATA_LOGGING,292.33306647668985,0.1,10000,CloudNode,0,0.0,12000.0,135.62879861082632,559.2601943637299,423.63139575290353,291.5130969550395,12.180544436528743,,
4-68,SENSOR_DATA_LOGGING,56.19865077143666,0.1,10000,CloudNode,0,0.0,12000.0,135.1128324353401,562.9895341611146,427.8767017257745,310.55425029073626,2.341610448809861,,
5-76,E_COMMERCE_TRANSACTION,389.07401006612184,0.5,300,CloudNode,0,0.0,12000.0,123.29906672914724,563.2232771856063,439.9242104564591,288.03562086906294,16.21141708608841,,
5-87,SENSOR_DATA_LOGGING,947.3706890800272,0.1,10000,CloudNode,0,0.0,12000.0,150.72611795810528,568.1040963829876,417.37797842488226,255.1744260548051,39.473778711667805,,
3-70,GPS_TRACKING,263.570186075377,0.2,200,CloudNode,0,0.0,12000.0,130.69571925956288,570.6330082590515,439.9372889994886,302.65485115811435,10.982091086474043,,
0-69,SMART_HOME_CONTROL,878.412797278288,0.1,150,CloudNode,0,0.0,12000.0,133.66113458866224,571.2078828673036,437.5467482786414,261.06675954744094,36.60053321992867,,
9-80,SMART_HOME_CONTROL,723.5446337501155,0.1,150,CloudNode,0,0.0,12000.0,128.61837621539144,571.4320670360903,442.81369082069887,271.0919528136667,30.14769307292148,,
3-71,GPS_TRACKING,291.46970425472153,0.2,200,CloudNode,0,0.0,12000.0,132.20421791652788,571.5968286104397,439.3926106939118,302.1215508093517,12.144571010613397,,
4-64,SENSOR_DATA_LOGGING,209.03236260327273,0.1,10000,CloudNode,0,0.0,12000.0,132.62299637195244,573.7890138355067,441.1660174635542,309.1519640316184,8.709681775136364,,
0-79,SENSOR_DATA_LOGGING,987.7338919252352,0.1,10000,CloudNode,0,0.0,12000.0,155.64296605181033,573.8107224260214,418.167756374211,257.43793296015195,41.15557883021813,,
2-49,GPS_TRACKING,912.3881546348567,0.2,200,CloudNode,0,0.0,12000.0,108.97843396087858,574.6316260389575,465.6531920780789,260.91075381502264,38.0161731097857,,
7-10,SENSOR_DATA_LOGGING,914.0916956253681,0.1,10000,FogNode_7,0,0.0,1727.0272900361456,32.04678081913326,575.0248094404615,542.9780286213282,0.0,62.65100392625196,,
3-74,GPS_TRACKING,142.67848228805946,0.2,200,CloudNode,0,0.0,12000.0,139.5271800764079,575.1131507096113,435.58597063320343,315.3019109743532,5.944936762002477,,
2-60,SENSOR_DATA_LOGGING,695.816881127232,0.1,10000,CloudNode,0,0.0,12000.0,132.067051341918,575.3472319075211,443.2801805656031,276.7119541259774,28.992370046968002,,
1-43,HEALTH_MONITORING,894.8233343657469,1.0,100,CloudNode,0,0.0,12000.0,80.80895062776037,576.5968868005775,495.7879361728171,264.11051521165473,37.284305598572786,,
0-35,SENSOR_DATA_LOGGING,249.041197074635,0.1,10000,FogNode_5,0,0.3333333333333333,782.8923712617282,74.14420715512466,580.9167862950574,506.7725791399327,174.09300862254122,37.01742801225811,,
9-90,GPS_TRACKING,757.5727194174325,0.2,200,CloudNode,0,0.0,12000.0,146.8735191959897,580.9586267295649,434.0851075335752,276.5901724445222,31.565529975726356,,
9-67,E_COMMERCE_TRANSACTION,852.2721418690674,0.5,300,CloudNode,0,0.0,12000.0,101.17051416333094,581.9322941160394,480.7617799527085,271.2923806887665,35.51133924454447,,
3-90,SMART_HOME_CONTROL,573.2472852407585,0.1,150,CloudNode,0,0.875,12000.0,174.29549666954625,583.0321413421875,408.73664467264126,291.03320857945005,23.88530355169827,,
6-19,SENSOR_DATA_LOGGING,709.2497083952954,0.1,10000,FogNode_9,0,0.25,1349.236560939329,37.64060180293298,584.7973667920658,547.1567649891327,0.0,71.33607862023709,,
9-109,SENSOR_DATA_LOGGING,387.63510601070635,0.1,10000,CloudNode,5,1.0,12000.0,179.19862817680058,584.9776860813702,405.7790579045696,306.5670715400705,16.1514627504461,,
8-75,GPS_TRACKING,53.84924596989947,0.2,200,CloudNode,0,0.0,12000.0,144.32629523053188,587.5195785063459,443.193283275814,331.1470557830832,2.2437185820791443,,
4-75,SMART_HOME_CONTROL,56.87865586389357,0.1,150,CloudNode,0,0.0,12000.0,152.562112996667,589.7175740700279,437.1554610733609,332.9479731709995,2.369943994328899,,
5-95,SENSOR_DATA_LOGGING,259.72260172583674,0.1,10000,CloudNode,0,0.25,12000.0,162.05430408253306,593.0756171799101,431.021313097377,322.31380312199366,10.821775071909864,,
1-16,SMART_HOME_CONTROL,331.23964483664196,0.1,150,FogNode_0,0,0.0,1189.2931772946604,21.8227851608337,593.94892566305,572.1261405022162,273.517707336738,21.091414814221935,,
4-58,E_COMMERCE_TRANSACTION,502.4903116355164,0.5,300,CloudNode,0,0.0,12000.0,121.04368100077559,596.8695343890035,475.825853388228,308.62226959613224,20.937096318146516,,
0-92,SENSOR_DATA_LOGGING,87.616258583848,0.1,10000,CloudNode,2,1.0,12000.0,175.70653858999486,597.0189289520152,421.3123903620204,337.3032854005409,3.6506774409936664,,
0-81,SENSOR_DATA_LOGGING,532.5156608791708,0.1,10000,CloudNode,0,0.125,12000.0,158.2742318199062,600.3668077506525,442.0925759307463,309.0550065870604,22.188152536632117,,
5-6,SMART_HOME_CONTROL,516.5734742905533,0.1,150,FogNode_1,0,0.0,1597.9384595498836,11.038861808409003,600.6491902793723,589.6103284709633,251.11839685352567,42.672888485758584,,
2-82,SMART_HOME_CONTROL,598.8455009213012,0.1,150,CloudNode,4,1.0,12000.0,178.81366631363213,601.5064842309863,422.6928179173542,305.5670684920441,24.951895871720886,,
4-76,GPS_TRACKING,876.9598970539604,0.2,200,CloudNode,0,0.0,12000.0,154.44068522135603,602.6976251782761,448.25693995692006,287.1234736593249,36.539995710581685,,
0-40,HEALTH_MONITORING,986.5565631847487,1.0,100,CloudNode,0,0.0,12000.0,80.15773051521755,604.786927888476,524.6291973732585,281.2938567740427,41.1065234660312,,
9-11,GPS_TRACKING,996.9778968614331,0.2,200,FogNode_4,0,0.0,1758.3565909566523,16.571562564425026,604.9240572294312,588.3524946650062,0.0,83.05184761845481,,
5-88,SENSOR_DATA_LOGGING,367.4548757045594,0.1,10000,CloudNode,0,0.0,12000.0,151.19501372639596,605.7343903516579,454.539376625262,324.5223382999095,15.310619821023309,,
1-73,GPS_TRACKING,403.66697315714595,0.2,200,CloudNode,0,0.0,12000.0,125.4695776986334,607.4279282652689,481.95835056663543,324.24394318007444,16.81945721488108,,
2-70,SENSOR_DATA_LOGGING,997.3061441282944,0.1,10000,CloudNode,0,0.0,12000.0,155.7219693173587,609.5428001859473,453.8208308685886,284.64408665988594,41.554422672012265,,
8-67,GPS_TRACKING,88.68835387198466,0.2,200,CloudNode,0,0.0,12000.0,135.88057586096576,613.1250865076566,477.24451064669086,350.9676957746017,3.695348077999361,,
5-89,SMART_HOME_CONTROL,778.1280916630941,0.1,150,CloudNode,0,0.0,12000.0,151.79602115203915,619.9332615166219,468.13724036458274,308.24872351148366,32.42200381929559,,
3-31,SENSOR_DATA_LOGGING,482.9267108379879,0.1,10000,FogNode_7,0,0.375,1727.0272900361456,46.55503424969676,621.40256994886,574.8475356991632,278.3102659513872,33.09935250653759,,
9-35,SMART_HOME_CONTROL,200.50649374243122,0.1,150,FogNode_8,0,0.0,770.9711269175084,47.9914682098418,622.8900861613033,574.8986179514616,293.157187617442,19.059078173001108,,
1-99,SENSOR_DATA_LOGGING,728.4126765395955,0.1,10000,CloudNode,3,1.0,12000.0,177.71492900225684,623.6905905394143,445.97566153715746,315.1697406474579,30.350528189149813,,
9-98,SENSOR_DATA_LOGGING,630.8985781428554,0.1,10000,CloudNode,0,0.20833333333333334,12000.0,161.11604740040767,623.7827643792083,462.66671697880065,322.5443230050664,26.28744075595231,,
1-82,SENSOR_DATA_LOGGING,295.62459884947475,0.1,10000,CloudNode,0,0.0,12000.0,139.90875334743416,625.0021909881087,485.09343764067455,346.8907860140429,12.317691618728114,,
6-43,HEALTH_MONITORING,284.58850477335113,1.0,100,CloudNode,0,0.0,12000.0,104.09054289286091,625.2221929620989,521.131650069238,347.7958377624833,11.857854365556298,,
5-82,SMART_HOME_CONTROL,685.2499991908213,0.1,150,CloudNode,0,0.0,12000.0,131.34863122999096,628.7009952096748,497.3523639796839,322.1422274972396,28.552083299617557,,
0-14,GPS_TRACKING,350.7702593599161,0.2,200,FogNode_0,0,0.6666666666666666,1189.2931772946604,30.739249851343562,629.0061613916009,598.2669115402574,280.36748653737493,22.33501079950985,,
0-42,HEALTH_MONITORING,844.9957190360151,1.0,100,CloudNode,0,0.0,12000.0,100.1931058351571,629.6765042833978,529.4833984482407,311.50272954978124,35.20815495983396,,
1-100,GPS_TRACKING,329.2814139227729,0.2,200,CloudNode,6,1.0,12000.0,180.33880819993814,630.1377430051739,449.7989348052357,348.9517422329895,13.72005891344887,,
5-83,E_COMMERCE_TRANSACTION,75.1532895978903,0.5,300,CloudNode,0,0.0,12000.0,131.95784979411192,635.9392784165553,503.98142862244345,372.9704573913961,3.1313870665787626,,
3-81,GPS_TRACKING,480.42550882612585,0.2,200,CloudNode,0,0.16666666666666666,12000.0,160.01004353616756,636.9049934578474,476.89494992167977,343.84811420063613,20.01772953442191,,
7-82,SENSOR_DATA_LOGGING,692.496599778233,0.1,10000,CloudNode,0,0.875,12000.0,174.2652744821266,639.6403440975588,465.37506961543215,330.1368640617594,28.854024990759704,,
3-42,SMART_HOME_CONTROL,171.03367415941494,0.1,150,FogNode_8,0,1.0,770.9711269175084,60.79662135936462,639.9396639337069,579.1430425743423,335.98003877529874,16.257549095678296,,
2-71,GPS_TRACKING,373.1109525799835,0.2,200,CloudNode,0,0.08333333333333333,12000.0,156.8492273678396,640.6353795676125,483.7861521997729,354.47807903594867,15.546289690832646,,
5-85,GPS_TRACKING,880.822280376091,0.2,200,CloudNode,0,0.0,12000.0,142.2659163900123,641.5059530809951,499.24003669098283,319.96200882490166,36.70092834900379,,
1-98,SENSOR_DATA_LOGGING,409.90945944730515,0.1,10000,CloudNode,2,1.0,12000.0,176.98467303481362,641.5870498858776,464.602376851064,352.57210352030927,17.07956081030438,,
7-14,SMART_HOME_CONTROL,296.02158734090784,0.1,150,FogNode_6,0,0.25,816.2509881302752,37.10431354128433,642.0763669574055,604.9720534161212,221.17751336075213,39.88751238898582,,
7-49,HEALTH_MONITORING,863.8511144860477,1.0,100,CloudNode,0,0.0,12000.0,104.69541023261225,642.6206011328889,537.9251909002766,321.97991942331174,35.99379643691866,,
4-67,SENSOR_DATA_LOGGING,828.7538469606814,0.1,10000,CloudNode,0,0.0,12000.0,134.45025579919397,643.6944466190143,509.24419081982035,324.2744969131222,34.53141029002839,,
9-92,SENSOR_DATA_LOGGING,245.92174938433965,0.1,10000,CloudNode,0,0.0,12000.0,147.49947182332252,645.4956701034704,497.99619828014784,369.3633427306678,10.246739557680819,,
0-73,SENSOR_DATA_LOGGING,894.630635488308,0.1,10000,CloudNode,0,0.0,12000.0,143.89680593825955,649.8997848648801,506.00297892662053,324.54738339771365,37.276276478679506,,
1-93,SMART_HOME_CONTROL,642.4525613142517,0.1,150,CloudNode,0,0.4166666666666667,12000.0,168.05732682209694,650.5566423948695,482.4993155727726,343.8743600005058,26.768856721427156,,
8-84,SMART_HOME_CONTROL,893.8213585231858,0.1,150,CloudNode,0,0.6666666666666666,12000.0,171.2915194031434,651.082000010843,479.7904806076996,325.48453358371756,37.24255660513275,,
0-80,GPS_TRACKING,796.4724379550676,0.2,200,CloudNode,0,0.08333333333333333,12000.0,157.6921370604113,653.8922816692682,496.2001446088569,335.17137831484973,33.186351581461146,,
7-24,SENSOR_DATA_LOGGING,215.87154902414565,0.1,10000,FogNode_9,0,0.625,1349.236560939329,53.514413399898444,654.2466181672681,600.7322047673697,424.9193564418332,21.7122821635001,,
0-60,E_COMMERCE_TRANSACTION,357.8370173994697,0.5,300,CloudNode,0,0.0,12000.0,118.25768638034401,655.0419444120547,536.7842580317107,369.57130216231053,14.909875724977903,,
5-90,SENSOR_DATA_LOGGING,388.1621121875848,0.1,10000,CloudNode,0,0.0,12000.0,151.88842557875938,656.0374332217131,504.1490076429537,368.3964113646554,16.173421341149368,,
4-47,HEALTH_MONITORING,994.75051613543,1.0,100,CloudNode,0,0.0,12000.0,106.50244276078061,656.7065987706405,550.20415600986,323.7140173696172,41.44793817230958,,
7-86,SMART_HOME_CONTROL,180.8840277587652,0.1,150,CloudNode,6,1.0,12000.0,179.8350812548499,657.694270112786,477.85918885793603,383.5225477558371,7.53683448994855,,
3-91,SMART_HOME_CONTROL,117.38831970265886,0.1,150,CloudNode,0,0.9583333333333334,12000.0,174.99852837678029,660.8643599860645,485.8658316092842,390.4837788496233,4.891179987610785,,
4-78,SENSOR_DATA_LOGGING,370.4409984791794,0.1,10000,CloudNode,0,0.0,12000.0,155.9015158703625,661.0078262117722,505.10631034140977,373.1977913203012,15.435041603299144,,
4-73,GPS_TRACKING,312.13586688259574,0.2,200,CloudNode,0,0.0,12000.0,146.23120378026306,661.9506006567716,515.7193968765085,378.9374425354895,13.005661120108156,,
1-63,E_COMMERCE_TRANSACTION,403.5155652999121,0.5,300,CloudNode,0,0.0,12000.0,112.01133792404069,662.3272923180008,550.31595439396,372.37877651983877,16.813148554163003,,
5-106,SENSOR_DATA_LOGGING,262.2747340297897,0.1,10000,CloudNode,6,1.0,12000.0,182.42995601208162,662.4916074034284,480.06165139134674,381.77295382684053,10.928113917907906,,
7-73,SMART_HOME_CONTROL,280.08256636771,0.1,150,CloudNode,0,0.0,12000.0,155.09836995187248,662.9805579615346,507.8821880096621,381.51374030870494,11.670106931987917,,
1-61,E_COMMERCE_TRANSACTION,987.4888424933347,0.5,300,CloudNode,0,0.0,12000.0,106.38732005238812,663.2493636040094,556.8620435516214,329.4342298956646,41.14536843722228,,
8-80,GPS_TRACKING,285.2880561756506,0.2,200,CloudNode,0,0.0,12000.0,153.97518798283178,665.2799577622993,511.3047697794675,382.57413387787153,11.887002340652108,,
9-104,SENSOR_DATA_LOGGING,249.06531721710468,0.1,10000,CloudNode,0,0.7083333333333334,12000.0,172.06547816829612,666.2511132048958,494.18563503659965,386.2848065306433,10.377721550712696,,
9-103,GPS_TRACKING,296.0352527614614,0.2,200,CloudNode,0,0.5,12000.0,169.13389294456013,666.2566542826661,497.122761338106,382.569967356411,12.334802198394224,,
8-81,SENSOR_DATA_LOGGING,69.90577607189294,0.1,10000,CloudNode,0,0.125,12000.0,158.27186791714672,666.6898413253889,508.4179734082422,399.05794067159616,2.912740669662206,,
3-23,E_COMMERCE_TRANSACTION,268.0690490419752,0.5,300,FogNode_2,0,0.6666666666666666,681.967788340379,31.830968243101985,667.7346083750464,635.9036401319444,192.42525638563137,32.903873896257,,
9-70,HEALTH_MONITORING,302.02532369225617,1.0,100,CloudNode,0,0.0,12000.0,104.68190110401149,668.8632235933691,564.1813224893576,384.55716371691824,12.58438848717734,,
5-63,HEALTH_MONITORING,549.4355168495431,1.0,100,CloudNode,0,0.0,12000.0,105.29800920865927,669.5690574500036,564.2710482413443,368.3556619957127,22.89314653539763,,
3-69,GPS_TRACKING,596.8759328551741,0.2,200,CloudNode,0,0.0,12000.0,129.5002085714522,669.6729225878864,540.1727140164343,364.7084589955142,24.869830535632257,,
7-16,SENSOR_DATA_LOGGING,272.3541059529209,0.1,10000,FogNode_6,0,0.5,816.2509881302752,39.59268834668654,673.7130958981655,634.120407551479,278.858493502836,36.69843092516596,,
4-35,HEALTH_MONITORING,974.4585320356508,1.0,100,CloudNode,0,0.0,12000.0,83.82851089349502,674.2804948495476,590.4519839560526,340.59535113517546,40.602438834818784,,
5-104,GPS_TRACKING,359.8225306377963,0.2,200,CloudNode,5,1.0,12000.0,179.07386614647893,679.8849957513631,500.8111296048842,389.73009783316485,14.992605443241514,,
9-110,SENSOR_DATA_LOGGING,154.64351385076344,0.1,10000,CloudNode,9,1.0,12000.0,183.8064783518667,681.7501830809327,497.94370472906604,402.36665797264925,6.443479743781809,,
0-90,SMART_HOME_CONTROL,316.6984819400722,0.1,150,CloudNode,0,0.4166666666666667,12000.0,167.65648900608346,682.4289733833857,514.7724843773022,395.0699361553863,13.195770080836342,,
1-51,HEALTH_MONITORING,933.7591823206193,1.0,100,CloudNode,0,0.0,12000.0,91.9772860975938,682.600193081861,590.6229069842672,350.25423673550165,38.90663259669247,,
8-76,SENSOR_DATA_LOGGING,226.45005009464654,0.1,10000,CloudNode,0,0.0,12000.0,144.77548533301407,685.5606788332761,540.785193500262,400.24984212880025,9.435418753943607,,
5-93,GPS_TRACKING,402.01954435196717,0.2,200,CloudNode,0,0.0,12000.0,154.24182485941597,691.1958988087832,536.9540739493673,396.4961283694179,16.750814347998634,,
2-81,SENSOR_DATA_LOGGING,389.673119911516,0.1,10000,CloudNode,3,1.0,12000.0,178.31833517302917,695.453317954161,517.1349827811318,398.1816918168589,16.236379996313165,,
1-80,GPS_TRACKING,996.2023937246475,0.2,200,CloudNode,0,0.0,12000.0,139.3770751284563,696.1419526513773,556.764877522921,357.9776703827354,41.50843307186032,,
1-91,SENSOR_DATA_LOGGING,785.3944716073472,0.1,10000,CloudNode,0,0.16666666666666666,12000.0,160.99709121512856,702.3545327584596,541.3574415433311,379.77359370947926,32.724769650306136,,
7-79,GPS_TRACKING,459.1890310315208,0.2,200,CloudNode,0,0.7083333333333334,12000.0,172.25365546633267,704.5224068686261,532.2687514022934,400.2001276857554,19.132876292980033,,
2-45,HEALTH_MONITORING,298.3521789686948,1.0,100,CloudNode,0,0.0,12000.0,103.92824336490932,704.7476773320877,600.8194339671784,412.76642062800363,12.431340790362281,,
4-88,SENSOR_DATA_LOGGING,598.0283384594188,0.1,10000,CloudNode,6,1.0,12000.0,182.3228953356162,704.8776392836729,522.5547439480567,394.12218172068486,24.91784743580912,,
9-77,HEALTH_MONITORING,235.85377532886466,1.0,100,CloudNode,0,0.0,12000.0,120.77417068515501,705.2151601106815,584.4409894255265,417.1281531154061,9.827240638702694,,
9-95,SMART_HOME_CONTROL,284.3922918620457,0.1,150,CloudNode,0,0.0,12000.0,155.2115929920221,705.4495407361032,550.2379477440811,414.513353816067,11.849678827585237,,
2-73,SMART_HOME_CONTROL,530.7975776751339,0.1,150,CloudNode,0,0.2916666666666667,12000.0,162.5228597841185,706.1837321296994,543.6608723455809,398.80190095828493,22.11656573646391,,
3-27,GPS_TRACKING,512.4779427831984,0.2,200,FogNode_7,0,0.0,1727.0272900361456,39.24004792596639,707.4130427852868,668.1729948593205,341.6812786208243,35.12476675927111,,
5-56,HEALTH_MONITORING,459.5182748294189,1.0,100,CloudNode,0,0.0,12000.0,94.83501987395854,707.9661121570047,613.1310922830461,402.9500723617857,19.14659478455912,,
9-40,SMART_HOME_CONTROL,269.8894955944428,0.1,150,FogNode_9,0,0.625,1349.236560939329,50.553100573425645,708.990147957706,658.4370473842803,439.2278426710442,27.1453876520607,,
1-89,SENSOR_DATA_LOGGING,636.1774270854319,0.1,10000,CloudNode,0,0.125,12000.0,158.80077953155194,716.2641491944621,557.4633696629102,397.8691888022405,26.507392795226327,,
1-22,SMART_HOME_CONTROL,266.27339869997684,0.1,150,FogNode_0,0,0.6666666666666666,1189.2931772946604,32.183317947365644,717.0403959192317,684.8570779718661,438.6559487583357,16.954741962555868,,
5-54,HEALTH_MONITORING,659.521959051881,1.0,100,CloudNode,0,0.0,12000.0,89.06113514018207,717.2874555723242,628.2263204321422,398.6692416288206,27.48008162716171,,
4-45,HEALTH_MONITORING,823.5790525158716,1.0,100,CloudNode,0,0.0,12000.0,101.20772964142125,719.1882301045255,617.9805004631042,390.13323651707526,34.31579385482798,,
5-101,SENSOR_DATA_LOGGING,160.64885160668965,0.1,10000,CloudNode,0,0.5416666666666666,12000.0,170.80731604962844,719.5711364302568,548.7638203806284,432.4782224500552,6.693702150278735,,
5-102,SENSOR_DATA_LOGGING,195.83534251610985,0.1,10000,CloudNode,0,0.625,12000.0,171.08411893782826,720.8420187449686,549.7578998071403,432.9218423713189,8.159805938171242,,
9-101,SENSOR_DATA_LOGGING,300.8063085750696,0.1,10000,CloudNode,0,0.4166666666666667,12000.0,166.7993101643181,721.2091450326332,554.4098348683151,424.7773779246054,12.5335961906279,,
4-33,SENSOR_DATA_LOGGING,188.72234078417947,0.1,10000,FogNode_5,0,0.3333333333333333,782.8923712617282,74.34004852395276,721.6348791923364,647.2948306683836,386.94010382622963,28.051646660650974,,
2-12,GPS_TRACKING,685.6207291910848,0.2,200,FogNode_7,0,0.125,1727.0272900361456,40.866465049108115,723.0025881827231,682.136123133615,263.2585744444057,46.991814062027125,,
2-16,SENSOR_DATA_LOGGING,309.81058174246897,0.1,10000,FogNode_6,0,0.875,816.2509881302752,46.486443807591165,723.6490928590656,677.1626490514744,274.9885743976539,41.7455143339268,,
6-63,SMART_HOME_CONTROL,556.2498477729225,0.1,150,CloudNode,0,0.4166666666666667,12000.0,166.07261711682875,728.7831273644626,562.7105102476339,415.0709274218412,23.17707699053844,,
5-108,SENSOR_DATA_LOGGING,322.4231914114487,0.1,10000,CloudNode,16,1.0,12000.0,189.54357275524924,729.223132042747,539.6795592874978,430.7593909097618,13.434299642143696,,
9-108,SENSOR_DATA_LOGGING,763.3045649942275,0.1,10000,CloudNode,3,1.0,12000.0,178.41503989472645,729.8598269544148,551.4447870596883,400.2129085652309,31.804356874759478,,
7-72,GPS_TRACKING,912.6450795911946,0.2,200,CloudNode,0,0.0,12000.0,152.78825625416926,729.9460383018677,577.1577820476984,393.2818858271777,38.02687831629978,,
9-73,HEALTH_MONITORING,864.7014665601467,1.0,100,CloudNode,0,0.0,12000.0,113.01908713668236,733.0662817584512,620.0471946217688,398.60128944724687,36.02922777333944,,
9-99,GPS_TRACKING,708.0336752489619,0.2,200,CloudNode,0,0.3333333333333333,12000.0,164.61620915280903,733.2833011202945,568.6670919674855,407.48450305059157,29.501403135373412,,
4-15,E_COMMERCE_TRANSACTION,251.19016259631476,0.5,300,FogNode_6,0,0.25,816.2509881302752,34.492637235276796,733.3884162172554,698.8957789819787,341.5863074193463,33.84668940043641,,
9-106,GPS_TRACKING,876.3680003236357,0.2,200,CloudNode,0,0.8333333333333334,12000.0,174.15501771318392,735.5222740970646,561.3672563838807,398.15336656749054,36.51533334681815,,
1-95,GPS_TRACKING,653.0258571590417,0.2,200,CloudNode,0,0.5,12000.0,169.49760702704742,737.0190145117812,567.5214074847338,414.87866517718066,27.20941071496007,,
6-62,GPS_TRACKING,989.1888832894123,0.2,200,CloudNode,0,0.375,12000.0,165.31061665437744,739.1390057114249,573.8283890570475,395.5288584898998,41.21620347039217,,
9-111,SMART_HOME_CONTROL,837.4311572293091,0.1,150,CloudNode,18,1.0,12000.0,189.88143765575347,739.3549872191127,549.4735495633593,402.96224024368087,34.892964884554544,,
1-19,SMART_HOME_CONTROL,514.5002087914723,0.1,150,FogNode_1,0,1.0,1597.9384595498836,22.711450775898196,740.8109078350807,718.0994570591824,380.2886385676155,42.50162102459992,,
2-80,GPS_TRACKING,301.07881118546186,0.2,200,CloudNode,2,1.0,12000.0,176.91604161783266,742.3773565044461,565.4613148866134,442.2180034792267,12.54495046606091,,
1-81,E_COMMERCE_TRANSACTION,934.5180235852425,0.5,300,CloudNode,0,0.0,12000.0,139.5913038951185,743.1564597277362,603.5651558326177,399.7001787546116,38.93825098271844,,
6-64,SENSOR_DATA_LOGGING,469.6671302617435,0.1,10000,CloudNode,0,0.4166666666666667,12000.0,167.35766239033362,744.3540876324935,576.9964252421598,432.1912434364119,19.56946376090598,,
6-46,HEALTH_MONITORING,129.0146259900385,1.0,100,CloudNode,0,0.0,12000.0,109.69600401261224,746.2734929295679,636.5774889169556,456.38478873171607,5.375609416251605,,
1-104,SENSOR_DATA_LOGGING,159.12134716377687,0.1,10000,CloudNode,14,1.0,12000.0,187.69369694360384,746.5434133839426,558.8497164403387,454.2616277539305,6.630056131824037,,
4-22,SMART_HOME_CONTROL,437.73732387058567,0.1,150,FogNode_9,0,0.5,1349.236560939329,47.93237772503145,750.2534006083317,702.3210228833003,363.9886415473585,44.02746138774643,,
3-17,E_COMMERCE_TRANSACTION,281.25025156295646,0.5,300,FogNode_6,0,0.0,816.2509881302752,21.29395904436278,751.5928291797131,730.2988701353504,332.70631976647934,37.89714457784922,,
5-70,E_COMMERCE_TRANSACTION,727.9306671401342,0.5,300,CloudNode,0,0.0,12000.0,116.76450117221279,751.8567877371278,635.092286564915,422.5187222221055,30.33044446417226,,
2-63,HEALTH_MONITORING,188.4703406774676,1.0,100,CloudNode,0,0.0,12000.0,136.09440510710596,752.7248762349035,616.6304711277976,457.7229395385448,7.85293086156115,,
7-74,GPS_TRACKING,598.0372035045889,0.2,200,CloudNode,0,0.0,12000.0,155.62055832394452,754.5841109574701,598.9635526335255,432.9272280921446,24.918216812691202,,
9-105,GPS_TRACKING,315.75662416738464,0.2,200,CloudNode,0,0.75,12000.0,172.8246128917489,759.3793337723998,586.554720880651,454.75723234363153,13.15652600697436,,
9-3,HEALTH_MONITORING,302.2290579760683,1.0,100,FogNode_2,0,0.0,681.967788340379,4.703144724350316,760.0001853504887,755.2970406261384,224.28201864288457,37.09681086633747,,
5-60,HEALTH_MONITORING,172.3555328335611,1.0,100,CloudNode,0,0.0,12000.0,101.26514635146853,760.906374453406,659.6412281019375,463.5570770727649,7.181480534731714,,
7-69,GPS_TRACKING,796.428667151256,0.2,200,CloudNode,0,0.0,12000.0,143.6824694329329,761.822373550099,618.1399041171661,426.3456888849903,33.184527797969004,,
7-77,SENSOR_DATA_LOGGING,695.854251179749,0.1,10000,CloudNode,0,0.16666666666666666,12000.0,161.00150918386092,762.865493548652,601.8639843647911,432.8114605102642,28.99392713248954,,
1-66,HEALTH_MONITORING,512.563060800398,1.0,100,CloudNode,0,0.0,12000.0,116.60499748458737,763.9227334326663,647.317735948079,445.5907996271112,21.356794200016584,,
3-25,GPS_TRACKING,557.7411967902849,0.2,200,FogNode_9,0,0.25,1349.236560939329,37.23767734166426,765.4363217380808,728.1986443964165,292.2525625045486,56.097407433549265,,
7-87,GPS_TRACKING,572.7654403707994,0.2,200,CloudNode,7,1.0,12000.0,183.12576450285022,767.3015897944902,584.17582529164,444.290988353815,23.865226682116642,,
2-4,E_COMMERCE_TRANSACTION,440.0208670600601,0.5,300,FogNode_9,0,0.0,1349.236560939329,9.336051703322518,769.5904256976257,760.2543739943033,381.1871476833628,44.25713933412955,,
8-68,E_COMMERCE_TRANSACTION,478.16129142954446,0.5,300,CloudNode,0,0.0,12000.0,136.25856616376333,769.7928125876631,633.5342464238997,451.71621933111555,19.92338714289769,,
5-69,HEALTH_MONITORING,124.72879109823425,1.0,100,CloudNode,0,0.0,12000.0,115.73369578133423,772.2164394749518,656.4827436936175,476.4912139187409,5.1970329624264275,,
4-25,SENSOR_DATA_LOGGING,320.2678190540416,0.1,10000,FogNode_6,0,0.875,816.2509881302752,54.049876949950395,775.3219072464966,721.2720302965462,311.7741990409504,43.154577728818865,,
9-81,HEALTH_MONITORING,455.54742027616015,1.0,100,CloudNode,0,0.0,12000.0,133.76444584693382,777.317272242126,643.5528263951921,458.82988240512793,18.981142511506672,,
8-53,HEALTH_MONITORING,413.107966127291,1.0,100,CloudNode,0,0.0,12000.0,117.2122858688945,777.5821235716771,660.3698377027827,460.995801795019,17.212831921970455,,
6-33,SMART_HOME_CONTROL,106.33549957654546,0.1,150,FogNode_8,2,1.0,770.9711269175084,78.28880389206921,777.863764933047,699.5749610409778,546.414212403294,10.107685597444691,,
7-89,SENSOR_DATA_LOGGING,795.8240178514167,0.1,10000,CloudNode,11,1.0,12000.0,184.867736911209,782.5828173487469,597.7150804375378,442.2054785092372,33.15933407714236,,
4-42,HEALTH_MONITORING,924.5254451740268,1.0,100,CloudNode,0,0.0,12000.0,97.28569787589711,785.0098992548402,687.7242013789431,434.01880835824636,38.52189354891778,,
4-86,GPS_TRACKING,274.7236661506306,0.2,200,CloudNode,2,1.0,12000.0,176.6468686347814,786.8163722785522,610.1695036437708,477.8511943903104,11.44681942294294,,
3-93,SENSOR_DATA_LOGGING,421.4175615618343,0.1,10000,CloudNode,12,1.0,12000.0,185.53656703678635,786.9749178672806,601.4383508304943,468.6647274818514,17.559065065076428,,
0-82,GPS_TRACKING,494.21000620957483,0.2,200,CloudNode,0,0.125,12000.0,158.70193672297452,787.4576601136991,628.7557233907246,463.6940798953353,20.59208359206562,,
4-44,HEALTH_MONITORING,995.8255299002918,1.0,100,CloudNode,0,0.0,12000.0,99.97263027746584,788.4350015611276,688.4623712836617,431.9150003203381,41.49273041251216,,
0-91,SMART_HOME_CONTROL,615.4180835241505,0.1,150,CloudNode,0,0.6666666666666666,12000.0,171.45095146051148,790.4238460051041,618.9728945445927,459.81290246122563,25.6424201468396,,
6-73,GPS_TRACKING,337.84217641707244,0.2,200,CloudNode,14,1.0,12000.0,187.1038586986243,791.0190082500748,603.9151495514504,477.35530829755095,14.07675735071135,,
4-92,SENSOR_DATA_LOGGING,747.3984790546323,0.1,10000,CloudNode,14,1.0,12000.0,187.1103815008749,791.5063386306331,604.3959571297582,453.1551975039322,31.141603293943014,,
0-72,E_COMMERCE_TRANSACTION,873.7322620246215,0.5,300,CloudNode,0,0.0,12000.0,143.24083066512307,791.9992519399106,648.7584212747875,443.9189536298786,36.40551091769256,,
2-20,SMART_HOME_CONTROL,758.800364389744,0.1,150,FogNode_7,0,0.625,1727.0272900361456,51.52676403941637,792.1062837034201,740.5795196640038,287.5010508672061,52.00747893907892,,
2-74,GPS_TRACKING,407.51335625423076,0.2,200,CloudNode,0,0.2916666666666667,12000.0,162.72387613933827,794.8658208079253,632.141944668587,476.9537867317934,16.979723177259615,,
0-37,SMART_HOME_CONTROL,134.43741010533608,0.1,150,FogNode_8,2,1.0,770.9711269175084,75.00059890281307,797.2642039610747,722.2636050582616,530.1434217941649,12.778903369907091,,
0-53,HEALTH_MONITORING,833.8241817319088,1.0,100,CloudNode,0,0.0,12000.0,112.26607819948111,798.2684758421217,686.0023976426405,452.99226168690154,34.74267423882954,,
0-24,SENSOR_DATA_LOGGING,365.322695415755,0.1,10000,FogNode_9,0,0.625,1349.236560939329,49.10264701061805,802.6396184575203,753.5369714469023,461.72825047265997,36.7440243026656,,
9-88,E_COMMERCE_TRANSACTION,987.7249473576971,0.5,300,CloudNode,0,0.0,12000.0,142.63162565823052,803.1524310247768,660.5208053665463,445.2989692257869,41.155206139904045,,
8-70,HEALTH_MONITORING,194.1865979508828,1.0,100,CloudNode,0,0.0,12000.0,136.80123029868335,803.6398766096061,666.8386463109227,498.0045049197505,8.09110824795345,,
3-92,SENSOR_DATA_LOGGING,935.2763682139469,0.1,10000,CloudNode,4,1.0,12000.0,178.64591043046815,807.799524305577,629.1536138751089,453.6134037393089,38.96984867558112,,
5-96,GPS_TRACKING,584.9679213646572,0.2,200,CloudNode,0,0.25,12000.0,162.45457961175072,808.1266605527879,645.6720809410372,475.51115732570673,24.373663390194046,,
6-45,HEALTH_MONITORING,790.6116270379354,1.0,100,CloudNode,0,0.0,12000.0,109.6641270022944,808.2616587576074,698.597531755313,460.47023946413515,32.94215112658064,,
7-81,E_COMMERCE_TRANSACTION,788.7388605856927,0.5,300,CloudNode,0,0.8333333333333334,12000.0,173.8611598789766,810.0823260146345,636.221166135658,462.0449132042612,32.86411919107053,,
7-33,SMART_HOME_CONTROL,407.9865369225504,0.1,150,FogNode_5,0,0.3333333333333333,782.8923712617282,74.27146432935533,810.3383982753647,736.0669339460094,198.5377720965194,60.64302789218806,,
4-85,SENSOR_DATA_LOGGING,708.7439152991969,0.1,10000,CloudNode,2,1.0,12000.0,175.71906649736255,811.7868691765033,636.0678026791408,469.4601541783017,29.53099647079987,,
4-79,E_COMMERCE_TRANSACTION,121.9935397018316,0.5,300,CloudNode,0,0.16666666666666666,12000.0,159.8009266851296,813.3185593332628,653.5176326481331,510.42858502406943,5.083064154242983,,
6-56,HEALTH_MONITORING,288.15783876522084,1.0,100,CloudNode,0,0.0,12000.0,143.4239858964625,815.5194918610681,672.0955059646055,501.49490830949674,12.006576615217535,,
9-72,HEALTH_MONITORING,529.6360924087317,1.0,100,CloudNode,0,0.0,12000.0,112.41065343420705,816.3527805090127,703.9421270748057,484.1291709431858,22.068170517030484,,
6-2,SENSOR_DATA_LOGGING,756.6757503875178,0.1,10000,FogNode_1,0,0.0,1597.9384595498836,9.065585942528006,816.8558335154557,807.7902475729277,313.5128680630231,62.50715827116315,,
2-17,SMART_HOME_CONTROL,488.5047489799579,0.1,150,FogNode_9,0,0.5,1349.236560939329,48.80420393128218,820.0253023452626,771.2210984139805,393.5724111004457,49.13363060583899,,
6-54,HEALTH_MONITORING,633.5657530879516,1.0,100,CloudNode,0,0.0,12000.0,125.7488547489722,820.0987358851528,694.3498811361806,480.4066931998249,26.398573045331318,,
3-97,SENSOR_DATA_LOGGING,155.93352334788352,0.1,10000,CloudNode,17,1.0,12000.0,189.38024823453222,823.0767862936249,633.6965380590926,513.0074561583924,6.497230139495147,,
8-85,SMART_HOME_CONTROL,489.38078745533716,0.1,150,CloudNode,0,0.75,12000.0,172.5809633115643,823.3645496366917,650.7835863251273,493.9594149743243,20.39086614397238,,
6-53,HEALTH_MONITORING,552.6332944589266,1.0,100,CloudNode,0,0.0,12000.0,122.18599373384583,833.0276924055245,710.8416986716786,497.6467611887298,23.02638726912194,,
3-60,HEALTH_MONITORING,666.940617918851,1.0,100,CloudNode,0,0.0,12000.0,100.31879440913626,833.160508398248,732.8417139891118,488.9939198079999,27.78919241328546,,
0-94,SENSOR_DATA_LOGGING,355.76744313711146,0.1,10000,CloudNode,6,1.0,12000.0,181.19475255554264,833.2871635376987,652.092410982156,509.33876747003944,14.823643464046311,,
6-60,GPS_TRACKING,949.3933426621749,0.2,200,CloudNode,0,0.08333333333333333,12000.0,157.32032106364593,833.7002228459846,676.3799017823387,471.0767086549205,39.55805594425728,,
3-75,HEALTH_MONITORING,267.44066328691224,1.0,100,CloudNode,0,0.0,12000.0,139.6779283385929,835.6052812738388,695.927352935246,515.6050334479684,11.14336097028801,,
2-79,E_COMMERCE_TRANSACTION,602.5816878743278,0.5,300,CloudNode,2,1.0,12000.0,176.53215750199462,837.0315129347462,660.4993554327516,497.60394911738706,25.107570328096994,,
2-8,GPS_TRACKING,941.9308392142699,0.2,200,FogNode_3,0,0.0,1899.4436001125757,15.785041565820315,837.9989832302401,822.2139416644198,302.6535646867811,44.72088655379472,,
4-27,SMART_HOME_CONTROL,378.5508294540159,0.1,150,FogNode_7,1,1.0,1727.0272900361456,62.368528114139984,840.5947226369007,778.2261945227607,546.0149577109759,25.945525614018386,,
4-93,SMART_HOME_CONTROL,801.4683470115574,0.1,150,CloudNode,14,1.0,12000.0,187.96397362819323,844.1063011597558,656.1423275315626,488.9288889990012,33.39451445881489,,
7-27,SENSOR_DATA_LOGGING,507.4645044034154,0.1,10000,FogNode_7,0,1.0,1727.0272900361456,59.80007752649893,845.2217417186652,785.4216641921662,476.6292019588361,34.78115030468673,,
7-28,HEALTH_MONITORING,99.6448056647821,1.0,100,FogNode_6,2,1.0,816.2509881302752,64.30053639219554,845.7252766723691,781.4247402801735,570.9713669064389,13.42666748109429,,
1-29,SENSOR_DATA_LOGGING,604.3012297945061,0.1,10000,FogNode_7,0,0.5,1727.0272900361456,47.708139857050284,845.9660698670721,798.2579300100218,425.970186923741,41.418250380879826,,
9-94,E_COMMERCE_TRANSACTION,459.71028158881995,0.5,300,CloudNode,0,0.0,12000.0,151.5548795814783,846.4358506851896,694.8809711037113,512.364234572269,19.154595066200834,,
4-94,SENSOR_DATA_LOGGING,164.55948475134386,0.1,10000,CloudNode,15,1.0,12000.0,188.56977901062652,846.7409828014698,658.1712037908433,533.1044793017209,6.856645197972661,,
5-107,GPS_TRACKING,121.53453760743906,0.2,200,CloudNode,12,1.0,12000.0,185.46345603998262,847.1593910686994,661.6959350287168,532.6199309986132,5.063939066976627,,
8-78,E_COMMERCE_TRANSACTION,297.8170365164476,0.5,300,CloudNode,0,0.0,12000.0,148.32859852852664,848.1826360130623,699.8540374845356,523.9014882119795,12.409043188185318,,
1-108,SMART_HOME_CONTROL,457.19508401460104,0.1,150,CloudNode,19,1.0,12000.0,191.16524847429466,849.8864595110533,658.7212110367586,514.4216679241907,19.049795167275043,,
4-70,HEALTH_MONITORING,664.8305425999116,1.0,100,CloudNode,0,0.0,12000.0,139.1993816577895,850.2683660245846,711.0689843667951,504.7232780673619,27.70127260832965,,
8-86,GPS_TRACKING,743.5435907969381,0.2,200,CloudNode,16,1.0,12000.0,189.52824707034728,850.3969674608725,660.8687203905251,498.95937402843316,30.98098294987242,,
4-84,SMART_HOME_CONTROL,970.4800227929707,0.1,150,CloudNode,0,0.8333333333333334,12000.0,174.07032041341685,850.6661478204106,676.5958274069937,481.7612439537055,40.436667616373775,,
0-93,GPS_TRACKING,835.4330761166249,0.2,200,CloudNode,2,1.0,12000.0,176.8159903195099,854.6293222645589,677.8133319450491,495.96665801200464,34.80971150485937,,
5-105,SENSOR_DATA_LOGGING,789.2245565836864,0.1,10000,CloudNode,5,1.0,12000.0,179.6885906427263,856.7877212987153,677.099130655989,501.1151841141917,32.88435652432027,,
3-84,E_COMMERCE_TRANSACTION,169.3471200539709,0.5,300,CloudNode,0,0.3333333333333333,12000.0,164.69041004495273,861.271651073197,696.5812410282442,539.4635573371661,7.056130002248787,,
1-18,E_COMMERCE_TRANSACTION,358.9587324194038,0.5,300,FogNode_6,0,0.0,816.2509881302752,22.171559237105907,862.7057543297426,840.5341950926367,346.03165632002845,48.36799577736399,,
2-61,HEALTH_MONITORING,157.054520806657,1.0,100,CloudNode,0,0.0,12000.0,134.53932061563034,862.9743362449414,728.435015629311,540.4752854758119,6.543938366944041,,
2-55,HEALTH_MONITORING,107.38861269082079,1.0,100,CloudNode,0,0.0,12000.0,125.50318410918084,863.5783733221274,738.0751892129465,541.5110353132142,4.474525528784199,,
9-100,HEALTH_MONITORING,238.68009551730606,1.0,100,CloudNode,0,0.3333333333333333,12000.0,164.84538404964917,863.9963091195314,699.1509250698822,539.3687828127657,9.945003979887751,,
1-86,HEALTH_MONITORING,204.09592165096217,1.0,100,CloudNode,0,0.0,12000.0,153.02223325924663,867.404960931786,714.3827276725394,538.567104811092,8.503996735456758,,
5-74,HEALTH_MONITORING,235.76119952157146,1.0,100,CloudNode,0,0.0,12000.0,122.97077216700612,867.82940263986,744.8586304728539,540.422311741565,9.82338331339881,,
0-10,HEALTH_MONITORING,75.19513311217544,1.0,100,FogNode_2,0,0.3333333333333333,681.967788340379,26.103579523256265,870.2621865736968,844.1586070504405,644.1136144473792,9.229753253415911,,
7-85,SMART_HOME_CONTROL,745.239270729486,0.1,150,CloudNode,6,1.0,12000.0,179.76251809953203,870.3649313183979,690.6024132188659,511.7184404761273,31.05163628039525,,
9-74,HEALTH_MONITORING,960.3843936905571,1.0,100,CloudNode,0,0.0,12000.0,116.74361349822554,870.4558788126506,753.712265314425,500.89173978682226,40.01601640377321,,
7-88,SENSOR_DATA_LOGGING,944.1400791170234,0.1,10000,CloudNode,9,1.0,12000.0,183.8519350380843,870.6775918663292,686.8256568282449,501.9520893316781,39.33916996320931,,
0-96,E_COMMERCE_TRANSACTION,95.87616785718696,0.5,300,CloudNode,12,1.0,12000.0,185.94730146399746,870.964016899707,685.0167154357096,545.8949866434424,3.9948403273827897,,
6-13,SENSOR_DATA_LOGGING,601.3725094675787,0.1,10000,FogNode_4,0,0.25,1758.3565909566523,32.0713910988186,872.5560378128289,840.4846467140103,476.0009173544746,50.09649479237234,,
1-90,HEALTH_MONITORING,161.19424867776115,1.0,100,CloudNode,0,0.16666666666666666,12000.0,159.3780766610351,874.704505129677,715.326428468642,545.518561555231,6.716427028240048,,
7-84,E_COMMERCE_TRANSACTION,527.5122594728231,0.5,300,CloudNode,5,1.0,12000.0,179.34485313585287,877.6595778020533,698.3147246662004,532.0601046047399,21.979677478034297,,
1-33,SMART_HOME_CONTROL,849.6685517825622,0.1,150,FogNode_7,0,0.875,1727.0272900361456,54.35745071333542,877.778620538038,823.4211698247026,317.21724762360327,58.23550091145233,,
7-61,HEALTH_MONITORING,971.0890161741318,1.0,100,CloudNode,0,0.0,12000.0,129.88441973707168,879.1925605232993,749.3081407862277,506.97981059415747,40.46204234058882,,
8-66,HEALTH_MONITORING,868.4177349324855,1.0,100,CloudNode,0,0.0,12000.0,135.68446767292494,880.1676688832841,744.4832012103592,512.8794990420649,36.184072288853564,,
5-97,HEALTH_MONITORING,573.4493860972156,1.0,100,CloudNode,0,0.2916666666666667,12000.0,162.9405543279686,881.0746123791333,718.1340580511647,532.0629625746307,23.893724420717312,,
9-107,HEALTH_MONITORING,143.6995828600825,1.0,100,CloudNode,0,0.9583333333333334,12000.0,174.61405767220518,882.3398965567382,707.725838884533,544.8091229425227,5.987482619170104,,
2-85,GPS_TRACKING,808.3836364815082,0.2,200,CloudNode,19,1.0,12000.0,191.3520312919609,882.8847949011938,691.5327636092329,517.134828321093,33.68265152006284,,
2-67,HEALTH_MONITORING,73.78075376991464,1.0,100,CloudNode,0,0.0,12000.0,149.32070644241003,883.8079739495462,734.4872675071362,546.4545724092322,3.074198073746443,,
2-19,GPS_TRACKING,403.7453581743896,0.2,200,FogNode_9,0,0.625,1349.236560939329,50.831657809121644,884.0372257337067,833.205567924585,511.6303566810642,40.60856179757731,,
9-8,HEALTH_MONITORING,249.14510305373295,1.0,100,FogNode_2,0,0.0,681.967788340379,13.064597684228227,885.9388319965215,872.8742343122932,416.4218120712842,30.58107260814857,,
6-71,E_COMMERCE_TRANSACTION,835.7071923406141,0.5,300,CloudNode,7,1.0,12000.0,181.34522289851824,885.9950465373972,704.649823638879,517.8321332656559,34.821133014192256,,
1-41,SMART_HOME_CONTROL,239.3461817672928,0.1,150,FogNode_5,0,0.3333333333333333,782.8923712617282,78.6776575205989,886.6372027318107,807.9595452112118,486.95169823324255,35.576363098368674,,
5-73,HEALTH_MONITORING,764.791835563677,1.0,100,CloudNode,0,0.0,12000.0,121.65052820931314,886.8094392572647,765.1589110479515,523.9062567479399,31.866326481819875,,
8-56,HEALTH_MONITORING,840.307155498224,1.0,100,CloudNode,0,0.0,12000.0,120.83550681958566,890.1243321766715,769.2888253570858,521.1328424020344,35.012798145759334,,
0-70,HEALTH_MONITORING,321.6798058409018,1.0,100,CloudNode,0,0.0,12000.0,138.46735343801635,890.8029596062731,752.3356061682568,542.2101361599389,13.403325243370908,,
1-14,SENSOR_DATA_LOGGING,877.3565330808327,0.1,10000,FogNode_3,0,0.0,1899.4436001125757,18.79388828724394,891.8665341504785,873.0726458632346,388.71923488864934,41.655034902422535,,
1-84,HEALTH_MONITORING,158.00826791777394,1.0,100,CloudNode,0,0.0,12000.0,147.01948641986908,894.2419680389478,747.2224816190787,544.8920190981778,6.583677829907248,,
4-53,HEALTH_MONITORING,751.7260974026736,1.0,100,CloudNode,0,0.0,12000.0,116.61822288713945,895.8043498484708,779.1861269613313,533.2015395745134,31.321920725111404,,
1-75,HEALTH_MONITORING,577.1706699434718,1.0,100,CloudNode,0,0.0,12000.0,129.307512721027,898.3659218532072,769.0584091321801,540.5047764975225,24.048777914311326,,
5-46,SENSOR_DATA_LOGGING,69.14078385960411,0.1,10000,FogNode_5,0,0.3333333333333333,782.8923712617282,83.74928877534691,898.6529436683352,814.9036548929882,709.2273379250146,10.277070698736496,,
4-82,E_COMMERCE_TRANSACTION,675.1346344695784,0.5,300,CloudNode,0,0.5416666666666666,12000.0,170.22790463251948,902.6970702243211,732.4691655918016,540.9589413096508,28.130609769565766,,
3-82,HEALTH_MONITORING,383.6722115753319,1.0,100,CloudNode,0,0.2916666666666667,12000.0,164.31789476958696,902.9367011976512,738.6188064280643,543.2123378188958,15.986342148972161,,
4-46,VOICE_ASSISTANT,427.1973566143857,2.0,150,CloudNode,0,0.0,12000.0,104.78507331271982,906.2773715841946,801.4922982714747,543.6599621670989,17.799889858932737,,
6-21,GPS_TRACKING,574.9790865689957,0.2,200,FogNode_7,0,0.5,1727.0272900361456,47.65749219229872,907.9547462667416,860.2972540744429,499.7103937002465,39.4085376582511,,
3-99,E_COMMERCE_TRANSACTION,358.0675459910215,0.5,300,CloudNode,21,1.0,12000.0,193.40166864830428,912.7237570671123,719.322088418808,543.8168789862839,14.91948108295923,,
8-33,GPS_TRACKING,106.27407755271358,0.2,200,FogNode_8,2,1.0,770.9711269175084,72.86020913534419,915.7081975483356,842.8479884129914,674.3614327692754,10.101847147368058,,
3-88,HEALTH_MONITORING,211.11546636293076,1.0,100,CloudNode,0,0.8333333333333334,12000.0,173.41917568119166,915.9588773834514,742.5397017022598,547.1112788013415,8.796477765122116,,
4-80,HEALTH_MONITORING,584.116763895226,1.0,100,CloudNode,0,0.4166666666666667,12000.0,167.46320940862222,916.5057996311288,749.0425902225065,542.2821440197455,24.338198495634416,,
4-8,SENSOR_DATA_LOGGING,647.3742641262161,0.1,10000,FogNode_1,0,0.8,1597.9384595498836,21.114160357114567,917.5629346669106,896.448774309796,473.01209849128884,53.47802617923394,,
0-95,E_COMMERCE_TRANSACTION,994.2818043580735,0.5,300,CloudNode,11,1.0,12000.0,184.86642458675124,918.4620983036783,733.5956737169271,533.803958171145,41.42840851491973,,
3-89,HEALTH_MONITORING,663.9922243394773,1.0,100,CloudNode,0,0.875,12000.0,174.2635271269945,918.9110586837505,744.647531556756,542.9786757411358,27.666342680811553,,
8-7,GPS_TRACKING,893.0685139398446,0.2,200,FogNode_3,0,0.0,1899.4436001125757,11.60449840552694,920.7317288179329,909.127230412406,408.363121012099,42.40100656433075,,
3-85,HEALTH_MONITORING,841.5363165262766,1.0,100,CloudNode,0,0.4166666666666667,12000.0,167.45649983553133,920.7941741976003,753.337674362069,538.1501749153891,35.064013188594856,,
9-97,HEALTH_MONITORING,906.712381210294,1.0,100,CloudNode,0,0.125,12000.0,158.21812854899005,922.3003479023276,764.0822193533376,541.0478597644042,37.779682550428916,,
6-61,HEALTH_MONITORING,599.2694874992769,1.0,100,CloudNode,0,0.125,12000.0,159.0918342439343,924.6436290879501,765.5517948440158,546.1408718574377,24.969561979136536,,
3-86,HEALTH_MONITORING,365.8430738753245,1.0,100,CloudNode,0,0.5416666666666666,12000.0,170.46397770957486,924.7288908618915,754.2649131523167,550.3468715861814,15.243461411471852,,
1-88,HEALTH_MONITORING,844.1635251201835,1.0,100,CloudNode,0,0.0,12000.0,156.27080040713702,927.1346817253973,770.8638813182603,543.3898108266204,35.17348021334098,,
0-62,VOICE_ASSISTANT,299.3909228066685,2.0,150,CloudNode,0,0.0,12000.0,121.18528262825299,927.8859447648737,806.7006621366206,549.1574399671622,12.474621783611187,,
5-98,HEALTH_MONITORING,342.7572379052913,1.0,100,CloudNode,0,0.4166666666666667,12000.0,166.21535118204338,931.2601733830954,765.044822201052,551.0073782318045,14.281551579387138,,
5-99,HEALTH_MONITORING,615.4631776522968,1.0,100,CloudNode,0,0.4166666666666667,12000.0,166.8879342997318,935.0965720872376,768.2086377875058,544.3347732531341,25.6442990688457,,
5-94,HEALTH_MONITORING,584.868665551646,1.0,100,CloudNode,0,0.125,12000.0,158.9555111296507,939.5420150689104,780.5865039392597,548.0724274414796,24.369527731318584,,
3-6,GPS_TRACKING,911.3941934734395,0.2,200,FogNode_1,0,0.0,1597.9384595498836,4.827045063162315,943.7828570959318,938.9558120327695,337.68052279849644,75.28807559868001,,
2-84,E_COMMERCE_TRANSACTION,888.5347638780936,0.5,300,CloudNode,14,1.0,12000.0,188.03587865633065,944.5004424691583,756.4645638128277,544.2437449593701,37.0222818282539,,
0-78,HEALTH_MONITORING,963.903621743604,1.0,100,CloudNode,0,0.0,12000.0,154.54767589046784,947.7302627437531,793.1825868532852,543.6715146875006,40.162650905983504,,
6-67,HEALTH_MONITORING,797.9485749720143,1.0,100,CloudNode,0,0.6666666666666666,12000.0,171.57415269675204,948.8356111377393,777.2614584409873,544.1422019954309,33.2478572905006,,
0-25,SENSOR_DATA_LOGGING,277.20483507951167,0.1,10000,FogNode_0,2,1.0,1189.2931772946604,49.156046289004365,950.124079885268,900.9680335962636,650.3201697963398,17.650792277758175,,
5-91,VOICE_ASSISTANT,127.08290752377125,2.0,150,CloudNode,0,0.0,12000.0,152.6679292324421,950.132257362558,797.4643281301159,536.9887434039906,5.295121146823802,,
1-83,VOICE_ASSISTANT,310.63372218253227,2.0,150,CloudNode,0,0.0,12000.0,144.4090420104374,950.6150343771026,806.2059923666652,536.7017527197518,12.943071757605512,,
4-90,HEALTH_MONITORING,774.8951292743965,1.0,100,CloudNode,11,1.0,12000.0,184.67724499496128,951.3840333634644,766.7067883685031,545.2342588683432,32.28729705309985,,
6-11,GPS_TRACKING,877.4597861435776,0.2,200,FogNode_4,0,0.25,1758.3565909566523,26.230520179136942,951.3965863622184,925.1660661830814,398.0998542863463,73.09555876768547,,
1-97,HEALTH_MONITORING,678.6243905423249,1.0,100,CloudNode,0,0.9166666666666666,12000.0,174.34388139173353,952.3563823936645,778.012501001931,549.5310129616955,28.276016272596873,,
5-77,VOICE_ASSISTANT,443.1622987642884,2.0,150,CloudNode,0,0.0,12000.0,124.04255135588063,953.4359911948195,829.3934398389389,553.1336500512929,18.46509578184535,,
4-5,E_COMMERCE_TRANSACTION,386.6826083305072,0.5,300,FogNode_0,0,0.0,1189.2931772946604,14.052009695846152,954.1426506213734,940.0906409255272,567.2072586392533,24.621700393883078,,
2-77,HEALTH_MONITORING,904.6836576661966,1.0,100,CloudNode,0,0.8333333333333334,12000.0,173.50531097156394,955.5579736888005,782.0526627172366,546.8334806652067,37.69515240275819,,
1-96,VOICE_ASSISTANT,267.9567590484902,2.0,150,CloudNode,0,0.8333333333333334,12000.0,173.91101492914126,957.4263020079452,783.5152870788039,534.7384909593179,11.164864960353759,,
1-92,VOICE_ASSISTANT,156.5934656674609,2.0,150,CloudNode,0,0.25,12000.0,162.28249660554923,957.5498979414467,795.2674013358975,541.7884151293276,6.524727736144204,,
0-45,VOICE_ASSISTANT,823.3947616584121,2.0,150,CloudNode,0,0.0,12000.0,104.11137969655118,958.7405623148725,854.6291826183212,547.8201861557854,34.3081150691005,,
3-57,VOICE_ASSISTANT,955.0511469559268,2.0,150,CloudNode,0,0.0,12000.0,94.58476239949688,958.78015610296,864.1953937034631,546.8483256687146,39.793797789830286,,
8-60,VOICE_ASSISTANT,337.30545110833276,2.0,150,CloudNode,0,0.0,12000.0,129.3642479435975,959.3689609754565,830.004713031859,535.5937000191211,14.05439379618053,,
6-65,VOICE_ASSISTANT,110.6609658492392,2.0,150,CloudNode,0,0.4166666666666667,12000.0,167.75930556898155,962.6577383489227,794.8984327799412,531.3084058105015,4.610873577051634,,
9-79,VOICE_ASSISTANT,486.26841794012444,2.0,150,CloudNode,0,0.0,12000.0,128.4663311500925,962.8227160640047,834.3563849139122,539.3726116215283,20.261184080838518,,
3-79,VOICE_ASSISTANT,440.3005886366156,2.0,150,CloudNode,0,0.0,12000.0,146.13093396334804,963.8263974451153,817.6954634817672,535.4477430735562,18.34585785985898,,
6-70,HEALTH_MONITORING,552.8076099368186,1.0,100,CloudNode,6,1.0,12000.0,179.92634159766337,964.5293991317466,784.6030575340832,546.5289587909404,23.03365041403411,,
6-3,GPS_TRACKING,787.6605414894581,0.2,200,FogNode_3,0,0.0,1899.4436001125757,15.669826711294576,966.7681802652601,951.0983535539655,506.43374399524157,37.39645869141953,,
6-69,HEALTH_MONITORING,976.9867916996071,1.0,100,CloudNode,3,1.0,12000.0,177.26725839535203,967.4106125123644,790.1433541170124,545.5794917338977,40.707782987483625,,
7-1,HEALTH_MONITORING,363.26179248837076,1.0,100,FogNode_2,0,0.0,681.967788340379,7.2859693183689584,969.6688530307252,962.3828837123563,341.93457023526594,44.588214320460516,,
3-347,GPS_TRACKING,117.48890050040065,0.2,200,CloudNode,164,1.0,12000.0,651.9336236176958,973.617139153482,321.6835155357861,215.39845053635372,4.89537085418336,,
1-105,HEALTH_MONITORING,664.2542652573277,1.0,100,CloudNode,14,1.0,12000.0,188.24880814748488,974.2655807885278,786.016772641043,545.4950406749293,27.677261052388655,,
5-358,SMART_HOME_CONTROL,187.62848510175124,0.1,150,CloudNode,152,1.0,12000.0,664.8925938330865,975.0046680672691,310.1120742341826,220.73267333728472,7.817853545906303,,
8-63,VOICE_ASSISTANT,831.137581919245,2.0,150,CloudNode,0,0.0,12000.0,130.60806112460796,975.5388367441317,844.9307756195237,551.1349884604231,34.630732579968544,,
0-83,VOICE_ASSISTANT,322.3910163957188,2.0,150,CloudNode,0,0.125,12000.0,158.93926305233214,976.9981753955345,818.0589123432023,545.8620795955433,13.432959016488283,,
6-28,HEALTH_MONITORING,139.11112935370664,1.0,100,FogNode_8,2,1.0,770.9711269175084,70.95751209568928,977.7004414501488,906.7429293544595,636.7938902618041,13.223162200884316,,
2-78,VOICE_ASSISTANT,326.5988522092923,2.0,150,CloudNode,0,0.9583333333333334,12000.0,175.01791480523474,977.8316053945437,802.8136905893089,536.8849496796361,13.608285508720513,,
5-5,HEALTH_MONITORING,341.61197424280056,1.0,100,FogNode_2,0,0.0,681.967788340379,9.550479181461759,981.477982030145,971.9275028486832,383.74391211600164,41.930828501489735,,
9-102,VOICE_ASSISTANT,413.3996527307164,2.0,150,CloudNode,0,0.4166666666666667,12000.0,168.49192842100828,983.2855821986324,814.7936537776241,544.7317692687429,17.224985530446517,,
4-20,SMART_HOME_CONTROL,784.9004884586402,0.1,150,FogNode_4,0,0.5,1758.3565909566523,42.26072717966898,988.3246042924904,946.0638771128215,484.4639426494052,65.38503608588822,,
0-67,VOICE_ASSISTANT,922.286615572734,2.0,150,CloudNode,0,0.0,12000.0,129.1618400584316,989.5809750315068,860.4191349730752,553.148840255122,38.42860898219725,,
0-75,VOICE_ASSISTANT,837.4121416345106,2.0,150,CloudNode,0,0.0,12000.0,146.71124150148333,990.5785193338096,843.8672778323263,545.7573836273458,34.89217256810461,,
9-13,GPS_TRACKING,991.2834148952318,0.2,200,FogNode_3,0,0.14285714285714285,1899.4436001125757,21.219242723761482,993.0603992957122,971.8411565719507,428.17587347387143,47.06404259697827,,
8-6,HEALTH_MONITORING,342.5160084053018,1.0,100,FogNode_2,0,0.0,681.967788340379,10.568183541288237,993.8235452731412,983.255361731853,388.5866267809748,42.041793292789436,,
4-89,HEALTH_MONITORING,960.6537627275991,1.0,100,CloudNode,9,1.0,12000.0,183.8467091893337,996.0133576107513,812.1666484214177,553.0840015488227,40.02724011364996,,
1-26,SMART_HOME_CONTROL,478.45036268489366,0.1,150,FogNode_0,0,1.0,1189.2931772946604,38.739850033155065,996.2470064216116,957.5071563884565,536.717387321576,30.464937469603665,,
7-67,VOICE_ASSISTANT,839.9481375632083,2.0,150,CloudNode,0,0.0,12000.0,141.58505518312302,997.881622895141,856.296567712018,535.5494707520105,34.99783906513368,,
0-85,VOICE_ASSISTANT,895.2482650747459,2.0,150,CloudNode,0,0.20833333333333334,12000.0,161.23723940059006,999.2476511775122,838.0104117769222,540.2464056223798,37.302011044781075,,
8-83,VOICE_ASSISTANT,593.0663902709135,2.0,150,CloudNode,0,0.2916666666666667,12000.0,164.2478141702302,1000.8062325527071,836.5584183824769,537.2229970136132,24.7110995946214,,
5-354,SENSOR_DATA_LOGGING,488.66108047958534,0.1,10000,CloudNode,159,1.0,12000.0,659.922479366043,1003.5444727706368,343.6219934045938,215.53081792028843,20.360878353316057,,
8-336,SMART_HOME_CONTROL,510.2229499748632,0.1,150,CloudNode,154,1.0,12000.0,662.5447390072552,1007.0479782963185,344.50323928906334,215.5801947494217,21.259289582285966,,
9-358,SMART_HOME_CONTROL,399.2416308855242,0.1,150,CloudNode,145,1.0,12000.0,672.1017915900667,1008.2748039743961,336.17301238432947,223.74132662406623,16.63506795356351,,
4-7,GPS_TRACKING,652.8526329480806,0.2,200,FogNode_1,0,0.0,1597.9384595498836,16.40417856259275,1009.2084993356045,992.8043207730118,560.1337109989321,53.930581011129526,,
3-351,SMART_HOME_CONTROL,674.4420156211154,0.1,150,CloudNode,159,1.0,12000.0,658.5359698977966,1013.7533992432063,355.21742934540976,227.16076831648616,28.101750650879808,,
3-38,SMART_HOME_CONTROL,531.5984508363779,0.1,150,FogNode_7,0,0.875,1727.0272900361456,56.757025885351474,1015.2243054696489,958.4672795842974,631.4962875241132,36.43526879188408,,
8-342,GPS_TRACKING,506.65837860555837,0.2,200,CloudNode,144,1.0,12000.0,675.9568905244433,1015.8386707039451,339.8817801795018,222.7744348740755,21.1107657752316,,
7-351,SMART_HOME_CONTROL,474.6420608062439,0.1,150,CloudNode,147,1.0,12000.0,669.3577533220695,1016.5516804627215,347.193927140652,224.81264324655172,19.776752533593495,,
1-375,SENSOR_DATA_LOGGING,694.747594433257,0.1,10000,CloudNode,157,1.0,12000.0,661.6219615036968,1016.6361951843105,355.01423368061376,227.28989811545011,28.94781643471904,,
7-66,VOICE_ASSISTANT,849.2207128233459,2.0,150,CloudNode,0,0.0,12000.0,140.68884971459144,1018.4986554790319,877.8098057644404,543.9786995963993,35.38419636763941,,
0-333,SENSOR_DATA_LOGGING,124.9483581700996,0.1,10000,CloudNode,139,1.0,12000.0,686.0094826589068,1018.6871671552378,332.67768449633104,251.33465358309138,5.206181590420816,,
4-81,VOICE_ASSISTANT,753.7661881530091,2.0,150,CloudNode,0,0.5416666666666666,12000.0,170.03403245656435,1020.240151020696,850.2061185641317,522.2216440095095,31.406924506375383,,
2-75,VOICE_ASSISTANT,795.9022543436487,2.0,150,CloudNode,0,0.5,12000.0,169.52902869407345,1021.8831615507712,852.3541328566978,528.9745689708174,33.16259393098536,,
5-357,SENSOR_DATA_LOGGING,595.7648133785239,0.1,10000,CloudNode,152,1.0,12000.0,663.2698401331041,1025.1859045256754,361.91606439257123,223.46741077650233,24.823533890771827,,
7-80,VOICE_ASSISTANT,880.2229028995806,2.0,150,CloudNode,0,0.8333333333333334,12000.0,173.8395777852874,1025.7082909686296,851.8687131833423,531.8008469440119,36.675954287482526,,
5-353,SENSOR_DATA_LOGGING,818.9282910028985,0.1,10000,CloudNode,159,1.0,12000.0,659.7292697508376,1027.0241803532015,367.29491060236387,224.32848555015414,34.12201212512077,,
4-341,GPS_TRACKING,350.2244721807458,0.2,200,CloudNode,144,1.0,12000.0,677.2907008318158,1027.0669955768699,349.7762947450541,242.27890761959486,14.59268634086441,,
1-21,SENSOR_DATA_LOGGING,932.1096067104961,0.1,10000,FogNode_3,0,0.7142857142857143,1899.4436001125757,28.986666626909425,1027.2353072390654,998.2486406121559,492.6556570223202,44.25459518044284,,
6-305,GPS_TRACKING,603.8492971862374,0.2,200,CloudNode,163,1.0,12000.0,654.9046975223125,1028.1523801600633,373.2476826377508,224.87745175615373,25.160387382759893,,
7-343,SENSOR_DATA_LOGGING,374.69773620916584,0.1,10000,CloudNode,159,1.0,12000.0,659.6354034436508,1030.472462528276,370.83705908462525,243.18343296444357,15.61240567538191,,
9-352,GPS_TRACKING,164.69018658885267,0.2,200,CloudNode,151,1.0,12000.0,665.9199258273467,1032.4113493709756,366.4914235436289,260.361506183334,6.862091107868861,,
2-25,SENSOR_DATA_LOGGING,415.0367860720412,0.1,10000,FogNode_7,3,1.0,1727.0272900361456,64.32127927526066,1032.4248869278977,968.103607652637,713.5106150827562,28.446239516429564,,
5-361,SMART_HOME_CONTROL,802.9070845195455,0.1,150,CloudNode,147,1.0,12000.0,669.2439858946547,1034.3195362223266,365.075550327672,217.1827761455927,33.45446185498106,,
0-330,SENSOR_DATA_LOGGING,545.399788684914,0.1,10000,CloudNode,143,1.0,12000.0,681.4756493031355,1035.0309574219164,353.5553081187809,235.12633112847539,22.72499119520475,,
5-352,SENSOR_DATA_LOGGING,658.4789523514708,0.1,10000,CloudNode,161,1.0,12000.0,656.143787311127,1038.1588282279215,382.01504091679453,229.95756960250765,27.436623014644617,,
5-359,GPS_TRACKING,421.2124446726861,0.2,200,CloudNode,151,1.0,12000.0,665.3018589216737,1038.645509826694,373.34365090502035,247.33709405482136,17.550518528028586,,
4-347,SMART_HOME_CONTROL,164.63968156119012,0.1,150,CloudNode,139,1.0,12000.0,688.2449965841843,1039.4282644320622,351.1832678478779,265.1459079156051,6.859986731716255,,
3-358,SENSOR_DATA_LOGGING,926.3686285076226,0.1,10000,CloudNode,145,1.0,12000.0,670.4335708579496,1039.8551240578913,369.42155319994174,217.51449525849353,38.59869285448427,,
3-35,SMART_HOME_CONTROL,523.5717374260355,0.1,150,FogNode_9,0,0.625,1349.236560939329,52.34808535481951,1042.2969813011641,989.9488959463446,579.7652443425671,52.660655594575566,,
9-348,E_COMMERCE_TRANSACTION,52.476801330810154,0.5,300,CloudNode,160,1.0,12000.0,657.3145766336879,1043.0185766042616,385.7039999705737,274.5265081314212,2.1865333887837566,,
8-335,GPS_TRACKING,874.1869085597986,0.2,200,CloudNode,155,1.0,12000.0,662.4374434621951,1047.1144898351777,384.67704637298255,223.16208336150896,36.42445452332494,,
2-336,SENSOR_DATA_LOGGING,366.89672159139496,0.1,10000,CloudNode,145,1.0,12000.0,673.6485151292829,1047.2109219835934,373.56240685431044,258.51197198473085,15.287363399641457,,
1-383,SENSOR_DATA_LOGGING,324.3579983019599,0.1,10000,CloudNode,145,1.0,12000.0,670.3192708376673,1047.269984212526,376.95071337485865,260.64303597215417,13.514916595914997,,
3-350,GPS_TRACKING,243.42358933292275,0.2,200,CloudNode,159,1.0,12000.0,658.3945027553626,1047.3094794642784,388.9149767089158,265.8827848327712,10.142649555538448,,
0-325,GPS_TRACKING,150.8406591676546,0.2,200,CloudNode,144,1.0,12000.0,675.9365272120149,1047.6010123525543,371.66448514053945,271.3091236007126,6.285027465318942,,
6-5,HEALTH_MONITORING,262.15316348553756,1.0,100,FogNode_2,0,0.0,681.967788340379,19.940507719343515,1052.14156713113,1032.2010594117864,556.6345551678121,32.17773429517522,,
1-376,SMART_HOME_CONTROL,259.29540457039127,0.1,150,CloudNode,157,1.0,12000.0,661.6746817353387,1054.0192997518416,392.34461801650286,269.25706382140254,10.80397519043297,,
1-381,GPS_TRACKING,127.54106555843873,0.2,200,CloudNode,148,1.0,12000.0,666.7386155115042,1057.7429119650476,391.00429645354336,280.0345664543537,5.314211064934947,,
3-22,SENSOR_DATA_LOGGING,973.2683856814959,0.1,10000,FogNode_3,0,0.8571428571428571,1899.4436001125757,30.73242537854749,1058.3147803829793,1027.5823550044317,500.6533482046275,46.20872706404293,,
1-374,SMART_HOME_CONTROL,815.7624516556953,0.1,150,CloudNode,159,1.0,12000.0,658.3192163914503,1058.5587236384508,400.2395072470006,235.24234291189998,33.99010215232064,,
0-326,SMART_HOME_CONTROL,447.35942173356324,0.1,150,CloudNode,144,1.0,12000.0,677.0683013262025,1059.1631133619014,382.09481203569896,261.8735204871472,18.639975905565137,,
3-356,GPS_TRACKING,644.7814843638699,0.2,200,CloudNode,148,1.0,12000.0,668.4783289306097,1060.7797686599745,392.3014397293648,250.62373370927128,26.865895181827916,,
9-357,GPS_TRACKING,170.1631491112413,0.2,200,CloudNode,145,1.0,12000.0,670.5809337422743,1061.781274778491,391.20034103621674,278.7017215002925,7.090131212968387,,
6-0,HEALTH_MONITORING,481.5070472466756,1.0,100,FogNode_6,0,0.0,816.2509881302752,1.6146557116281437,1062.8085011406004,1061.1938454289723,383.57905213607484,64.88080306899164,,
5-365,SENSOR_DATA_LOGGING,186.4249766574606,0.1,10000,CloudNode,144,1.0,12000.0,677.1004108960759,1062.8448941857334,385.7444832896575,279.0871427008833,7.767707360727526,,
7-350,GPS_TRACKING,745.99809956105,0.2,200,CloudNode,147,1.0,12000.0,668.8817716395056,1062.9727408494614,394.0909692099558,244.61160017607335,31.083254148377087,,
0-331,GPS_TRACKING,376.29620167522046,0.2,200,CloudNode,143,1.0,12000.0,681.5492641136159,1071.2131408641596,389.66387675054375,273.4037951073003,15.679008403134187,,
1-387,SENSOR_DATA_LOGGING,710.8072317517389,0.1,10000,CloudNode,144,1.0,12000.0,679.0191463318001,1072.987335222518,393.9681888907178,256.59857732306466,29.616967989655784,,
9-359,SMART_HOME_CONTROL,951.7609914579192,0.1,150,CloudNode,145,1.0,12000.0,672.4227326786731,1075.326773565578,402.9040408869048,240.66328014127612,39.656707977413305,,
4-343,SENSOR_DATA_LOGGING,540.7002449318312,0.1,10000,CloudNode,143,1.0,12000.0,681.3695045652242,1075.5308162725953,394.16131170737106,267.45342742577645,22.529176872159635,,
6-307,SENSOR_DATA_LOGGING,571.4935082273848,0.1,10000,CloudNode,162,1.0,12000.0,655.6187834385095,1081.9439952412754,426.3252118027659,271.0968718448336,23.81222950947437,,
5-372,SENSOR_DATA_LOGGING,685.8767279261822,0.1,10000,CloudNode,139,1.0,12000.0,690.4111930200266,1082.3422985195239,391.9311054994972,264.80698142588085,28.57819699692426,,
4-331,SMART_HOME_CONTROL,149.61181342108608,0.1,150,CloudNode,145,1.0,12000.0,670.0644367312083,1085.4549863409418,415.3905496097335,298.17006166486146,6.23382555921192,,
7-8,SMART_HOME_CONTROL,554.2624510712388,0.1,150,FogNode_1,0,1.0,1597.9384595498836,25.857365530440752,1087.6718571781278,1061.814491647687,699.7637232577098,45.78628393354716,,
3-363,GPS_TRACKING,544.0044653835821,0.2,200,CloudNode,144,1.0,12000.0,677.7119821627709,1088.3522820528935,410.6402998901226,275.97758832526654,22.66685272431592,,
3-352,SMART_HOME_CONTROL,860.7629954523929,0.1,150,CloudNode,159,1.0,12000.0,660.3843925428594,1090.2289051000646,429.84451255720523,260.28903021346355,35.86512481051638,,
1-380,GPS_TRACKING,615.7015611226727,0.2,200,CloudNode,149,1.0,12000.0,666.5079225680385,1090.7367278589516,424.2288052909131,274.71455908426026,25.654231713444698,,
1-390,SMART_HOME_CONTROL,766.9234857237312,0.1,150,CloudNode,140,1.0,12000.0,684.9002212402727,1090.9772860538476,406.0770648135749,265.613335539221,31.955145238488804,,
2-353,GPS_TRACKING,109.27415467172142,0.2,200,CloudNode,138,1.0,12000.0,693.2285081119162,1091.050174797252,397.8216666853359,306.7545666744769,4.553089777988392,,
9-351,SMART_HOME_CONTROL,923.5417759073384,0.1,150,CloudNode,152,1.0,12000.0,664.8986378759186,1093.5134951216664,428.6148572457479,258.4396814680148,38.48090732947244,,
5-360,GPS_TRACKING,805.0316706344114,0.2,200,CloudNode,148,1.0,12000.0,667.3378199568999,1095.238352712931,427.900532756031,266.46337577713155,33.54298627643381,,
8-350,SENSOR_DATA_LOGGING,54.089546435673334,0.1,10000,CloudNode,138,1.0,12000.0,694.6374961354092,1095.2441900619244,400.6066939265153,314.4342133075496,2.2537311014863888,,
7-345,SMART_HOME_CONTROL,968.9809947776819,0.1,150,CloudNode,153,1.0,12000.0,663.2493418164938,1096.5870869354187,433.3377451189249,258.58265231674477,40.37420811573674,,
3-37,GPS_TRACKING,471.91692103329535,0.2,200,FogNode_9,0,0.625,1349.236560939329,55.49512133159219,1100.019286514025,1044.5241651824329,664.7985628502391,47.465232882815066,,
3-376,SMART_HOME_CONTROL,167.84292243036435,0.1,150,CloudNode,135,1.0,12000.0,703.1143473327277,1102.339192255424,399.2248449226963,312.4156431633078,6.993455101265181,,
0-320,SENSOR_DATA_LOGGING,123.0603553662678,0.1,10000,CloudNode,152,1.0,12000.0,664.8626148625997,1105.4933823267866,440.6307674641869,317.04561031389096,5.127514806927825,,
9-360,GPS_TRACKING,741.3526251218167,0.2,200,CloudNode,144,1.0,12000.0,675.8979432283844,1109.049369639344,433.1514264109595,279.2599608595698,30.88969271340903,,
0-29,GPS_TRACKING,668.536492320354,0.2,200,FogNode_7,0,0.875,1727.0272900361456,55.39762253265716,1110.1050365211984,1054.7074139885412,645.2235908904987,45.82087618305109,,
1-2,HEALTH_MONITORING,384.7937510439155,1.0,100,FogNode_6,0,0.0,816.2509881302752,2.5335731581097756,1113.4923366033763,1110.9587634452666,548.7274232352943,51.84914265827757,,
1-389,SENSOR_DATA_LOGGING,951.378774988624,0.1,10000,CloudNode,140,1.0,12000.0,684.8075972238241,1117.4403928103068,432.63279558648264,274.1462330886668,39.640782291192664,,
8-347,GPS_TRACKING,511.9859631199589,0.2,200,CloudNode,140,1.0,12000.0,684.5662064821095,1118.1963131992586,433.63010671714915,300.6723659787116,21.332748463331622,,
6-312,GPS_TRACKING,752.8518901225791,0.2,200,CloudNode,144,1.0,12000.0,675.0553780935414,1121.2963811486657,446.2410030551242,287.84601600710914,31.368828755107465,,
3-47,HEALTH_MONITORING,159.24582133163733,1.0,100,FogNode_8,2,1.0,770.9711269175084,70.0911206027595,1122.2604480435427,1052.1693274407833,753.8119028546764,15.13705865996678,,
2-347,SMART_HOME_CONTROL,829.7808183894399,0.1,150,CloudNode,139,1.0,12000.0,690.4810026800202,1123.167701284295,432.68669860427474,284.0805369053239,34.57420076622667,,
4-338,E_COMMERCE_TRANSACTION,800.2002493981227,0.5,300,CloudNode,144,1.0,12000.0,674.6044210148715,1124.4262660815577,449.82184506668625,287.14327114138314,33.34167705825511,,
7-11,E_COMMERCE_TRANSACTION,560.6589301829599,0.5,300,FogNode_9,0,0.25,1349.236560939329,32.829208048989365,1124.528050216027,1091.6988421670376,629.3192546919615,56.39087200072361,,
0-321,GPS_TRACKING,961.8410667509855,0.2,200,CloudNode,151,1.0,12000.0,665.9367381594533,1127.364344212842,461.4276060533888,280.0487101428437,40.076711114624395,,
0-322,SENSOR_DATA_LOGGING,677.0565349074842,0.1,10000,CloudNode,145,1.0,12000.0,673.2473542386514,1127.6345187731167,454.38716453446534,296.55246857009445,28.210688954478506,,
9-33,SENSOR_DATA_LOGGING,919.1873000519088,0.1,10000,FogNode_4,0,0.75,1758.3565909566523,45.19303330211467,1127.6776925155568,1082.4846592134422,545.041143332147,76.57161088230256,,
4-334,GPS_TRACKING,798.8830812703233,0.2,200,CloudNode,145,1.0,12000.0,671.3006544268053,1129.5463309553215,458.24567652851624,288.40271955547087,33.28679505293013,,
6-330,SENSOR_DATA_LOGGING,256.93061353581584,0.1,10000,CloudNode,131,1.0,12000.0,705.3891639821884,1130.4602541006618,425.0710901184734,328.31304821335027,10.705442230658992,,
7-340,E_COMMERCE_TRANSACTION,888.8027876304611,0.5,300,CloudNode,160,1.0,12000.0,657.5734772051457,1135.8481737476961,478.2746965425505,288.85204933307807,37.03344948460255,,
1-402,GPS_TRACKING,110.78274635549258,0.2,200,CloudNode,128,1.0,12000.0,710.878865888037,1136.5962397424664,425.7173738544294,343.11528215620604,4.615947764812191,,
1-397,SENSOR_DATA_LOGGING,946.190881971771,0.1,10000,CloudNode,135,1.0,12000.0,702.7421891390943,1138.0123535262157,435.27016438712144,287.3622900163008,39.42462008215712,,
0-344,SENSOR_DATA_LOGGING,634.1836205674991,0.1,10000,CloudNode,129,1.0,12000.0,707.1659992873733,1138.3036213882333,431.13762210085997,310.1735571187479,26.424317523645797,,
7-349,GPS_TRACKING,945.7886928488988,0.2,200,CloudNode,148,1.0,12000.0,668.7159088498014,1139.5954930640494,470.879584214248,288.8388165941054,39.40786220203745,,
6-316,SENSOR_DATA_LOGGING,585.4207341647091,0.1,10000,CloudNode,143,1.0,12000.0,681.1130502696919,1144.0292512423168,462.9162009726249,315.6332514872545,24.39253059019621,,
3-355,GPS_TRACKING,981.6799553172201,0.2,200,CloudNode,152,1.0,12000.0,665.1481851448868,1144.651557128835,479.5033719839482,289.65631285527786,40.90333147155084,,
3-353,SENSOR_DATA_LOGGING,751.5499510749042,0.1,10000,CloudNode,157,1.0,12000.0,661.4254753673923,1144.9714611090992,483.5459857417069,307.1163278255167,31.314581294787676,,
1-378,SENSOR_DATA_LOGGING,267.5188247162703,0.1,10000,CloudNode,152,1.0,12000.0,663.2774931174192,1145.4609366773175,482.18344355989825,340.06999505671274,11.146617696511262,,
9-363,SENSOR_DATA_LOGGING,290.8872149056434,0.1,10000,CloudNode,143,1.0,12000.0,680.640277651418,1145.5369823908027,464.89670473938463,338.26327843372496,12.120300621068475,,
9-366,SMART_HOME_CONTROL,111.1855119277479,0.1,150,CloudNode,139,1.0,12000.0,690.4624575904569,1145.8616990697788,455.39924147932186,351.09977178682675,4.632729663656162,,
0-329,SENSOR_DATA_LOGGING,891.3616089128166,0.1,10000,CloudNode,144,1.0,12000.0,679.4399395838469,1149.6069076416459,470.16696805779895,300.5038754094569,37.140067038034026,,
1-28,HEALTH_MONITORING,185.46872440371408,1.0,100,FogNode_2,0,0.8333333333333334,681.967788340379,39.970607451206796,1157.8999532909252,1117.9293458397183,755.843726980384,22.765177633483074,,
2-348,SENSOR_DATA_LOGGING,745.3402517757295,0.1,10000,CloudNode,138,1.0,12000.0,691.6985381667805,1158.6987745833962,467.00023641661573,316.73752246669267,31.055843823988727,,
7-34,SMART_HOME_CONTROL,213.9962822493521,0.1,150,FogNode_5,0,0.3333333333333333,782.8923712617282,79.61216774537178,1159.9778177444089,1080.365649999037,785.1817277033467,31.808359685495095,,
9-371,SMART_HOME_CONTROL,700.4950121139627,0.1,150,CloudNode,138,1.0,12000.0,695.4487538522775,1160.7137765982543,465.2650227459768,321.8882162556165,29.187292171415116,,
4-342,SENSOR_DATA_LOGGING,200.48303117164454,0.1,10000,CloudNode,144,1.0,12000.0,679.132831107402,1160.7361705066205,481.6033393992185,357.7784475611803,8.353459632151855,,
7-356,SMART_HOME_CONTROL,277.87858188431244,0.1,150,CloudNode,144,1.0,12000.0,677.4617602601157,1161.4601698785928,483.998409618477,352.3666081458766,11.578274245179685,,
5-368,SENSOR_DATA_LOGGING,817.820144191039,0.1,10000,CloudNode,139,1.0,12000.0,685.8136383340488,1161.665173804253,475.8515354702042,315.56108260243354,34.075839341293296,,
7-369,SMART_HOME_CONTROL,59.21590308875666,0.1,150,CloudNode,135,1.0,12000.0,702.5476721163035,1165.648435188984,463.1007630726805,370.2402461547855,2.467329295364861,,
5-362,GPS_TRACKING,579.0228912672848,0.2,200,CloudNode,145,1.0,12000.0,671.2348244596305,1165.692300415914,494.45747595628336,336.09053414067796,24.12595380280353,,
4-337,E_COMMERCE_TRANSACTION,895.7450131922767,0.5,300,CloudNode,145,1.0,12000.0,672.9918375255584,1165.695592563275,492.70375503771675,314.0988264573748,37.32270888301153,,
2-359,SENSOR_DATA_LOGGING,904.0068033819188,0.1,10000,CloudNode,136,1.0,12000.0,702.2142944763588,1166.3111863356742,464.0968918593154,314.50145320155445,37.66695014091328,,
2-334,SENSOR_DATA_LOGGING,738.9620646661227,0.1,10000,CloudNode,145,1.0,12000.0,671.7985726501712,1167.0735543822968,495.27498173212564,324.8438100247206,30.790086027755116,,
4-329,GPS_TRACKING,345.78755462301734,0.2,200,CloudNode,152,1.0,12000.0,663.8623648721209,1168.4111226159675,504.54875774384664,353.6346696762382,14.407814775959055,,
7-364,SENSOR_DATA_LOGGING,964.1890511640852,0.1,10000,CloudNode,138,1.0,12000.0,692.0962321771011,1170.5779926970717,478.48176051997063,314.13679664575966,40.17454379850355,,
3-374,GPS_TRACKING,53.939682920818115,0.2,200,CloudNode,136,1.0,12000.0,698.8018458327302,1170.806159912409,472.0043140796787,372.8237054928362,2.2474867883674214,,
8-357,SMART_HOME_CONTROL,396.43726219365413,0.1,150,CloudNode,129,1.0,12000.0,706.8710393245983,1171.0487920423536,464.1777527177553,352.3957954330949,16.51821925806892,,
4-340,E_COMMERCE_TRANSACTION,310.02283953996556,0.5,300,CloudNode,144,1.0,12000.0,676.5907964464036,1171.296173305648,494.7053768592443,357.32157165286947,12.917618314165232,,
8-349,SENSOR_DATA_LOGGING,319.78761144246675,0.1,10000,CloudNode,140,1.0,12000.0,684.8061373829836,1171.6204287293049,486.8142913463213,356.9217874413415,13.324483810102782,,
5-378,GPS_TRACKING,171.40944383459194,0.2,200,CloudNode,128,1.0,12000.0,712.117851148382,1175.02029082617,462.9024396777879,369.98043796789193,7.1420601597746645,,
0-337,SENSOR_DATA_LOGGING,545.8074969629928,0.1,10000,CloudNode,139,1.0,12000.0,691.0272781822267,1175.0302890355708,484.0030108533441,344.85540179312966,22.7419790401247,,
9-55,GPS_TRACKING,218.81360818154823,0.2,200,FogNode_5,0,0.3333333333333333,782.8923712617282,73.29544775702138,1178.1468003128991,1104.8513525558778,796.4099003595553,32.52440593808844,,
0-336,SMART_HOME_CONTROL,616.8902831587532,0.1,150,CloudNode,139,1.0,12000.0,689.1323668741368,1179.0420423696794,489.9096754955426,343.37730892478316,25.70376179828138,,
0-38,HEALTH_MONITORING,156.54319664727814,1.0,100,FogNode_8,2,1.0,770.9711269175084,75.5211665158759,1180.7472108838733,1105.2260443679975,814.0431280387652,14.880161568156609,,
2-350,GPS_TRACKING,204.697938479936,0.2,200,CloudNode,138,1.0,12000.0,692.7006376186514,1184.1317159222915,491.4310783036401,373.3186933179968,8.529080769997332,,
2-349,GPS_TRACKING,307.6723219000813,0.2,200,CloudNode,138,1.0,12000.0,692.4146552776266,1184.3381347417364,491.92347946410985,368.526487001831,12.819680079170052,,
1-394,GPS_TRACKING,793.928122099153,0.2,200,CloudNode,136,1.0,12000.0,697.1887569006785,1184.3569900408547,487.1682331401762,335.54092903175035,33.08033842079804,,
5-38,E_COMMERCE_TRANSACTION,495.83419783446624,0.5,300,FogNode_9,2,1.0,1349.236560939329,62.273689880056956,1187.517714120163,1125.244024240106,710.6975235307573,49.87082391524646,,
6-334,GPS_TRACKING,525.9861540260874,0.2,200,CloudNode,128,1.0,12000.0,714.1571739532012,1193.4390871438197,479.2819131906185,359.5844717864194,21.91608975108698,,
6-335,SENSOR_DATA_LOGGING,437.48458559257915,0.1,10000,CloudNode,126,1.0,12000.0,718.0530649695397,1197.9172186779742,479.8641537084345,370.46844859699263,18.228524399690798,,
3-28,SENSOR_DATA_LOGGING,572.7910295796938,0.1,10000,FogNode_4,0,0.5,1758.3565909566523,40.01659429452843,1198.3096605567007,1158.2930662621723,812.1045472121717,47.71555463328629,,
7-365,SENSOR_DATA_LOGGING,180.19918192475674,0.1,10000,CloudNode,138,1.0,12000.0,692.458924347851,1199.3547332354663,506.8958088876152,388.0004627533549,7.508299246864864,,
5-36,SMART_HOME_CONTROL,620.9845774787536,0.1,150,FogNode_7,1,1.0,1727.0272900361456,61.175268063292464,1200.163202568539,1138.9879345052466,761.7526593862581,42.56171168380058,,
8-355,SMART_HOME_CONTROL,681.4209726992517,0.1,150,CloudNode,135,1.0,12000.0,704.1934545901888,1201.436638187106,497.2431835969171,358.2030769720468,28.392540529135488,,
1-30,GPS_TRACKING,617.4841967001395,0.2,200,FogNode_7,0,0.625,1727.0272900361456,48.89381898694194,1202.7633974079715,1153.8695784210295,766.3458624265918,42.321798805307246,,
4-328,E_COMMERCE_TRANSACTION,315.0713330587058,0.5,300,CloudNode,155,1.0,12000.0,662.3408329239102,1205.2979867912381,542.957153867328,383.04722952488976,13.12797221077941,,
5-380,SENSOR_DATA_LOGGING,906.1842282983628,0.1,10000,CloudNode,128,1.0,12000.0,714.1868599941795,1205.9756064588587,491.7887464646792,345.4393818573718,37.757676179098446,,
2-361,SENSOR_DATA_LOGGING,279.9434922290218,0.1,10000,CloudNode,128,1.0,12000.0,709.8786258449205,1207.46034027471,497.5817144297895,387.95652729461654,11.664312176209242,,
0-106,SMART_HOME_CONTROL,352.7506690001249,0.1,150,FogNode_6,13,1.0,816.2509881302752,212.44379300543775,1207.481468618844,995.0376756134062,549.4094694562007,47.5314885186453,,
6-314,SENSOR_DATA_LOGGING,997.3616970942649,0.1,10000,CloudNode,144,1.0,12000.0,679.4914276659824,1207.539740839413,528.0483131734306,340.474035235071,41.55673737892771,,
5-363,E_COMMERCE_TRANSACTION,513.0682614762696,0.5,300,CloudNode,145,1.0,12000.0,672.7739090224978,1211.1668110723233,538.3929020498255,374.51407958125094,21.3778442281779,,
3-367,SMART_HOME_CONTROL,482.0863794256615,0.1,150,CloudNode,139,1.0,12000.0,689.7844837399615,1211.7942936814434,522.0098099414819,376.13654637809816,20.08693247606923,,
7-348,GPS_TRACKING,587.1554280837559,0.2,200,CloudNode,148,1.0,12000.0,667.0309124068104,1214.5780541959637,547.5471417891532,374.0270938233764,24.46480950348983,,
9-60,HEALTH_MONITORING,71.8399412403116,1.0,100,FogNode_8,3,1.0,770.9711269175084,88.06835161062452,1215.4415526687465,1127.373201058122,943.8025227836836,6.828721756023376,,
5-355,HEALTH_MONITORING,230.76281506814865,1.0,100,CloudNode,159,1.0,12000.0,660.5212349574107,1218.5849678244786,558.0637328670679,400.2744129926027,9.615117294506193,,
3-364,SMART_HOME_CONTROL,994.6846390369373,0.1,150,CloudNode,143,1.0,12000.0,680.9152874558548,1218.7385603341077,537.8232728782529,350.4549697123275,41.44519329320572,,
2-346,E_COMMERCE_TRANSACTION,533.6217388990706,0.5,300,CloudNode,139,1.0,12000.0,690.1565757873593,1219.4987672771601,529.3421914898008,379.1700854510739,22.234239120794605,,
7-378,SENSOR_DATA_LOGGING,146.83688275175936,0.1,10000,CloudNode,122,1.0,12000.0,728.6615294493506,1219.69674717069,491.03521772133945,406.75778859024774,6.118203447989973,,
1-385,SMART_HOME_CONTROL,906.613728330127,0.1,150,CloudNode,144,1.0,12000.0,677.8030119991777,1221.4128430972894,543.6098310981117,355.9837885673044,37.77557201375529,,
7-375,GPS_TRACKING,199.38008350724812,0.2,200,CloudNode,123,1.0,12000.0,721.1755445858488,1222.590613417796,501.4150688319472,405.2973928520155,8.307503479468672,,
7-353,GPS_TRACKING,934.3610729044798,0.2,200,CloudNode,145,1.0,12000.0,674.1414573850336,1223.4004051328427,549.2589477478091,356.9456177458917,38.93171137101999,,
2-360,SMART_HOME_CONTROL,631.1446504386195,0.1,150,CloudNode,135,1.0,12000.0,703.090525245295,1223.4015474489606,520.3110222036656,376.1107017192628,26.29769376827581,,
3-365,SMART_HOME_CONTROL,160.45390288895388,0.1,150,CloudNode,142,1.0,12000.0,682.3444610683172,1227.9492127700432,545.6047517017261,413.06683432327384,6.685579287039745,,
5-370,GPS_TRACKING,370.33821765388956,0.2,200,CloudNode,139,1.0,12000.0,689.0346752287705,1228.7787368157983,539.7440615870278,398.90338578084106,15.430759068912064,,
3-1,VOICE_ASSISTANT,168.7519214744753,2.0,150,FogNode_2,0,0.0,681.967788340379,2.2510508438514565,1228.9265043205394,1226.6754534766878,808.4435185280552,20.713289966861314,,
3-368,SENSOR_DATA_LOGGING,275.77112405325965,0.1,10000,CloudNode,139,1.0,12000.0,690.9924599335167,1230.5206678438515,539.5282079103348,406.6742829844136,11.490463502219153,,
8-359,GPS_TRACKING,595.1592174409079,0.2,200,CloudNode,128,1.0,12000.0,711.0650061025195,1233.9535914942637,522.8885853917442,387.13933694593936,24.798300726704497,,
9-6,VOICE_ASSISTANT,51.923733442211876,2.0,150,FogNode_2,0,0.0,681.967788340379,8.27255468876853,1234.0380558962877,1225.7655012075193,976.4562794569905,6.373328004524239,,
2-330,E_COMMERCE_TRANSACTION,875.4021146999305,0.5,300,CloudNode,159,1.0,12000.0,658.0773949346127,1234.6153500292473,576.5379550946346,370.60415508049164,36.475088112497104,,
0-324,GPS_TRACKING,399.2676318750395,0.2,200,CloudNode,144,1.0,12000.0,675.5266380426917,1234.7089408433592,559.1823028006675,401.7293236043233,16.636151328126644,,
2-362,SENSOR_DATA_LOGGING,538.3297875149208,0.1,10000,CloudNode,128,1.0,12000.0,711.3230402942714,1238.2999027700632,526.9768624757918,395.37184519654113,22.430407813121697,,
8-340,E_COMMERCE_TRANSACTION,906.7541890177074,0.5,300,CloudNode,147,1.0,12000.0,669.1780545022287,1241.258441648084,572.0803871458553,373.35294053185794,37.78142454240448,,
0-39,GPS_TRACKING,408.1508060828798,0.2,200,FogNode_5,0,0.3333333333333333,782.8923712617282,78.05175410176473,1242.9719378548114,1164.9201837530466,621.9780446941204,60.66744482355747,,
7-354,SENSOR_DATA_LOGGING,953.002633355818,0.1,10000,CloudNode,144,1.0,12000.0,674.3720852894102,1245.1091865288988,570.7371012394887,373.5125221734014,39.70844305649242,,
3-373,SMART_HOME_CONTROL,201.73375594535736,0.1,150,CloudNode,136,1.0,12000.0,697.8555451128252,1245.5898831445782,547.7343380317529,423.88342507011225,8.40557316438989,,
4-351,SMART_HOME_CONTROL,882.1921217055827,0.1,150,CloudNode,128,1.0,12000.0,709.1321174048973,1248.5363009683017,539.4041835634044,379.4134220994389,36.758005071065945,,
4-336,GPS_TRACKING,936.4069372285211,0.2,200,CloudNode,145,1.0,12000.0,672.9137919425787,1248.6119041327818,575.6981121902031,376.11105317411307,39.01695571785505,,
8-351,E_COMMERCE_TRANSACTION,360.42434779195634,0.5,300,CloudNode,137,1.0,12000.0,695.900633106484,1249.5341295931564,553.6334964866725,417.2620917686145,15.01768115799818,,
2-371,SENSOR_DATA_LOGGING,185.80739906197516,0.1,10000,CloudNode,119,1.0,12000.0,734.5417586677256,1250.0992999510786,515.557541283353,429.26191644233893,7.741974960915631,,
6-322,SENSOR_DATA_LOGGING,948.8433741552774,0.1,10000,CloudNode,138,1.0,12000.0,693.8565191948428,1250.11907322196,556.2625540271172,375.9822487603558,39.53514058980323,,
9-381,GPS_TRACKING,467.54950425906276,0.2,200,CloudNode,124,1.0,12000.0,719.6122039339905,1250.7567523696987,531.1445484357082,410.82446865298243,19.481229344127616,,
8-364,SMART_HOME_CONTROL,958.7836517676329,0.1,150,CloudNode,126,1.0,12000.0,718.7202821471053,1251.1948109529508,532.4745288058455,376.00277911721366,39.949318823651375,,
0-328,GPS_TRACKING,392.83924372192484,0.2,200,CloudNode,144,1.0,12000.0,677.6406100633845,1251.3215714679723,573.6809614045877,417.06282882188816,16.36830182174687,,
0-332,GPS_TRACKING,417.6902812702269,0.2,200,CloudNode,143,1.0,12000.0,681.6414531686512,1257.3981368569816,575.7566836883304,419.4246675672865,17.403761719592787,,
6-323,GPS_TRACKING,473.87947963919936,0.2,200,CloudNode,138,1.0,12000.0,695.0883516368907,1258.2285169707077,563.140165333817,416.6132009466834,19.744978318299975,,
1-49,HEALTH_MONITORING,60.74537823967352,1.0,100,FogNode_8,3,1.0,770.9711269175084,91.40657838215739,1259.5379413260694,1168.1313629439119,997.8103305206671,5.774131754583939,,
0-20,GPS_TRACKING,372.18611705925446,0.2,200,FogNode_0,0,1.0,1189.2931772946604,39.58625145627842,1263.0714036947625,1223.485152238484,880.5257499545269,23.698648109777633,,
2-365,GPS_TRACKING,337.53646186956746,0.2,200,CloudNode,124,1.0,12000.0,720.6232731886486,1266.4279412591939,545.8046680705453,432.62720626115083,14.064019244565312,,
1-17,GPS_TRACKING,719.4885218616505,0.2,200,FogNode_1,0,1.0,1597.9384595498836,22.0602581608238,1267.1163035365103,1245.0560453756864,773.0230874543633,59.435211036245335,,
1-123,SENSOR_DATA_LOGGING,345.3318500613759,0.1,10000,FogNode_6,13,1.0,816.2509881302752,212.1303869634311,1268.7959437626494,1056.6655567992182,616.2536417568983,46.53183766551274,,
3-370,SENSOR_DATA_LOGGING,593.5024567010028,0.1,10000,CloudNode,138,1.0,12000.0,691.8274593279427,1269.155285229107,577.3278259011643,417.22764064711646,24.72926902920845,,
8-361,SENSOR_DATA_LOGGING,788.4352524203575,0.1,10000,CloudNode,128,1.0,12000.0,714.3315782431915,1271.0009244929347,556.6693462497432,404.81636743644276,32.85146885084823,,
1-392,GPS_TRACKING,184.61567908597672,0.2,200,CloudNode,138,1.0,12000.0,691.2619099775033,1272.782776780813,581.5208668033098,447.32300947382316,7.692319961915697,,
4-350,SENSOR_DATA_LOGGING,511.84831932497326,0.1,10000,CloudNode,136,1.0,12000.0,700.7502881923725,1273.1746944542658,572.4244062618933,425.4980354802908,21.32701330520722,,
1-382,HEALTH_MONITORING,303.568250497102,1.0,100,CloudNode,148,1.0,12000.0,668.6921210531007,1273.9092583408735,605.2171372877729,441.0267791845995,12.648677104045916,,
8-367,SENSOR_DATA_LOGGING,313.66447808326205,0.1,10000,CloudNode,122,1.0,12000.0,727.6206142190457,1276.8954588766371,549.2748446575914,442.15120619398294,13.069353253469252,,
5-37,GPS_TRACKING,638.8310040375019,0.2,200,FogNode_7,1,1.0,1727.0272900361456,61.93194734188928,1277.8568362471099,1215.9248889052205,822.1013801153803,43.78488934283923,,
9-26,HEALTH_MONITORING,278.85506428586575,1.0,100,FogNode_2,0,0.6666666666666666,681.967788340379,38.66075815692123,1279.1598926728088,1240.4991345158876,744.1745415704813,34.22779281452238,,
6-325,GPS_TRACKING,466.34128841649505,0.2,200,CloudNode,137,1.0,12000.0,695.8441290000445,1280.120215682792,584.2760866827474,435.4417770303862,19.43088701735396,,
3-387,GPS_TRACKING,552.2518554812846,0.2,200,CloudNode,121,1.0,12000.0,729.0166291648704,1280.729928800133,551.7132996352625,429.33170457660685,23.010493978386858,,
3-30,SENSOR_DATA_LOGGING,600.4237700589638,0.1,10000,FogNode_3,1,1.0,1899.4436001125757,40.87232464437108,1282.8732596808204,1242.0009350364494,908.7028230381109,28.50685229438643,,
4-344,E_COMMERCE_TRANSACTION,403.034751551437,0.5,300,CloudNode,140,1.0,12000.0,685.1763258524758,1283.6855292470316,598.5092033945558,441.93567940510036,16.79311464797654,,
2-352,SMART_HOME_CONTROL,608.3857677876352,0.1,150,CloudNode,138,1.0,12000.0,693.1938425039564,1284.6524054765666,591.4585629726103,428.6397471073195,25.34940699115147,,
1-400,GPS_TRACKING,415.3291833955662,0.2,200,CloudNode,129,1.0,12000.0,707.1565614515048,1285.8055762359147,578.6490147844099,442.1890267064218,17.305382641481923,,
8-353,SENSOR_DATA_LOGGING,901.3424174276994,0.1,10000,CloudNode,136,1.0,12000.0,701.6249050968421,1286.2786791912984,584.6537740944563,410.2389702128304,37.55593405948748,,
8-356,GPS_TRACKING,772.0153440887944,0.2,200,CloudNode,135,1.0,12000.0,704.4067371683054,1287.7350171402422,583.3282799719368,419.9635387423273,32.16730600369977,,
2-358,GPS_TRACKING,751.8118000949012,0.2,200,CloudNode,136,1.0,12000.0,701.1701347497736,1290.600196111285,589.4300613615113,423.88955556995916,31.32549167062088,,
4-368,SENSOR_DATA_LOGGING,77.49240412395261,0.1,10000,CloudNode,117,1.0,12000.0,737.394956775779,1294.192717483905,556.797760708126,473.6062911307748,3.228850171831359,,
2-0,HEALTH_MONITORING,715.7926203531931,1.0,100,FogNode_9,0,0.0,1349.236560939329,1.1891119898653637,1295.9530903133877,1294.7639783235225,675.8105574234596,71.99416233364448,,
1-396,SENSOR_DATA_LOGGING,620.3465897353952,0.1,10000,CloudNode,136,1.0,12000.0,698.2904067827438,1297.2854322891944,598.9950255064506,439.48948063434557,25.847774572308136,,
8-369,SMART_HOME_CONTROL,898.8477204558706,0.1,150,CloudNode,118,1.0,12000.0,730.2511992346289,1298.3055241536165,568.0543249189876,419.50079912744593,37.451988352327945,,
6-311,E_COMMERCE_TRANSACTION,269.7320074388657,0.5,300,CloudNode,145,1.0,12000.0,671.6275200312659,1299.3731261632092,627.7456061319433,464.36088054846846,11.238833643286071,,
7-360,E_COMMERCE_TRANSACTION,423.3639388533302,0.5,300,CloudNode,143,1.0,12000.0,680.4047605218996,1301.7082694969713,621.3035089750717,456.0975552248341,17.640164118888755,,
9-372,SENSOR_DATA_LOGGING,631.0628749719514,0.1,10000,CloudNode,135,1.0,12000.0,702.5304948108776,1302.1227025074857,599.592207696608,441.6518367565084,26.294286457164638,,
2-351,GPS_TRACKING,970.8466614605557,0.2,200,CloudNode,138,1.0,12000.0,693.004209333416,1302.3167315523358,609.3125222189198,418.7793480296925,40.45194422752315,,
9-386,SENSOR_DATA_LOGGING,615.522403389059,0.1,10000,CloudNode,117,1.0,12000.0,737.0437238323759,1302.6151050837273,565.5713812513513,441.54970466927034,25.646766807877462,,
7-347,E_COMMERCE_TRANSACTION,239.4359471731574,0.5,300,CloudNode,149,1.0,12000.0,666.3560070874438,1304.6054010743298,638.249393986886,471.9471233615018,9.976497798881557,,
3-396,SENSOR_DATA_LOGGING,192.9738482860752,0.1,10000,CloudNode,113,1.0,12000.0,747.4169758405346,1306.6813501351246,559.26437429459,475.2087176994962,8.040577011919801,,
6-327,GPS_TRACKING,701.3914485370109,0.2,200,CloudNode,136,1.0,12000.0,698.744479714962,1306.9855883463858,608.2411086314238,442.2597969382723,29.22464368904212,,
8-18,HEALTH_MONITORING,518.2418438416375,1.0,100,FogNode_6,0,0.125,816.2509881302752,31.420269513887515,1308.6181084222362,1277.1978389083488,553.7826452871378,69.83064361086058,,
9-365,GPS_TRACKING,436.87657495898833,0.2,200,CloudNode,139,1.0,12000.0,687.8939231278652,1309.1891580273955,621.2952348995303,461.4959473967681,18.20319062329118,,
0-346,SENSOR_DATA_LOGGING,769.5515906974679,0.1,10000,CloudNode,128,1.0,12000.0,710.8182689587298,1309.2384857536879,598.420216794958,439.1714811425592,32.0646496123945,,
1-393,GPS_TRACKING,709.7890674994164,0.2,200,CloudNode,138,1.0,12000.0,693.9898309949157,1309.2681621802446,615.278331185329,441.83739953738996,29.574544479142354,,
8-362,GPS_TRACKING,287.76681487533403,0.2,200,CloudNode,128,1.0,12000.0,714.4702168764745,1309.7861441421926,595.3159272657181,472.54672911298735,11.990283953138917,,
9-18,SMART_HOME_CONTROL,627.8572295884734,0.1,150,FogNode_1,1,1.0,1597.9384595498836,28.576942026904007,1310.479962125735,1281.9030200988311,871.7667922934099,51.86577104060995,,
3-380,SENSOR_DATA_LOGGING,55.01377240321482,0.1,10000,CloudNode,126,1.0,12000.0,717.7002258494864,1311.2658311687258,593.5656053192394,486.79234451466596,2.2922405168006175,,
7-357,E_COMMERCE_TRANSACTION,57.02679174516311,0.5,300,CloudNode,144,1.0,12000.0,678.6798866566922,1311.737820991816,633.0579343351238,486.75485167312434,2.3761163227151294,,
3-379,SENSOR_DATA_LOGGING,497.53196530345855,0.1,10000,CloudNode,128,1.0,12000.0,709.380089636637,1312.4619216015562,603.0818319649193,460.13513312759665,20.730498554310774,,
1-20,SENSOR_DATA_LOGGING,591.0813637476986,0.1,10000,FogNode_1,1,1.0,1597.9384595498836,28.31509785816528,1313.685314987957,1285.3702171297919,897.8652046365868,48.827805484701614,,
5-40,SENSOR_DATA_LOGGING,753.7276085193291,0.1,10000,FogNode_7,2,1.0,1727.0272900361456,63.27730779800219,1314.2092507127088,1250.9319429147067,792.7011748281682,51.65979691825403,,
8-363,SENSOR_DATA_LOGGING,287.8088660828095,0.1,10000,CloudNode,127,1.0,12000.0,716.7313918588195,1318.1767896574725,601.445397798653,478.58222363276195,11.992036086783731,,
6-337,GPS_TRACKING,489.45944882181044,0.2,200,CloudNode,124,1.0,12000.0,720.6271070927392,1320.9085030846095,600.2813959918703,467.55461024835074,20.394143700908767,,
7-372,GPS_TRACKING,141.92721295493385,0.2,200,CloudNode,128,1.0,12000.0,714.3794664953235,1321.0164257736399,606.6369592783163,488.91566670074883,5.913633873122244,,
7-367,GPS_TRACKING,165.10774818994423,0.2,200,CloudNode,136,1.0,12000.0,699.8919879212933,1323.0271411960734,623.1351532747801,487.5587235512213,6.879489507914343,,
7-388,SMART_HOME_CONTROL,63.39669856551541,0.1,150,CloudNode,113,1.0,12000.0,746.5391815661937,1326.1915612984023,579.6523797322086,496.61651143574136,2.6415291068964755,,
9-52,VOICE_ASSISTANT,216.99794574891905,2.0,150,FogNode_6,2,1.0,816.2509881302752,67.61627797569233,1328.655586050084,1261.0393080743916,827.5713544087804,29.239449484731406,,
0-349,SENSOR_DATA_LOGGING,250.64280180583285,0.1,10000,CloudNode,122,1.0,12000.0,724.8875602698806,1330.125385904174,605.2378256342934,487.9137897519422,10.443450075243035,,
9-354,HEALTH_MONITORING,57.11319490018509,1.0,100,CloudNode,151,1.0,12000.0,666.2469306257133,1330.9509942067511,664.7040635810379,500.32312786589443,2.3797164541743787,,
0-21,SENSOR_DATA_LOGGING,523.3220703596123,0.1,10000,FogNode_3,1,1.0,1899.4436001125757,39.686645819641505,1333.828130886567,1294.1414850669255,997.952797250317,24.846226458804164,,
0-356,GPS_TRACKING,281.41519101247144,0.2,200,CloudNode,120,1.0,12000.0,729.5220830327495,1334.7170970864317,605.1950140536823,488.40308024126625,11.725632958852977,,
7-383,SENSOR_DATA_LOGGING,972.253057014815,0.1,10000,CloudNode,119,1.0,12000.0,735.32599006482,1339.2496050552757,603.9236149904557,448.1275429164674,40.510544042283954,,
4-330,HEALTH_MONITORING,480.48761498010094,1.0,100,CloudNode,148,1.0,12000.0,666.9073772513468,1339.4137607448843,672.5063834935374,482.4408566411423,20.02031729083754,,
2-341,HEALTH_MONITORING,77.08136641624358,1.0,100,CloudNode,144,1.0,12000.0,679.8308027043017,1341.1405442877854,661.3097415834836,508.37478882784535,3.211723600676816,,
9-353,HEALTH_MONITORING,816.0338033937755,1.0,100,CloudNode,151,1.0,12000.0,666.0864792979742,1341.177511403747,675.0910321057729,461.2190361807508,34.00140847474064,,
5-376,SENSOR_DATA_LOGGING,474.2483258958043,0.1,10000,CloudNode,128,1.0,12000.0,708.4621656504004,1341.8374253769862,633.3752597265858,484.0943977130414,19.76034691232518,,
6-354,SENSOR_DATA_LOGGING,516.8968322775927,0.1,10000,CloudNode,113,1.0,12000.0,746.4523021998597,1347.6801370974626,601.227834897603,485.428101474693,21.537368011566365,,
7-361,E_COMMERCE_TRANSACTION,769.9814551252657,0.5,300,CloudNode,143,1.0,12000.0,681.3517543818648,1347.8506505074704,666.4988961256056,471.0188271289808,32.082560630219405,,
6-26,SENSOR_DATA_LOGGING,578.6554711372257,0.1,10000,FogNode_7,4,1.0,1727.0272900361456,66.72167482892795,1350.282977950218,1283.5613031212902,927.6588699754991,39.660513674575164,,
6-310,HEALTH_MONITORING,929.0342623525698,1.0,100,CloudNode,148,1.0,12000.0,666.9689514038089,1351.3287802035877,684.3598287997788,461.93903598834856,38.709760931357074,,
7-377,GPS_TRACKING,986.2331674245584,0.2,200,CloudNode,122,1.0,12000.0,727.6312350402079,1351.341382514487,623.710147474279,458.6716211562831,41.09304864268993,,
0-347,GPS_TRACKING,604.7721223739289,0.2,200,CloudNode,128,1.0,12000.0,713.3828276067152,1352.1059463614654,638.7231187547502,483.9113223976873,25.198838432247037,,
5-371,E_COMMERCE_TRANSACTION,802.0323238362553,0.5,300,CloudNode,139,1.0,12000.0,689.1096228524898,1353.114706177653,664.0050833251632,472.4473033940976,33.4180134931773,,
8-11,GPS_TRACKING,877.5584579192938,0.2,200,FogNode_3,0,0.2857142857142857,1899.4436001125757,23.53365700850358,1353.8747021567742,1330.3410451482707,837.3940936118356,41.66462186721577,,
5-20,SMART_HOME_CONTROL,981.6386192965673,0.1,150,FogNode_3,0,0.8571428571428571,1899.4436001125757,31.289889590020127,1354.8022298432943,1323.5123402532743,792.1554825005031,46.60612807518363,,
1-407,SENSOR_DATA_LOGGING,636.2016283082203,0.1,10000,CloudNode,122,1.0,12000.0,722.6231524358255,1355.139504866504,632.5163524306785,484.23830771570397,26.50840117950918,,
6-309,HEALTH_MONITORING,894.0844418929508,1.0,100,CloudNode,152,1.0,12000.0,664.741642895528,1355.2369656245455,690.4953227290175,468.13474297719495,37.25351841220628,,
3-383,SENSOR_DATA_LOGGING,196.57617575097143,0.1,10000,CloudNode,122,1.0,12000.0,724.5282650139238,1357.5588593829948,633.030594369071,513.7245437889844,8.190673989623809,,
8-346,HEALTH_MONITORING,486.2153078528068,1.0,100,CloudNode,140,1.0,12000.0,684.4767708018767,1358.6947319785397,674.217961176663,494.22447980928473,20.25897116053362,,
8-354,E_COMMERCE_TRANSACTION,65.33275001219508,0.5,300,CloudNode,135,1.0,12000.0,703.3261128549367,1360.681361458895,657.3552486039583,523.4900992328469,2.7221979171747948,,
1-401,SENSOR_DATA_LOGGING,115.43068105838059,0.1,10000,CloudNode,128,1.0,12000.0,709.456683009137,1361.725169782997,652.26848677386,522.7592029710324,4.809611710765858,,
8-5,HEALTH_MONITORING,757.2952699686748,1.0,100,FogNode_9,0,0.0,1349.236560939329,9.349171414685609,1363.9164856078228,1354.5673141931372,699.4802721001156,76.16848379035217,,
0-342,SENSOR_DATA_LOGGING,800.2071527440438,0.1,10000,CloudNode,136,1.0,12000.0,700.1288155524095,1364.9894535489534,664.8606379965439,481.7883980455407,33.341964697668494,,
2-366,SENSOR_DATA_LOGGING,219.76728088377814,0.1,10000,CloudNode,122,1.0,12000.0,721.72202916973,1365.9940771711108,644.2720480013808,519.5442207078643,9.15697003682409,,
3-384,SENSOR_DATA_LOGGING,846.1066857225942,0.1,10000,CloudNode,122,1.0,12000.0,726.4377817288876,1367.7943227660774,641.3565410371898,480.7735976678581,35.25444523844142,,
1-384,HEALTH_MONITORING,105.96815991450026,1.0,100,CloudNode,145,1.0,12000.0,671.4633800779621,1369.51204145177,698.0486613738079,527.4811645587308,4.415339996437511,,
6-319,HEALTH_MONITORING,483.8608800955177,1.0,100,CloudNode,140,1.0,12000.0,684.229691738777,1370.4471259121337,686.2174341733568,503.8796131695434,20.160870003979905,,
8-368,SENSOR_DATA_LOGGING,617.5662753273983,0.1,10000,CloudNode,121,1.0,12000.0,728.9537822451372,1372.480282050923,643.5264998057859,496.32864749854105,25.731928138641596,,
7-355,E_COMMERCE_TRANSACTION,773.5457965185336,0.5,300,CloudNode,144,1.0,12000.0,675.5924832751878,1374.2482938520704,698.6558105768827,487.80560923257053,32.2310748549389,,
6-332,SMART_HOME_CONTROL,862.7214442960156,0.1,150,CloudNode,128,1.0,12000.0,708.2064519892548,1374.5085587750618,666.302106785807,484.05265455464405,35.94672684566732,,
9-389,SENSOR_DATA_LOGGING,127.91400584533933,0.1,10000,CloudNode,114,1.0,12000.0,744.1091814570666,1375.648954036065,631.5397725789985,531.244059493322,5.3297502435558055,,
8-338,HEALTH_MONITORING,770.9103960705759,1.0,100,CloudNode,153,1.0,12000.0,663.1377867737872,1376.7044546074376,713.5666678336504,488.9895137707981,32.121266502940664,,
7-381,SENSOR_DATA_LOGGING,251.31998032273435,0.1,10000,CloudNode,118,1.0,12000.0,733.9358351403214,1378.502191076556,644.5663559362347,524.6991423642743,10.4716658467806,,
1-386,HEALTH_MONITORING,480.8562987910044,1.0,100,CloudNode,144,1.0,12000.0,678.4739716659476,1379.485118977468,701.0111473115203,512.7749460620095,20.035679116291853,,
0-350,E_COMMERCE_TRANSACTION,845.8139059048332,0.5,300,CloudNode,122,1.0,12000.0,725.8033829475272,1382.2223131505523,656.4189302030251,488.36614377788396,35.24224607936805,,
1-27,SMART_HOME_CONTROL,880.621300652758,0.1,150,FogNode_3,0,1.0,1899.4436001125757,39.327209663626896,1384.3523915217718,1345.0251818581448,863.3376593276544,41.810039170390205,,
5-356,HEALTH_MONITORING,76.46809436786161,1.0,100,CloudNode,152,1.0,12000.0,663.263187581848,1385.8574601747896,722.5942725929416,541.1421678509347,3.1861705986609,,
6-326,E_COMMERCE_TRANSACTION,677.657572931134,0.5,300,CloudNode,136,1.0,12000.0,697.559694621309,1387.422458617679,689.8627639963701,504.6571590366859,28.23573220546392,,
8-386,SENSOR_DATA_LOGGING,319.8264217548942,0.1,10000,CloudNode,133,1.0,12000.0,758.1861173883509,1388.3773715959048,630.1912542075539,528.3606696853171,13.326100906453926,,
8-22,HEALTH_MONITORING,287.0063656946246,1.0,100,FogNode_2,0,0.8333333333333334,681.967788340379,40.80868457305485,1390.5191785176175,1349.7104939445626,838.5554326858527,35.22831635352365,,
1-412,E_COMMERCE_TRANSACTION,263.5453351037224,0.5,300,CloudNode,119,1.0,12000.0,730.8524011084518,1394.4423933095666,663.5899922011148,536.4144655068202,10.981055629321766,,
3-385,GPS_TRACKING,875.793828173336,0.2,200,CloudNode,122,1.0,12000.0,726.7912694556014,1396.009960210518,669.2186907549167,497.6760593287893,36.491409507222336,,
6-8,GPS_TRACKING,493.29925985032395,0.2,200,FogNode_1,0,1.0,1597.9384595498836,24.053728288618764,1396.3816556701668,1372.327927381548,1038.1612360949403,40.750261779527605,,
1-415,SENSOR_DATA_LOGGING,738.5451604621553,0.1,10000,CloudNode,118,1.0,12000.0,736.858767513311,1402.6859743262983,665.8272068129872,513.7678526923423,30.77271501925647,,
9-45,SENSOR_DATA_LOGGING,962.8356673452679,0.1,10000,FogNode_7,0,0.875,1727.0272900361456,57.67006679165215,1403.4764652732247,1345.8063984815726,765.4663207271052,65.99187090734327,,
0-338,E_COMMERCE_TRANSACTION,646.7198336639052,0.5,300,CloudNode,138,1.0,12000.0,694.0965795888006,1407.008025649645,712.9114460608445,522.6049146533255,26.94665973599605,,
8-16,SENSOR_DATA_LOGGING,224.03842460010603,0.1,10000,FogNode_1,1,1.0,1597.9384595498836,29.61828871951788,1407.320967402736,1377.702678683218,1217.4045635855855,18.507273767038235,,
2-13,SENSOR_DATA_LOGGING,801.9360193730562,0.1,10000,FogNode_4,0,0.5,1758.3565909566523,41.570951573022256,1407.4679108577545,1365.8969592847322,890.5621633072856,66.80415713366425,,
9-380,SMART_HOME_CONTROL,485.63275974742044,0.1,150,CloudNode,126,1.0,12000.0,718.7442960915391,1408.2637194116958,689.5194233201566,532.6926441993666,20.234698322809184,,
4-357,GPS_TRACKING,837.8771521118018,0.2,200,CloudNode,124,1.0,12000.0,720.6420691022277,1409.0727010645924,688.4306319623647,512.7277660820502,34.91154800465841,,
2-340,E_COMMERCE_TRANSACTION,762.4397834885353,0.5,300,CloudNode,144,1.0,12000.0,679.7408519859587,1411.387299131515,731.6464471455563,519.6321123322012,31.768324312022305,,
1-7,VOICE_ASSISTANT,246.52748897645733,2.0,150,FogNode_2,0,0.0,681.967788340379,9.677187928577242,1413.635897495913,1403.9587095673357,874.6281991961541,30.259776121979975,,
4-355,SMART_HOME_CONTROL,869.4163765426787,0.1,150,CloudNode,126,1.0,12000.0,719.135756269055,1414.288790088876,695.1530338198211,514.2208487144408,36.22568235594494,,
8-385,SENSOR_DATA_LOGGING,423.1538124987542,0.1,10000,CloudNode,128,1.0,12000.0,756.7661450874951,1417.4851308587818,660.7189857712866,543.8031870564356,17.631408854114756,,
1-418,SENSOR_DATA_LOGGING,814.9652776104016,0.1,10000,CloudNode,116,1.0,12000.0,740.4245753225719,1419.255155648687,678.8305803261151,522.5106877474262,33.956886567100064,,
5-384,SENSOR_DATA_LOGGING,730.5288128225594,0.1,10000,CloudNode,122,1.0,12000.0,723.6601682496139,1419.5721330470863,695.9119647974724,525.717836997889,30.43870053427331,,
6-343,GPS_TRACKING,528.923570890197,0.2,200,CloudNode,120,1.0,12000.0,732.9413521746133,1419.7259182769149,686.7845661023016,537.7924204446284,22.038482120424874,,
4-360,E_COMMERCE_TRANSACTION,305.97029935142245,0.5,300,CloudNode,120,1.0,12000.0,732.2487216127844,1419.9399182555185,687.6911966427341,555.2807133175183,12.748762472975935,,
3-7,HEALTH_MONITORING,882.6093836283463,1.0,100,FogNode_9,0,0.0,1349.236560939329,6.4754103610880325,1423.7450855846064,1417.2696752235183,672.5312761175662,88.77253192521488,,
4-376,GPS_TRACKING,260.2309262569778,0.2,200,CloudNode,116,1.0,12000.0,750.7172892840418,1424.371884847713,673.6545955636713,563.1786461859167,10.842955260707408,,
1-408,E_COMMERCE_TRANSACTION,451.06326094236914,0.5,300,CloudNode,122,1.0,12000.0,725.4641237489567,1425.0110636962097,699.546939947253,548.3931743100021,18.79430253926538,,
9-48,GPS_TRACKING,389.95790834320513,0.2,200,FogNode_7,3,1.0,1727.0272900361456,64.6511080974781,1425.960392105158,1361.30928400768,1110.2594419443556,26.727356307474945,,
1-431,SENSOR_DATA_LOGGING,699.5577937503657,0.1,10000,CloudNode,137,1.0,12000.0,760.913130192283,1428.7436087246642,667.8304785323812,534.7611435684819,29.14824140626524,,
2-355,HEALTH_MONITORING,405.7038460115318,1.0,100,CloudNode,138,1.0,12000.0,694.2617460955753,1429.8186140448124,735.5568679492371,556.658173142347,16.90432691714716,,
9-34,SMART_HOME_CONTROL,778.9603632742035,0.1,150,FogNode_4,0,0.75,1758.3565909566523,47.25185778946604,1431.3293777727104,1384.0775199832444,926.9931604908755,64.89020227542416,,
5-395,SMART_HOME_CONTROL,963.9698269764606,0.1,150,CloudNode,114,1.0,12000.0,748.6294914473126,1431.6595991182928,683.0301076709802,522.6479959097665,40.165409457352524,,
2-354,E_COMMERCE_TRANSACTION,661.4822723519605,0.5,300,CloudNode,138,1.0,12000.0,693.2785141489278,1433.625713772553,740.3471996236251,540.4049699006656,27.561761347998356,,
0-364,SMART_HOME_CONTROL,584.7136516387087,0.1,150,CloudNode,116,1.0,12000.0,740.4181482657086,1434.5835978113487,694.1654495456401,547.1932140041791,24.36306881827953,,
7-401,SENSOR_DATA_LOGGING,824.4823691382963,0.1,10000,CloudNode,141,1.0,12000.0,763.6600168862502,1434.7009412659688,671.0409243797186,532.0575637630004,34.35343204742902,,
0-4,VOICE_ASSISTANT,573.0171037624586,2.0,150,FogNode_6,0,0.0,816.2509881302752,18.624607945214713,1435.3993320937873,1416.7747241485727,545.3157675749702,77.21135147857945,,
5-387,GPS_TRACKING,971.4511201936666,0.2,200,CloudNode,121,1.0,12000.0,728.78461335282,1436.093764882643,707.309151529823,524.3881869087451,40.477130008069445,,
3-19,SENSOR_DATA_LOGGING,685.3165315015209,0.1,10000,FogNode_1,0,1.0,1597.9384595498836,25.70752303362572,1438.083921543394,1412.3763985097683,961.945988577679,56.61234535198444,,
4-361,SENSOR_DATA_LOGGING,765.2495448891848,0.1,10000,CloudNode,120,1.0,12000.0,732.8366045663983,1438.279354182494,705.4427496160957,537.0224740913072,31.885397703716034,,
2-369,E_COMMERCE_TRANSACTION,55.424306733578725,0.5,300,CloudNode,122,1.0,12000.0,724.6462693222518,1439.2022900391469,714.5560207168951,589.3672440405529,2.3093461138991134,,
9-391,SENSOR_DATA_LOGGING,242.5161070396808,0.1,10000,CloudNode,120,1.0,12000.0,752.396929086434,1439.464831235327,687.0679021488929,578.3110237590095,10.104837793320034,,
4-363,E_COMMERCE_TRANSACTION,225.60638578054343,0.5,300,CloudNode,119,1.0,12000.0,734.5481120512608,1443.1724169960917,708.6243049448309,582.1457895962686,9.400266074189311,,
3-408,SMART_HOME_CONTROL,100.62854820052144,0.1,150,CloudNode,168,1.0,12000.0,777.0448202309568,1444.4794772326863,667.4346570017295,590.6870093693432,4.192856175021726,,
6-358,GPS_TRACKING,914.6792563738542,0.2,200,CloudNode,120,1.0,12000.0,752.3284706691211,1445.7353128162579,693.4068421471368,534.1299120981482,38.11163568224393,,
6-12,GPS_TRACKING,862.6661954318977,0.2,200,FogNode_3,0,0.7142857142857143,1899.4436001125757,29.54191313073541,1447.228238435958,1417.6863253052227,934.5917947821922,40.95756870205587,,
1-425,SMART_HOME_CONTROL,197.19743601929218,0.1,150,CloudNode,115,1.0,12000.0,749.2195929504926,1448.0927187865673,698.8731258360747,587.5924026157936,8.216559834137174,,
7-379,GPS_TRACKING,408.01991178523474,0.2,200,CloudNode,118,1.0,12000.0,730.2093408363663,1448.2904494043123,718.081108567946,574.5308256119383,17.000829657718114,,
1-391,HEALTH_MONITORING,736.1013166066833,1.0,100,CloudNode,139,1.0,12000.0,686.9681641777984,1449.719147979795,762.7509838019967,549.233503244734,30.67088819194514,,
3-403,GPS_TRACKING,265.87486048668154,0.2,200,CloudNode,145,1.0,12000.0,766.9263477581062,1451.9748524187025,685.0485046605963,586.7473126202657,11.078119186945065,,
0-372,GPS_TRACKING,209.84092146977653,0.2,200,CloudNode,138,1.0,12000.0,762.9607157712562,1452.1876847217836,689.2269689505274,589.3642515594738,8.743371727907356,,
7-371,E_COMMERCE_TRANSACTION,179.92138589423087,0.5,300,CloudNode,128,1.0,12000.0,711.058270534823,1453.2728030070132,742.2145324721902,592.7581270623591,7.49672441225962,,
3-393,GPS_TRACKING,964.8877016816248,0.2,200,CloudNode,117,1.0,12000.0,737.7402751694273,1454.6556023255391,716.9153271561119,537.3630933843264,40.203654236734366,,
7-406,SMART_HOME_CONTROL,206.28819256086834,0.1,150,CloudNode,144,1.0,12000.0,764.9309217427378,1456.6555139487327,691.7245922059949,593.7666910059244,8.595341356702848,,
2-14,GPS_TRACKING,195.37670262700536,0.2,200,FogNode_3,3,1.0,1899.4436001125757,42.55937471425075,1456.734667367337,1414.1752926530862,1280.5845563672115,9.276073135820972,,
3-395,SENSOR_DATA_LOGGING,471.4551988903403,0.1,10000,CloudNode,113,1.0,12000.0,744.6664755107303,1456.7730640996435,712.1065885889133,577.429833620605,19.643966620430845,,
4-372,GPS_TRACKING,163.66079481229715,0.2,200,CloudNode,113,1.0,12000.0,745.0970639071054,1458.1178768003779,713.0208128932725,598.436811484295,6.819199783845715,,
5-375,E_COMMERCE_TRANSACTION,992.216042638648,0.5,300,CloudNode,132,1.0,12000.0,704.9446794845315,1459.3891248273248,754.4444453427933,538.7988663533558,41.34233510994367,,
6-355,GPS_TRACKING,624.274217760477,0.2,200,CloudNode,112,1.0,12000.0,746.927894232716,1463.4101506115546,716.4822563788387,571.6628545016625,26.011425740019874,,
4-10,VOICE_ASSISTANT,581.3314034146614,2.0,150,FogNode_6,0,0.0,816.2509881302752,23.96889522120141,1463.7897047342208,1439.8208095130194,555.0481909889791,78.33166413334897,,
6-345,GPS_TRACKING,71.10154950816202,0.2,200,CloudNode,118,1.0,12000.0,736.7270785857196,1464.043005926058,727.3159273403384,609.9655143593825,2.9625645628400843,,
9-14,VOICE_ASSISTANT,128.8841607983557,2.0,150,FogNode_2,0,0.16666666666666666,681.967788340379,22.587433811035982,1468.148526743056,1445.56109293202,1086.0289715743063,15.819760577693431,,
9-399,SENSOR_DATA_LOGGING,251.84625393903116,0.1,10000,CloudNode,138,1.0,12000.0,761.3077809140375,1469.277637232565,707.9698563185275,601.9437386154164,10.493593914126297,,
4-359,E_COMMERCE_TRANSACTION,770.8385685991312,0.5,300,CloudNode,120,1.0,12000.0,732.19783093904,1472.5002667949568,740.3024358559168,568.6227645122718,32.11827369163047,,
0-354,GPS_TRACKING,346.5574015691797,0.2,200,CloudNode,121,1.0,12000.0,729.1520750839302,1474.6150962803563,745.4630211964261,599.6902436017102,14.439891732049155,,
9-373,E_COMMERCE_TRANSACTION,821.0971131544899,0.5,300,CloudNode,135,1.0,12000.0,703.2653148889153,1477.4974604941333,774.232145605218,569.4051923727505,34.212379714770414,,
0-13,E_COMMERCE_TRANSACTION,622.8485617897052,0.5,300,FogNode_0,0,0.6666666666666666,1189.2931772946604,30.032561545261466,1477.8558726265037,1447.8233110812423,870.1990873346513,39.65937528289192,,
1-427,GPS_TRACKING,363.05637182677503,0.2,200,CloudNode,121,1.0,12000.0,754.9889208465675,1479.9738456320263,724.9849247854588,603.3348714863048,15.127348826115625,,
7-404,SMART_HOME_CONTROL,707.9521378772722,0.1,150,CloudNode,143,1.0,12000.0,764.2158332885151,1484.0070751859823,719.7912418974672,582.2080015397867,29.498005744886342,,
1-433,GPS_TRACKING,301.3026956012419,0.2,200,CloudNode,144,1.0,12000.0,766.1052166054922,1484.497682794095,718.3924661886028,610.3173680189512,12.55427898338508,,
5-392,E_COMMERCE_TRANSACTION,411.1094072038995,0.5,300,CloudNode,116,1.0,12000.0,741.5989532497156,1486.233969685694,744.6350164359785,605.325868223717,17.12955863349581,,
2-384,SENSOR_DATA_LOGGING,799.4600573890867,0.1,10000,CloudNode,144,1.0,12000.0,765.8197577695377,1486.561589704609,720.7418319350714,577.864366068028,33.310835724545285,,
4-371,GPS_TRACKING,963.5939494962707,0.2,200,CloudNode,114,1.0,12000.0,744.2656480376731,1487.307521441001,743.0418734033278,567.4145590757779,40.14974789567795,,
8-377,GPS_TRACKING,188.18824055021526,0.2,200,CloudNode,116,1.0,12000.0,741.2644258904149,1488.1826201741414,746.9181942837265,622.0599026451292,7.841176689592301,,
0-15,GPS_TRACKING,133.44343069663938,0.2,200,FogNode_1,2,1.0,1597.9384595498836,31.336718986794704,1490.8307107843607,1459.493991797566,1348.4070158099903,11.023439879671114,,
2-389,SENSOR_DATA_LOGGING,867.2854720143998,0.1,10000,CloudNode,150,1.0,12000.0,770.3777012494946,1491.9997076114482,721.6220063619536,577.7334526283369,36.13689466726666,,
1-406,E_COMMERCE_TRANSACTION,80.6023453520078,0.5,300,CloudNode,128,1.0,12000.0,714.7824035123623,1492.9508317983614,778.1684282859991,634.4056289744282,3.3584310563336586,,
8-366,SENSOR_DATA_LOGGING,891.6661191036324,0.1,10000,CloudNode,122,1.0,12000.0,726.4166617991576,1493.877642972389,767.4609811732313,578.5067861004958,37.15275496265135,,
5-22,SENSOR_DATA_LOGGING,288.3385615156198,0.1,10000,FogNode_1,2,1.0,1597.9384595498836,34.34795665719543,1494.1294114376042,1459.7814547804087,1256.834771988317,23.818952954559585,,
1-413,E_COMMERCE_TRANSACTION,72.23357407857131,0.5,300,CloudNode,120,1.0,12000.0,732.159150451051,1494.202084680689,762.042934229638,634.8619219513204,3.0097322532738047,,
9-392,SENSOR_DATA_LOGGING,822.2349687533631,0.1,10000,CloudNode,120,1.0,12000.0,752.9746415861326,1497.2631894541112,744.2885478679785,585.8586903782901,34.259790364723465,,
1-24,SENSOR_DATA_LOGGING,902.5075807576245,0.1,10000,FogNode_3,0,1.0,1899.4436001125757,37.72495172981311,1502.3784389983525,1464.6534872685395,968.1341901421598,42.84915351818114,,
1-426,SENSOR_DATA_LOGGING,759.2059557106344,0.1,10000,CloudNode,116,1.0,12000.0,750.3153305455146,1502.469453015033,752.1541224695184,593.5583673181854,31.633581487943097,,
9-361,HEALTH_MONITORING,735.0115150454367,1.0,100,CloudNode,144,1.0,12000.0,676.5705402839191,1504.4233765832114,827.8528362992923,597.453728386969,30.62547979355986,,
8-374,SENSOR_DATA_LOGGING,590.9862528801166,0.1,10000,CloudNode,118,1.0,12000.0,736.4563414081762,1506.02191850632,769.5655770981438,609.0109289897266,24.62442720333819,,
7-352,HEALTH_MONITORING,881.7522165688323,1.0,100,CloudNode,145,1.0,12000.0,673.6355977027749,1507.105065153289,833.469467450514,589.515501374568,36.73967569036801,,
8-15,HEALTH_MONITORING,841.1656596844305,1.0,100,FogNode_9,0,0.125,1349.236560939329,29.022303401507603,1507.475460389027,1478.4531569875194,766.4972377175316,84.60413719119713,,
9-350,HEALTH_MONITORING,674.3549852928903,1.0,100,CloudNode,156,1.0,12000.0,662.1424240586816,1509.4690517814206,847.326627722739,606.3283909849623,28.098124387203764,,
2-388,SENSOR_DATA_LOGGING,744.6788382099292,0.1,10000,CloudNode,150,1.0,12000.0,770.1377512993988,1510.1492886373946,740.0115373379958,601.7896031272247,31.028284925413715,,
8-341,HEALTH_MONITORING,224.7162415296245,1.0,100,CloudNode,145,1.0,12000.0,671.766660160012,1512.9284381414911,841.1617779814792,639.8922130001097,9.363176730401022,,
6-344,GPS_TRACKING,544.561076840518,0.2,200,CloudNode,118,1.0,12000.0,734.1749854699403,1514.6577269692748,780.4827414993345,619.3460065574162,22.690044868354917,,
1-411,E_COMMERCE_TRANSACTION,407.6437021049636,0.5,300,CloudNode,121,1.0,12000.0,728.9002613520838,1517.9773836947293,789.0771223426455,633.011362034126,16.985154254373484,,
9-38,HEALTH_MONITORING,447.0328849370786,1.0,100,FogNode_9,0,0.625,1349.236560939329,50.37176222593359,1518.840550958988,1468.4687887330545,1043.503398355057,44.962405550866166,,
5-403,SENSOR_DATA_LOGGING,674.0985100505219,0.1,10000,CloudNode,144,1.0,12000.0,766.3890517063245,1519.5850264490982,753.1959747427737,613.8933642581192,28.087437918771744,,
1-417,E_COMMERCE_TRANSACTION,810.6455026803553,0.5,300,CloudNode,117,1.0,12000.0,738.3954444189859,1519.7414766118131,781.3460321928272,605.3547775232731,33.7768959450148,,
2-11,HEALTH_MONITORING,568.1725316626205,1.0,100,FogNode_9,0,0.25,1349.236560939329,35.31745031869513,1521.1259687010706,1485.8085183823755,971.4884438131702,57.146587314427286,,
5-399,SENSOR_DATA_LOGGING,495.0084409092047,0.1,10000,CloudNode,138,1.0,12000.0,761.4297183904531,1521.2245490411267,759.7948306506736,629.0006170095543,20.625351704550194,,
8-395,SENSOR_DATA_LOGGING,469.8476312165217,0.1,10000,CloudNode,168,1.0,12000.0,777.0758763624286,1525.7155589726526,748.639682610224,634.1547909099704,19.576984634021738,,
6-369,GPS_TRACKING,854.6090488264691,0.2,200,CloudNode,150,1.0,12000.0,769.5315169078631,1525.8730230610781,756.341506153215,607.1751630395174,35.60871036776955,,
2-387,SENSOR_DATA_LOGGING,337.57879788120596,0.1,10000,CloudNode,150,1.0,12000.0,769.4589192507685,1530.6010195051335,761.142100254365,647.9322300276932,14.065783245050248,,
8-343,HEALTH_MONITORING,801.6276910859599,1.0,100,CloudNode,144,1.0,12000.0,676.7688755153792,1530.8453135165546,854.0764380011753,614.2337396705714,33.40115379524833,,
2-382,GPS_TRACKING,242.57084604765114,0.2,200,CloudNode,139,1.0,12000.0,762.6087208321263,1533.1426753121286,770.5339544800023,657.8418991894981,10.107118585318798,,
9-4,VOICE_ASSISTANT,368.23478653388173,2.0,150,FogNode_2,0,0.0,681.967788340379,5.446928665033955,1533.7827527747293,1528.3358241096953,817.8355971126376,45.19861962291939,,
5-369,HEALTH_MONITORING,933.6432083427009,1.0,100,CloudNode,139,1.0,12000.0,688.8072682511083,1534.4591146439577,845.6518463928494,608.9013319130224,38.901800347612536,,
0-361,SENSOR_DATA_LOGGING,310.93653852432897,0.1,10000,CloudNode,118,1.0,12000.0,736.0516677706865,1535.3804299917813,799.3287622210947,654.7393730300032,12.955689105180374,,
0-23,SMART_HOME_CONTROL,596.3069472521978,0.1,150,FogNode_4,0,0.75,1758.3565909566523,48.27019039693711,1537.4370880188235,1489.1668976218864,1132.242881092518,49.67451522538492,,
4-346,HEALTH_MONITORING,776.4622169232254,1.0,100,CloudNode,139,1.0,12000.0,686.1609228691985,1539.3202810239584,853.1593581547598,624.1140950281024,32.35259237180105,,
3-388,E_COMMERCE_TRANSACTION,406.80534457340974,0.5,300,CloudNode,119,1.0,12000.0,730.7755718352327,1539.9223638874373,809.1467920522047,651.326883528412,16.95022269055874,,
6-365,SMART_HOME_CONTROL,675.9472212040185,0.1,150,CloudNode,139,1.0,12000.0,762.6806317099542,1540.8266178944298,778.1459861844755,632.924177089454,28.164467550167437,,
3-399,SENSOR_DATA_LOGGING,605.9324450837228,0.1,10000,CloudNode,119,1.0,12000.0,751.4199284898708,1542.494078035092,791.0741495452211,638.6598117629057,25.24718521182178,,
3-24,E_COMMERCE_TRANSACTION,83.63958681946232,0.5,300,FogNode_1,2,1.0,1597.9384595498836,35.1627001502935,1543.172893500848,1508.0101933505546,1405.991059040153,6.909264487967746,,
4-378,SENSOR_DATA_LOGGING,268.3350572912477,0.1,10000,CloudNode,128,1.0,12000.0,756.5836030232523,1543.5858038153974,787.0022007921451,663.7848960869029,11.180627387135322,,
1-422,SMART_HOME_CONTROL,157.1291063134488,0.1,150,CloudNode,114,1.0,12000.0,744.191933609838,1543.695111697921,799.503178088083,672.0065054375295,6.5470460963937,,
7-370,HEALTH_MONITORING,191.44455671335788,1.0,100,CloudNode,128,1.0,12000.0,710.889729242106,1546.799026576001,835.9092973338951,672.205330890229,7.976856529723245,,
1-405,HEALTH_MONITORING,351.24275613794055,1.0,100,CloudNode,128,1.0,12000.0,714.066103187046,1547.247613372891,833.181510185845,661.5674709727297,14.635114839080856,,
8-352,HEALTH_MONITORING,524.8941430048486,1.0,100,CloudNode,136,1.0,12000.0,697.2986008931479,1548.1645551669487,850.8659542738009,649.7654100761845,21.87058929186869,,
4-30,SENSOR_DATA_LOGGING,596.7276795062896,0.1,10000,FogNode_7,5,1.0,1727.0272900361456,68.94310455513828,1548.286414298921,1479.3433097437828,1111.948053813537,40.89916621119148,,
1-45,GPS_TRACKING,289.9204071249029,0.2,200,FogNode_5,0,0.3333333333333333,782.8923712617282,83.72144262056489,1548.4664224822404,1464.7449798616756,1070.5593871950073,43.09370468057282,,
7-390,SENSOR_DATA_LOGGING,663.6666141175616,0.1,10000,CloudNode,117,1.0,12000.0,751.0980089896495,1549.1831941488524,798.0851851592029,639.9572262665118,27.652775588231734,,
5-386,GPS_TRACKING,875.3583589403695,0.2,200,CloudNode,122,1.0,12000.0,725.6103518463602,1550.4439904058308,824.8336385594706,626.6212787118081,36.473264955848734,,
3-26,HEALTH_MONITORING,581.8133786999434,1.0,100,FogNode_9,0,0.25,1349.236560939329,38.57786728457075,1555.7447808795432,1517.1669135949724,993.1636584108066,58.51857876565078,,
9-411,SMART_HOME_CONTROL,289.04216745385276,0.1,150,CloudNode,174,1.0,12000.0,782.5032876400734,1557.2295225999496,774.7262349598763,674.4943095244762,12.043423643910533,,
6-315,HEALTH_MONITORING,826.6185644387385,1.0,100,CloudNode,143,1.0,12000.0,680.5831752624575,1561.8357121682564,881.2525369057988,639.3041138391302,34.442440184947436,,
8-379,SENSOR_DATA_LOGGING,776.8654282035759,0.1,10000,CloudNode,113,1.0,12000.0,744.7706513517119,1562.0019751377424,817.2313237860305,642.8086352191223,32.36939284181566,,
4-390,SMART_HOME_CONTROL,934.0759377237603,0.1,150,CloudNode,155,1.0,12000.0,773.9835413542587,1565.147182917981,791.1636415637222,634.3576287676369,38.919830738490006,,
1-421,GPS_TRACKING,736.7021750522409,0.2,200,CloudNode,116,1.0,12000.0,742.3110523705634,1568.496913074309,826.1858607037457,652.4053436548381,30.69592396051004,,
7-398,SENSOR_DATA_LOGGING,420.0083953684881,0.1,10000,CloudNode,139,1.0,12000.0,761.6157071858677,1569.4598142579985,807.8441070721308,675.6267320048637,17.50034980702034,,
9-400,SENSOR_DATA_LOGGING,258.2362571186087,0.1,10000,CloudNode,142,1.0,12000.0,763.775481119467,1569.684243260166,805.9087621406991,685.0848330477767,10.759844046608695,,
9-412,SMART_HOME_CONTROL,166.9186385833706,0.1,150,CloudNode,174,1.0,12000.0,782.9458802309332,1571.1394091485638,788.1935289176306,693.5275475518835,6.954943274307109,,
7-15,E_COMMERCE_TRANSACTION,367.8389623047634,0.5,300,FogNode_0,0,1.0,1189.2931772946604,38.849706815729206,1572.3634851826118,1533.5137783668827,1173.9437911968628,23.421846568604,,
6-373,GPS_TRACKING,584.3495023429624,0.2,200,CloudNode,168,1.0,12000.0,778.8386588561476,1574.5688149229916,795.730156066844,667.7413615585834,24.347895930956767,,
0-365,SENSOR_DATA_LOGGING,85.49554415435804,0.1,10000,CloudNode,112,1.0,12000.0,747.1385014503925,1575.621541753839,828.4830403034465,703.4412452441197,3.5623143397649186,,
3-44,GPS_TRACKING,941.3536670413358,0.2,200,FogNode_7,3,1.0,1727.0272900361456,63.741884087610444,1577.496567307444,1513.7546832198334,943.7669443343831,64.51951436824942,,
7-413,GPS_TRACKING,334.73865477688685,0.2,200,CloudNode,186,1.0,12000.0,788.3032321770839,1578.3388783039047,790.0356461268208,686.8115727211976,13.947443949036952,,
4-339,HEALTH_MONITORING,468.29515898383715,1.0,100,CloudNode,144,1.0,12000.0,674.6241628685351,1578.9469604694236,904.3227976008885,679.7648814863489,19.512298290993215,,
4-374,GPS_TRACKING,534.6779250983411,0.2,200,CloudNode,113,1.0,12000.0,748.2841742317181,1579.9369237499764,831.6527495182582,675.9625914104191,22.278246879097548,,
6-352,GPS_TRACKING,67.23451297540964,0.2,200,CloudNode,114,1.0,12000.0,746.0841373075764,1581.2244178351232,835.1402805275468,709.817307528872,2.8014380406420685,,
2-339,HEALTH_MONITORING,505.176481437957,1.0,100,CloudNode,144,1.0,12000.0,676.3469809416276,1582.9246580142594,906.5776770726318,680.281043365007,21.049020059914877,,
6-357,GPS_TRACKING,434.63890129429643,0.2,200,CloudNode,115,1.0,12000.0,749.1369257916838,1583.0189350171925,833.8820092255087,684.2161977255331,18.109954220595686,,
0-370,SMART_HOME_CONTROL,477.08891705805524,0.1,150,CloudNode,134,1.0,12000.0,759.5168830818646,1583.3432135702353,823.8263304883707,682.4738274890091,19.87870487741897,,
7-31,SENSOR_DATA_LOGGING,818.5075224526543,0.1,10000,FogNode_7,4,1.0,1727.0272900361456,68.16135682468499,1584.0451573142655,1515.8838004895804,1020.3740969075529,56.09975262685765,,
7-402,GPS_TRACKING,434.67532437736105,0.2,200,CloudNode,141,1.0,12000.0,763.9643193143621,1585.4061378469657,821.4418185326036,686.0593535418237,18.11147184905671,,
7-9,VOICE_ASSISTANT,134.74685284908912,2.0,150,FogNode_2,0,0.5,681.967788340379,27.077446144975887,1588.1045412764745,1561.0270951314985,1192.2480416558437,16.53937099381318,,
6-336,E_COMMERCE_TRANSACTION,906.3064509012568,0.5,300,CloudNode,124,1.0,12000.0,720.2407458313787,1590.1832645443794,869.9425187130007,658.2572023484679,37.76276878755237,,
4-365,SMART_HOME_CONTROL,964.9132935611552,0.1,150,CloudNode,118,1.0,12000.0,736.7098290349459,1590.5587297674908,853.848900732545,655.2960277242404,40.204720565048135,,
8-388,GPS_TRACKING,98.25041453437179,0.2,200,CloudNode,139,1.0,12000.0,762.4078695356176,1591.2064695617235,828.7986000261059,714.947207344329,4.093767272265492,,
7-39,SENSOR_DATA_LOGGING,272.65285469638786,0.1,10000,FogNode_5,0,0.6666666666666666,782.8923712617282,88.42150708809626,1591.2354600257759,1502.8139529376797,1134.4925015995832,40.52705953720368,,
2-391,GPS_TRACKING,152.90473651384897,0.2,200,CloudNode,165,1.0,12000.0,776.278451131332,1591.6890218455776,815.4105707142456,712.7026128856587,6.37103068807704,,
7-396,GPS_TRACKING,795.5583315908484,0.2,200,CloudNode,135,1.0,12000.0,758.86152656679,1592.0120866052234,833.1505600384335,667.8474111415774,33.14826381628535,,
8-344,HEALTH_MONITORING,561.856238933605,1.0,100,CloudNode,143,1.0,12000.0,680.1986519242032,1594.068966617358,913.8703146931548,684.4827694167004,23.410676622233545,,
2-395,SMART_HOME_CONTROL,911.9388948992315,0.1,150,CloudNode,180,1.0,12000.0,784.9999801230216,1595.7363845200825,810.7364043970609,662.4707737458735,37.99745395413465,,
9-112,SENSOR_DATA_LOGGING,264.8187802033177,0.1,10000,FogNode_3,20,1.0,1899.4436001125757,192.3969455664048,1596.1538005217103,1403.7568549553055,1251.1314402532737,12.573036292840653,,
5-407,SENSOR_DATA_LOGGING,207.66103225795558,0.1,10000,CloudNode,168,1.0,12000.0,778.2789565946287,1597.2420097714726,818.9630531768439,712.6774257421797,8.652543010748149,,
8-399,SENSOR_DATA_LOGGING,103.37162313542495,0.1,10000,CloudNode,174,1.0,12000.0,783.0086681475477,1598.7975664723315,815.7888983247838,721.4658911971278,4.3071509639760395,,
2-380,E_COMMERCE_TRANSACTION,94.62125044913006,0.5,300,CloudNode,115,1.0,12000.0,750.175603701979,1599.0915737658177,848.9159700638387,722.1275724947319,3.9425521020470855,,
3-362,HEALTH_MONITORING,977.1797949467799,1.0,100,CloudNode,144,1.0,12000.0,676.2941099943115,1601.0166760279965,924.722566033685,662.7992746655605,40.715824789449165,,
7-389,SENSOR_DATA_LOGGING,167.59330905635588,0.1,10000,CloudNode,115,1.0,12000.0,749.7774798447691,1604.5248388555206,854.7473590107514,721.7688300613229,6.983054544014829,,
3-3,HEALTH_MONITORING,727.2211961642067,1.0,100,FogNode_0,0,0.0,1189.2931772946604,2.3800962970529516,1607.720451361782,1605.340355064729,908.79376642754,46.30521783574027,,
0-335,HEALTH_MONITORING,523.7251669569428,1.0,100,CloudNode,139,1.0,12000.0,689.0134571173031,1608.7909468310595,919.7774897137564,700.5927332984567,21.821881956539283,,
3-112,GPS_TRACKING,328.9727167186388,0.2,200,FogNode_6,13,1.0,816.2509881302752,214.0479582022315,1610.5103427059578,1396.4623845037263,967.4738982921734,44.32752162308159,,
8-387,E_COMMERCE_TRANSACTION,340.2008342533545,0.5,300,CloudNode,135,1.0,12000.0,759.244199840693,1611.2747275353722,852.0305276946792,715.1303749406652,14.17503476055644,,
1-126,SENSOR_DATA_LOGGING,407.84828142112474,0.1,10000,FogNode_6,13,1.0,816.2509881302752,217.4441397172054,1613.1527196864672,1395.7085799692618,877.6596133982562,54.9556318650399,,
6-349,GPS_TRACKING,929.8012110800192,0.2,200,CloudNode,116,1.0,12000.0,741.9920044240017,1616.8037152806266,874.8117108566249,679.8067170100999,38.74171712833414,,
4-353,HEALTH_MONITORING,916.5093956506637,1.0,100,CloudNode,128,1.0,12000.0,714.2233509262331,1618.8698610059805,904.6465100797474,681.7982391137143,38.18789148544432,,
0-369,SENSOR_DATA_LOGGING,270.6098737466448,0.1,10000,CloudNode,135,1.0,12000.0,758.5188947062773,1619.7928325836929,861.2739378774156,726.3665839067986,11.275411406110198,,
9-377,HEALTH_MONITORING,724.2626282943471,1.0,100,CloudNode,128,1.0,12000.0,713.9336371749462,1622.3571941622713,908.4235569873251,697.8188330751277,30.177609512264464,,
3-416,SENSOR_DATA_LOGGING,955.1381448972421,0.1,10000,CloudNode,176,1.0,12000.0,783.6689322145136,1623.2899571060245,839.621024891511,682.1416685720696,39.797422704051755,,
2-405,SENSOR_DATA_LOGGING,520.4480180647506,0.1,10000,CloudNode,196,1.0,12000.0,795.0208440325375,1624.5950860071857,829.5742419746482,713.808778326423,21.685334086031276,,
0-17,HEALTH_MONITORING,786.6439817694559,1.0,100,FogNode_9,0,0.25,1349.236560939329,36.408889875804974,1625.3259360026286,1588.9170461268236,917.6913671416235,79.12036658655394,,
5-377,HEALTH_MONITORING,612.9715800748187,1.0,100,CloudNode,128,1.0,12000.0,710.8083619538511,1629.4198433101396,918.6114813562886,712.12991883161,25.540482503117445,,
6-350,E_COMMERCE_TRANSACTION,551.4525434552993,0.5,300,CloudNode,115,1.0,12000.0,742.823621635979,1631.3605164682408,888.5368948322619,716.8377620908543,22.97718931063747,,
2-404,SENSOR_DATA_LOGGING,851.7221141698517,0.1,10000,CloudNode,197,1.0,12000.0,794.7260126166465,1632.812555015744,838.0865423990975,698.0042253026979,35.48842142374382,,
1-440,SENSOR_DATA_LOGGING,726.4527848254185,0.1,10000,CloudNode,192,1.0,12000.0,793.4487153526436,1635.1065469917764,841.6578316391328,708.7656458878935,30.268866034392435,,
0-352,HEALTH_MONITORING,297.3025290141035,1.0,100,CloudNode,122,1.0,12000.0,728.7012987380771,1636.0499382865476,907.3486395484705,738.6049110066324,12.387605375587647,,
0-353,HEALTH_MONITORING,649.5648672313123,1.0,100,CloudNode,122,1.0,12000.0,728.7138397128969,1637.4736191728448,908.7597794599479,715.1528562243898,27.06520280130468,,
2-30,GPS_TRACKING,377.10926396423116,0.2,200,FogNode_5,0,0.3333333333333333,782.8923712617282,77.54456035258768,1641.6650557442795,1564.1204953916917,1057.0391294782696,56.053436923401954,,
9-375,HEALTH_MONITORING,461.35017701485765,1.0,100,CloudNode,130,1.0,12000.0,705.6084420136967,1642.970686940092,937.3622449263953,732.6754116916694,19.222924042285737,,
7-394,SENSOR_DATA_LOGGING,863.9290781113884,0.1,10000,CloudNode,124,1.0,12000.0,755.6586086711964,1643.1334989911795,887.4748903199832,705.4378770423189,35.99704492130785,,
8-397,SENSOR_DATA_LOGGING,882.1075366509225,0.1,10000,CloudNode,174,1.0,12000.0,781.4988390759672,1643.193204647743,861.6943655717757,704.0643475159884,36.75448069378844,,
6-364,SMART_HOME_CONTROL,80.7114986834451,0.1,150,CloudNode,139,1.0,12000.0,761.9498244050119,1644.1995773964652,882.2497529914533,761.1949265880515,3.3629791118102124,,
3-378,HEALTH_MONITORING,313.4818736149433,1.0,100,CloudNode,128,1.0,12000.0,709.0382180436205,1644.9933504738924,935.9551324302719,745.7311353744024,13.06174473395597,,
2-385,SENSOR_DATA_LOGGING,295.7542910822555,0.1,10000,CloudNode,149,1.0,12000.0,768.345428786967,1649.241276930707,880.8958481437401,749.2530840497147,12.323095461760646,,
2-343,HEALTH_MONITORING,656.1896434047271,1.0,100,CloudNode,140,1.0,12000.0,684.9497119239685,1650.4188548038098,965.4691428798413,725.3496902477706,27.34123514186363,,
4-375,E_COMMERCE_TRANSACTION,701.9876974950281,0.5,300,CloudNode,115,1.0,12000.0,749.381422882389,1650.5110613964757,901.1296385140868,722.3569537967376,29.249487395626172,,
7-387,GPS_TRACKING,973.4513803423094,0.2,200,CloudNode,113,1.0,12000.0,744.933438984971,1650.5807626198575,905.6473236348866,703.9440115265114,40.56047418092956,,
3-405,GPS_TRACKING,70.86915456216929,0.2,200,CloudNode,153,1.0,12000.0,772.7441140411802,1650.8991133540733,878.1549993128931,768.0539017749334,2.952881440090387,,
5-34,SENSOR_DATA_LOGGING,388.4370667746586,0.1,10000,FogNode_4,2,1.0,1758.3565909566523,56.607384046334126,1652.2385316794987,1595.6311476331646,1358.258776151275,32.35820591478196,,
2-397,SENSOR_DATA_LOGGING,642.6310895687387,0.1,10000,CloudNode,184,1.0,12000.0,787.6204246427181,1652.6441645632126,865.0237399204944,727.6785918748473,26.77629539869745,,
0-371,GPS_TRACKING,363.5033597326584,0.2,200,CloudNode,139,1.0,12000.0,762.2125682837151,1653.5819037504127,891.3693354666976,748.4177633873741,15.1459733221941,,
8-405,SENSOR_DATA_LOGGING,443.6210610050149,0.1,10000,CloudNode,192,1.0,12000.0,792.573325198815,1653.7721370310446,861.1988118322296,743.6814128170222,18.484210875208955,,
1-447,SENSOR_DATA_LOGGING,410.2731173743597,0.1,10000,CloudNode,236,1.0,12000.0,809.9008428393389,1653.9822590315562,844.0814161922173,745.1984490031577,17.094713223931652,,
7-397,SENSOR_DATA_LOGGING,171.69807586668023,0.1,10000,CloudNode,137,1.0,12000.0,760.9266182596122,1657.501377636633,896.5747593770208,766.7299131968775,7.15408649444501,,
0-383,SENSOR_DATA_LOGGING,360.41062225232884,0.1,10000,CloudNode,187,1.0,12000.0,789.8825007573647,1659.454061831167,869.5715610738024,753.8666297310111,15.0171092605137,,
8-23,SENSOR_DATA_LOGGING,937.6340365699546,0.1,10000,FogNode_4,0,0.5,1758.3565909566523,41.92382087734168,1660.9222240242793,1618.9984031469376,1064.7973284952282,78.10829043676158,,
9-24,SENSOR_DATA_LOGGING,422.94870445468877,0.1,10000,FogNode_1,2,1.0,1597.9384595498836,34.539288849883896,1661.0656314058951,1626.5263425560113,1338.9862261948208,34.93877211790287,,
2-381,SENSOR_DATA_LOGGING,837.8595017947205,0.1,10000,CloudNode,136,1.0,12000.0,760.3176902168183,1661.5106469951377,901.1929567783194,722.3656485690525,34.910812574780024,,
4-26,HEALTH_MONITORING,403.6995784159729,1.0,100,FogNode_9,1,1.0,1349.236560939329,60.79337079503627,1663.122414429467,1602.3290436344307,1212.677166130513,40.603957286067505,,
5-379,HEALTH_MONITORING,848.8957448770655,1.0,100,CloudNode,128,1.0,12000.0,712.4258739860858,1664.8102786904467,952.3844047043609,724.1935667834432,35.370656036544396,,
1-420,E_COMMERCE_TRANSACTION,728.9767084091505,0.5,300,CloudNode,116,1.0,12000.0,741.9821002731616,1669.5390058651553,927.5569055919938,736.2950939181071,30.37402951704794,,
9-382,HEALTH_MONITORING,289.72369127489867,1.0,100,CloudNode,124,1.0,12000.0,719.9564541159018,1674.5624957433847,954.6060416274829,773.1155872830551,12.071820469787443,,
6-324,HEALTH_MONITORING,935.7878041664976,1.0,100,CloudNode,138,1.0,12000.0,695.1755449887289,1676.7798834862062,981.6043384974773,727.8410489244916,38.9911585069374,,
9-408,GPS_TRACKING,161.39588427518012,0.2,200,CloudNode,167,1.0,12000.0,778.0957072925047,1678.2599357133784,900.1642284208737,783.9443677511324,6.724828511465839,,
7-399,GPS_TRACKING,540.6255988278646,0.2,200,CloudNode,139,1.0,12000.0,762.2755289205891,1680.158680227432,917.8831513068428,759.0049813874693,22.526066617827688,,
0-319,VOICE_ASSISTANT,333.7466087492831,2.0,150,CloudNode,159,1.0,12000.0,659.8111603986815,1681.5843544268182,1021.7731940281367,774.9424859973583,13.906108697886795,,
6-363,GPS_TRACKING,966.8336373724719,0.2,200,CloudNode,137,1.0,12000.0,761.0982188589113,1681.5861458090358,920.4879269501245,729.3174833838898,40.28473489051966,,
9-396,SENSOR_DATA_LOGGING,752.0950672494395,0.1,10000,CloudNode,131,1.0,12000.0,757.9626163008635,1685.0317830997246,927.0691667988611,747.6513086071445,31.337294468726643,,
1-419,E_COMMERCE_TRANSACTION,346.32249854341296,0.5,300,CloudNode,116,1.0,12000.0,741.020420474849,1686.361585848584,945.341165373735,778.0211574565602,14.43010410597554,,
8-413,SENSOR_DATA_LOGGING,471.0290471227014,0.1,10000,CloudNode,220,1.0,12000.0,803.0289713301161,1689.7634819900343,886.7345106599182,773.0949538641769,19.626210296779224,,
8-372,E_COMMERCE_TRANSACTION,577.9346534760573,0.5,300,CloudNode,119,1.0,12000.0,734.7649953498182,1691.2947201141842,956.529724764366,766.7881376680816,24.08061056150239,,
3-411,SENSOR_DATA_LOGGING,552.0061823186097,0.1,10000,CloudNode,170,1.0,12000.0,780.4324313780454,1696.8996285472908,916.4671971692454,772.9409909419257,23.000257596608737,,
8-406,SENSOR_DATA_LOGGING,734.0097032785926,0.1,10000,CloudNode,197,1.0,12000.0,795.2603463675309,1697.2174135597636,901.9570671922327,759.8771543728018,30.583737636608028,,
4-369,HEALTH_MONITORING,773.7903510599197,1.0,100,CloudNode,117,1.0,12000.0,737.7327758352263,1697.2950842707373,959.562308435511,756.7237415631238,32.24126462749665,,
3-425,SENSOR_DATA_LOGGING,74.8187414558588,0.1,10000,CloudNode,232,1.0,12000.0,806.6849516784571,1697.5296152355058,890.8446635570488,807.3044096830328,3.117447560660783,,
9-393,E_COMMERCE_TRANSACTION,489.3019081790512,0.5,300,CloudNode,121,1.0,12000.0,754.4112375357607,1700.229220846088,945.8179833103273,779.814223695088,20.38757950746047,,
2-406,SMART_HOME_CONTROL,684.4419085186718,0.1,150,CloudNode,207,1.0,12000.0,799.564103596721,1701.2364031063546,901.6722995096336,767.4752507684591,28.518412854944657,,
5-406,SENSOR_DATA_LOGGING,636.82552071024,0.1,10000,CloudNode,167,1.0,12000.0,776.5213174572272,1703.6495560123776,927.1282385551505,772.9496662657259,26.53439669626,,
2-398,SMART_HOME_CONTROL,912.2115269007943,0.1,150,CloudNode,186,1.0,12000.0,788.9847587306261,1707.3781437099738,918.3933849793476,755.7755438490528,38.00881362086643,,
2-356,HEALTH_MONITORING,350.6251567984486,1.0,100,CloudNode,136,1.0,12000.0,699.9784367210326,1707.4786987799157,1007.5002620588831,796.1165665926545,14.60938153326869,,
3-424,SENSOR_DATA_LOGGING,659.4021132581503,0.1,10000,CloudNode,232,1.0,12000.0,806.6215566597004,1708.932435136402,902.3108784767016,774.7144934073959,27.47508805242293,,
1-449,SENSOR_DATA_LOGGING,276.47039561101917,0.1,10000,CloudNode,249,1.0,12000.0,815.5569888502697,1709.4007854828355,893.8437966325658,802.391447165873,11.5195998171258,,
4-2,VOICE_ASSISTANT,332.86520996595914,2.0,150,FogNode_2,0,0.0,681.967788340379,10.015179816762124,1717.0217130048266,1707.0065331880644,1044.4965420765034,40.857215453679764,,
6-371,SENSOR_DATA_LOGGING,432.1323894393732,0.1,10000,CloudNode,155,1.0,12000.0,773.3598561690317,1721.0428155530058,947.6829593839741,801.2037101983482,18.005516226640548,,
9-385,HEALTH_MONITORING,945.3881426426807,1.0,100,CloudNode,118,1.0,12000.0,735.9854378276185,1721.7530321603153,985.7675943326968,766.6416453087361,39.391172610111695,,
1-443,SENSOR_DATA_LOGGING,899.4539346660844,0.1,10000,CloudNode,227,1.0,12000.0,805.4979944664135,1724.195771486214,918.6977770198005,772.2253141841951,37.47724727775351,,
2-390,E_COMMERCE_TRANSACTION,511.6709139477989,0.5,300,CloudNode,160,1.0,12000.0,775.0869332598631,1724.225388638019,949.1384553781559,798.2708310307019,21.31962141449162,,
1-395,HEALTH_MONITORING,599.0654593431004,1.0,100,CloudNode,136,1.0,12000.0,698.2710136103726,1724.4846173553096,1026.213603744937,792.7366320473096,24.961060805962518,,
4-398,SENSOR_DATA_LOGGING,572.7350141544744,0.1,10000,CloudNode,186,1.0,12000.0,789.2402308575257,1724.5078013324123,935.2675704748866,794.8679657152493,23.863958923103098,,
0-7,VOICE_ASSISTANT,392.73820558117217,2.0,150,FogNode_8,0,0.0,770.9711269175084,21.024229866454583,1724.8487040771465,1703.824474210692,1027.566756859095,37.33159970026305,,
3-43,E_COMMERCE_TRANSACTION,522.2599379631251,0.5,300,FogNode_7,2,1.0,1727.0272900361456,63.009942048311515,1728.3643789884195,1665.354436940108,1311.706844759388,35.79521571024303,,
9-414,GPS_TRACKING,374.32069404813814,0.2,200,CloudNode,176,1.0,12000.0,783.1985207198193,1728.4108047304417,945.2122840106224,812.908547542873,15.596695585339088,,
2-396,SENSOR_DATA_LOGGING,936.6085779020282,0.1,10000,CloudNode,185,1.0,12000.0,787.1439188242811,1730.6948793883817,943.5509605641006,774.4366121636981,39.025357412584505,,
0-376,SMART_HOME_CONTROL,932.7802244035844,0.1,150,CloudNode,150,1.0,12000.0,769.9561169137717,1731.3135891173781,961.3574722036064,774.79442447716,38.86584268348268,,
6-340,HEALTH_MONITORING,758.5518906787685,1.0,100,CloudNode,122,1.0,12000.0,727.0265514950906,1732.7516634217193,1005.7251119266286,787.8115325082634,31.60632877828202,,
2-383,GPS_TRACKING,525.4894290920636,0.2,200,CloudNode,141,1.0,12000.0,763.5236802204786,1733.5542677477063,970.0305875272277,805.7829781052023,21.89539287883598,,
8-373,E_COMMERCE_TRANSACTION,909.6184427923006,0.5,300,CloudNode,118,1.0,12000.0,735.9929676759575,1737.312183894496,1001.3192162185385,781.6144539995712,37.90076844967919,,
3-394,HEALTH_MONITORING,716.6790180608691,1.0,100,CloudNode,116,1.0,12000.0,739.5400091583203,1741.3076059318905,1001.7675967735702,798.7827289513203,29.861625752536213,,
5-394,HEALTH_MONITORING,209.40116732661483,1.0,100,CloudNode,114,1.0,12000.0,743.4831603389003,1741.675485915237,998.1923255763367,833.4362753178611,8.725048638608952,,
6-368,E_COMMERCE_TRANSACTION,741.3413710901086,0.5,300,CloudNode,145,1.0,12000.0,766.5662199006204,1741.9371278182743,975.370907917654,797.5928234639182,30.88922379542119,,
2-393,SENSOR_DATA_LOGGING,177.20468188829557,0.1,10000,CloudNode,170,1.0,12000.0,780.3320223130349,1743.1778615544663,962.8458392414313,836.5651785879191,7.383528412012315,,
9-427,GPS_TRACKING,591.2770612547017,0.2,200,CloudNode,206,1.0,12000.0,798.1189265432633,1746.5681727086292,948.4492461653658,812.700372186752,24.636544218945907,,
4-380,GPS_TRACKING,602.8727251469224,0.2,200,CloudNode,144,1.0,12000.0,766.2975331651119,1747.7690089977493,981.4714758326375,811.7514127007281,25.11969688112177,,
0-360,HEALTH_MONITORING,311.974488187511,1.0,100,CloudNode,119,1.0,12000.0,735.4254524732871,1750.19364550184,1014.7681930285528,833.7458498416592,12.998937007812957,,
3-410,E_COMMERCE_TRANSACTION,372.71485612777917,0.5,300,CloudNode,168,1.0,12000.0,778.7541271120317,1752.1023868969874,973.3482597849556,831.6444174084861,15.5297856719908,,
3-415,SMART_HOME_CONTROL,232.13734410134666,0.1,150,CloudNode,174,1.0,12000.0,783.0284165711897,1752.8990464228184,969.8706298516287,841.1209558449592,9.672389337556112,,
6-377,SENSOR_DATA_LOGGING,153.65366694322967,0.1,10000,CloudNode,190,1.0,12000.0,790.9235584250882,1754.7416000635435,963.8180416384553,848.0381378028757,6.402236122634569,,
8-358,HEALTH_MONITORING,729.2017838052592,1.0,100,CloudNode,128,1.0,12000.0,710.5314317188543,1760.996036163193,1050.4646044443386,813.0915565546134,30.383407658552468,,
5-383,HEALTH_MONITORING,344.7279327524132,1.0,100,CloudNode,122,1.0,12000.0,722.2718404145581,1761.478991151087,1039.207150736529,840.4100553041019,14.363663864683884,,
7-29,E_COMMERCE_TRANSACTION,319.03033888632154,0.5,300,FogNode_7,3,1.0,1727.0272900361456,64.36578281452596,1762.2245914254904,1697.8588086109644,1462.7481244272235,21.866045944642458,,
6-342,HEALTH_MONITORING,486.9214653534178,1.0,100,CloudNode,120,1.0,12000.0,732.7339679899,1762.3298209397667,1029.5958529498666,831.3447771399431,20.288394389725738,,
5-33,E_COMMERCE_TRANSACTION,229.17333055981865,0.5,300,FogNode_0,2,1.0,1189.2931772946604,53.127881844248044,1765.0605719355433,1711.9326900912952,1467.8463988484136,14.592425316654744,,
2-402,E_COMMERCE_TRANSACTION,346.8291401176584,0.5,300,CloudNode,190,1.0,12000.0,791.5483083624165,1766.2146122376341,974.6663038752176,844.5887010638035,14.4512141715691,,
3-359,VOICE_ASSISTANT,65.9789237829135,2.0,150,CloudNode,145,1.0,12000.0,670.579462115895,1766.9772347996632,1096.3977726837682,865.6083546223201,2.7491218242880624,,
6-360,E_COMMERCE_TRANSACTION,844.6623510678073,0.5,300,CloudNode,125,1.0,12000.0,756.1067014118521,1767.2881578029414,1011.1814563910893,812.8389746405021,35.194264627825305,,
4-403,SENSOR_DATA_LOGGING,730.2464909656587,0.1,10000,CloudNode,222,1.0,12000.0,804.4277340848168,1768.232017957112,963.8042838722952,818.8670756186152,30.426937123569115,,
7-417,GPS_TRACKING,543.1984636961847,0.2,200,CloudNode,211,1.0,12000.0,800.7588004772134,1769.774339973761,969.0155394965476,832.6762822315202,22.633269320674362,,
5-400,GPS_TRACKING,798.4782890259263,0.2,200,CloudNode,139,1.0,12000.0,762.4028034024611,1770.1894134312047,1007.7866100287436,815.6264403450805,33.26992870941359,,
2-21,E_COMMERCE_TRANSACTION,788.2738596866528,0.5,300,FogNode_7,0,0.75,1727.0272900361456,52.20263450385853,1770.6431844637816,1718.4405499599231,1208.6699557959919,54.0275651934494,,
2-5,HEALTH_MONITORING,853.9604510093457,1.0,100,FogNode_7,0,0.0,1727.0272900361456,9.523496838936559,1772.32525370418,1762.8017568652435,1181.339634390289,58.52966373624895,,
8-370,HEALTH_MONITORING,300.5176599463467,1.0,100,CloudNode,120,1.0,12000.0,732.2122535753861,1772.8121473266115,1040.5998937512254,853.3053726764027,12.521569164431114,,
9-420,SMART_HOME_CONTROL,619.81743318795,0.1,150,CloudNode,186,1.0,12000.0,789.1596746564381,1776.1360701209721,986.976395464534,833.3918495479313,25.82572638283125,,
0-98,SENSOR_DATA_LOGGING,344.2855243967513,0.1,10000,FogNode_3,20,1.0,1899.4436001125757,196.45783066044572,1777.4097874730187,1580.951956812573,1386.0605212347327,16.345949445188932,,
9-378,HEALTH_MONITORING,447.6859294603526,1.0,100,CloudNode,128,1.0,12000.0,714.8483523300092,1778.9826467035998,1064.1342943735906,848.272483892275,18.653580394181358,,
2-9,VOICE_ASSISTANT,371.7769824342722,2.0,150,FogNode_2,0,0.0,681.967788340379,19.47157895343642,1779.19134435148,1759.7197653980436,1049.0268118351162,45.63340300294338,,
3-407,SMART_HOME_CONTROL,943.0350606430276,0.1,150,CloudNode,157,1.0,12000.0,774.7787956581024,1779.8226581599401,1005.0438625018378,814.0826018449586,39.293127526792816,,
8-415,GPS_TRACKING,431.9163283610204,0.2,200,CloudNode,231,1.0,12000.0,806.1173681468497,1782.5612000720475,976.4438319251979,852.1322203430727,17.996513681709185,,
9-409,GPS_TRACKING,937.8327352474445,0.2,200,CloudNode,168,1.0,12000.0,779.3031422550158,1787.085163073689,1007.7820208186732,820.0455195994592,39.07636396864352,,
4-356,HEALTH_MONITORING,397.56803088888114,1.0,100,CloudNode,124,1.0,12000.0,719.7322978621604,1787.8722693042837,1068.1399714421232,859.2506226669093,16.56533462037005,,
7-433,SENSOR_DATA_LOGGING,108.98198760708483,0.1,10000,CloudNode,263,1.0,12000.0,823.8555915961025,1788.0644790041902,964.2088874080877,881.1022765117208,4.540916150295201,,
9-440,SENSOR_DATA_LOGGING,989.7241755543037,0.1,10000,CloudNode,249,1.0,12000.0,815.0668807464829,1789.955713409441,974.8888326629581,818.8867186805257,41.23850731476266,,
6-393,SENSOR_DATA_LOGGING,716.3769280009228,0.1,10000,CloudNode,249,1.0,12000.0,814.7896205626267,1790.392956721792,975.6033361591652,838.833314107891,29.849038666705116,,
0-5,E_COMMERCE_TRANSACTION,964.0553625940423,0.5,300,FogNode_3,0,0.0,1899.4436001125757,19.17441802118519,1790.419449805605,1771.2450317844198,1217.0164110075837,45.771312189023874,,
4-393,SMART_HOME_CONTROL,975.2772241483729,0.1,150,CloudNode,174,1.0,12000.0,782.7875878892978,1790.6738874952,1007.8862996059022,820.5014340786643,40.6365510061822,,
5-23,GPS_TRACKING,867.9914385253145,0.2,200,FogNode_3,0,1.0,1899.4436001125757,37.075203341872694,1790.799550555922,1753.7243472140492,1266.2611557023727,41.210399995328665,,
9-444,SMART_HOME_CONTROL,99.88281436756793,0.1,150,CloudNode,256,1.0,12000.0,818.9034817281633,1790.8847679360115,971.9812862078481,884.0640268971465,4.161783931981997,,
4-391,E_COMMERCE_TRANSACTION,350.48296074911525,0.5,300,CloudNode,160,1.0,12000.0,775.1308034794193,1796.495071198701,1021.3642677192817,870.6650522883384,14.603456697879801,,
5-55,SMART_HOME_CONTROL,195.5265517083389,0.1,150,FogNode_5,1,1.0,782.8923712617282,89.72524359255341,1798.21537762051,1708.4901340279566,1438.2800900863535,29.063023055496235,,
1-373,VOICE_ASSISTANT,803.0652049394427,2.0,150,CloudNode,159,1.0,12000.0,657.8806472073213,1798.2356895289984,1140.355042321677,839.1736417642367,33.46105020581011,,
3-34,HEALTH_MONITORING,686.2182515675449,1.0,100,FogNode_9,0,0.625,1349.236560939329,52.17640920998134,1804.550523434978,1752.3741142249967,1150.5645144524624,69.0195830396886,,
5-396,E_COMMERCE_TRANSACTION,485.29528301066625,0.5,300,CloudNode,115,1.0,12000.0,749.151384578881,1806.6558858218564,1057.5045012429755,870.1363634705981,20.220636792111094,,
4-410,SMART_HOME_CONTROL,768.189264377929,0.1,150,CloudNode,266,1.0,12000.0,824.7265767060322,1807.1936335859605,982.4670568799282,849.0918518648311,32.00788601574704,,
4-394,SMART_HOME_CONTROL,679.2009610173498,0.1,150,CloudNode,176,1.0,12000.0,783.8315933426487,1809.4991265075976,1025.667533164949,857.8077271488966,28.300040042389572,,
3-430,GPS_TRACKING,523.0937775696774,0.2,200,CloudNode,249,1.0,12000.0,814.1313753374218,1810.5683829304696,996.4370075930478,870.4672399360941,21.795574065403226,,
9-430,GPS_TRACKING,54.474644838367176,0.2,200,CloudNode,219,1.0,12000.0,802.6190884174189,1811.195439558387,1008.5763511409682,904.8343871194395,2.269776868265299,,
9-426,SMART_HOME_CONTROL,712.8009689133905,0.1,150,CloudNode,199,1.0,12000.0,795.5288015007711,1811.50246763977,1015.9736661389989,857.1462829835785,29.70004037139127,,
7-376,HEALTH_MONITORING,862.9565790898001,1.0,100,CloudNode,122,1.0,12000.0,723.1939844744411,1813.2206541893738,1090.0266697149327,848.1151122274064,35.95652412874168,,
4-387,E_COMMERCE_TRANSACTION,511.3370387696646,0.5,300,CloudNode,153,1.0,12000.0,772.2869216643194,1815.4235672240836,1043.1366455597642,875.1473741526175,21.305709948736027,,
5-21,VOICE_ASSISTANT,193.0307461470968,2.0,150,FogNode_2,0,0.6666666666666666,681.967788340379,33.9152006286167,1816.8324062148895,1782.9172055862728,1325.1541883333973,23.693370614859518,,
3-406,E_COMMERCE_TRANSACTION,79.52697152007372,0.5,300,CloudNode,154,1.0,12000.0,772.9522277362761,1818.1297152664429,1045.1774875301667,908.6386906833077,3.3136238133364047,,
6-397,SMART_HOME_CONTROL,614.0829201782852,0.1,150,CloudNode,263,1.0,12000.0,823.9134493216224,1820.9479166552849,997.0344673336625,872.6021233970795,25.586788340761885,,
2-379,HEALTH_MONITORING,726.0066535008818,1.0,100,CloudNode,115,1.0,12000.0,749.6805564029751,1822.8303753981736,1073.1498189951985,866.3730104328712,30.25027722920341,,
3-39,E_COMMERCE_TRANSACTION,724.8623941826188,0.5,300,FogNode_7,0,0.875,1727.0272900361456,56.848284444784944,1823.1932806151804,1766.3449961703955,1292.0824222481199,49.68140168132529,,
8-409,SMART_HOME_CONTROL,879.9400691069325,0.1,150,CloudNode,205,1.0,12000.0,798.4453200056886,1823.5219845940842,1025.0766645883955,855.6673219481438,36.66416954612219,,
3-404,E_COMMERCE_TRANSACTION,569.0141164978672,0.5,300,CloudNode,152,1.0,12000.0,771.8003991082682,1823.553913162461,1051.7535140541927,878.4269764819455,23.708921520744468,,
7-416,GPS_TRACKING,173.26104043364305,0.2,200,CloudNode,204,1.0,12000.0,796.8950317513691,1825.0068029666065,1028.1117712152375,908.0793551885914,7.21921001806846,,
8-410,GPS_TRACKING,738.1132913433613,0.2,200,CloudNode,205,1.0,12000.0,798.6337923243701,1829.7414589023922,1031.107666578022,871.5642775632112,30.754720472640056,,
1-429,E_COMMERCE_TRANSACTION,868.3821485631507,0.5,300,CloudNode,128,1.0,12000.0,756.5022584816019,1833.361215210122,1076.8589567285203,865.3478899822655,36.182589523464614,,
0-351,HEALTH_MONITORING,557.1312065545499,1.0,100,CloudNode,122,1.0,12000.0,727.7895512482626,1834.4920795504027,1106.70252830214,889.2602785691995,23.213800273106244,,
3-4,E_COMMERCE_TRANSACTION,838.3975667200252,0.5,300,FogNode_1,0,0.0,1597.9384595498836,3.1370500205740317,1835.154464894878,1832.017414874304,1258.308766821882,69.2580003657947,,
8-39,GPS_TRACKING,155.50878140660495,0.2,200,FogNode_5,2,1.0,782.8923712617282,90.7931087259767,1840.2987212582036,1749.505612532227,1528.8145394971968,23.11479059935537,,
6-380,SENSOR_DATA_LOGGING,863.509230590898,0.1,10000,CloudNode,195,1.0,12000.0,793.9378542518743,1842.148515980446,1048.2106617285717,872.8610124550634,35.979551274620746,,
8-393,GPS_TRACKING,661.6334584407454,0.2,200,CloudNode,155,1.0,12000.0,774.4174786191152,1843.0083908410124,1068.5909122218973,889.0740066844319,27.56806076836439,,
3-429,GPS_TRACKING,433.0145428434159,0.2,200,CloudNode,248,1.0,12000.0,813.9653912653131,1843.2781788229117,1029.3127875575988,905.3466394471941,18.04227261847566,,
6-385,GPS_TRACKING,659.0710091353974,0.2,200,CloudNode,212,1.0,12000.0,800.8827054896227,1845.807352030628,1044.9246465410051,890.727051761635,27.461292047308223,,
9-439,SENSOR_DATA_LOGGING,731.6403918840476,0.1,10000,CloudNode,249,1.0,12000.0,814.206599335474,1851.643920152204,1037.4373208167299,890.6728892700139,30.485016328501985,,
5-389,HEALTH_MONITORING,889.6150594368778,1.0,100,CloudNode,119,1.0,12000.0,735.154049871928,1853.9572464463467,1118.8031965744187,881.4957070879084,37.06729414320324,,
2-403,GPS_TRACKING,121.23759080752988,0.2,200,CloudNode,195,1.0,12000.0,794.0338671219746,1855.910484597922,1061.8766174759476,939.8419699794576,5.0515662836470785,,
4-401,SMART_HOME_CONTROL,450.95641723739385,0.1,150,CloudNode,220,1.0,12000.0,802.7467349651131,1858.5276180917344,1055.7808831266213,917.1378783221364,18.789850718224745,,
2-400,SENSOR_DATA_LOGGING,888.9717222680772,0.1,10000,CloudNode,186,1.0,12000.0,789.4356202683095,1861.166139929362,1071.7305196610525,888.3010350680019,37.04048842783655,,
8-89,SMART_HOME_CONTROL,134.4855152951201,0.1,150,FogNode_3,20,1.0,1899.4436001125757,192.26003009086926,1861.2220339345306,1668.9620038436613,1579.0230186892989,6.385088185092917,,
8-381,HEALTH_MONITORING,525.8638099000713,1.0,100,CloudNode,116,1.0,12000.0,750.5928852374416,1861.9516994247822,1111.3588141873406,914.3519345938946,21.910992079169638,,
8-417,GPS_TRACKING,639.9398293703221,0.2,200,CloudNode,232,1.0,12000.0,806.8451537363663,1862.827445621791,1055.9822918854247,907.3095481585889,26.664159557096752,,
0-19,E_COMMERCE_TRANSACTION,965.6496850891361,0.5,300,FogNode_3,0,1.0,1899.4436001125757,37.68911458670727,1863.1877828715096,1825.4986682848023,1263.3745947720909,45.8470072533162,,
0-358,HEALTH_MONITORING,636.0661037478146,1.0,100,CloudNode,120,1.0,12000.0,731.7333223747446,1864.2009482040382,1132.4676258292936,908.5011791041907,26.50275432282561,,
8-365,HEALTH_MONITORING,598.0084007541678,1.0,100,CloudNode,124,1.0,12000.0,720.647400314137,1865.2576006202644,1144.6102003061274,912.2429536433931,24.917016698090325,,
6-347,HEALTH_MONITORING,907.2537375956733,1.0,100,CloudNode,116,1.0,12000.0,741.6707493696632,1865.5601915424138,1123.8894421727505,890.7223636795698,37.802239066486386,,
6-317,VOICE_ASSISTANT,835.2116727614273,2.0,150,CloudNode,142,1.0,12000.0,682.282752600182,1866.0960439288199,1183.813291328638,895.4608257375306,34.80048636505947,,
0-378,GPS_TRACKING,513.4153998390454,0.2,200,CloudNode,168,1.0,12000.0,778.9641155156366,1866.3385298157148,1087.3744143000781,918.614880878697,21.392308326626896,,
3-452,SENSOR_DATA_LOGGING,299.0091099303877,0.1,10000,CloudNode,286,1.0,12000.0,834.2505547056237,1867.0659418079783,1032.8153871023546,936.7621730992602,12.458712913766153,,
3-426,SENSOR_DATA_LOGGING,89.80569351667589,0.1,10000,CloudNode,240,1.0,12000.0,810.8713218787042,1868.6499477224183,1057.778625843714,953.31438503893,3.741903896528162,,
9-445,GPS_TRACKING,70.13743718951137,0.2,200,CloudNode,262,1.0,12000.0,823.339839690873,1871.9408303612793,1048.6009906704062,956.0838045108754,2.922393216229641,,
1-451,GPS_TRACKING,598.216146393258,0.2,200,CloudNode,259,1.0,12000.0,820.8442902693871,1872.6817209309452,1051.837430661558,918.418331854563,24.92567276638575,,
3-420,GPS_TRACKING,995.2843908807583,0.2,200,CloudNode,198,1.0,12000.0,795.4691394852291,1873.3333226285217,1077.8641831432926,890.8760313253116,41.47018295336493,,
0-387,GPS_TRACKING,531.8967640947126,0.2,200,CloudNode,208,1.0,12000.0,800.325180151479,1874.0661892436183,1073.7410090921394,924.7292017590418,22.162365170613022,,
3-431,GPS_TRACKING,627.3441536457345,0.2,200,CloudNode,249,1.0,12000.0,814.1402881250781,1875.8006640645622,1061.660375939484,919.0427988019154,26.13933973523894,,
9-432,SENSOR_DATA_LOGGING,755.0925674653075,0.1,10000,CloudNode,228,1.0,12000.0,805.685036495296,1876.1450348114827,1070.4599983161866,910.2680669937627,31.46219031105448,,
2-333,VOICE_ASSISTANT,649.4747911723636,2.0,150,CloudNode,151,1.0,12000.0,665.9803788117841,1879.1297022309702,1213.1493234191862,920.0512097658362,27.061449632181816,,
3-449,SMART_HOME_CONTROL,298.4157913396389,0.1,150,CloudNode,283,1.0,12000.0,830.9205860039879,1880.7784672095586,1049.8578812055707,948.4255546439164,12.433991305818285,,
9-422,GPS_TRACKING,995.2747432950098,0.2,200,CloudNode,192,1.0,12000.0,793.1167042329266,1881.1752514702491,1088.0585472373225,897.1563208268927,41.46978097062541,,
1-432,E_COMMERCE_TRANSACTION,193.22725755795557,0.5,300,CloudNode,144,1.0,12000.0,764.9569736035162,1881.6624630055767,1116.7054894020605,955.7622496419037,8.051135731581482,,
9-41,SENSOR_DATA_LOGGING,839.5851192932358,0.1,10000,FogNode_4,0,1.0,1758.3565909566523,52.48781754724187,1884.9507625223596,1832.4629449751178,1339.8941086577,69.94046268204826,,
6-396,SMART_HOME_CONTROL,622.70370715415,0.1,150,CloudNode,262,1.0,12000.0,822.8348109323734,1886.3840551465819,1063.5492442142086,929.1320889379606,25.945987798089583,,
6-386,SMART_HOME_CONTROL,306.1401378931138,0.1,150,CloudNode,216,1.0,12000.0,801.7347726945417,1888.3391237795504,1086.6043510850086,953.9842594513003,12.755839078879742,,
1-456,SENSOR_DATA_LOGGING,94.35906449649583,0.1,10000,CloudNode,273,1.0,12000.0,826.6610804661541,1888.6417225842665,1061.9806421181124,968.703208229964,3.931627687353993,,
8-345,VOICE_ASSISTANT,677.1185797069546,2.0,150,CloudNode,143,1.0,12000.0,680.2532724535437,1889.787763519035,1209.5344910654912,928.151737487001,28.213274154456442,,
8-401,E_COMMERCE_TRANSACTION,274.58618243026,0.5,300,CloudNode,179,1.0,12000.0,784.4562400962623,1889.9481236771667,1105.4918835809044,956.215509938902,11.441090934594166,,
5-422,SMART_HOME_CONTROL,610.516423669251,0.1,150,CloudNode,282,1.0,12000.0,830.6999554687949,1894.154547462016,1063.4545919932211,937.4328848041386,25.43818431955213,,
7-438,SENSOR_DATA_LOGGING,635.5101823403696,0.1,10000,CloudNode,279,1.0,12000.0,828.7229505358403,1895.96757270271,1067.2446221668697,937.4506165425851,26.479590930848737,,
8-105,SENSOR_DATA_LOGGING,843.6560172232687,0.1,10000,FogNode_6,13,1.0,816.2509881302752,217.32229076871988,1896.2800219159517,1678.9577311472317,631.2461615633449,113.67866830698944,,
3-102,SENSOR_DATA_LOGGING,210.8671196021398,0.1,10000,FogNode_3,20,1.0,1899.4436001125757,198.14970412381294,1901.8147550029728,1703.66505087916,1579.2225704776408,10.01152541254421,,
7-12,VOICE_ASSISTANT,334.5240868453787,2.0,150,FogNode_2,0,0.6666666666666666,681.967788340379,33.34802362221579,1904.1635918602888,1870.815568238073,1210.4278893043645,41.06083267784238,,
3-440,SENSOR_DATA_LOGGING,400.52664330586305,0.1,10000,CloudNode,257,1.0,12000.0,819.2808621135086,1906.0589412064337,1086.778079092925,961.3715267199157,16.688610137744295,,
9-15,HEALTH_MONITORING,991.0768197929439,1.0,100,FogNode_3,0,0.2857142857142857,1899.4436001125757,25.02407415349828,1906.124567191639,1881.1004930381407,1266.4683008064214,47.05423389792378,,
7-441,SENSOR_DATA_LOGGING,574.5807399763337,0.1,10000,CloudNode,284,1.0,12000.0,831.866960042191,1906.4093464230955,1074.5423863809046,950.8693959423636,23.94086416568057,,
6-86,GPS_TRACKING,385.4160054872542,0.2,200,FogNode_6,13,1.0,816.2509881302752,216.99179735862512,1907.577633978723,1690.585836620098,1188.2393261838756,51.93298850898301,,
8-408,SMART_HOME_CONTROL,538.393397820299,0.1,150,CloudNode,206,1.0,12000.0,798.1941485911567,1909.067064689063,1110.8729160979065,955.1676888116308,22.43305824251246,,
3-419,E_COMMERCE_TRANSACTION,717.1127817001767,0.5,300,CloudNode,192,1.0,12000.0,793.4437471168083,1911.4033186272186,1117.9595715104103,945.2195313278474,29.879699237507364,,
4-399,SMART_HOME_CONTROL,473.52738926818176,0.1,150,CloudNode,206,1.0,12000.0,799.0652934590328,1915.6056505838312,1116.5403571247984,964.3016642776901,19.73030788617424,,
3-446,SENSOR_DATA_LOGGING,374.2859417204748,0.1,10000,CloudNode,266,1.0,12000.0,825.1618723225453,1917.5745502899547,1092.4126779674093,972.6174758423691,15.59524757168645,,
0-355,HEALTH_MONITORING,564.531653785991,1.0,100,CloudNode,121,1.0,12000.0,729.1701684654246,1918.9851348434452,1189.8149663780205,960.8385066563179,23.52215224108296,,
5-413,SENSOR_DATA_LOGGING,387.60978381791534,0.1,10000,CloudNode,208,1.0,12000.0,799.7190460812302,1920.63993909771,1120.92089301648,974.4847313086055,16.150407659079807,,
5-16,VOICE_ASSISTANT,510.2368933873446,2.0,150,FogNode_8,0,0.0,770.9711269175084,23.209257021557057,1921.3485793292984,1898.1393223077414,1070.08809764354,48.50039844749777,,
9-433,SENSOR_DATA_LOGGING,697.329438884946,0.1,10000,CloudNode,235,1.0,12000.0,809.6389884091366,1923.36838719401,1113.7293987848734,955.89866031137,29.055393286872746,,
4-28,E_COMMERCE_TRANSACTION,588.0800505679614,0.5,300,FogNode_7,3,1.0,1727.0272900361456,64.8803048017282,1924.560940684228,1859.6806358824997,1465.2583521867339,40.30646567889168,,
7-4,HEALTH_MONITORING,993.724840916947,1.0,100,FogNode_7,0,0.0,1727.0272900361456,15.972685592475065,1925.6791205879808,1909.7064349955058,1241.1071923510315,68.1089864483547,,
1-424,HEALTH_MONITORING,384.0792367491186,1.0,100,CloudNode,114,1.0,12000.0,748.9112763196567,1926.1611505244425,1177.2498742047858,979.3459604731719,16.003301531213275,,
3-438,SENSOR_DATA_LOGGING,629.1786979690637,0.1,10000,CloudNode,256,1.0,12000.0,818.627743187276,1926.4977474077068,1107.870004220431,962.4630990623288,26.21577908204432,,
9-435,SENSOR_DATA_LOGGING,872.5240902899311,0.1,10000,CloudNode,238,1.0,12000.0,810.3405254530431,1926.667587303841,1116.3270618507977,946.5593064427189,36.35517042874713,,
0-381,E_COMMERCE_TRANSACTION,247.62180999769004,0.5,300,CloudNode,182,1.0,12000.0,785.5566956619904,1926.6940920395746,1141.137396377584,990.7644422867297,10.317575416570417,,
5-429,SMART_HOME_CONTROL,488.8425445731816,0.1,150,CloudNode,309,1.0,12000.0,841.3335564075754,1929.3786012986984,1088.0450448911229,974.6729304687058,20.3684393572159,,
3-453,SMART_HOME_CONTROL,644.7838077408916,0.1,150,CloudNode,292,1.0,12000.0,838.067117987639,1929.5326480429699,1091.4655300553309,964.1822406849208,26.865991989203813,,
1-459,SMART_HOME_CONTROL,411.0222571618688,0.1,150,CloudNode,284,1.0,12000.0,831.8876419210452,1930.219427466199,1098.3317855451537,980.8326844662135,17.125927381744535,,
3-421,E_COMMERCE_TRANSACTION,153.24482203868217,0.5,300,CloudNode,204,1.0,12000.0,796.6748770615062,1933.410340934267,1136.7354638727606,1004.2896570277178,6.385200918278423,,
9-27,VOICE_ASSISTANT,318.84867545571547,2.0,150,FogNode_2,0,0.6666666666666666,681.967788340379,38.78728580833348,1935.6906612941002,1896.9033754857667,1259.5379613091707,39.13676959976332,,
8-422,SENSOR_DATA_LOGGING,557.4937720657381,0.1,10000,CloudNode,259,1.0,12000.0,821.2804739403509,1936.405938015978,1115.1254640756272,975.9073173831259,23.228907169405755,,
5-430,SMART_HOME_CONTROL,104.48973074993562,0.1,150,CloudNode,309,1.0,12000.0,841.3575564379167,1938.2401256054645,1096.882569167548,1012.2116738603643,4.353738781247317,,
4-412,SENSOR_DATA_LOGGING,148.43261789412514,0.1,10000,CloudNode,283,1.0,12000.0,831.0935352491504,1939.0369721283514,1107.943436879201,1009.6280844396226,6.184692412255215,,
9-398,HEALTH_MONITORING,946.6761479315392,1.0,100,CloudNode,136,1.0,12000.0,760.1486300643917,1940.841378419077,1180.6927483546854,953.7237922333381,39.44483949714746,,
6-400,SENSOR_DATA_LOGGING,907.9226773494722,0.1,10000,CloudNode,268,1.0,12000.0,826.0943870914682,1941.9987529281707,1115.9043658367025,955.8655383452888,37.830111556228005,,
7-437,GPS_TRACKING,900.1131530809026,0.2,200,CloudNode,278,1.0,12000.0,828.4802829706148,1943.659377145827,1115.1790941752122,957.5914703681553,37.504714711704274,,
0-359,HEALTH_MONITORING,802.8653889577089,1.0,100,CloudNode,119,1.0,12000.0,735.3848033277684,1946.0351513107794,1210.650347983011,967.1057014104948,33.45272453990454,,
5-427,SMART_HOME_CONTROL,470.473035555586,0.1,150,CloudNode,295,1.0,12000.0,838.5869356426861,1950.6094049235173,1112.0224692808313,995.8082852412188,19.603043148149418,,
7-93,SENSOR_DATA_LOGGING,170.2138339866671,0.1,10000,FogNode_3,20,1.0,1899.4436001125757,194.21275080004997,1950.8345046478378,1756.6217538477879,1648.5827816519861,8.081393285683248,,
1-35,HEALTH_MONITORING,309.74967306469154,1.0,100,FogNode_7,3,1.0,1727.0272900361456,64.3082370454898,1951.6794971789366,1887.3712601334469,1619.8437372637593,21.22995764670492,,
8-339,VOICE_ASSISTANT,188.89726285054172,2.0,150,CloudNode,149,1.0,12000.0,666.2752122796226,1952.1473765868566,1285.872164307234,1018.5882504815503,7.870719285439238,,
4-335,VOICE_ASSISTANT,413.90035178446533,2.0,150,CloudNode,145,1.0,12000.0,671.3777446548931,1953.4768308254838,1282.0990861705907,1002.6951096318579,17.24584799101939,,
1-388,VOICE_ASSISTANT,965.3819789475668,2.0,150,CloudNode,144,1.0,12000.0,679.648284883956,1953.7818208741523,1274.1335359901964,961.7557508584889,40.22424912281528,,
9-436,SENSOR_DATA_LOGGING,878.8833818824966,0.1,10000,CloudNode,241,1.0,12000.0,811.6581393853808,1954.902744829118,1143.2446054437373,969.0432994213769,36.62014091177069,,
0-385,GPS_TRACKING,953.3961325900888,0.2,200,CloudNode,204,1.0,12000.0,796.6042956440247,1960.62492918609,1164.0206335420653,968.5862059374706,39.72483885792037,,
2-345,VOICE_ASSISTANT,658.8228762368663,2.0,150,CloudNode,139,1.0,12000.0,689.3166248394011,1961.3112527761677,1271.9946279367666,990.9323347110674,27.450953176536096,,
9-437,SMART_HOME_CONTROL,283.73661152623447,0.1,150,CloudNode,242,1.0,12000.0,812.0305721780426,1962.6816897555377,1150.6511175774951,1020.6745246632544,11.822358813593102,,
9-370,VOICE_ASSISTANT,59.176260948427434,2.0,150,CloudNode,138,1.0,12000.0,694.4881203133094,1966.2426078552035,1271.754487541894,1041.22529472291,2.4656775395178094,,
4-96,SMART_HOME_CONTROL,885.1778040933766,0.1,150,FogNode_3,20,1.0,1899.4436001125757,195.5874178257614,1968.397963895493,1772.8105460697316,1292.976685308342,42.02637232879901,,
6-410,SMART_HOME_CONTROL,465.32036060533915,0.1,150,CloudNode,299,1.0,12000.0,839.3100390608429,1968.9961241833107,1129.6860851224678,1012.8758966210984,19.3883483585558,,
3-443,SMART_HOME_CONTROL,727.9004280543386,0.1,150,CloudNode,261,1.0,12000.0,821.9497564014004,1969.7254336935912,1147.7756772921907,993.4956577227707,30.32918450226411,,
5-374,VOICE_ASSISTANT,561.5672229228239,2.0,150,CloudNode,138,1.0,12000.0,694.8390743821064,1970.165655770912,1275.3265813888056,1006.6961779166337,23.398634288450996,,
7-426,SENSOR_DATA_LOGGING,970.0450898889192,0.1,10000,CloudNode,254,1.0,12000.0,818.0109878818743,1970.6248543431116,1152.6138664612372,975.751878146387,40.4185454120383,,
1-25,HEALTH_MONITORING,994.5766872256179,1.0,100,FogNode_3,0,1.0,1899.4436001125757,38.66714656092157,1970.842989180161,1932.1758426192396,1320.3321260661132,47.22040021066548,,
2-35,GPS_TRACKING,297.25021888786097,0.2,200,FogNode_5,0,0.6666666666666666,782.8923712617282,87.87116821328149,1970.917559123006,1883.0463909097246,1480.6584445459475,44.18320626692035,,
4-362,HEALTH_MONITORING,329.2834293675182,1.0,100,CloudNode,118,1.0,12000.0,733.4285873397677,1971.0996629264534,1237.6710755866857,1025.1424707126478,13.720142890313259,,
1-410,HEALTH_MONITORING,324.7983377138003,1.0,100,CloudNode,122,1.0,12000.0,728.4548825578553,1973.101679453596,1244.6467968957409,1027.502288001648,13.533264071408347,,
1-50,SMART_HOME_CONTROL,104.95950314210056,0.1,150,FogNode_5,2,1.0,782.8923712617282,91.95104887544493,1974.3650463303784,1882.4139974549335,1726.7969027948866,15.601157147508784,,
7-449,SMART_HOME_CONTROL,76.9286068573064,0.1,150,CloudNode,316,1.0,12000.0,844.92407719866,1975.4068414214196,1130.4827642227597,1048.1344580217738,3.205358619054434,,
7-434,GPS_TRACKING,759.9469451172579,0.2,200,CloudNode,263,1.0,12000.0,823.9365215391568,1978.9345626769361,1154.9980411377792,999.7680665915005,31.664456046552417,,
1-460,SMART_HOME_CONTROL,358.58802225313445,0.1,150,CloudNode,286,1.0,12000.0,834.0165987919731,1983.359166013245,1149.3425672212718,1034.3522573305813,14.941167593880603,,
7-415,E_COMMERCE_TRANSACTION,189.689945578498,0.5,300,CloudNode,191,1.0,12000.0,791.3176393175361,1985.9731512357869,1194.6555119182508,1048.864126935729,7.9037477324374175,,
1-444,SMART_HOME_CONTROL,402.1196970385154,0.1,150,CloudNode,232,1.0,12000.0,806.6488602078884,1987.291795627362,1180.6429354194736,1034.3934016318349,16.75498737660481,,
5-419,GPS_TRACKING,746.8889153384139,0.2,200,CloudNode,263,1.0,12000.0,823.5477329936912,1988.4018934693104,1164.8541604756192,1009.4410418853207,31.120371472433913,,
8-418,GPS_TRACKING,419.14923037894556,0.2,200,CloudNode,239,1.0,12000.0,810.5356325280422,1989.8318473606969,1179.2962148326546,1035.2392242493768,17.4645512657894,,
9-429,GPS_TRACKING,688.2131467092818,0.2,200,CloudNode,209,1.0,12000.0,800.6415457371161,1990.7614364933738,1190.1198907562577,1015.9769855438443,28.67554777955341,,
5-428,GPS_TRACKING,746.9481115223329,0.2,200,CloudNode,296,1.0,12000.0,839.0284338250201,1991.6242772588928,1152.5958434338727,1012.2848576394999,31.122837980097202,,
4-405,E_COMMERCE_TRANSACTION,487.4643429541431,0.5,300,CloudNode,232,1.0,12000.0,806.5503189944906,1992.7694051663684,1186.2190861718777,1033.024910152023,20.31101428975596,,
5-366,VOICE_ASSISTANT,257.05561007369454,2.0,150,CloudNode,144,1.0,12000.0,677.2533556347935,1994.5229802930705,1317.269624658277,1050.30892529242,10.710650419737274,,
7-395,HEALTH_MONITORING,425.1463434446161,1.0,100,CloudNode,127,1.0,12000.0,756.4219011211966,1996.053791139808,1239.6318900186116,1040.8288544377845,17.714430976859003,,
5-4,HEALTH_MONITORING,616.8015341692858,1.0,100,FogNode_0,0,0.0,1189.2931772946604,9.265376442461175,1996.4845387493115,1987.2191623068502,1378.0237208509222,39.27433572037752,,
4-389,E_COMMERCE_TRANSACTION,851.8543744835496,0.5,300,CloudNode,154,1.0,12000.0,772.9547949036032,1997.4856119480025,1224.5308170443993,1009.6258123560007,35.493932270147894,,
7-431,SMART_HOME_CONTROL,718.3898157745272,0.1,150,CloudNode,262,1.0,12000.0,822.3790392186326,1998.105943586675,1175.7269043680426,1020.1154024558889,29.9329089906053,,
9-462,SMART_HOME_CONTROL,284.96115874291036,0.1,150,CloudNode,333,1.0,12000.0,850.7953885909385,1999.1536046499955,1148.358216059057,1052.5977127481415,11.873381614287933,,
1-450,SENSOR_DATA_LOGGING,989.8581093769922,0.1,10000,CloudNode,252,1.0,12000.0,817.6897082858383,2000.0627260713707,1182.3730177855323,1001.4049344282108,41.24408789070801,,
3-423,SENSOR_DATA_LOGGING,714.3319410897834,0.1,10000,CloudNode,221,1.0,12000.0,803.5022545073774,2001.5264146856525,1198.024160178275,1023.5084209507985,29.763830878740976,,
9-19,E_COMMERCE_TRANSACTION,903.1745666093332,0.5,300,FogNode_1,1,1.0,1597.9384595498836,28.60591252621722,2003.2962807626247,1974.6903682364075,1362.8065592397472,74.60907205315677,,
9-431,GPS_TRACKING,930.1382589197196,0.2,200,CloudNode,220,1.0,12000.0,802.6568689413396,2004.2056136162178,1201.5487446748782,1009.6543247220047,38.75576078832165,,
5-110,SMART_HOME_CONTROL,432.3363863659761,0.1,150,FogNode_3,20,1.0,1899.4436001125757,192.13574908406662,2005.021908380611,1812.8861592965443,1566.1777901734476,20.526418376829668,,
4-364,HEALTH_MONITORING,472.9830397162636,1.0,100,CloudNode,118,1.0,12000.0,736.0225752086608,2005.657861164892,1269.6352859562312,1045.600817398045,19.707626654844315,,
4-406,SMART_HOME_CONTROL,145.4268933537952,0.1,150,CloudNode,236,1.0,12000.0,809.7764303531253,2011.2725124294784,1201.496082076353,1073.2882259907778,6.059453889741468,,
7-425,SENSOR_DATA_LOGGING,111.90914245964018,0.1,10000,CloudNode,249,1.0,12000.0,814.4949370495045,2020.598274301115,1206.1033372516104,1085.0923913102188,4.6628809358183405,,
0-416,SENSOR_DATA_LOGGING,277.1595936744029,0.1,10000,CloudNode,362,1.0,12000.0,859.3825903227065,2021.2025763928752,1161.8199860701689,1072.5350804514133,11.548316403100122,,
8-383,HEALTH_MONITORING,366.95822058503614,1.0,100,CloudNode,121,1.0,12000.0,753.3538549793354,2021.3412882087935,1267.987433229458,1066.2326752956135,15.28992585770984,,
7-419,E_COMMERCE_TRANSACTION,983.9759292743144,0.5,300,CloudNode,214,1.0,12000.0,801.2741339068857,2022.83937252527,1221.5652386183842,1022.3930400546186,40.99899705309643,,
8-13,HEALTH_MONITORING,821.0046466816455,1.0,100,FogNode_7,0,0.0,1727.0272900361456,26.831712902289986,2023.6724440497667,1996.8407311474766,1433.6882739153225,56.27090322435634,,
3-361,VOICE_ASSISTANT,405.9147566650743,2.0,150,CloudNode,145,1.0,12000.0,673.2322296983904,2026.5956348884579,1353.3634051900676,1067.8381059928765,16.913114861044765,,
2-377,HEALTH_MONITORING,955.6285824916882,1.0,100,CloudNode,112,1.0,12000.0,746.6753318759954,2030.245120131158,1283.5697882551626,1031.4906233415345,39.81785760382034,,
9-404,E_COMMERCE_TRANSACTION,512.7819005022133,0.5,300,CloudNode,153,1.0,12000.0,772.4971613992466,2032.563672402548,1260.0665110033015,1065.6136700261563,21.365912520925555,,
5-415,SMART_HOME_CONTROL,431.78182532518014,0.1,150,CloudNode,231,1.0,12000.0,806.2364217838067,2033.467430725101,1227.2310089412942,1071.9150418042454,17.99090938854917,,
1-140,SENSOR_DATA_LOGGING,149.23499393675843,0.1,10000,FogNode_2,26,1.0,681.967788340379,235.33624815472282,2035.662381014628,1800.326132859905,1564.9940961389068,18.317703736975947,,
2-34,GPS_TRACKING,52.036101057722725,0.2,200,FogNode_5,0,0.6666666666666666,782.8923712617282,87.66923463317697,2037.3840402995438,1949.7148056663668,1856.6260093576943,7.734634460360245,,
4-379,HEALTH_MONITORING,519.3651544065324,1.0,100,CloudNode,139,1.0,12000.0,762.3964361292539,2039.3342206736856,1276.937784544432,1070.6916605549814,21.64021476693885,,
9-448,SMART_HOME_CONTROL,825.9377320414849,0.1,150,CloudNode,273,1.0,12000.0,827.0574933863462,2039.452998679902,1212.3955052935557,1049.115947614005,34.41407216839521,,
1-125,GPS_TRACKING,629.1423101792974,0.2,200,FogNode_6,13,1.0,816.2509881302752,216.93760818687016,2039.5666004946263,1822.628992307756,1028.6925032782167,84.77395826815757,,
0-398,SENSOR_DATA_LOGGING,597.7329675395174,0.1,10000,CloudNode,266,1.0,12000.0,824.8373061594361,2041.435357887186,1216.5980517277499,1066.9962264153266,24.90554031414656,,
1-463,GPS_TRACKING,887.055849435679,0.2,200,CloudNode,315,1.0,12000.0,843.3920421049397,2043.6467544798977,1200.254712374958,1048.4797967257998,36.96066039315329,,
0-412,SENSOR_DATA_LOGGING,663.1158547659325,0.1,10000,CloudNode,331,1.0,12000.0,848.1374188185224,2043.6615480331382,1195.5241292146156,1064.3417231048097,27.62982728191385,,
2-414,SMART_HOME_CONTROL,683.1965615866412,0.1,150,CloudNode,271,1.0,12000.0,826.5023572548079,2044.2248424262489,1217.722485171441,1063.2493472732185,28.466523399443386,,
7-412,E_COMMERCE_TRANSACTION,994.9274225392279,0.5,300,CloudNode,168,1.0,12000.0,779.1369627327434,2045.5923083004734,1266.45534556773,1042.2075463999786,41.45530927246783,,
8-12,HEALTH_MONITORING,521.0393459944451,1.0,100,FogNode_0,0,0.3333333333333333,1189.2931772946604,26.67731875664888,2045.8288639398118,2019.1515451831629,1486.694831291348,33.17675632190536,,
9-441,SMART_HOME_CONTROL,932.9056399756922,0.1,150,CloudNode,250,1.0,12000.0,816.0230186915608,2048.8417995910945,1232.8187808995337,1049.423833035632,38.871068332320505,,
0-389,SENSOR_DATA_LOGGING,603.8108053828706,0.1,10000,CloudNode,233,1.0,12000.0,807.9224529868623,2051.843981800892,1243.9215288140297,1075.6024770103925,25.15878355761961,,
9-407,E_COMMERCE_TRANSACTION,642.3355143208713,0.5,300,CloudNode,165,1.0,12000.0,776.2264327828789,2053.5906855981098,1277.3642528152309,1074.1734331609796,26.76397976336964,,
2-331,VOICE_ASSISTANT,901.4890348011832,2.0,150,CloudNode,157,1.0,12000.0,661.5411190208281,2054.058648910368,1392.51752988954,1055.6598086345932,37.56204311671597,,
9-442,SENSOR_DATA_LOGGING,843.1965288648063,0.1,10000,CloudNode,256,1.0,12000.0,818.5947436407301,2056.2395286411875,1237.6447850004574,1062.532810905775,35.13318870270026,,
2-373,HEALTH_MONITORING,644.2474389163,1.0,100,CloudNode,118,1.0,12000.0,737.0036605065811,2057.8929001925762,1320.889239685995,1078.1349259547462,26.843643288179166,,
8-429,GPS_TRACKING,781.4842031264843,0.2,200,CloudNode,286,1.0,12000.0,833.0244948489199,2059.646663886944,1226.6221690380244,1069.488509984486,32.56184179693685,,
0-391,GPS_TRACKING,124.51565835642175,0.2,200,CloudNode,244,1.0,12000.0,812.570237808836,2062.2202866639273,1249.6500488550912,1121.638310679075,5.188152431517573,,
9-419,E_COMMERCE_TRANSACTION,959.9727152432908,0.5,300,CloudNode,184,1.0,12000.0,787.7986857955771,2063.3568922835193,1275.5582064879422,1059.9828506515184,39.99886313513712,,
5-408,HEALTH_MONITORING,268.03010959560766,1.0,100,CloudNode,173,1.0,12000.0,781.1536936237363,2063.7712003534866,1282.6175067297504,1112.5248579673635,11.16792123315032,,
2-2,HEALTH_MONITORING,834.5818224033321,1.0,100,FogNode_1,0,0.0,1597.9384595498836,7.18929766787566,2065.4594793299557,2058.27018166208,1445.778875482606,68.94279093321585,,
8-28,VOICE_ASSISTANT,238.16248047839525,2.0,150,FogNode_2,1,1.0,681.967788340379,45.2251320419473,2066.2500556776995,2021.0249236357522,1498.800682933829,29.233021314795,,
9-1,HEALTH_MONITORING,914.2316203241659,1.0,100,FogNode_1,0,0.0,1597.9384595498836,3.487706830135582,2066.2613448424063,2062.7736380122706,1397.737108078579,75.52246858557086,,
9-416,E_COMMERCE_TRANSACTION,600.6495402088115,0.5,300,CloudNode,187,1.0,12000.0,786.7018641166361,2070.652402651849,1283.9505385352131,1094.1198767557376,25.027064175367144,,
6-389,GPS_TRACKING,554.9521703294355,0.2,200,CloudNode,232,1.0,12000.0,806.6344634188432,2076.4911343252775,1269.8566709064344,1102.545956521425,23.123007097059812,,
3-428,E_COMMERCE_TRANSACTION,175.23849437126515,0.5,300,CloudNode,247,1.0,12000.0,813.0073997360552,2077.9601001477913,1264.9527004117363,1131.7534810474504,7.3016039321360475,,
3-400,HEALTH_MONITORING,870.8473267374138,1.0,100,CloudNode,138,1.0,12000.0,761.4395613477582,2078.2284717263433,1316.7889103785851,1079.4945163660136,36.28530528072558,,
7-366,VOICE_ASSISTANT,278.39676776451336,2.0,150,CloudNode,136,1.0,12000.0,697.814442151778,2079.4392592882305,1381.6248171364523,1125.0288340705335,11.599865323521389,,
9-447,SMART_HOME_CONTROL,732.4960626302399,0.1,150,CloudNode,267,1.0,12000.0,825.8650491133307,2087.6369734409777,1261.771924327647,1098.9878605737401,30.520669276259994,,
1-453,SENSOR_DATA_LOGGING,506.86508284375304,0.1,10000,CloudNode,263,1.0,12000.0,822.9409323795113,2087.8310652041196,1264.8901328246084,1115.9833450373553,21.119378451823042,,
9-467,GPS_TRACKING,590.0913235978777,0.2,200,CloudNode,352,1.0,12000.0,855.2388508585066,2088.5084976401754,1233.2696467816688,1110.8078740891879,24.587138483244903,,
5-109,GPS_TRACKING,223.53007119474196,0.2,200,FogNode_3,20,1.0,1899.4436001125757,190.42652716090993,2088.5248572711607,1898.0983301102508,1751.950297602164,10.612735605514793,,
2-22,SENSOR_DATA_LOGGING,971.5808315752267,0.1,10000,FogNode_4,0,1.0,1758.3565909566523,53.31801565183654,2089.9875982919575,2036.669582640121,1464.2400501668342,80.93618065858928,,
0-341,VOICE_ASSISTANT,826.6567970467631,2.0,150,CloudNode,136,1.0,12000.0,699.4569019004774,2091.7274389458335,1392.270537045356,1095.5068153144744,34.444033210281795,,
7-435,GPS_TRACKING,572.1689992574525,0.2,200,CloudNode,266,1.0,12000.0,824.7124513173655,2091.90559236437,1267.1931410470045,1114.8057392381722,23.84037496906052,,
0-409,SENSOR_DATA_LOGGING,906.7497873611715,0.1,10000,CloudNode,310,1.0,12000.0,842.0399987869527,2096.903770488891,1254.8637717019383,1094.0294114189965,37.78124114004881,,
0-394,E_COMMERCE_TRANSACTION,794.2623675868183,0.5,300,CloudNode,252,1.0,12000.0,817.5548298481324,2098.7522030347827,1281.1973731866503,1104.3642491088108,33.09426531611743,,
7-427,GPS_TRACKING,982.4149119392778,0.2,200,CloudNode,255,1.0,12000.0,818.4768237195769,2103.0704857211485,1284.5936620015716,1094.031115763365,40.93395466413657,,
7-368,VOICE_ASSISTANT,609.1430358353616,2.0,150,CloudNode,136,1.0,12000.0,700.4562095778185,2104.8205685633147,1404.3643589854962,1122.991628007254,25.3809598264734,,
0-6,VOICE_ASSISTANT,919.2869513827048,2.0,150,FogNode_9,0,0.0,1349.236560939329,19.695486538770677,2105.083686980572,2085.3882004418015,1233.2014031052163,92.4615483970634,,
3-354,VOICE_ASSISTANT,199.94393288655272,2.0,150,CloudNode,152,1.0,12000.0,663.6234056057592,2105.170492047388,1441.5470864416288,1154.649202684404,8.330997203606362,,
4-407,SMART_HOME_CONTROL,334.6927922783036,0.1,150,CloudNode,248,1.0,12000.0,813.9961543795085,2105.851166170983,1291.8550117914747,1144.9927757273563,13.945533011595984,,
7-423,SMART_HOME_CONTROL,762.3811553503073,0.1,150,CloudNode,239,1.0,12000.0,810.7484971571846,2107.193310978997,1296.4448138218124,1114.2904464098324,31.76588147292947,,
1-465,SMART_HOME_CONTROL,554.0061400255939,0.1,150,CloudNode,331,1.0,12000.0,848.1164325954999,2108.3874649993936,1260.2710324038937,1130.7509748350592,23.08358916773308,,
9-418,HEALTH_MONITORING,539.2232971544892,1.0,100,CloudNode,184,1.0,12000.0,787.585916787414,2108.7064751163607,1321.1205583289466,1131.9393787996476,22.467637381437047,,
9-461,GPS_TRACKING,210.0574758937488,0.2,200,CloudNode,331,1.0,12000.0,848.0035249261875,2109.232228603646,1261.2287036774585,1157.6849489459455,8.752394828906201,,
8-382,HEALTH_MONITORING,163.01293931685558,1.0,100,CloudNode,118,1.0,12000.0,751.1072593197409,2110.488182098629,1359.380922778888,1162.5169113694992,6.792205804868982,,
5-402,HEALTH_MONITORING,929.3866147165973,1.0,100,CloudNode,144,1.0,12000.0,765.2881793320518,2110.9163152848173,1345.6281359527657,1105.1201801993043,38.724442279858216,,
6-395,SENSOR_DATA_LOGGING,875.6427924801787,0.1,10000,CloudNode,259,1.0,12000.0,820.9421831494986,2112.4232313865837,1291.481048237085,1110.6937609198906,36.48511635334078,,
4-377,HEALTH_MONITORING,706.4946127290701,1.0,100,CloudNode,119,1.0,12000.0,752.1050355326482,2112.4652366588657,1360.3602011262174,1123.2791837672958,29.43727553037792,,
9-450,GPS_TRACKING,246.74366959955262,0.2,200,CloudNode,282,1.0,12000.0,830.6136768926596,2112.4675648309994,1281.85388793834,1157.614897214382,10.280986233314692,,
2-332,VOICE_ASSISTANT,733.3193862744275,2.0,150,CloudNode,151,1.0,12000.0,665.3670632637105,2119.0028490487784,1453.635785785068,1126.6282553807594,30.554974428101147,,
5-50,GPS_TRACKING,252.05797721018914,0.2,200,FogNode_5,0,0.6666666666666666,782.8923712617282,85.64947237112955,2120.172758306142,2034.5232859350124,1685.1402635484585,37.4658415390499,,
4-408,SMART_HOME_CONTROL,953.300802122899,0.1,150,CloudNode,259,1.0,12000.0,821.1438269977033,2123.088487990139,1301.9446609924357,1114.6836865256155,39.720866755120795,,
2-409,E_COMMERCE_TRANSACTION,891.0753329755969,0.5,300,CloudNode,235,1.0,12000.0,809.0294704634531,2123.098077339061,1314.068606875608,1119.0652393652035,37.128138873983204,,
7-443,GPS_TRACKING,438.81732646637465,0.2,200,CloudNode,295,1.0,12000.0,838.4642197336584,2124.205083979842,1285.7408642461837,1154.2918026419838,18.284055269432276,,
5-39,HEALTH_MONITORING,524.9298604601865,1.0,100,FogNode_7,1,1.0,1727.0272900361456,62.495109562155506,2127.1432317761723,2064.648122214017,1666.707774496329,35.978209742074526,,
9-469,SENSOR_DATA_LOGGING,817.4751236150464,0.1,10000,CloudNode,354,1.0,12000.0,857.0160947497023,2127.769590854865,1270.7534961051624,1128.3124730290328,34.06146348396027,,
6-403,SENSOR_DATA_LOGGING,300.98587835185947,0.1,10000,CloudNode,283,1.0,12000.0,831.0091322615724,2130.933322700305,1299.9241904387325,1169.9833845749422,12.541078264660811,,
6-401,E_COMMERCE_TRANSACTION,387.3745848112278,0.5,300,CloudNode,272,1.0,12000.0,826.6191202540799,2137.4517074483238,1310.8325871942438,1169.5392146920394,16.140607700467825,,
1-31,GPS_TRACKING,840.4823739587418,0.2,200,FogNode_4,0,1.0,1758.3565909566523,53.154033697994315,2138.9153559529223,2085.761322254928,1578.5421995333663,70.01520722552223,,
2-357,VOICE_ASSISTANT,760.6076030687575,2.0,150,CloudNode,136,1.0,12000.0,701.1616910769275,2139.875101247674,1438.7134101707466,1144.3662778332884,31.691983461198234,,
6-76,SENSOR_DATA_LOGGING,531.4290433936146,0.1,10000,FogNode_3,20,1.0,1899.4436001125757,198.79430632072996,2142.9692111603613,1944.1749048396314,1650.1488715652029,25.23112841365545,,
3-455,GPS_TRACKING,791.1456520729913,0.2,200,CloudNode,307,1.0,12000.0,840.2935553079939,2144.157276065759,1303.8637207577653,1145.2609361868922,32.964402169707974,,
3-447,SENSOR_DATA_LOGGING,202.85176037771186,0.1,10000,CloudNode,273,1.0,12000.0,827.3686105950464,2144.673904219674,1317.3052936246277,1188.5265887891605,8.452156682404661,,
4-103,E_COMMERCE_TRANSACTION,54.006928334265794,0.5,300,FogNode_9,27,1.0,1349.236560939329,214.82503178333477,2145.111455199858,1930.2864234165233,1836.887662080956,5.431997278373855,,
4-382,HEALTH_MONITORING,799.0486600618036,1.0,100,CloudNode,147,1.0,12000.0,767.083123057946,2146.0266476267143,1378.9435245687682,1146.1316372914623,33.29369416924182,,
7-358,VOICE_ASSISTANT,935.2966965986017,2.0,150,CloudNode,144,1.0,12000.0,679.1332417824308,2148.593794035066,1469.4605522526351,1138.6768638002636,38.970695691608405,,
6-390,E_COMMERCE_TRANSACTION,540.205619313575,0.5,300,CloudNode,240,1.0,12000.0,811.8497587227426,2149.8377035061126,1337.98794478337,1169.6529954590742,22.50856747139896,,
0-408,SMART_HOME_CONTROL,509.9072385948975,0.1,150,CloudNode,309,1.0,12000.0,841.9497769459673,2150.879734882302,1308.9299579363346,1172.2757325601997,21.24613494145406,,
5-27,HEALTH_MONITORING,460.7865146964413,1.0,100,FogNode_0,2,1.0,1189.2931772946604,46.10700847382906,2152.506261100778,2106.399252626949,1630.8759269353918,29.340206324201244,,
6-407,SENSOR_DATA_LOGGING,545.607216064464,0.1,10000,CloudNode,286,1.0,12000.0,834.3644646060503,2152.660578984369,1318.2961143783186,1171.1209668846268,22.733634002686,,
8-434,GPS_TRACKING,483.4490671043747,0.2,200,CloudNode,316,1.0,12000.0,844.6494173565873,2152.7526589175636,1308.1032415609764,1174.833510826534,20.143711129348947,,
5-373,VOICE_ASSISTANT,538.7861585622163,2.0,150,CloudNode,139,1.0,12000.0,690.6463585735787,2155.3870286454803,1464.7406700719016,1173.4779159957511,22.44942327342568,,
7-436,GPS_TRACKING,633.0478573067495,0.2,200,CloudNode,276,1.0,12000.0,828.1148382980283,2155.8244738300446,1327.7096355320164,1168.4473796873049,26.376994054447895,,
0-366,HEALTH_MONITORING,332.2796711470737,1.0,100,CloudNode,115,1.0,12000.0,749.8690611486643,2158.6232952958944,1408.7542341472301,1191.5611624705757,13.844986297794739,,
2-412,E_COMMERCE_TRANSACTION,596.5992520214546,0.5,300,CloudNode,262,1.0,12000.0,822.388048904564,2158.9488329387673,1336.5607840342032,1172.8521424474857,24.85830216756061,,
9-465,SENSOR_DATA_LOGGING,906.5910985520773,0.1,10000,CloudNode,343,1.0,12000.0,853.7133153479372,2163.3803234167926,1309.6670080688555,1154.3326691445452,37.774629106336555,,
8-425,SENSOR_DATA_LOGGING,247.5744189200888,0.1,10000,CloudNode,266,1.0,12000.0,824.8686012354232,2164.788477642433,1339.9198764070097,1204.0717303801289,10.315600788337033,,
8-412,HEALTH_MONITORING,135.36288080510786,1.0,100,CloudNode,207,1.0,12000.0,799.5855851165728,2167.1047138971367,1367.5191287805637,1213.0465921692953,5.640120033546161,,
5-32,GPS_TRACKING,906.3594333670968,0.2,200,FogNode_4,0,1.0,1758.3565909566523,51.462864832810894,2167.696794257502,2116.2339294246913,1570.9245031681467,75.5030034111332,,
7-21,VOICE_ASSISTANT,733.2351761284137,2.0,150,FogNode_9,0,0.5,1349.236560939329,48.88819503592022,2168.770427024974,2119.882231989054,1408.0302859974017,73.74852827188963,,
1-455,SENSOR_DATA_LOGGING,705.7197914119981,0.1,10000,CloudNode,269,1.0,12000.0,826.2629896790481,2171.2332140042504,1344.9702243252023,1174.883355165825,29.404991308833257,,
8-407,E_COMMERCE_TRANSACTION,879.204985950183,0.5,300,CloudNode,204,1.0,12000.0,796.3858871343176,2172.019285197298,1375.6333980629802,1164.1761675521539,36.633541081257626,,
8-436,SENSOR_DATA_LOGGING,727.5058350109708,0.1,10000,CloudNode,332,1.0,12000.0,849.2711242029375,2173.0930510819135,1323.821926878976,1174.7346147858866,30.312743125457118,,
0-368,HEALTH_MONITORING,650.5043800918261,1.0,100,CloudNode,121,1.0,12000.0,755.2169676530996,2173.211547389764,1417.9945797366643,1181.1650210224511,27.104349170492753,,
5-439,SENSOR_DATA_LOGGING,809.3294836425242,0.1,10000,CloudNode,367,1.0,12000.0,860.853875061887,2176.150598753238,1315.2967236913507,1172.5382713267609,33.72206181843851,,
3-369,VOICE_ASSISTANT,639.250297568517,2.0,150,CloudNode,138,1.0,12000.0,691.6684222870659,2176.368935469771,1484.700513182705,1184.4403753062936,26.635429065354877,,
6-398,SMART_HOME_CONTROL,477.89645265729166,0.1,150,CloudNode,267,1.0,12000.0,825.4921422530838,2177.276411836431,1351.7842695833474,1198.054493117158,19.91235219405382,,
7-421,E_COMMERCE_TRANSACTION,339.9185525343695,0.5,300,CloudNode,227,1.0,12000.0,805.5137470412732,2178.1642495506435,1372.6505025093702,1208.7904814219269,14.163273022265395,,
8-424,SENSOR_DATA_LOGGING,342.3295826016706,0.1,10000,CloudNode,264,1.0,12000.0,824.0179490925659,2179.4072000991077,1355.3892510065418,1209.718056385328,14.263732608402941,,
9-455,GPS_TRACKING,114.31054448179563,0.2,200,CloudNode,307,1.0,12000.0,840.5243372787572,2185.8948141765873,1345.37047689783,1231.6762729419606,4.762939353408152,,
7-429,E_COMMERCE_TRANSACTION,374.58559590695654,0.5,300,CloudNode,258,1.0,12000.0,820.00047151556,2186.60249497106,1366.6020234554999,1213.2813143174458,15.607733162789856,,
8-423,SMART_HOME_CONTROL,779.5233221253667,0.1,150,CloudNode,263,1.0,12000.0,823.6656892932808,2189.165360823623,1365.499671530342,1185.5014720520162,32.48013842189028,,
6-381,E_COMMERCE_TRANSACTION,222.97383987152384,0.5,300,CloudNode,195,1.0,12000.0,793.9534304631617,2189.8143673268773,1395.8609368637158,1227.6851434861244,9.290576661313494,,
1-129,SMART_HOME_CONTROL,520.5343490373219,0.1,150,FogNode_9,29,1.0,1349.236560939329,223.41202764588945,2190.349696172285,1966.9376685263956,1565.27588872419,52.355156171265676,,
5-53,GPS_TRACKING,170.23840323869976,0.2,200,FogNode_5,0,0.6666666666666666,782.8923712617282,86.73556532588827,2191.8130755714087,2105.0775102455204,1859.851904300347,25.3041983046755,,
8-26,VOICE_ASSISTANT,412.07721889290497,2.0,150,FogNode_2,0,1.0,681.967788340379,43.174089029718665,2192.3518766172338,2149.177787587515,1376.3577207261333,50.58001621011209,,
6-372,HEALTH_MONITORING,979.5661659188099,1.0,100,CloudNode,161,1.0,12000.0,775.1912428889191,2192.546829111385,1417.3555862224657,1173.6407367222828,40.81525691328375,,
0-22,VOICE_ASSISTANT,906.5867928069773,2.0,150,FogNode_9,0,0.25,1349.236560939329,41.06280495238743,2193.0517221625823,2151.988917210195,1311.5902552888197,91.18417105037771,,
7-461,SENSOR_DATA_LOGGING,220.3345128987679,0.1,10000,CloudNode,367,1.0,12000.0,860.7286000471506,2196.525458958874,1335.7968589117233,1232.1708072644742,9.18060470411533,,
5-426,SMART_HOME_CONTROL,527.4690629496374,0.1,150,CloudNode,289,1.0,12000.0,837.2277214011714,2196.616334230172,1359.3886128290005,1211.4499172722903,21.97787762290156,,
9-452,SENSOR_DATA_LOGGING,588.3150765654963,0.1,10000,CloudNode,293,1.0,12000.0,838.2434469987345,2197.620050415524,1359.3766034167895,1207.7390581748518,24.51312819022901,,
7-424,E_COMMERCE_TRANSACTION,701.2709044621938,0.5,300,CloudNode,247,1.0,12000.0,813.8102894206243,2198.3143432861903,1384.504053865566,1200.4631168233236,29.219621019258074,,
2-335,VOICE_ASSISTANT,902.9283683897366,2.0,150,CloudNode,145,1.0,12000.0,672.8160787863939,2198.332518689284,1525.51643990289,1185.1750387919667,37.62201534957236,,
4-424,SMART_HOME_CONTROL,155.83306882185974,0.1,150,CloudNode,333,1.0,12000.0,850.3135839351364,2199.588584039548,1349.2750001044117,1239.4950815765155,6.493044534244156,,
5-12,HEALTH_MONITORING,863.2501376982025,1.0,100,FogNode_1,0,0.0,1597.9384595498836,14.48269665492968,2201.2930303642806,2186.8103337093507,1560.3846807588106,71.31101129786522,,
6-7,VOICE_ASSISTANT,937.8222082464645,2.0,150,FogNode_9,0,0.0,1349.236560939329,22.45334003695543,2202.5516504335355,2180.09831039658,1314.7473251625743,94.32581781477109,,
3-469,GPS_TRACKING,533.4562265474515,0.2,200,CloudNode,373,1.0,12000.0,863.9865905867481,2203.0779808415155,1339.0913902547672,1215.7550705967135,22.22734277281048,,
6-333,VOICE_ASSISTANT,325.71691396648083,2.0,150,CloudNode,128,1.0,12000.0,709.7734835557187,2206.5502762629812,1496.7767927072625,1233.2911581109868,13.571538081936701,,
5-424,GPS_TRACKING,280.713572504332,0.2,200,CloudNode,287,1.0,12000.0,835.2942470480605,2209.2876118852814,1373.993364837221,1239.7657729623697,11.696398854347166,,
3-409,HEALTH_MONITORING,399.85938318895495,1.0,100,CloudNode,168,1.0,12000.0,778.7538305994357,2209.4722140189842,1430.7183834195484,1231.4650570370445,16.660807632873123,,
4-417,GPS_TRACKING,812.9760316850256,0.2,200,CloudNode,316,1.0,12000.0,844.6611420348436,2213.774650267133,1369.1135082322894,1205.7475142070093,33.8740013202094,,
7-359,VOICE_ASSISTANT,488.56477195303415,2.0,150,CloudNode,144,1.0,12000.0,679.3160621372137,2213.8067820779997,1534.490719940786,1229.417696390939,20.356865498043092,,
8-433,SMART_HOME_CONTROL,259.34217499386165,0.1,150,CloudNode,315,1.0,12000.0,844.0018262936577,2218.228182146327,1374.2263558526693,1248.217953357413,10.80592395807757,,
0-395,E_COMMERCE_TRANSACTION,182.63570696618353,0.5,300,CloudNode,259,1.0,12000.0,820.8616468752671,2218.2976230886975,1397.4359762134304,1252.7240677503933,7.60982112359098,,
7-102,HEALTH_MONITORING,99.8841985993411,1.0,100,FogNode_9,27,1.0,1349.236560939329,214.626317585601,2219.141615285205,2004.5152976996037,1842.9218985820069,10.04631649454371,,
4-419,GPS_TRACKING,802.1978390144718,0.2,200,CloudNode,326,1.0,12000.0,846.3234682210616,2219.602478835436,1373.2790106143746,1211.2627960029413,33.424909958936325,,
1-32,GPS_TRACKING,590.6199413646734,0.2,200,FogNode_4,0,1.0,1758.3565909566523,53.99327956477557,2220.8439166199255,2166.85063705515,1802.038047215595,49.200767163504295,,
6-378,HEALTH_MONITORING,264.72098432165274,1.0,100,CloudNode,191,1.0,12000.0,791.7571507218322,2221.6486660663527,1429.8915153445205,1250.0140269615372,11.030041013402197,,
1-466,SMART_HOME_CONTROL,759.5797812874857,0.1,150,CloudNode,332,1.0,12000.0,849.14119351993,2222.2471480460576,1373.1059545261278,1215.8416459832797,31.64915755364524,,
8-394,HEALTH_MONITORING,619.7355153877072,1.0,100,CloudNode,163,1.0,12000.0,775.5055911108036,2223.6639114796067,1448.158320368803,1228.3936414907948,25.822313141154467,,
2-342,VOICE_ASSISTANT,122.24344595591973,2.0,150,CloudNode,140,1.0,12000.0,684.7576485426548,2223.961604096793,1539.2039555541382,1261.5117024055035,5.0934769148299885,,
0-415,SMART_HOME_CONTROL,70.56306192604262,0.1,150,CloudNode,342,1.0,12000.0,853.5202404982331,2224.1084373068306,1370.5881968085976,1265.1846198715639,2.940127580251776,,
2-399,HEALTH_MONITORING,953.9915356029572,1.0,100,CloudNode,186,1.0,12000.0,789.0239992555519,2224.173198853254,1435.149199597702,1204.3983994289415,39.74964731678988,,
7-466,SMART_HOME_CONTROL,564.6200240217726,0.1,150,CloudNode,383,1.0,12000.0,867.5653594835537,2224.328080504912,1356.7627210213584,1231.633663903632,23.525834334240525,,
1-442,E_COMMERCE_TRANSACTION,473.39120039666903,0.5,300,CloudNode,222,1.0,12000.0,804.7629997966895,2231.9960958111074,1427.2330960144177,1244.5535038302103,19.72463334986121,,
3-98,GPS_TRACKING,631.896050208318,0.2,200,FogNode_3,20,1.0,1899.4436001125757,191.7564741287903,2234.489044553274,2042.7325704244838,1687.3499500655028,30.00108967525675,,
5-434,GPS_TRACKING,878.784581736642,0.2,200,CloudNode,331,1.0,12000.0,847.7897988894251,2236.612371894846,1388.822573005421,1220.2406257875143,36.61602423902676,,
7-13,VOICE_ASSISTANT,969.471350837069,2.0,150,FogNode_9,0,0.25,1349.236560939329,34.58108565210154,2237.3738155498395,2202.792729897738,1313.402223782382,97.50907710607859,,
2-344,VOICE_ASSISTANT,848.5675087747944,2.0,150,CloudNode,140,1.0,12000.0,685.3545855343339,2237.8186729617028,1552.464087427369,1223.6343274785154,35.356979532283106,,
4-396,HEALTH_MONITORING,203.5952166762799,1.0,100,CloudNode,180,1.0,12000.0,784.9267405437397,2240.9278721531496,1456.0011316094099,1269.0278125073778,8.483134028178329,,
0-410,SENSOR_DATA_LOGGING,238.17803089818833,0.1,10000,CloudNode,321,1.0,12000.0,845.6453235957421,2242.0953172875734,1396.4499936918314,1268.2608943075188,9.924084620757847,,
4-414,SENSOR_DATA_LOGGING,632.9662604351715,0.1,10000,CloudNode,290,1.0,12000.0,837.7553838730377,2242.561555696475,1404.8061718234371,1242.1698991085548,26.373594184798815,,
7-400,HEALTH_MONITORING,971.8677164437902,1.0,100,CloudNode,138,1.0,12000.0,762.9160051049352,2245.777454012749,1482.8614489078136,1221.6124457845965,40.49448818515793,,
0-112,SENSOR_DATA_LOGGING,750.9510861892271,0.1,10000,FogNode_6,13,1.0,816.2509881302752,221.3598814003104,2248.655803029146,2027.295921628836,1085.4106802096153,101.18711619298112,,
6-416,GPS_TRACKING,615.4846174029647,0.2,200,CloudNode,338,1.0,12000.0,851.8319070642189,2249.6047280697708,1397.772821005552,1249.739681658711,25.645192391790196,,
6-366,HEALTH_MONITORING,727.8583543023948,1.0,100,CloudNode,143,1.0,12000.0,764.3402818796544,2249.8202236821558,1485.4799418025013,1242.0437533297559,30.32743142926645,,
7-464,GPS_TRACKING,155.19355265436315,0.2,200,CloudNode,373,1.0,12000.0,864.2017356863555,2250.751469016233,1386.5497333298774,1280.9366457978342,6.466398027265131,,
0-121,GPS_TRACKING,127.84896459182332,0.2,200,FogNode_2,26,1.0,681.967788340379,231.61447986355304,2253.720735052386,2022.1062551888328,1808.475504542377,15.692696429260943,,
5-332,SENSOR_DATA_LOGGING,81.99092239345717,0.1,10000,FogNode_9,26,1.0,1349.236560939329,612.7367783142932,2253.820103903124,1641.083325588831,1565.0509122668977,8.246617258735013,,
9-397,HEALTH_MONITORING,694.662726628143,1.0,100,CloudNode,135,1.0,12000.0,759.9991602112278,2254.414019511219,1494.4148592999913,1248.5203327297734,28.944280276172627,,
4-416,GPS_TRACKING,992.9068001722468,0.2,200,CloudNode,312,1.0,12000.0,842.7337979706444,2255.953780737451,1413.2199827668064,1229.5109117815216,41.371116673843616,,
7-373,VOICE_ASSISTANT,172.72104010821067,2.0,150,CloudNode,128,1.0,12000.0,715.9561406527379,2256.488737296591,1540.5325966438531,1284.6789935728593,7.196710004508778,,
6-328,VOICE_ASSISTANT,399.2250167495597,2.0,150,CloudNode,136,1.0,12000.0,699.1484507396827,2256.9326628754034,1557.7842121357207,1269.6273160699052,16.63437569789832,,
3-457,GPS_TRACKING,625.3316035751355,0.2,200,CloudNode,329,1.0,12000.0,847.1076683872142,2261.583180983579,1414.4755125963648,1257.3800508293214,26.055483482297316,,
2-416,GPS_TRACKING,282.8370316121638,0.2,200,CloudNode,285,1.0,12000.0,833.4905645677705,2264.4976247874965,1431.007060219726,1283.633108859956,11.784876317173492,,
0-390,HEALTH_MONITORING,104.32469345838064,1.0,100,CloudNode,236,1.0,12000.0,809.8642869310478,2265.182461751456,1455.3181748204079,1295.867416764631,4.346862227432527,,
5-436,SENSOR_DATA_LOGGING,848.8938603038357,0.1,10000,CloudNode,334,1.0,12000.0,850.5857247284727,2269.0736737146035,1418.487948986131,1249.336136192394,35.37057751265982,,
8-120,GPS_TRACKING,160.4087239318097,0.2,200,FogNode_2,26,1.0,681.967788340379,233.15303726396817,2270.8768979966935,2037.7238607327254,1778.048297328591,19.689212324117694,,
6-412,SMART_HOME_CONTROL,708.7725921642107,0.1,150,CloudNode,316,1.0,12000.0,844.8115007279405,2272.8711647583505,1428.05966403041,1261.387832592096,29.532191340175444,,
9-460,E_COMMERCE_TRANSACTION,281.87631849257406,0.5,300,CloudNode,329,1.0,12000.0,847.4920403809845,2273.3099168898702,1425.8178765088858,1291.1464014883727,11.744846603857253,,
2-418,GPS_TRACKING,661.3732391060204,0.2,200,CloudNode,332,1.0,12000.0,849.2595588088258,2273.4120596808657,1424.15250087204,1264.8349722970224,27.557218296084184,,
8-360,VOICE_ASSISTANT,204.35639657763645,2.0,150,CloudNode,128,1.0,12000.0,713.2507867829157,2273.9623625902063,1560.7115758072905,1296.0976366200935,8.514849857401519,,
5-432,SENSOR_DATA_LOGGING,679.0144038910896,0.1,10000,CloudNode,316,1.0,12000.0,844.3545478406921,2276.187012493027,1431.8324646523347,1265.9946963406242,28.292266828795402,,
2-15,VOICE_ASSISTANT,972.8072576381254,2.0,150,FogNode_9,0,0.25,1349.236560939329,42.89299814677991,2276.7504857359727,2233.8574875891927,1343.0738088028222,97.84460140311123,,
4-413,E_COMMERCE_TRANSACTION,966.6666299291713,0.5,300,CloudNode,286,1.0,12000.0,834.5144677725248,2278.175602909622,1443.661135137097,1249.1419318807596,40.277776247048806,,
1-111,SENSOR_DATA_LOGGING,708.4696761522259,0.1,10000,FogNode_3,20,1.0,1899.4436001125757,199.60023584410587,2279.112570683944,2079.512334839838,1690.9776633554336,33.63664368440968,,
6-411,GPS_TRACKING,185.0245324614173,0.2,200,CloudNode,316,1.0,12000.0,844.3893198619234,2279.916335825948,1435.5270159640245,1303.5133521117984,7.709355519225721,,
5-435,GPS_TRACKING,223.09447091776366,0.2,200,CloudNode,331,1.0,12000.0,848.8944899859732,2280.1743868933927,1431.2798969074195,1300.6772469537123,9.295602954906819,,
4-420,SMART_HOME_CONTROL,689.8303079883935,0.1,150,CloudNode,327,1.0,12000.0,846.5521996047761,2281.5942963058633,1435.0420967010873,1268.565298089989,28.742929499516396,,
5-443,SENSOR_DATA_LOGGING,905.9405396199934,0.1,10000,CloudNode,371,1.0,12000.0,863.4616803531982,2282.045321231314,1418.583640878116,1255.6204638236136,37.747522484166396,,
7-414,HEALTH_MONITORING,114.52064429641622,1.0,100,CloudNode,186,1.0,12000.0,789.4065274730399,2282.8533039145714,1493.4467764415315,1311.092408154812,4.7716935123506765,,
9-475,SENSOR_DATA_LOGGING,883.2685485278126,0.1,10000,CloudNode,375,1.0,12000.0,865.2876923256244,2282.893324262599,1417.6056319369745,1258.03834023144,36.802856188658865,,
9-21,HEALTH_MONITORING,961.816109554844,1.0,100,FogNode_7,0,0.0,1727.0272900361456,31.22723981956099,2285.284420208332,2254.057180388771,1605.6743818751793,65.92199135429999,,
6-425,SENSOR_DATA_LOGGING,777.5192847752107,0.1,10000,CloudNode,382,1.0,12000.0,866.7928800559498,2286.4419397976203,1419.6490597416705,1268.0132755413033,32.39663686563378,,
6-383,HEALTH_MONITORING,78.51153424995906,1.0,100,CloudNode,205,1.0,12000.0,797.2189542259234,2289.435952116762,1492.2169978908387,1314.566995185103,3.271313927081627,,
9-466,E_COMMERCE_TRANSACTION,816.057190428648,0.5,300,CloudNode,347,1.0,12000.0,854.5908171757552,2292.3328463739663,1437.7420291982112,1268.4052186968174,34.002382934527,,
3-128,SMART_HOME_CONTROL,677.0432078662669,0.1,150,FogNode_6,20,1.0,816.2509881302752,241.51141418580107,2293.244391725925,2051.732977540124,1208.9945497509643,91.22837825521134,,
1-467,SMART_HOME_CONTROL,104.4584287715114,0.1,150,CloudNode,345,1.0,12000.0,854.4178726699131,2295.146808861913,1440.728936192,1318.0519085760302,4.352434532146308,,
1-473,SENSOR_DATA_LOGGING,256.9187242367953,0.1,10000,CloudNode,365,1.0,12000.0,860.4758014425404,2295.372256276606,1434.8964548340657,1310.4392451569195,10.704946843199803,,
6-95,SENSOR_DATA_LOGGING,245.51911620319,0.1,10000,FogNode_2,25,1.0,681.967788340379,243.41368876659314,2295.7063693683476,2052.2926806017545,1678.6959458753583,30.13600438969464,,
6-414,GPS_TRACKING,155.5315318799778,0.2,200,CloudNode,328,1.0,12000.0,847.1911387308409,2295.8142649045694,1448.6231261737285,1317.493760595365,6.480480494999075,,
1-438,HEALTH_MONITORING,549.5270798350525,1.0,100,CloudNode,190,1.0,12000.0,792.1679475632802,2296.5453923358205,1504.3774447725402,1291.4940151084588,22.896961659793856,,
8-398,HEALTH_MONITORING,891.5687807545057,1.0,100,CloudNode,174,1.0,12000.0,782.0117052628337,2298.4705972494626,1516.4588919866287,1268.562825723607,37.14869919810441,,
6-92,SENSOR_DATA_LOGGING,354.2251207926525,0.1,10000,FogNode_2,26,1.0,681.967788340379,235.40945945537553,2298.6075497043553,2063.19809024898,1527.6524446774529,43.47901686935443,,
8-431,GPS_TRACKING,803.4961858477476,0.2,200,CloudNode,309,1.0,12000.0,841.1398490592409,2298.95411129842,1457.8142622391788,1275.8570439032562,33.47900774365615,,
2-23,HEALTH_MONITORING,938.6856100031918,1.0,100,FogNode_7,0,0.875,1727.0272900361456,58.36160383289002,2305.7513876833223,2247.389783850432,1616.087574353856,64.33664819325604,,
3-36,HEALTH_MONITORING,311.09480453429956,1.0,100,FogNode_0,3,1.0,1189.2931772946604,54.25771428873194,2307.408439500786,2253.1507252120537,1905.377996423184,19.808708502323487,,
3-32,VOICE_ASSISTANT,449.87077178281794,2.0,150,FogNode_8,0,0.5,770.9711269175084,49.947061004706555,2308.36053231057,2258.4134713058634,1509.3714694630703,42.76231680641379,,
5-433,GPS_TRACKING,491.4639929388721,0.2,200,CloudNode,327,1.0,12000.0,846.7812213980671,2310.0290064595097,1463.2477850614425,1307.9338805411646,20.477666372453005,,
1-470,SENSOR_DATA_LOGGING,181.90144330501477,0.1,10000,CloudNode,358,1.0,12000.0,858.30196796612,2313.6290508582138,1455.3270828920938,1328.7374360405151,7.579226804375615,,
5-437,E_COMMERCE_TRANSACTION,265.72070537122215,0.5,300,CloudNode,352,1.0,12000.0,855.7316855130631,2314.4762384882347,1458.7445529751717,1323.4589664699579,11.071696057134256,,
8-376,VOICE_ASSISTANT,430.01551249756443,2.0,150,CloudNode,118,1.0,12000.0,738.905204362863,2317.428922347327,1578.523717984464,1316.3215531853311,17.91731302073185,,
3-456,E_COMMERCE_TRANSACTION,486.4478929266759,0.5,300,CloudNode,309,1.0,12000.0,841.9478127949011,2318.712927320178,1476.765114525277,1314.2141605630486,20.26866220527816,,
8-419,E_COMMERCE_TRANSACTION,986.838081686931,0.5,300,CloudNode,240,1.0,12000.0,810.9356151064076,2318.84887870209,1507.9132635956826,1280.0881563584908,41.11825340362212,,
3-389,VOICE_ASSISTANT,946.2836916056553,2.0,150,CloudNode,120,1.0,12000.0,732.3587698940951,2321.4185299969463,1589.0597601028512,1285.0429205914597,39.42848715023564,,
6-420,SMART_HOME_CONTROL,809.9802732193773,0.1,150,CloudNode,352,1.0,12000.0,856.1703635848652,2321.912375612834,1465.7420120279685,1295.085049702276,33.74917805080739,,
1-441,HEALTH_MONITORING,145.5752499073347,1.0,100,CloudNode,208,1.0,12000.0,800.4577705350019,2322.160277285121,1521.702506750119,1340.0208187551568,6.065635412805612,,
1-34,HEALTH_MONITORING,953.785482868282,1.0,100,FogNode_7,0,0.875,1727.0272900361456,59.20104128621783,2322.913254757992,2263.7122134717742,1622.1341400821946,65.37157958874307,,
5-448,SENSOR_DATA_LOGGING,927.1033240493048,0.1,10000,CloudNode,400,1.0,12000.0,875.2319151215412,2323.036064350191,1447.8041492286497,1287.6806209333297,38.62930516872103,,
7-380,VOICE_ASSISTANT,338.7839175044426,2.0,150,CloudNode,120,1.0,12000.0,732.2132045437992,2323.604249401976,1591.3910448581769,1326.2251020410927,14.115996562685108,,
4-106,GPS_TRACKING,829.1518422330087,0.2,200,FogNode_6,13,1.0,816.2509881302752,221.26127287491045,2324.423117286341,2103.1618444114306,1065.9829163475038,111.72429915164211,,
0-377,HEALTH_MONITORING,926.9080207373048,1.0,100,CloudNode,168,1.0,12000.0,777.3094038062143,2326.847063131213,1549.5376593249987,1291.025376607477,38.62116753072103,,
4-310,SENSOR_DATA_LOGGING,70.23956140969784,0.1,10000,FogNode_9,26,1.0,1349.236560939329,619.5711423054372,2328.8092302461255,1709.2380879406883,1643.3506154470558,7.064669629981075,,
3-41,E_COMMERCE_TRANSACTION,336.13755451631073,0.5,300,FogNode_4,3,1.0,1758.3565909566523,59.305840474924054,2330.0811048374712,2270.775264362547,2034.3335478441088,28.001468281707314,,
7-420,HEALTH_MONITORING,683.1758833391763,1.0,100,CloudNode,220,1.0,12000.0,802.9472407102907,2330.343383292464,1527.396142582173,1310.0606357265551,28.465661805799012,,
9-421,HEALTH_MONITORING,753.8778103118466,1.0,100,CloudNode,186,1.0,12000.0,789.6785971865269,2335.6943156176712,1546.0157184311443,1311.339610104076,31.411575429660278,,
6-382,HEALTH_MONITORING,856.8962376333112,1.0,100,CloudNode,197,1.0,12000.0,794.8066949260468,2336.5904815542317,1541.7837866281848,1304.1231536114713,35.70400990138796,,
1-403,VOICE_ASSISTANT,969.6255913982635,2.0,150,CloudNode,128,1.0,12000.0,711.4631178976333,2336.755913353973,1625.2927954563397,1295.5865324097765,40.40106630826098,,
3-29,VOICE_ASSISTANT,224.02154656296534,2.0,150,FogNode_1,6,1.0,1597.9384595498836,40.85401846698224,2341.487131848057,2300.6331133810745,1992.8432094358484,18.50587951310804,,
2-370,VOICE_ASSISTANT,792.2000968327357,2.0,150,CloudNode,119,1.0,12000.0,731.3832739258089,2348.0619959673754,1616.6787220415665,1316.7653153870958,33.00833736803065,,
1-468,SENSOR_DATA_LOGGING,707.2000416883728,0.1,10000,CloudNode,352,1.0,12000.0,855.3045092979778,2348.3692889241265,1493.0647796261487,1320.8753848366,29.4666684036822,,
7-463,SMART_HOME_CONTROL,385.99935114383726,0.1,150,CloudNode,370,1.0,12000.0,862.8942042417508,2351.01549129741,1488.1212870556592,1345.2910514911978,16.083306297659885,,
6-406,HEALTH_MONITORING,351.0356551424336,1.0,100,CloudNode,286,1.0,12000.0,833.9963051012811,2351.4132485469904,1517.4169434457094,1347.0272211937233,14.626485630934733,,
3-392,VOICE_ASSISTANT,867.3509352535393,2.0,150,CloudNode,117,1.0,12000.0,737.0329895548431,2352.19558043041,1615.1625908755668,1314.9535613951768,36.139622302230805,,
3-397,VOICE_ASSISTANT,72.69739212048492,2.0,150,CloudNode,113,1.0,12000.0,747.6802052455831,2354.120111977416,1606.4399067318327,1367.0952868519842,3.029058005020205,,
4-445,SENSOR_DATA_LOGGING,949.0035838819748,0.1,10000,CloudNode,438,1.0,12000.0,888.9469911065524,2355.2706444831915,1466.323653376639,1312.6470472564522,39.54181599508228,,
6-338,VOICE_ASSISTANT,902.4531413498811,2.0,150,CloudNode,122,1.0,12000.0,725.6125262331851,2355.378815339216,1629.7662891060309,1315.0436206450072,37.60221422291171,,
6-388,HEALTH_MONITORING,723.9604086871359,1.0,100,CloudNode,224,1.0,12000.0,805.2471754103522,2356.144298961831,1550.8971235514787,1326.4118652050927,30.16501702863066,,
7-432,HEALTH_MONITORING,479.29521980486857,1.0,100,CloudNode,263,1.0,12000.0,822.9967257247581,2357.370190664399,1534.373464939641,1344.864730983425,19.97063415853619,,
6-387,HEALTH_MONITORING,532.9645825016769,1.0,100,CloudNode,221,1.0,12000.0,804.0030447120811,2358.042766066687,1554.0397213546057,1342.2375214841857,22.206857604236536,,
9-417,HEALTH_MONITORING,338.0803029446748,1.0,100,CloudNode,187,1.0,12000.0,786.7226630152784,2358.5167418711867,1571.7940788559083,1353.8464726739162,14.08667928936145,,
4-430,E_COMMERCE_TRANSACTION,112.13747142718957,0.5,300,CloudNode,385,1.0,12000.0,868.4232668774492,2366.7149799499985,1498.291713072549,1369.8502737507688,4.672394642799565,,
2-417,GPS_TRACKING,890.2386185287884,0.2,200,CloudNode,312,1.0,12000.0,842.5688266633624,2369.333360405979,1526.7645337426165,1326.1051700800672,37.09327577203285,,
4-16,HEALTH_MONITORING,486.7964094246291,1.0,100,FogNode_1,2,1.0,1597.9384595498836,34.598079697640365,2370.9016183869535,2336.303538689313,1941.2020327284577,40.21307699388535,,
6-404,HEALTH_MONITORING,866.070384769747,1.0,100,CloudNode,284,1.0,12000.0,831.796001407626,2371.126643362565,1539.330641954939,1329.0268844182594,36.086266032072785,,
6-379,HEALTH_MONITORING,601.6899331351674,1.0,100,CloudNode,192,1.0,12000.0,792.764933776995,2372.053203374098,1579.288269597103,1347.1206339399089,25.070413880631975,,
0-396,HEALTH_MONITORING,53.51594300498333,1.0,100,CloudNode,262,1.0,12000.0,822.0958510787885,2376.51286529118,1554.4170142123912,1380.6783287401138,2.2298309585409717,,
9-116,SENSOR_DATA_LOGGING,812.816399250668,0.1,10000,FogNode_3,20,1.0,1899.4436001125757,198.37851342512286,2378.7579234861196,2180.3794100609966,1732.3606941466862,38.590805679825706,,
8-402,HEALTH_MONITORING,991.0352981617185,1.0,100,CloudNode,186,1.0,12000.0,788.8801869442344,2379.1316671826303,1590.2514802383957,1326.984719139301,41.293137423404936,,
5-414,HEALTH_MONITORING,510.5786960924788,1.0,100,CloudNode,231,1.0,12000.0,806.1029829535971,2379.138706228605,1573.0357232750077,1358.398007108221,21.274112337186615,,
6-22,VOICE_ASSISTANT,967.4227804415978,2.0,150,FogNode_9,0,0.5,1349.236560939329,48.60935204993442,2380.1373608433746,2331.52800879344,1444.452974931521,97.30303263815618,,
2-372,VOICE_ASSISTANT,161.84662397478166,2.0,150,CloudNode,118,1.0,12000.0,736.2139870848697,2380.2021986145637,1643.9882115296941,1376.3186137093194,6.74360933228257,,
9-28,VOICE_ASSISTANT,63.24188984391214,2.0,150,FogNode_1,5,1.0,1597.9384595498836,40.00538265184129,2381.064306717311,2341.0589240654695,2126.504752281799,5.224259949940761,,
4-366,VOICE_ASSISTANT,330.8131206966916,2.0,150,CloudNode,117,1.0,12000.0,737.0252057756119,2382.9465753972736,1645.9213696216616,1369.881974800951,13.783880029028818,,
7-452,E_COMMERCE_TRANSACTION,387.37936737282564,0.5,300,CloudNode,338,1.0,12000.0,852.1796269211798,2386.4017259251514,1534.2220990039716,1370.3992180659016,16.140806973867733,,
7-447,E_COMMERCE_TRANSACTION,819.5972165685433,0.5,300,CloudNode,312,1.0,12000.0,842.6385494779486,2387.0126953675567,1544.3741458896081,1345.7908074116037,34.1498840236893,,
5-393,VOICE_ASSISTANT,375.67103602009587,2.0,150,CloudNode,115,1.0,12000.0,742.6104209897757,2387.450218630172,1644.8397976403962,1368.6617425313937,15.65295983417066,,
0-403,E_COMMERCE_TRANSACTION,900.2108166351265,0.5,300,CloudNode,284,1.0,12000.0,832.0260589245584,2389.493806541162,1557.4677476166037,1342.8884140208334,37.50878402646361,,
5-410,HEALTH_MONITORING,800.6962169130769,1.0,100,CloudNode,186,1.0,12000.0,789.4862186724683,2389.760749092947,1600.2745304204789,1347.262835102726,33.362342371378205,,
5-405,VOICE_ASSISTANT,204.80836121359349,2.0,150,CloudNode,153,1.0,12000.0,772.3056108839324,2393.580228725646,1621.2746178417137,1384.4643427635756,8.533681717233062,,
0-420,GPS_TRACKING,849.5857462197562,0.2,200,CloudNode,375,1.0,12000.0,865.3387744509147,2394.403061586956,1529.0642871360415,1347.544552898814,35.39940609248984,,
5-388,VOICE_ASSISTANT,91.02039718521385,2.0,150,CloudNode,120,1.0,12000.0,732.7122747864363,2394.5977284663245,1661.885453679888,1391.299778466654,3.7925165493839104,,
2-309,SENSOR_DATA_LOGGING,237.33770795240076,0.1,10000,FogNode_9,26,1.0,1349.236560939329,616.2021446199982,2395.046801094258,1778.8446564742599,1589.1848265219546,23.871340648621178,,
2-368,VOICE_ASSISTANT,703.853708195623,2.0,150,CloudNode,122,1.0,12000.0,724.3906171724259,2395.4103890369415,1671.0197718645156,1357.6291674403524,29.32723784148429,,
8-124,SENSOR_DATA_LOGGING,335.67222993282655,0.1,10000,FogNode_2,26,1.0,681.967788340379,238.38876796578717,2396.374860004948,2157.9860920391607,1652.221184987183,41.20176038098176,,
0-418,GPS_TRACKING,539.959927702171,0.2,200,CloudNode,369,1.0,12000.0,862.6104737374161,2396.409909188838,1533.7994354514217,1369.3931622262114,22.498330320923788,,
7-428,HEALTH_MONITORING,592.8580709211435,1.0,100,CloudNode,256,1.0,12000.0,818.8851019470471,2397.7741281675553,1578.8890262205082,1366.6694799495754,24.702419621714313,,
0-34,HEALTH_MONITORING,821.2074323941158,1.0,100,FogNode_7,6,1.0,1727.0272900361456,69.36653428611014,2400.0643893743345,2330.6978550882245,1767.467300717127,56.28480197054227,,
8-127,SENSOR_DATA_LOGGING,644.7892554307111,0.1,10000,FogNode_6,20,1.0,816.2509881302752,241.62560320482768,2400.450281287449,2158.824678082621,1351.818906615458,86.88231032508644,,
2-374,VOICE_ASSISTANT,78.40761568449861,2.0,150,CloudNode,117,1.0,12000.0,737.3253159580746,2401.9443570106496,1664.619041052575,1394.5888513941918,3.266983986854109,,
2-88,SENSOR_DATA_LOGGING,823.6072867990849,0.1,10000,FogNode_3,20,1.0,1899.4436001125757,198.5626861210112,2402.002460891493,2203.4397747704816,1749.6017233155221,39.10313422644178,,
2-378,VOICE_ASSISTANT,915.7428065386098,2.0,150,CloudNode,113,1.0,12000.0,747.3436994543937,2403.1589636760973,1655.8152642217037,1350.4959159001087,38.15595027244208,,
1-437,HEALTH_MONITORING,999.0854023744159,1.0,100,CloudNode,186,1.0,12000.0,789.5391760102347,2404.675646861481,1615.136470851246,1347.6094151653797,41.628558432267326,,
4-404,HEALTH_MONITORING,323.771686513877,1.0,100,CloudNode,231,1.0,12000.0,806.1656747089186,2406.1196801047613,1599.9540053958426,1386.2962239190347,13.490486938078208,,
4-38,GPS_TRACKING,288.9186917702475,0.2,200,FogNode_5,0,0.6666666666666666,782.8923712617282,88.40984965644368,2406.4241566371434,2318.0143069806995,1922.15729112203,42.94480993357793,,
8-375,VOICE_ASSISTANT,208.73733639035342,2.0,150,CloudNode,118,1.0,12000.0,736.8987385709429,2406.8885845736913,1669.9898460027484,1391.4822363599656,8.697389016264726,,
5-114,VOICE_ASSISTANT,327.72860366505336,2.0,150,FogNode_9,26,1.0,1349.236560939329,211.9551287477263,2411.669717744528,2199.714588996802,1783.729819390156,32.96282417943655,,
1-464,HEALTH_MONITORING,306.23179339598016,1.0,100,CloudNode,325,1.0,12000.0,846.2347550570066,2411.921042041483,1565.6862869844763,1392.8129493602532,12.75965805816584,,
9-472,GPS_TRACKING,916.5496385778306,0.2,200,CloudNode,365,1.0,12000.0,860.2073731346333,2412.0734521658237,1551.8660790311906,1358.4373578001082,38.18956827407627,,
7-453,HEALTH_MONITORING,198.19036575232673,1.0,100,CloudNode,339,1.0,12000.0,852.719734447439,2412.925773001532,1560.206038554093,1395.5518944296637,8.257931906346947,,
1-430,VOICE_ASSISTANT,223.6791970333341,2.0,150,CloudNode,130,1.0,12000.0,757.1606679698564,2413.237661552436,1656.0769935825795,1394.3439593710568,9.319966543055587,,
3-463,HEALTH_MONITORING,316.8353217381153,1.0,100,CloudNode,337,1.0,12000.0,851.7845371301463,2413.8531621083484,1562.068624978202,1389.4833139007203,13.201471739088138,,
4-370,VOICE_ASSISTANT,548.1822600797027,2.0,150,CloudNode,118,1.0,12000.0,738.7282536861111,2415.015215412621,1676.2869617265096,1378.8783953777224,22.840927503320945,,
1-435,VOICE_ASSISTANT,173.70272333724705,2.0,150,CloudNode,174,1.0,12000.0,782.0121732824315,2416.41958395542,1634.4074106729886,1400.3166305471748,7.237613472385293,,
9-458,E_COMMERCE_TRANSACTION,770.7050998781532,0.5,300,CloudNode,323,1.0,12000.0,845.9678763795364,2416.421005420256,1570.4531290407194,1368.7314545389818,32.11271249492305,,
6-367,VOICE_ASSISTANT,710.8949143863599,2.0,150,CloudNode,143,1.0,12000.0,764.4403925963818,2417.7579847367165,1653.3175921403347,1368.692512360282,29.620621432765,,
9-43,E_COMMERCE_TRANSACTION,445.63275153957636,0.5,300,FogNode_4,2,1.0,1758.3565909566523,54.66170430509444,2421.1338694398037,2366.472165134709,2063.0840794946944,37.122812342349874,,
9-395,VOICE_ASSISTANT,506.2042237423971,2.0,150,CloudNode,124,1.0,12000.0,756.0082052680353,2421.315352494497,1665.3071472264614,1386.9953797822463,21.091842655933213,,
8-427,HEALTH_MONITORING,845.0798476731713,1.0,100,CloudNode,270,1.0,12000.0,826.3419450873847,2421.438811936841,1595.096866849456,1369.2770136038444,35.21166031971548,,
1-12,HEALTH_MONITORING,937.4646782284319,1.0,100,FogNode_1,0,0.0,1597.9384595498836,14.67693824965105,2421.825792958727,2407.148854709076,1725.930162399408,77.44169544965541,,
0-36,HEALTH_MONITORING,696.9982551360762,1.0,100,FogNode_7,7,1.0,1727.0272900361456,74.3056949438028,2427.2550968296705,2352.9494018858677,1861.6849423137091,47.77161922387472,,
6-391,HEALTH_MONITORING,848.4135578994976,1.0,100,CloudNode,242,1.0,12000.0,812.1001748559166,2428.743895891645,1616.6437210357285,1369.4751931573542,35.350564912479065,,
9-36,HEALTH_MONITORING,515.3227741638407,1.0,100,FogNode_0,2,1.0,1189.2931772946604,48.56801676548149,2429.7862544255663,2381.218237660085,1857.4249567140068,32.81275826287461,,
3-432,HEALTH_MONITORING,397.2846181840572,1.0,100,CloudNode,249,1.0,12000.0,815.5338715152196,2430.8811796828936,1615.3473081676739,1396.4782676533573,16.55352575766905,,
1-409,VOICE_ASSISTANT,731.5761680075259,2.0,150,CloudNode,122,1.0,12000.0,725.8794915303046,2432.091324029859,1706.2118324995545,1380.2131903628006,30.482340333646913,,
2-420,HEALTH_MONITORING,354.9231066830753,1.0,100,CloudNode,341,1.0,12000.0,853.3282648426288,2435.6966056616843,1582.3683408190554,1401.5335443076572,14.788462778461469,,
6-430,SENSOR_DATA_LOGGING,978.0764231938285,0.1,10000,CloudNode,411,1.0,12000.0,876.8051931410542,2436.777013082677,1559.971819941623,1370.8210213442194,40.753184299742856,,
9-394,VOICE_ASSISTANT,187.594830284769,2.0,150,CloudNode,121,1.0,12000.0,754.6986423420797,2436.9482550182274,1682.2496126761478,1408.366788068734,7.816451261865375,,
9-115,SENSOR_DATA_LOGGING,662.3499233171863,0.1,10000,FogNode_3,20,1.0,1899.4436001125757,198.22074782145953,2437.232196240283,2239.0114484188234,1867.61517022624,31.44697524108177,,
5-385,VOICE_ASSISTANT,657.9147622368413,2.0,150,CloudNode,122,1.0,12000.0,725.5624563069595,2444.5869792793505,1719.024522972391,1391.5376568633706,27.413115093201718,,
3-467,HEALTH_MONITORING,102.11461763350383,1.0,100,CloudNode,357,1.0,12000.0,858.075974025193,2445.457806487686,1587.381832462493,1415.0809897383815,4.254775734729326,,
5-411,VOICE_ASSISTANT,392.5980628191993,2.0,150,CloudNode,190,1.0,12000.0,790.8183255021005,2449.137510655189,1658.3191851530887,1404.8463552210794,16.358252617466636,,
9-468,HEALTH_MONITORING,246.72812864865907,1.0,100,CloudNode,352,1.0,12000.0,855.4126753592077,2449.3045732790333,1593.8918979198256,1414.9669313101303,10.280338693694128,,
8-380,VOICE_ASSISTANT,853.9128323954748,2.0,150,CloudNode,113,1.0,12000.0,746.4688512502797,2451.361601314187,1704.892750063907,1387.1541149357854,35.57970134981145,,
1-428,VOICE_ASSISTANT,258.01084921707735,2.0,150,CloudNode,123,1.0,12000.0,755.4116864647343,2452.382083784317,1696.9703973195824,1414.588955916383,10.750452050711557,,
0-111,VOICE_ASSISTANT,353.65317339035477,2.0,150,FogNode_9,29,1.0,1349.236560939329,219.75393966345317,2452.4632377325165,2232.709298069063,1797.2669965296259,35.57030800668289,,
9-438,HEALTH_MONITORING,717.0528065427901,1.0,100,CloudNode,242,1.0,12000.0,812.2734244839362,2453.3346292708784,1641.0612047869422,1395.3259506908112,29.877200272616257,,
9-129,SENSOR_DATA_LOGGING,93.63716630364705,0.1,10000,FogNode_7,42,1.0,1727.0272900361456,221.7087368572865,2454.2830846108686,2232.574347753582,2162.9717325328584,6.417805239680477,,
4-98,SENSOR_DATA_LOGGING,854.8950481674643,0.1,10000,FogNode_3,20,1.0,1899.4436001125757,201.83967871016662,2455.0984719157414,2253.258793205575,1785.791841225203,40.588611045360544,,
2-94,E_COMMERCE_TRANSACTION,340.25102368332637,0.5,300,FogNode_6,13,1.0,816.2509881302752,212.88131755767455,2456.412679251252,2243.5313616935773,1775.0543886513346,45.84722028027,,
1-107,GPS_TRACKING,600.92650655016,0.2,200,FogNode_3,20,1.0,1899.4436001125757,191.05047072615335,2459.338966237345,2268.2884955111917,1921.0368884626694,28.5307211610306,,
3-46,HEALTH_MONITORING,877.0960955506588,1.0,100,FogNode_7,4,1.0,1727.0272900361456,66.717828554973,2459.544138699628,2392.826310144655,1794.0311001338646,60.11535953015126,,
4-421,HEALTH_MONITORING,501.41065264606675,1.0,100,CloudNode,329,1.0,12000.0,847.7492749460639,2463.2230329906797,1615.4737580446158,1407.9729565196276,20.89211052691945,,
3-461,HEALTH_MONITORING,972.6650711138841,1.0,100,CloudNode,336,1.0,12000.0,851.515031357855,2464.001997990097,1612.486966632242,1389.7613708193985,40.52771129641184,,
4-386,VOICE_ASSISTANT,616.7950903257885,2.0,150,CloudNode,150,1.0,12000.0,769.9417469995587,2465.252752968831,1695.3110059692722,1404.778357759686,25.69979543024119,,
2-423,HEALTH_MONITORING,657.3120701060311,1.0,100,CloudNode,352,1.0,12000.0,855.8412085734487,2468.013667394605,1612.1724588211562,1405.78238056357,27.38800292108463,,
9-388,VOICE_ASSISTANT,760.0922357900658,2.0,150,CloudNode,115,1.0,12000.0,742.4692175740975,2468.016666510653,1725.5474489365556,1400.6108089460447,31.67050982458608,,
5-41,HEALTH_MONITORING,943.1242122221813,1.0,100,FogNode_7,4,1.0,1727.0272900361456,66.24037905229669,2471.7759991164276,2405.535620064131,1768.5814266783768,64.64086590618334,,
7-403,VOICE_ASSISTANT,432.31748286965274,2.0,150,CloudNode,142,1.0,12000.0,764.1070818478904,2472.8034699884815,1708.6963881405911,1416.6857525219345,18.013228452902197,,
0-298,SENSOR_DATA_LOGGING,365.4831605855068,0.1,10000,FogNode_9,26,1.0,1349.236560939329,611.1873025695357,2473.433103817114,1862.2458012475781,1574.4346774934247,36.760163831282576,,
4-23,VOICE_ASSISTANT,426.298351162778,2.0,150,FogNode_8,0,0.0,770.9711269175084,48.67617909977606,2474.2854355604795,2425.6092564607034,1702.1373100039168,40.52164819295067,,
3-402,VOICE_ASSISTANT,306.20364753927214,2.0,150,CloudNode,142,1.0,12000.0,764.0998282874395,2476.8785719424595,1712.77874365502,1422.6625330500763,12.758485314136339,,
9-402,VOICE_ASSISTANT,728.2341874970386,2.0,150,CloudNode,144,1.0,12000.0,766.1551332148346,2477.1057662468397,1710.950633032005,1406.0901059576317,30.343091145709945,,
7-457,HEALTH_MONITORING,996.3362990166536,1.0,100,CloudNode,355,1.0,12000.0,857.2885788642942,2477.4310865050106,1620.1425076407163,1394.4525817411554,41.514012459027235,,
3-473,HEALTH_MONITORING,404.92285544104743,1.0,100,CloudNode,394,1.0,12000.0,872.3981458500045,2479.20137777444,1606.8032319244355,1420.1757555643924,16.871785643376978,,
3-129,SENSOR_DATA_LOGGING,707.3077650158834,0.1,10000,FogNode_6,23,1.0,816.2509881302752,247.23743056388426,2479.6849203225242,2232.44748975864,1351.6610365667173,95.3063845556852,,
7-386,VOICE_ASSISTANT,922.1969468092858,2.0,150,CloudNode,116,1.0,12000.0,741.5728017640743,2480.008709243538,1738.4359074794636,1399.4233193415216,38.42487278372024,,
7-430,HEALTH_MONITORING,802.7768617428245,1.0,100,CloudNode,259,1.0,12000.0,821.2975609787194,2481.9132872245227,1660.6157262458032,1405.6432841322746,33.44903590595102,,
7-405,VOICE_ASSISTANT,585.1250242227396,2.0,150,CloudNode,144,1.0,12000.0,764.8335057902748,2484.4570243469125,1719.6235185566377,1415.7857644754138,24.38020934261415,,
1-436,VOICE_ASSISTANT,149.07362572040734,2.0,150,CloudNode,174,1.0,12000.0,782.2373046790574,2485.226272131849,1702.9889674527915,1438.5147912678467,6.211401071683639,,
4-400,VOICE_ASSISTANT,383.37503370259833,2.0,150,CloudNode,216,1.0,12000.0,801.765137209477,2485.282548746095,1683.517411536618,1423.286552633985,15.973959737608261,,
5-431,HEALTH_MONITORING,945.3817768125747,1.0,100,CloudNode,311,1.0,12000.0,842.1884439437276,2485.670399308073,1643.4819553643451,1400.9038846444828,39.390907367190614,,
1-445,VOICE_ASSISTANT,455.0041734486128,2.0,150,CloudNode,232,1.0,12000.0,806.806322900249,2487.0545251092403,1680.2482022089912,1422.7851666997608,18.95850722702553,,
7-103,SMART_HOME_CONTROL,138.9268511191582,0.1,150,FogNode_8,14,1.0,770.9711269175084,215.5093900677403,2488.5577488712142,2273.048358803474,2074.2333573719065,13.205645694499472,,
8-389,VOICE_ASSISTANT,858.2747789385679,2.0,150,CloudNode,144,1.0,12000.0,766.1577936508708,2489.280882981597,1723.1230893307265,1405.2264419727933,35.76144912244033,,
5-397,VOICE_ASSISTANT,697.6537770195748,2.0,150,CloudNode,120,1.0,12000.0,752.6821871285546,2490.2291387814903,1737.5469516529356,1413.8006698331592,29.068907375815616,,
0-401,HEALTH_MONITORING,956.5543650654577,1.0,100,CloudNode,281,1.0,12000.0,830.0945411158406,2491.7863159212784,1661.691774805438,1406.00029831425,39.8564318777274,,
7-448,HEALTH_MONITORING,959.8522396177954,1.0,100,CloudNode,316,1.0,12000.0,844.5950358237515,2491.9087286762992,1647.3136928525478,1405.8771906171178,39.99384331740814,,
7-408,VOICE_ASSISTANT,949.4344162029457,2.0,150,CloudNode,147,1.0,12000.0,767.6331640261656,2492.045307685111,1724.4121436589453,1406.0602739157766,39.5597673417894,,
5-409,VOICE_ASSISTANT,544.5134644540649,2.0,150,CloudNode,174,1.0,12000.0,782.2732317679172,2494.680695316872,1712.4074635489549,1422.6396689576227,22.68806101891937,,
6-392,VOICE_ASSISTANT,393.01026873993357,2.0,150,CloudNode,249,1.0,12000.0,814.2824349525127,2496.752853718425,1682.4704187659122,1432.392124959143,16.3754278641639,,
2-392,VOICE_ASSISTANT,150.53210024372214,2.0,150,CloudNode,168,1.0,12000.0,777.0222526419816,2497.8268904330716,1720.80463779109,1440.7596294639286,6.272170843488423,,
2-408,VOICE_ASSISTANT,95.10470405606875,2.0,150,CloudNode,232,1.0,12000.0,806.9276404543701,2498.1545307861625,1691.2268903317922,1438.958669605136,3.962696002336198,,
9-47,HEALTH_MONITORING,488.01673234385316,1.0,100,FogNode_4,3,1.0,1758.3565909566523,59.385766272258785,2498.385306605186,2438.999540332927,2067.4448224543785,40.653550512475576,,
8-414,VOICE_ASSISTANT,371.8438838998749,2.0,150,CloudNode,220,1.0,12000.0,803.6685751814395,2499.0006577195945,1695.3320825381552,1435.0324421582993,15.493495162494789,,
4-395,VOICE_ASSISTANT,224.61594906760558,2.0,150,CloudNode,180,1.0,12000.0,784.7585379023503,2504.3883950637064,1719.629857161356,1438.848282344571,9.3589978778169,,
8-416,VOICE_ASSISTANT,152.57868720562954,2.0,150,CloudNode,231,1.0,12000.0,806.1812120494156,2504.76019828558,1698.5789862361644,1438.243095826844,6.357445300234564,,
8-31,E_COMMERCE_TRANSACTION,301.6996779075181,0.5,300,FogNode_5,0,0.3333333333333333,782.8923712617282,71.53515902106936,2505.538217189451,2434.003058168382,2001.3414495819457,44.84457286364566,,
7-407,VOICE_ASSISTANT,515.05389906861,2.0,150,CloudNode,144,1.0,12000.0,766.0024840050035,2506.144191246397,1740.1417072413935,1431.9759935328138,21.46057912785875,,
1-480,HEALTH_MONITORING,753.5031096043037,1.0,100,CloudNode,394,1.0,12000.0,872.1489448428756,2507.378905079709,1635.2299602368334,1419.9604597890589,31.39596290017932,,
3-434,VOICE_ASSISTANT,218.1485743808403,2.0,150,CloudNode,250,1.0,12000.0,816.1720844676728,2507.4599308466672,1691.2878463789943,1440.990821543868,9.089523932535013,,
3-437,VOICE_ASSISTANT,306.07237319590155,2.0,150,CloudNode,252,1.0,12000.0,817.7749169219182,2509.963055446571,1692.188138524653,1441.1645729320312,12.753015549829232,,
2-394,VOICE_ASSISTANT,250.87193658485597,2.0,150,CloudNode,170,1.0,12000.0,780.3710583725575,2512.692310636683,1732.3212522641256,1439.8902706307697,10.452997357702332,,
8-390,VOICE_ASSISTANT,726.3662027052698,2.0,150,CloudNode,148,1.0,12000.0,767.1829275061243,2512.9126006764227,1745.7296731702984,1422.9901926454245,30.265258446052908,,
9-434,VOICE_ASSISTANT,62.47540351346582,2.0,150,CloudNode,235,1.0,12000.0,809.7604966527151,2515.169339072693,1705.408842419978,1441.9424402596817,2.6031418130610757,,
3-413,VOICE_ASSISTANT,463.76313645457833,2.0,150,CloudNode,174,1.0,12000.0,781.9908431038483,2517.8483058123215,1735.8574627084731,1439.8790851764102,19.323464018940765,,
6-82,SENSOR_DATA_LOGGING,236.71634543866685,0.1,10000,FogNode_1,26,1.0,1597.9384595498836,205.46514228216543,2519.0402053418893,2313.575063059724,2151.457409500119,19.55456622222707,,
2-401,VOICE_ASSISTANT,314.99355484108366,2.0,150,CloudNode,186,1.0,12000.0,789.5671672360081,2523.0023166218484,1733.4351493858403,1441.8806714202706,13.124731451711819,,
6-25,HEALTH_MONITORING,340.9311111085616,1.0,100,FogNode_4,4,1.0,1758.3565909566523,60.32702128465432,2523.973010985515,2463.645989700861,2175.4451799330477,28.40078880115248,,
8-400,VOICE_ASSISTANT,707.5919989263532,2.0,150,CloudNode,176,1.0,12000.0,783.5815180333988,2526.9826664211823,1743.4011483877835,1433.767902072242,29.482999955264717,,
3-439,VOICE_ASSISTANT,112.20408745365481,2.0,150,CloudNode,256,1.0,12000.0,818.9594400241939,2527.1986464334595,1708.2392064092655,1443.712108745346,4.67517031056895,,
3-433,VOICE_ASSISTANT,574.0813162649463,2.0,150,CloudNode,250,1.0,12000.0,815.6321638274952,2527.8488189322834,1712.216655104788,1439.566596069075,23.920054844372764,,
9-446,VOICE_ASSISTANT,363.86184675968997,2.0,150,CloudNode,263,1.0,12000.0,823.6094180719515,2528.47635134947,1704.8669332775185,1442.2248326441215,15.160910281653749,,
1-37,HEALTH_MONITORING,696.7099034849526,1.0,100,FogNode_7,7,1.0,1727.0272900361456,73.08915920870567,2530.5589204016665,2457.469761192961,1961.4168274855947,47.751855866967375,,
1-454,VOICE_ASSISTANT,393.67292302192146,2.0,150,CloudNode,263,1.0,12000.0,823.5119736152548,2531.806734638088,1708.2947610228334,1440.0692938283003,16.40303845924673,,
5-401,VOICE_ASSISTANT,680.8420406380292,2.0,150,CloudNode,141,1.0,12000.0,763.4824276181572,2533.6154086622955,1770.1329810441384,1442.4694316806333,28.368418359917882,,
3-460,HEALTH_MONITORING,824.0406469728329,1.0,100,CloudNode,334,1.0,12000.0,850.1711260070978,2533.9228068832335,1683.7516808761357,1433.2387475095713,34.33502695720137,,
5-418,VOICE_ASSISTANT,180.41318809285394,2.0,150,CloudNode,249,1.0,12000.0,815.6070460014766,2538.03674896292,1722.4297029614431,1448.1987927626574,7.517216170535581,,
7-440,VOICE_ASSISTANT,373.8442008162395,2.0,150,CloudNode,282,1.0,12000.0,830.7423912447886,2538.6136142480204,1707.871223003232,1441.1912814450905,15.576841700676646,,
4-402,VOICE_ASSISTANT,541.9130769547805,2.0,150,CloudNode,221,1.0,12000.0,803.4486740091987,2539.840118396437,1736.3914443872382,1440.2756567170957,22.579711539782522,,
1-452,VOICE_ASSISTANT,326.54799481122143,2.0,150,CloudNode,262,1.0,12000.0,821.9929437440962,2539.904643537618,1717.9116997935218,1444.198939804352,13.60616645046756,,
0-404,VOICE_ASSISTANT,626.5481170048564,2.0,150,CloudNode,284,1.0,12000.0,832.1299129041671,2544.1210717600375,1711.9911588558703,1439.2277493418621,26.106171541869017,,
6-409,VOICE_ASSISTANT,204.47449147859047,2.0,150,CloudNode,290,1.0,12000.0,837.0266660755609,2544.8883598888324,1707.8616938132714,1449.449085185806,8.519770478274603,,
3-458,VOICE_ASSISTANT,93.50552492435276,2.0,150,CloudNode,331,1.0,12000.0,848.37749948033,2547.6322454734664,1699.2547459931363,1431.850221274909,3.896063538514698,,
0-402,VOICE_ASSISTANT,249.8452753704296,2.0,150,CloudNode,282,1.0,12000.0,830.533828795766,2547.8031060353846,1717.2692772396185,1451.549109346623,10.410219807101234,,
8-392,VOICE_ASSISTANT,847.3265647794548,2.0,150,CloudNode,149,1.0,12000.0,769.9093292384202,2548.041633569965,1778.132304331545,1441.4336012653987,35.30527353247728,,
1-347,SMART_HOME_CONTROL,130.26988981892552,0.1,150,FogNode_9,26,1.0,1349.236560939329,616.7881706218276,2549.014052904789,1932.2258822829613,1816.9753131825,13.10249830486097,,
4-425,VOICE_ASSISTANT,185.66329219224667,2.0,150,CloudNode,339,1.0,12000.0,852.6877328461794,2549.394747899254,1696.7070150530747,1443.1359317038668,7.735970508010278,,
6-399,VOICE_ASSISTANT,551.7273573434675,2.0,150,CloudNode,267,1.0,12000.0,825.5355119424399,2552.121471025019,1726.5859590825794,1445.170228797498,22.988639889311145,,
7-23,VOICE_ASSISTANT,223.3503534791991,2.0,150,FogNode_3,8,1.0,1899.4436001125757,53.26877065759354,2554.8194483524076,2501.550677694814,2212.8697369501006,10.604202988008392,,
5-425,VOICE_ASSISTANT,262.22130707540583,2.0,150,CloudNode,289,1.0,12000.0,837.130210476299,2555.467184251913,1718.3369737756138,1452.7385227984473,10.925887794808578,,
7-456,VOICE_ASSISTANT,141.5412955658038,2.0,150,CloudNode,343,1.0,12000.0,853.6709321057192,2555.9161797238544,1702.2452476181352,1430.128631456385,5.897553981908492,,
0-380,VOICE_ASSISTANT,851.6670613655317,2.0,150,CloudNode,174,1.0,12000.0,782.7547016577471,2556.198527245643,1773.443825587896,1441.8962118470224,35.48612755689715,,
3-427,VOICE_ASSISTANT,959.7244788408206,2.0,150,CloudNode,241,1.0,12000.0,811.3139057914391,2557.0828061502416,1745.7689003588025,1442.3507689265853,39.98851995170086,,
9-443,VOICE_ASSISTANT,722.9338263983057,2.0,150,CloudNode,256,1.0,12000.0,818.7673010233626,2558.071375966264,1739.3040749429015,1441.908404381187,30.122242766596067,,
9-415,VOICE_ASSISTANT,879.1695766743079,2.0,150,CloudNode,179,1.0,12000.0,784.6560300183522,2560.318656498766,1775.6626264804136,1439.3220033416892,36.63206569476283,,
8-421,VOICE_ASSISTANT,640.0366102144209,2.0,150,CloudNode,256,1.0,12000.0,818.5820188935817,2560.7152892642443,1742.1332703706626,1444.6548574174226,26.66819209226754,,
8-411,VOICE_ASSISTANT,968.0040673394726,2.0,150,CloudNode,207,1.0,12000.0,799.2563106425727,2562.5802928361454,1763.3239821935726,1438.6684798981785,40.333502805811364,,
0-384,VOICE_ASSISTANT,753.7441696171186,2.0,150,CloudNode,200,1.0,12000.0,795.8128774387609,2567.57221242034,1771.7593349815788,1443.9742708671542,31.406007067379942,,
3-445,VOICE_ASSISTANT,672.7976157065452,2.0,150,CloudNode,263,1.0,12000.0,823.7413978792208,2568.979068651968,1745.2376707727474,1443.0414780270216,28.033233987772718,,
9-454,VOICE_ASSISTANT,520.4947060499459,2.0,150,CloudNode,307,1.0,12000.0,840.1982597304612,2571.8509101869654,1731.652650456504,1449.914144815142,21.687279418747746,,
1-114,SENSOR_DATA_LOGGING,265.61071797614676,0.1,10000,FogNode_4,20,1.0,1758.3565909566523,201.05963398151417,2572.1900996391846,2371.1304656576704,2204.803102160265,22.126328923267284,,
6-79,SMART_HOME_CONTROL,130.46550146088543,0.1,150,FogNode_4,20,1.0,1758.3565909566523,203.42191862769482,2572.582714646239,2369.160796018544,2281.3756243752828,10.868245906860592,,
5-420,VOICE_ASSISTANT,700.3193585924834,2.0,150,CloudNode,264,1.0,12000.0,824.1377516482678,2573.5292856220667,1749.391533973799,1445.1574416233934,29.179973274686805,,
9-424,VOICE_ASSISTANT,900.8739639560263,2.0,150,CloudNode,194,1.0,12000.0,793.8641421595257,2579.461225393375,1785.5970832338494,1443.6553464720894,37.53641516483443,,
5-19,HEALTH_MONITORING,821.5287035102485,1.0,100,FogNode_1,1,1.0,1597.9384595498836,28.671883639469264,2579.5773407535185,2550.905457114049,1943.5491453038217,67.86450427190229,,
3-450,VOICE_ASSISTANT,501.69089656625573,2.0,150,CloudNode,284,1.0,12000.0,831.915156376968,2580.421188961875,1748.5060325849072,1436.1819894488867,20.90378735692732,,
5-43,E_COMMERCE_TRANSACTION,310.7348880065701,0.5,300,FogNode_5,0,0.3333333333333333,782.8923712617282,77.32294296329792,2588.719341889705,2511.396398926407,2064.7929304100153,46.18756447847095,,
4-415,VOICE_ASSISTANT,686.9483604525198,2.0,150,CloudNode,309,1.0,12000.0,841.9791178944577,2589.052431342465,1747.0733134480072,1451.8668792481171,28.622848352188324,,
2-89,SENSOR_DATA_LOGGING,687.499351844871,0.1,10000,FogNode_3,20,1.0,1899.4436001125757,199.3077573761959,2596.436802204054,2397.1290448278583,2012.5489603236106,32.641016983060986,,
0-33,VOICE_ASSISTANT,502.0847856439745,2.0,150,FogNode_7,4,1.0,1727.0272900361456,68.55426838863019,2596.473363265692,2527.919094877062,2069.9134110973555,34.41242932982953,,
8-109,SENSOR_DATA_LOGGING,121.9855212225872,0.1,10000,FogNode_7,42,1.0,1727.0272900361456,226.7919357082674,2601.192153545327,2374.4002178370597,2288.2657848743083,8.360775407584947,,
0-399,VOICE_ASSISTANT,923.4040599161118,2.0,150,CloudNode,267,1.0,12000.0,825.444677979575,2604.1489847598023,1778.7043067802274,1451.3701822130731,38.47516916317133,,
0-306,SENSOR_DATA_LOGGING,74.4094067653824,0.1,10000,FogNode_9,26,1.0,1349.236560939329,622.5444517192606,2604.1633194748997,1981.6188677556393,1913.0553415209195,7.484071164597648,,
3-120,SENSOR_DATA_LOGGING,263.1424903760977,0.1,10000,FogNode_7,42,1.0,1727.0272900361456,221.57989584328803,2606.6503876026995,2385.0704917594117,2216.584744139835,18.03554422014278,,
4-423,VOICE_ASSISTANT,833.104468905246,2.0,150,CloudNode,332,1.0,12000.0,849.2490880635877,2607.46212137169,1758.2130333081022,1438.1903283962038,34.71268620438525,,
0-406,VOICE_ASSISTANT,920.6507782364889,2.0,150,CloudNode,290,1.0,12000.0,836.9718468194019,2616.6255417239922,1779.6536949045903,1430.9202394073777,38.360449093187036,,
3-108,SENSOR_DATA_LOGGING,381.3185164715875,0.1,10000,FogNode_1,26,1.0,1597.9384595498836,206.19204922977113,2619.6958473706345,2413.503798140863,2159.390690795822,31.49980272079278,,
8-27,E_COMMERCE_TRANSACTION,937.6957246285057,0.5,300,FogNode_4,0,0.75,1758.3565909566523,44.30591325646471,2623.267212592685,2578.9612993362202,1991.4123578905685,78.11342927409669,,
0-8,HEALTH_MONITORING,994.8664929420454,1.0,100,FogNode_1,0,1.0,1597.9384595498836,21.840223930471282,2625.8900277222447,2604.0498037917732,1888.8883473671058,82.18352088217162,,
3-106,SENSOR_DATA_LOGGING,530.4190136095015,0.1,10000,FogNode_3,20,1.0,1899.4436001125757,203.71099383828948,2658.0076014328956,2454.296607594606,2155.7419935072685,25.18317433304699,,
8-111,SENSOR_DATA_LOGGING,359.3297016004624,0.1,10000,FogNode_7,42,1.0,1727.0272900361456,227.230682874968,2679.8385489519555,2452.6078660769876,2230.398934355813,24.628127192850027,,
9-140,GPS_TRACKING,644.2949116471169,0.2,200,FogNode_6,20,1.0,816.2509881302752,241.9435385566457,2685.614333318079,2443.670794761433,1633.2546690260049,86.81569983235292,,
9-130,SMART_HOME_CONTROL,160.6029214823238,0.1,150,FogNode_7,42,1.0,1727.0272900361456,224.00673357620852,2694.186006282282,2470.1792727060733,2355.910244399992,11.0075764964398,,
3-327,SMART_HOME_CONTROL,406.42920533452167,0.1,150,FogNode_9,26,1.0,1349.236560939329,618.466706290542,2712.8987365101984,2094.4320302196566,1776.326863526922,40.878502172248815,,
6-83,SENSOR_DATA_LOGGING,474.49905892318327,0.1,10000,FogNode_1,26,1.0,1597.9384595498836,207.3142071146473,2718.7703067398415,2511.4560996251944,2199.0916048050854,39.19722253612563,,
3-118,SMART_HOME_CONTROL,512.7636069206065,0.1,150,FogNode_7,42,1.0,1727.0272900361456,220.5321693875513,2724.1604265131837,2503.6282571256324,2189.9961484589226,35.14434591646069,,
1-148,SENSOR_DATA_LOGGING,672.4259975940525,0.1,10000,FogNode_6,23,1.0,816.2509881302752,247.77700972583096,2731.3757149272415,2483.5987052014107,1643.2143181049091,90.60623095308432,,
0-127,SENSOR_DATA_LOGGING,372.97472756796753,0.1,10000,FogNode_2,25,1.0,681.967788340379,243.4261340639725,2739.2614725610983,2495.835338497126,1933.1031024015324,45.780419060857604,,
8-102,SMART_HOME_CONTROL,262.02895747045255,0.1,150,FogNode_1,28,1.0,1597.9384595498836,215.59146003410837,2743.5567205002594,2527.965260466151,2349.7366279340217,21.64558003589438,,
5-128,SMART_HOME_CONTROL,336.3298629642745,0.1,150,FogNode_2,25,1.0,681.967788340379,239.9703202743243,2746.8963200499693,2506.925999775645,1993.6002008840817,41.28248090583947,,
0-302,SMART_HOME_CONTROL,198.88641584141484,0.1,150,FogNode_9,26,1.0,1349.236560939329,619.3899866204189,2751.5699504536447,2132.179963833226,1968.0404757498386,20.00392362382598,,
6-88,SENSOR_DATA_LOGGING,527.1921710876611,0.1,10000,FogNode_7,42,1.0,1727.0272900361456,222.85352756898814,2764.8040347818883,2541.9505072129,2221.0876896131326,36.133266431335166,,
0-100,GPS_TRACKING,926.3473080945727,0.2,200,FogNode_3,20,1.0,1899.4436001125757,199.6339751522469,2766.8066027887508,2567.172627636504,2056.2291345279655,43.98101341417775,,
2-311,SMART_HOME_CONTROL,621.6533897262827,0.1,150,FogNode_9,26,1.0,1349.236560939329,619.6104889729644,2789.553778476787,2169.9432895038226,1695.3694409837462,62.52567263564511,,
3-5,VOICE_ASSISTANT,760.4206638246836,2.0,150,FogNode_0,0,0.0,1189.2931772946604,3.6318289959170644,2791.8949991699287,2788.2631701740115,1977.45353640273,48.41916692049972,,
0-107,E_COMMERCE_TRANSACTION,445.05596271404943,0.5,300,FogNode_6,13,1.0,816.2509881302752,212.60681651128715,2793.8998139840432,2581.2929974727563,1983.4128050108438,59.96919138908842,,
2-6,VOICE_ASSISTANT,579.0066106370824,2.0,150,FogNode_0,0,0.0,1189.2931772946604,12.364633685765119,2794.25778976291,2781.893156077145,2129.5883631409847,36.86777472287787,,
1-345,SMART_HOME_CONTROL,735.6941048440641,0.1,150,FogNode_9,26,1.0,1349.236560939329,613.2812094355085,2799.087054223444,2185.8058447879353,1621.9885009497375,73.99584643093132,,
7-317,SENSOR_DATA_LOGGING,552.950222482749,0.1,10000,FogNode_9,26,1.0,1349.236560939329,619.4141778082108,2804.8713185219426,2185.457140713732,1760.3047149420786,55.61553297406844,,
9-61,E_COMMERCE_TRANSACTION,179.52934249326162,0.5,300,FogNode_5,1,1.0,782.8923712617282,88.91944546675039,2818.0348251967243,2729.115379729974,2447.8966414622632,26.685201444163848,,
3-126,GPS_TRACKING,287.9893688747925,0.2,200,FogNode_2,25,1.0,681.967788340379,239.80240361411285,2818.6666072084877,2578.864203594375,2128.422556834252,35.348974119854596,,
3-127,SMART_HOME_CONTROL,224.50018948759018,0.1,150,FogNode_7,48,1.0,1727.0272900361456,240.38539391906096,2824.1782714785613,2583.7928775595005,2440.203480391585,15.387036465098571,,
5-335,SENSOR_DATA_LOGGING,803.2279465237931,0.1,10000,FogNode_9,26,1.0,1349.236560939329,615.8138786924451,2832.69413948517,2216.880260792725,1607.1036213177913,80.7883757510939,,
6-31,HEALTH_MONITORING,955.0400677333489,1.0,100,FogNode_7,8,1.0,1727.0272900361456,75.1204073090741,2838.280932332562,2763.160525023488,2118.832278099913,65.45756768127612,,
9-147,SENSOR_DATA_LOGGING,376.8076201379655,0.1,10000,FogNode_2,25,1.0,681.967788340379,248.1239294903019,2848.2363078496883,2600.112378359386,2032.9733904309774,46.250883719988636,,
5-336,SENSOR_DATA_LOGGING,192.17831685400228,0.1,10000,FogNode_9,26,1.0,1349.236560939329,616.3232594187448,2855.333593686177,2239.0103342674324,2074.1458031876514,19.329225458857977,,
7-112,GPS_TRACKING,74.50729125586804,0.2,200,FogNode_2,26,1.0,681.967788340379,238.80278778488238,2856.149707863472,2617.34692007859,2478.3002739226704,9.14532477582258,,
4-157,SENSOR_DATA_LOGGING,105.13662085777281,0.1,10000,FogNode_6,34,1.0,816.2509881302752,310.82827829608595,2860.179994966891,2549.351716670805,2402.3137712684083,14.166663670278178,,
0-101,SENSOR_DATA_LOGGING,886.3338642925972,0.1,10000,FogNode_3,20,1.0,1899.4436001125757,200.26054904146397,2868.6306167578036,2668.3700677163397,2178.982945286574,42.08125962504873,,
6-37,E_COMMERCE_TRANSACTION,293.5069020418474,0.5,300,FogNode_5,0,0.6666666666666666,782.8923712617282,85.58057918759965,2880.4389223385188,2794.858343150919,2369.5793569515554,43.62680048545901,,
4-97,GPS_TRACKING,624.6415258944444,0.2,200,FogNode_3,20,1.0,1899.4436001125757,200.64663733084384,2883.6744487627507,2683.0278114319067,2326.1583338832684,29.65666018496305,,
9-51,VOICE_ASSISTANT,971.5173516815277,2.0,150,FogNode_7,4,1.0,1727.0272900361456,67.43797339909054,2885.4506027701327,2818.0126293710423,2086.5919470556655,66.58690556528903,,
7-99,SENSOR_DATA_LOGGING,228.3910246776231,0.1,10000,FogNode_1,27,1.0,1597.9384595498836,211.99993715354316,2886.4852690389544,2674.485331885411,2510.8610992348226,18.866831558862675,,
8-97,SENSOR_DATA_LOGGING,554.8151321283142,0.1,10000,FogNode_4,20,1.0,1758.3565909566523,206.6309846689301,2888.113213398179,2681.482228729249,2350.6433325723715,46.21809766795454,,
6-278,SMART_HOME_CONTROL,122.77077398691546,0.1,150,FogNode_9,26,1.0,1349.236560939329,616.2171861685018,2890.079825647784,2273.8626394792823,2160.2424337386165,12.348239952348006,,
4-99,SENSOR_DATA_LOGGING,650.1317603397663,0.1,10000,FogNode_4,20,1.0,1758.3565909566523,202.0540288262223,2893.7113016618423,2691.65727283562,2305.0086724800954,54.15831590814154,,
4-101,SENSOR_DATA_LOGGING,441.29499438896875,0.1,10000,FogNode_1,27,1.0,1597.9384595498836,209.00058625373563,2895.861047445533,2686.8604611917976,2388.8228543006844,36.454314869237756,,
7-94,GPS_TRACKING,856.6835346223249,0.2,200,FogNode_3,20,1.0,1899.4436001125757,196.27513016917248,2906.1166198468254,2709.841489677653,2229.314470402563,40.67352460431944,,
0-104,SENSOR_DATA_LOGGING,624.302957032827,0.1,10000,FogNode_1,26,1.0,1597.9384595498836,206.6690188604563,2909.7329465433772,2703.063927682921,2291.4128410594367,51.57216115941465,,
1-112,GPS_TRACKING,508.48823182831075,0.2,200,FogNode_4,20,1.0,1758.3565909566523,199.60745835851284,2912.4510075313797,2712.843549172867,2401.0052668595044,42.35890011055273,,
5-130,GPS_TRACKING,418.728370158958,0.2,200,FogNode_2,25,1.0,681.967788340379,244.2229517459465,2912.607766896381,2668.3848151504344,2032.286305002052,51.39640528339474,,
7-106,SMART_HOME_CONTROL,551.7275397514634,0.1,150,FogNode_7,42,1.0,1727.0272900361456,223.73696382814228,2915.9399651744066,2692.2030013462645,2354.158833587537,37.81489802895763,,
8-24,VOICE_ASSISTANT,579.5407805471997,2.0,150,FogNode_0,2,1.0,1189.2931772946604,42.312072233567825,2917.084753745564,2874.772681511996,2221.497059666049,36.90178755718433,,
8-94,GPS_TRACKING,890.0700112796729,0.2,200,FogNode_3,20,1.0,1899.4436001125757,199.70134284139692,2927.9340912660223,2728.2327484246252,2233.389033126309,42.25864399192719,,
2-93,SENSOR_DATA_LOGGING,73.184934775345,0.1,10000,FogNode_1,27,1.0,1597.9384595498836,212.52275357955915,2941.6606427540783,2729.137889174519,2662.246897187753,6.045630904286878,,
0-305,SENSOR_DATA_LOGGING,163.76521761071893,0.1,10000,FogNode_9,26,1.0,1349.236560939329,620.8907401607281,2954.07034759556,2333.179607434832,2193.2636150763265,16.4714462345995,,
9-133,E_COMMERCE_TRANSACTION,236.79201203201245,0.5,300,FogNode_7,42,1.0,1727.0272900361456,227.61952829069932,2961.287866328714,2733.6683380380146,2544.498709583947,16.22950667479076,,
9-125,SENSOR_DATA_LOGGING,710.3371365552428,0.1,10000,FogNode_3,26,1.0,1899.4436001125757,211.98727566274906,2970.407967503799,2758.4206918410496,2367.2102901106823,33.725306759606035,,
6-89,HEALTH_MONITORING,99.6671606795425,1.0,100,FogNode_7,42,1.0,1727.0272900361456,225.42188519535833,2973.6502059184636,2748.2283207231053,2605.1317034021986,6.831095507087452,,
9-326,SMART_HOME_CONTROL,803.2095983481602,0.1,150,FogNode_9,26,1.0,1349.236560939329,613.4576419118739,2975.4440858471585,2361.9864439352846,1746.6344131597716,80.78653029823857,,
2-91,SENSOR_DATA_LOGGING,177.92347603614706,0.1,10000,FogNode_1,27,1.0,1597.9384595498836,210.39190292228392,2997.8309062709823,2787.4390033486984,2653.5721161660563,14.697829117757875,,
0-128,SENSOR_DATA_LOGGING,483.97662779614666,0.1,10000,FogNode_7,52,1.0,1727.0272900361456,245.36200796726632,3004.3972418712183,2759.035233903952,2458.8509651372465,33.17131284900941,,
1-131,HEALTH_MONITORING,74.48940549295027,1.0,100,FogNode_7,42,1.0,1727.0272900361456,225.5633670528429,3004.4194404055725,2778.8560733527297,2646.661944772725,5.10543532813765,,
2-92,GPS_TRACKING,659.926571829097,0.2,200,FogNode_3,26,1.0,1899.4436001125757,211.94299172081315,3005.439118636136,2793.4961269153227,2423.09005549335,31.33191963140536,,
5-117,GPS_TRACKING,704.6251517601394,0.2,200,FogNode_7,42,1.0,1727.0272900361456,222.42558916513462,3014.6492396332264,2792.223650468092,2353.6503258148127,48.29435970234761,,
5-119,E_COMMERCE_TRANSACTION,449.76312988676324,0.5,300,FogNode_7,42,1.0,1727.0272900361456,225.88979464499158,3025.2302205645983,2799.340425919607,2486.2684025118483,30.826351176006646,,
6-100,SENSOR_DATA_LOGGING,514.82275243247,0.1,10000,FogNode_2,25,1.0,681.967788340379,248.57802496148346,3025.784624189056,2777.2065992275725,2008.4153990306397,63.19141648579302,,
3-114,HEALTH_MONITORING,449.8124512649109,1.0,100,FogNode_6,13,1.0,816.2509881302752,216.05023865686135,3030.7561690021275,2814.705930345266,2171.005149618273,60.610105782206865,,
6-99,SMART_HOME_CONTROL,121.94023801470235,0.1,150,FogNode_2,25,1.0,681.967788340379,248.36746065471212,3034.9561560557736,2786.5886954010616,2586.6519419414662,14.96743555011108,,
2-26,VOICE_ASSISTANT,431.37856254050536,2.0,150,FogNode_8,0,1.0,770.9711269175084,66.16898932783762,3048.0839716822293,2981.9149823543917,2247.5215614299404,41.00454599828487,,
0-114,GPS_TRACKING,638.1195132788655,0.2,200,FogNode_7,42,1.0,1727.0272900361456,224.63006503215843,3049.3286646903757,2824.698599658217,2426.2966250428335,43.73612442075739,,
2-161,GPS_TRACKING,63.053744813581005,0.2,200,FogNode_7,62,1.0,1727.0272900361456,363.82823974341267,3061.7402080890347,2697.911968345622,2640.295276948557,4.3216456650751365,,
6-80,SENSOR_DATA_LOGGING,880.7816156005306,0.1,10000,FogNode_4,20,1.0,1758.3565909566523,204.3821008628574,3073.1019284061426,2868.719827543285,2351.5416216558233,73.37227911900104,,
8-108,HEALTH_MONITORING,192.0563220734942,1.0,100,FogNode_7,42,1.0,1727.0272900361456,225.5875309264154,3084.8565100582637,2859.268979131848,2655.0582737630234,13.16336363832301,,
3-329,SMART_HOME_CONTROL,826.0559113181866,0.1,150,FogNode_9,26,1.0,1349.236560939329,621.057239906073,3085.67259927156,2464.615359365487,1837.920193203744,83.08440417667804,,
7-105,SMART_HOME_CONTROL,473.05790421775947,0.1,150,FogNode_8,15,1.0,770.9711269175084,220.24894837970598,3087.8724918087937,2867.623543429088,2235.3383746709874,44.96636197939942,,
8-100,VOICE_ASSISTANT,87.89523960402889,2.0,150,FogNode_7,42,1.0,1727.0272900361456,215.10862076032683,3100.222614143942,2885.1139933836153,2664.2722687765836,6.024258865806118,,
0-110,VOICE_ASSISTANT,67.11415926250586,2.0,150,FogNode_7,42,1.0,1727.0272900361456,219.7073652365385,3100.6012959535474,2880.893930717009,2672.1077598346287,4.599942736144974,,
1-118,SENSOR_DATA_LOGGING,351.86072226270494,0.1,10000,FogNode_4,20,1.0,1758.3565909566523,204.6027624823128,3112.558724061888,2907.955961579575,2685.1027053650514,29.311264753488505,,
2-101,E_COMMERCE_TRANSACTION,487.6389889613917,0.5,300,FogNode_7,49,1.0,1727.0272900361456,241.86398790751957,3120.6383633788228,2878.7743754713033,2550.547517673621,33.4223277141933,,
1-110,E_COMMERCE_TRANSACTION,421.9116647100344,0.5,300,FogNode_3,20,1.0,1899.4436001125757,196.6972055944022,3150.057909359399,2953.360703764997,2681.843836525165,20.031474613316043,,
8-104,SMART_HOME_CONTROL,848.3827508638637,0.1,150,FogNode_1,28,1.0,1597.9384595498836,215.74989364970727,3156.813321916466,2941.063428266759,2394.2019386767997,70.08285233881746,,
4-107,HEALTH_MONITORING,477.3617329625259,1.0,100,FogNode_7,42,1.0,1727.0272900361456,222.59787033234414,3161.857197915792,2939.259327583448,2575.668507284017,32.71793404229201,,
8-312,SENSOR_DATA_LOGGING,290.3766671361615,0.1,10000,FogNode_9,26,1.0,1349.236560939329,621.3461902143882,3169.285881729918,2547.93969151553,2312.5994519682267,29.205979940653908,,
7-316,SENSOR_DATA_LOGGING,516.9059669613814,0.1,10000,FogNode_9,26,1.0,1349.236560939329,618.172797178667,3172.6637400105265,2554.4909428318597,2150.737580741347,51.990214817085665,,
0-116,HEALTH_MONITORING,299.8707691698603,1.0,100,FogNode_7,42,1.0,1727.0272900361456,225.48176197184307,3178.0313071230676,2952.5495451512243,2684.9381069261035,20.552866661561787,,
3-107,SENSOR_DATA_LOGGING,501.38699393486456,0.1,10000,FogNode_4,20,1.0,1758.3565909566523,204.4341370959247,3178.8565313118074,2974.422394215883,2666.918663623661,41.76734143178408,,
7-32,HEALTH_MONITORING,241.74912238545903,1.0,100,FogNode_5,0,0.3333333333333333,782.8923712617282,69.65501721634547,3189.228650351643,3119.5736331352973,2725.5203612452024,35.93353565614449,,
3-218,SENSOR_DATA_LOGGING,169.95260512322108,0.1,10000,FogNode_7,64,1.0,1727.0272900361456,394.97133515870064,3199.0088926972353,2804.0375575385347,2692.510395689289,11.648395212218986,,
9-127,SENSOR_DATA_LOGGING,772.3066881014065,0.1,10000,FogNode_1,27,1.0,1597.9384595498836,213.71829011440505,3202.084719435656,2988.366429321251,2487.0655634134505,63.79839232631605,,
9-58,E_COMMERCE_TRANSACTION,627.15388497994,0.5,300,FogNode_5,0,0.3333333333333333,782.8923712617282,76.0482687950288,3207.4970856902182,3131.4488168951893,2278.3037826262985,93.22001364655927,,
6-84,GPS_TRACKING,645.3430662691816,0.2,200,FogNode_3,26,1.0,1899.4436001125757,212.58213156288488,3208.384356342877,2995.802224779992,2629.475496586277,30.63952559295807,,
9-139,HEALTH_MONITORING,335.71923349050036,1.0,100,FogNode_7,48,1.0,1727.0272900361456,240.87781515683287,3209.0406284823707,2968.162813325538,2682.8337903304814,23.009887428352567,,
1-122,GPS_TRACKING,861.2347294283021,0.2,200,FogNode_3,23,1.0,1899.4436001125757,210.23444642229424,3220.2208180764583,3009.986371654164,2530.9499923318995,40.88960571996919,,
3-330,SENSOR_DATA_LOGGING,202.32559959310498,0.1,10000,FogNode_9,26,1.0,1349.236560939329,623.2626352080791,3235.62821524764,2612.365580039561,2443.039509696214,20.349835479123172,,
7-124,SMART_HOME_CONTROL,148.93656057241645,0.1,150,FogNode_2,28,1.0,681.967788340379,256.33581457330484,3244.176992741924,2987.841178168619,2755.678150774908,18.281072824821646,,
8-384,AUGMENTED_REALITY,80.9517102157441,30.0,150,CloudNode,122,1.0,12000.0,754.5420655877703,3244.9660576135875,2490.4239920258174,0.0,3.372987925656004,,
4-158,SENSOR_DATA_LOGGING,176.25897101375907,0.1,10000,FogNode_6,34,1.0,816.2509881302752,312.5121895836709,3246.693391225285,2934.181201641614,2699.7309648182236,23.750064828497198,,
9-29,VOICE_ASSISTANT,543.2746132535788,2.0,150,FogNode_0,1,1.0,1189.2931772946604,41.2914524919422,3251.0624058369635,3209.7709533450216,2581.103203079451,34.592568869038,,
4-358,AUGMENTED_REALITY,494.9841667308686,30.0,150,CloudNode,120,1.0,12000.0,729.4700548239268,3253.996135784852,2524.5260809609254,0.0,20.624340280452856,,
7-92,HEALTH_MONITORING,64.4416507317516,1.0,100,FogNode_3,20,1.0,1899.4436001125757,193.9794577266862,3254.1474114893567,3060.1679537626705,2939.559041930408,3.059553453115421,,
3-386,AUGMENTED_REALITY,472.5025258539777,30.0,150,CloudNode,122,1.0,12000.0,727.3359297072118,3255.8513114177513,2528.5153817105393,0.0,19.687605243915737,,
2-86,HEALTH_MONITORING,93.72891078217654,1.0,100,FogNode_3,20,1.0,1899.4436001125757,191.49310532792424,3257.729812442032,3066.236707114108,2928.0440405779696,4.450050695226205,,
1-416,AUGMENTED_REALITY,470.7448156666308,30.0,150,CloudNode,117,1.0,12000.0,737.6964343778781,3257.8177682457313,2520.121333867853,0.0,19.61436731944295,,
3-377,AUGMENTED_REALITY,823.6186605435103,30.0,150,CloudNode,132,1.0,12000.0,704.9088315357195,3260.3634043577704,2555.454572822051,0.0,34.31744418931293,,
7-98,SMART_HOME_CONTROL,671.5684422931406,0.1,150,FogNode_4,20,1.0,1758.3565909566523,208.1800470207507,3270.0428207071077,3061.862773686357,2661.9240124977,55.94406868023572,,
1-147,SMART_HOME_CONTROL,246.6149853425941,0.1,150,FogNode_2,25,1.0,681.967788340379,247.32593242220702,3274.2303971129054,3026.904464690698,2643.074947824525,30.270515778079904,,
1-117,GPS_TRACKING,175.01444602814618,0.2,200,FogNode_4,20,1.0,1758.3565909566523,204.05248528512993,3278.3894968821915,3074.3370115970615,2945.9969680898553,14.57933335163808,,
6-281,SENSOR_DATA_LOGGING,712.4875957407646,0.1,10000,FogNode_9,26,1.0,1349.236560939329,620.8616677242898,3279.637167402417,2658.7754996781273,2112.7902976418272,71.66174415595152,,
6-138,SENSOR_DATA_LOGGING,347.1875281798184,0.1,10000,FogNode_6,34,1.0,816.2509881302752,317.59978764621644,3285.524078133142,2967.9242904869257,2529.2727216177886,46.78188153766488,,
8-129,SENSOR_DATA_LOGGING,321.5691385915137,0.1,10000,FogNode_2,28,1.0,681.967788340379,252.71432381990272,3290.1978790506328,3037.48355523073,2549.419450831482,39.47069019328064,,
1-121,GPS_TRACKING,616.9905660983738,0.2,200,FogNode_1,27,1.0,1597.9384595498836,209.78836145232063,3295.849547224089,3086.061185771768,2675.3852487100585,50.968102185347625,,
3-219,SENSOR_DATA_LOGGING,204.2370966133551,0.1,10000,FogNode_7,64,1.0,1727.0272900361456,395.2568515183296,3296.290640829995,2901.0337893116653,2769.3056962782825,13.998222719937928,,
6-361,AUGMENTED_REALITY,829.1419343678862,30.0,150,CloudNode,131,1.0,12000.0,757.3979435200572,3297.076517945586,2539.678574425529,0.0,34.54758059866192,,
2-100,GPS_TRACKING,820.7092467192421,0.2,200,FogNode_6,20,1.0,816.2509881302752,240.96268566677077,3298.706263936554,3057.743578269783,2021.786733240037,110.58669923477274,,
9-132,HEALTH_MONITORING,511.0123936620907,1.0,100,FogNode_7,42,1.0,1727.0272900361456,226.86133401262202,3300.3107656963243,3073.449431683702,2682.913273241804,35.02431937069942,,
0-374,AUGMENTED_REALITY,557.9848252775292,30.0,150,CloudNode,141,1.0,12000.0,763.4826968039196,3304.0521774030613,2540.5694805991416,0.0,23.24936771989705,,
2-24,HEALTH_MONITORING,388.3066619289255,1.0,100,FogNode_5,0,0.3333333333333333,782.8923712617282,62.424312785872196,3314.0246651578946,3251.6003523720224,2667.6363536358126,57.717815660541,,
5-29,VOICE_ASSISTANT,475.1389033988229,2.0,150,FogNode_0,2,1.0,1189.2931772946604,48.67907779746739,3316.5984417662444,3267.919363968777,2702.865063311774,30.254082994507936,,
3-49,VOICE_ASSISTANT,211.27947823488125,2.0,150,FogNode_8,2,1.0,770.9711269175084,77.1748660056577,3322.1272799960147,3244.952413990357,2797.899164657516,20.083100636143325,,
6-77,E_COMMERCE_TRANSACTION,733.2779631108531,0.5,300,FogNode_3,20,1.0,1899.4436001125757,199.41047909039366,3356.456788888858,3157.046309798464,2721.580733013835,34.814488745302064,,
3-100,E_COMMERCE_TRANSACTION,943.922776158359,0.5,300,FogNode_3,20,1.0,1899.4436001125757,196.73073989365255,3380.621436871487,3183.890696977834,2641.8591971891224,44.815459512222574,,
0-130,SMART_HOME_CONTROL,364.954801654849,0.1,150,FogNode_2,25,1.0,681.967788340379,248.43859959830758,3383.3859261960247,3134.947326597717,2578.8027126531015,44.79602107889865,,
7-90,E_COMMERCE_TRANSACTION,928.4276854838673,0.5,300,FogNode_3,20,1.0,1899.4436001125757,191.14218945544394,3394.9059081567502,3203.763718701306,2662.952793295381,44.07978533812636,,
0-158,SENSOR_DATA_LOGGING,82.89572484622212,0.1,10000,FogNode_6,34,1.0,816.2509881302752,315.639709594148,3400.2629248799058,3084.623215285758,2965.7233827320333,11.169807855904,,
3-334,SMART_HOME_CONTROL,315.3015419701515,0.1,150,FogNode_9,26,1.0,1349.236560939329,627.8894765977342,3402.9747329649012,2775.085256367167,2526.031081189175,31.71291481804705,,
7-121,SENSOR_DATA_LOGGING,466.7431759479529,0.1,10000,FogNode_2,28,1.0,681.967788340379,253.0941544240439,3423.6679561632172,3170.573801739173,2470.70700684516,57.28993577667812,,
0-207,SMART_HOME_CONTROL,525.4890853343505,0.1,150,FogNode_7,64,1.0,1727.0272900361456,392.15961399485093,3424.9121223206125,3032.7525083257615,2712.4314628947586,36.01653850050717,,
2-87,HEALTH_MONITORING,318.9208339357964,1.0,100,FogNode_3,20,1.0,1899.4436001125757,195.84586985387122,3425.6320517698514,3229.7861819159803,2974.0091129234233,15.141687521327611,,
7-52,VOICE_ASSISTANT,81.22596854849976,2.0,150,FogNode_8,6,1.0,770.9711269175084,108.56362988791874,3427.4826762133243,3318.919046325406,3044.1005790654253,7.720907464634293,,
8-21,VOICE_ASSISTANT,756.241332811292,2.0,150,FogNode_0,0,1.0,1189.2931772946604,39.831834915940085,3427.7696070875063,3387.9377721715664,2583.5674860180316,48.15305141946162,,
2-104,E_COMMERCE_TRANSACTION,906.808872500257,0.5,300,FogNode_6,22,1.0,816.2509881302752,245.25330129668203,3435.3667923162675,3190.1134910195856,2033.2994047810248,122.18821762698454,,
8-91,E_COMMERCE_TRANSACTION,848.2356815147019,0.5,300,FogNode_3,20,1.0,1899.4436001125757,195.45468147075422,3452.0097256625454,3256.5550441917912,2755.76213804305,40.272438383632284,,
8-87,HEALTH_MONITORING,198.6548029702848,1.0,100,FogNode_3,20,1.0,1899.4436001125757,190.15860120180102,3461.0425754626267,3270.8839742608257,3071.985383252355,9.431710415608993,,
5-162,SMART_HOME_CONTROL,544.8193600179652,0.1,150,FogNode_6,34,1.0,816.2509881302752,314.954444380946,3461.3652969550863,3146.4108525741403,2463.171047451655,73.41183853409055,,
8-29,VOICE_ASSISTANT,615.3529519949631,2.0,150,FogNode_4,4,1.0,1758.3565909566523,60.05120533776052,3462.5178592906377,3402.466653952877,2880.5920074339524,51.26111598014204,,
6-75,E_COMMERCE_TRANSACTION,340.5910219585552,0.5,300,FogNode_4,20,1.0,1758.3565909566523,198.62863106738334,3472.087989958191,3273.459358890808,3030.42965944554,28.372458150741934,,
9-128,GPS_TRACKING,761.8832707634934,0.2,200,FogNode_1,28,1.0,1597.9384595498836,216.99742567040175,3474.6222784356555,3257.6248527652538,2759.7611708058353,62.93733896636147,,
5-113,E_COMMERCE_TRANSACTION,443.41514699308584,0.5,300,FogNode_1,27,1.0,1597.9384595498836,210.52401850344808,3479.5767244268804,3269.0527059234323,2942.5169797177964,36.62945556102905,,
3-337,SENSOR_DATA_LOGGING,414.9966865666673,0.1,10000,FogNode_9,29,1.0,1349.236560939329,630.0683218618822,3480.2426320898735,2850.1743102279916,2529.065191267415,41.74021632950457,,
9-119,GPS_TRACKING,371.96912565147636,0.2,200,FogNode_4,20,1.0,1758.3565909566523,203.9302897411603,3481.5864447732038,3277.6561550320434,3036.791028500678,30.986367139762148,,
6-180,SENSOR_DATA_LOGGING,493.7069651033462,0.1,10000,FogNode_7,64,1.0,1727.0272900361456,397.6418830858683,3484.8798618195665,3087.237978733698,2788.093577529119,33.83822121690575,,
8-314,SMART_HOME_CONTROL,933.1238368061956,0.1,150,FogNode_9,26,1.0,1349.236560939329,624.8866793336376,3496.465264180042,2871.5785848464047,2165.9082671109263,93.85325731811834,,
2-178,SMART_HOME_CONTROL,738.5890541704458,0.1,150,FogNode_7,64,1.0,1727.0272900361456,391.53873675307153,3512.521468470697,3120.9827317176255,2679.3835642844842,50.62221432945172,,
6-103,SENSOR_DATA_LOGGING,188.36548219050775,0.1,10000,FogNode_2,28,1.0,681.967788340379,254.72389421774065,3520.3857600928127,3265.661865875072,2973.6143984438836,23.120737341943617,,
9-121,GPS_TRACKING,787.1311530620352,0.2,200,FogNode_4,20,1.0,1758.3565909566523,205.42610850285445,3520.753535088373,3315.327426585519,2843.458461062928,65.57085847704879,,
7-318,SENSOR_DATA_LOGGING,334.7962781949047,0.1,10000,FogNode_9,26,1.0,1349.236560939329,622.1599608276075,3527.774734888598,2905.6147740609904,2635.7878533399116,33.67368832214371,,
3-119,SENSOR_DATA_LOGGING,958.6494405875426,0.1,10000,FogNode_1,29,1.0,1597.9384595498836,220.86408533258773,3541.5895291628703,3320.7254438302825,2706.1599029637305,79.19171756023547,,
3-216,SENSOR_DATA_LOGGING,436.30718399067376,0.1,10000,FogNode_7,64,1.0,1727.0272900361456,392.6809868516189,3552.9455598932022,3160.2645730415834,2888.1526608328504,29.904093022692408,,
5-112,SENSOR_DATA_LOGGING,151.69585594946892,0.1,10000,FogNode_0,19,1.0,1189.2931772946604,206.56513328869818,3555.3208777460486,3348.7557444573504,3204.372558348939,9.659110173863997,,
0-97,HEALTH_MONITORING,591.0797309896701,1.0,100,FogNode_3,20,1.0,1899.4436001125757,191.94706953067518,3565.333135011044,3373.386065480369,2973.1432150017768,28.06321705730184,,
2-317,SENSOR_DATA_LOGGING,927.258354166197,0.1,10000,FogNode_9,26,1.0,1349.236560939329,626.4816932194416,3577.3265109293084,2950.8448177098667,2248.69113092004,93.2633091999876,,
6-279,GPS_TRACKING,998.0131771096226,0.2,200,FogNode_9,26,1.0,1349.236560939329,617.3859295261607,3595.020914651459,2977.634985125298,2214.6456916095285,100.3798036482871,,
2-176,SENSOR_DATA_LOGGING,749.4736194958505,0.1,10000,FogNode_7,64,1.0,1727.0272900361456,390.6772157363776,3595.824642333051,3205.1474265966735,2753.2534539638586,51.36823242391755,,
3-117,HEALTH_MONITORING,988.7612056759255,1.0,100,FogNode_6,13,1.0,816.2509881302752,217.70950864934917,3611.7948555106377,3394.0853468612886,2095.8427799558553,133.2309079058061,,
3-111,E_COMMERCE_TRANSACTION,917.7229486316198,0.5,300,FogNode_3,23,1.0,1899.4436001125757,210.4041578831119,3633.211475265346,3422.807317382234,2891.8557846108774,43.571547044583575,,
0-308,SENSOR_DATA_LOGGING,312.49839014321554,0.1,10000,FogNode_9,26,1.0,1349.236560939329,625.8293193569474,3634.5860005439954,3008.756681187048,2758.885659926349,31.430974823227462,,
8-206,SENSOR_DATA_LOGGING,755.7464038192323,0.1,10000,FogNode_7,64,1.0,1727.0272900361456,394.27864243714345,3646.6402009844446,3252.3615585473012,2797.54039769634,51.79816329097773,,
8-204,SMART_HOME_CONTROL,954.3975033110855,0.1,150,FogNode_7,64,1.0,1727.0272900361456,392.6261800574355,3652.8470624183583,3260.2208823609226,2693.2387770453925,65.41352690688254,,
3-110,E_COMMERCE_TRANSACTION,582.767437701269,0.5,300,FogNode_1,26,1.0,1597.9384595498836,206.61345056671243,3660.5490975843863,3453.935647017674,3035.257801347056,48.14101211122193,,
6-27,HEALTH_MONITORING,375.26196375999274,1.0,100,FogNode_5,0,0.3333333333333333,782.8923712617282,68.58554225226753,3668.5563044903743,3599.9707622381065,3030.0638190146,55.77885463287862,,
3-103,E_COMMERCE_TRANSACTION,362.44301650050517,0.5,300,FogNode_4,20,1.0,1758.3565909566523,198.52924536917263,3668.6438626079253,3470.1146172387525,3213.5433461515318,30.192807956460424,,
4-19,VOICE_ASSISTANT,496.82683931697915,2.0,150,FogNode_0,2,1.0,1189.2931772946604,42.242959030233585,3668.8120816966484,3626.569122666415,3036.0590276605694,31.635044663935183,,
8-107,HEALTH_MONITORING,991.6512284785447,1.0,100,FogNode_6,13,1.0,816.2509881302752,222.91048235490612,3671.2978590536623,3448.3873766987563,2148.0481946518426,133.62032484454838,,
0-211,SENSOR_DATA_LOGGING,97.60088061812209,0.1,10000,FogNode_7,64,1.0,1727.0272900361456,403.2482994262908,3709.3608657503714,3306.1125663240805,3235.7554336881763,6.689474572491584,,
5-201,SENSOR_DATA_LOGGING,200.53217669257063,0.1,10000,FogNode_7,64,1.0,1727.0272900361456,394.6767058799698,3711.938717570608,3317.2620116906382,3179.9823824742416,13.744290916800042,,
4-100,SENSOR_DATA_LOGGING,52.753993227943816,0.1,10000,FogNode_0,19,1.0,1189.2931772946604,207.03511456120802,3713.1695153682563,3506.134400807048,3441.359434855508,3.359067586326958,,
9-329,GPS_TRACKING,996.3939549902688,0.2,200,FogNode_9,26,1.0,1349.236560939329,616.4482673268043,3713.9313043498846,3097.48303702308,2333.302115867545,100.21694287436985,,
1-349,GPS_TRACKING,271.4323622331294,0.2,200,FogNode_9,26,1.0,1349.236560939329,619.2456723981735,3728.949510381014,3109.7038379828405,2882.9237062096645,27.300568619405627,,
6-184,SMART_HOME_CONTROL,335.02623474965253,0.1,150,FogNode_7,64,1.0,1727.0272900361456,402.1251952909182,3746.9356819269083,3344.81048663599,3137.545221511248,22.96238993215877,,
5-339,SENSOR_DATA_LOGGING,375.6859848833831,0.1,10000,FogNode_9,26,1.0,1349.236560939329,624.0133074182655,3758.6860094482763,3134.672702030011,2835.984880369758,37.78636020139954,,
4-59,VOICE_ASSISTANT,568.817902530183,2.0,150,FogNode_3,19,1.0,1899.4436001125757,124.3795690940915,3760.5081150008737,3636.128545906782,3168.7494170896607,27.006272466924873,,
8-34,HEALTH_MONITORING,433.94018063228555,1.0,100,FogNode_5,0,0.3333333333333333,782.8923712617282,72.95704878459084,3761.7752937316855,3688.8182449470946,3047.653204453478,64.50077170713203,,
0-205,GPS_TRACKING,815.690099432564,0.2,200,FogNode_7,64,1.0,1727.0272900361456,389.71604749564057,3768.59939016973,3378.88334267409,2884.7589261933927,55.90664904486654,,
8-106,GPS_TRACKING,984.1797870366426,0.2,200,FogNode_1,29,1.0,1597.9384595498836,219.58735791742836,3772.719260693277,3553.1319027758486,2907.268522981797,81.30071788883625,,
1-52,VOICE_ASSISTANT,523.1211268138637,2.0,150,FogNode_4,15,1.0,1758.3565909566523,94.37016727655772,3779.092155221421,3684.721987944863,3219.656349557701,43.5778729367135,,
8-103,SENSOR_DATA_LOGGING,79.87979187811813,0.1,10000,FogNode_0,24,1.0,1189.2931772946604,215.64175883424778,3780.3352852584226,3564.6935264241747,3484.2357074412566,5.086280739752606,,
9-122,E_COMMERCE_TRANSACTION,556.7629802059453,0.5,300,FogNode_4,20,1.0,1758.3565909566523,205.681632980922,3788.726254954845,3583.044621973923,3219.9161594578372,46.38036042446759,,
1-109,VOICE_ASSISTANT,476.81059539334547,2.0,150,FogNode_3,20,1.0,1899.4436001125757,195.57774892096614,3816.3595910559015,3620.7818421349352,3204.125927860619,22.637959876141696,,
3-109,HEALTH_MONITORING,560.7205262263433,1.0,100,FogNode_1,26,1.0,1597.9384595498836,206.41611541190693,3830.4791780697387,3624.063062657832,3184.1268953575195,46.31976994210558,,
8-316,SENSOR_DATA_LOGGING,809.7246241359167,0.1,10000,FogNode_9,26,1.0,1349.236560939329,626.343557552843,3835.763615945789,3209.420058392946,2591.841269707911,81.44180923075982,,
4-24,VOICE_ASSISTANT,622.1546008433459,2.0,150,FogNode_0,2,1.0,1189.2931772946604,49.75444366896895,3839.728156727352,3789.973713058383,3098.5973763531692,39.61518788439451,,
7-95,VOICE_ASSISTANT,176.82394112623444,2.0,150,FogNode_3,20,1.0,1899.4436001125757,196.3833845244043,3853.600608568861,3657.2172240444565,3394.9327033491436,8.395227209778575,,
6-134,SENSOR_DATA_LOGGING,956.8801049111898,0.1,10000,FogNode_6,34,1.0,816.2509881302752,315.39940800174213,3857.9009446985356,3542.5015366967937,2357.11114723207,128.93507997936703,,
6-179,SMART_HOME_CONTROL,749.695008432456,0.1,150,FogNode_7,64,1.0,1727.0272900361456,397.56450940705884,3859.0077574954134,3461.4432480883547,3012.2872787743463,51.38340621797221,,
3-132,SENSOR_DATA_LOGGING,388.7569404262059,0.1,10000,FogNode_2,25,1.0,681.967788340379,249.68489493027053,3860.2496425984036,3610.564747668133,3018.6652879610033,47.71759138100131,,
6-74,VOICE_ASSISTANT,456.090562937006,2.0,150,FogNode_3,20,1.0,1899.4436001125757,189.98395722281285,3873.329456609975,3683.345499387162,3269.9960225366954,21.654216503174037,,
6-78,VOICE_ASSISTANT,356.8445019634135,2.0,150,FogNode_1,26,1.0,1597.9384595498836,202.57705620977478,3883.8646450829624,3681.287588873188,3289.9298860684157,29.478063425447697,,
7-204,SMART_HOME_CONTROL,696.6553991300256,0.1,150,FogNode_7,64,1.0,1727.0272900361456,396.5403117168219,3888.2639908077335,3491.7236790909114,3070.448191488254,47.74812018862036,,
8-90,HEALTH_MONITORING,942.9198678901374,1.0,100,FogNode_3,20,1.0,1899.4436001125757,193.3044136466659,3891.3248951876117,3698.0204815409456,3107.8329635541036,44.76784354614547,,
3-104,HEALTH_MONITORING,970.7030100824064,1.0,100,FogNode_3,20,1.0,1899.4436001125757,199.6744225293082,3891.667413716956,3691.992991187648,3095.3762008729973,46.086928449581535,,
6-182,SENSOR_DATA_LOGGING,667.1116416110345,0.1,10000,FogNode_7,64,1.0,1727.0272900361456,400.49588061067584,3898.7988860076675,3498.3030053969915,3097.163080606265,45.72321822618406,,
9-117,HEALTH_MONITORING,922.744569892857,1.0,100,FogNode_3,20,1.0,1899.4436001125757,198.97807076008172,3911.429350430453,3712.451279670371,3138.5258963343877,43.80996301462151,,
0-99,HEALTH_MONITORING,884.052529155317,1.0,100,FogNode_3,20,1.0,1899.4436001125757,197.1083562868418,3917.4368271057897,3720.328470818948,3164.2043804054097,41.972946651719816,,
0-102,HEALTH_MONITORING,442.05191389274796,1.0,100,FogNode_4,20,1.0,1758.3565909566523,202.64634904332405,3920.0444693825984,3717.3981203392746,3379.376891811598,36.82451567646887,,
3-115,E_COMMERCE_TRANSACTION,725.0247531394075,0.5,300,FogNode_1,28,1.0,1597.9384595498836,216.1928414176991,3928.3473570244996,3712.1545156068005,3209.897484534611,59.89254574602993,,
0-228,SENSOR_DATA_LOGGING,100.84297549767643,0.1,10000,FogNode_3,67,1.0,1899.4436001125757,448.2285951598758,3970.527624585483,3522.299029425607,3451.1418121345446,4.787811460489621,,
6-101,SENSOR_DATA_LOGGING,411.9064703655015,0.1,10000,FogNode_2,25,1.0,681.967788340379,250.1433093605169,3987.3828853015384,3737.2395759410215,3111.6121218873523,50.55905784869836,,
0-307,GPS_TRACKING,381.6505359675449,0.2,200,FogNode_9,26,1.0,1349.236560939329,624.9577620314953,3996.7953676404927,3371.8376056089974,3067.5164394131943,38.38627258773928,,
1-351,SMART_HOME_CONTROL,489.9945468333395,0.1,150,FogNode_9,26,1.0,1349.236560939329,625.1373268301177,3997.750297316541,3372.6129704864234,2988.3056183499475,49.28347393399141,,
9-57,HEALTH_MONITORING,556.3672513285628,1.0,100,FogNode_5,0,0.3333333333333333,782.8923712617282,74.940522848258,4024.6807805469207,3949.740257698663,3149.829293238954,82.69830420169718,,
0-105,HEALTH_MONITORING,787.2121714259571,1.0,100,FogNode_1,26,1.0,1597.9384595498836,208.07471296082124,4034.231887647504,3826.157174686683,3244.977101007284,65.02969834451302,,
2-310,GPS_TRACKING,371.8840824058041,0.2,200,FogNode_9,26,1.0,1349.236560939329,618.3025342551559,4034.311569244033,3416.009034988877,3112.125662889055,37.40396622811095,,
1-124,SMART_HOME_CONTROL,319.37793106999004,0.1,150,FogNode_0,24,1.0,1189.2931772946604,216.89743175872866,4048.879608195256,3831.9821764365274,3546.3104235910005,20.33612984347695,,
7-64,VOICE_ASSISTANT,460.0697514119724,2.0,150,FogNode_4,18,1.0,1758.3565909566523,138.28229963675832,4050.373837577245,3912.091537940487,3477.513698605054,38.325466400423274,,
9-221,SMART_HOME_CONTROL,711.8519680406387,0.1,150,FogNode_7,64,1.0,1727.0272900361456,402.5750280291511,4058.823593885978,3656.2485658568266,3229.590284584898,48.78967904211484,,
5-132,GPS_TRACKING,367.80898241026887,0.2,200,FogNode_2,25,1.0,681.967788340379,251.28328706665778,4059.7205918820973,3808.4373048154393,3247.085945935975,45.1463547111814,,
9-327,GPS_TRACKING,770.5667992077559,0.2,200,FogNode_9,26,1.0,1349.236560939329,613.6492201926329,4067.578456273868,3453.929236081235,2851.9204095276837,77.50332939127867,,
4-307,GPS_TRACKING,663.175238109014,0.2,200,FogNode_9,26,1.0,1349.236560939329,615.7836599233852,4068.8453870908884,3453.0617271675032,2932.2382578639317,66.70192509740464,,
3-105,HEALTH_MONITORING,981.7694721670765,1.0,100,FogNode_4,20,1.0,1758.3565909566523,201.55438276039922,4079.098456258734,3877.544073498335,3232.4905078028337,81.78493109582301,,
0-26,VOICE_ASSISTANT,634.8114078969918,2.0,150,FogNode_0,2,1.0,1189.2931772946604,52.27784350201143,4089.0928862099554,4036.815042707944,3330.48169871268,40.4210997731229,,
6-288,SENSOR_DATA_LOGGING,670.2250890039786,0.1,10000,FogNode_9,28,1.0,1349.236560939329,629.7967701162247,4091.764857416672,3461.968087300447,2949.724623448396,67.41099654537463,,
6-81,HEALTH_MONITORING,558.7511940386094,1.0,100,FogNode_4,20,1.0,1758.3565909566523,204.46521224352446,4096.861142986647,3892.3959307431223,3486.961461917803,46.54598579367902,,
4-209,SMART_HOME_CONTROL,81.4101553558798,0.1,150,FogNode_7,65,1.0,1727.0272900361456,406.31506841366917,4105.962487304492,3699.6474188908232,3639.0637156753437,5.579777157201492,,
1-151,SMART_HOME_CONTROL,735.7887797518175,0.1,150,FogNode_2,28,1.0,681.967788340379,255.57151627468633,4113.876293240575,3858.304776965889,2764.8114715657575,90.31367593445555,,
5-199,GPS_TRACKING,638.6129801624154,0.2,200,FogNode_7,64,1.0,1727.0272900361456,392.4173064122459,4116.711529620114,3724.2942232078676,3327.9105331992823,43.76994618700548,,
6-178,GPS_TRACKING,700.14791874639,0.2,200,FogNode_7,64,1.0,1727.0272900361456,396.45337490694806,4117.345118955114,3720.8917440481664,3293.132647889072,47.98749427028475,,
6-238,SENSOR_DATA_LOGGING,462.0336629248078,0.1,10000,FogNode_1,46,1.0,1597.9384595498836,504.08652172933876,4119.622768152023,3615.5362464226846,3312.298526797753,38.167486245271675,,
1-254,SENSOR_DATA_LOGGING,473.58861627215794,0.1,10000,FogNode_3,67,1.0,1899.4436001125757,447.18232065416277,4122.659637429289,3675.477316775127,3412.4391905854695,22.48498711343067,,
5-120,GPS_TRACKING,804.7849385439524,0.2,200,FogNode_8,15,1.0,770.9711269175084,226.61464342392574,4131.731218090332,3905.116574666406,2833.1904950642,76.49856505828048,,
1-191,SMART_HOME_CONTROL,226.17762758739738,0.1,150,FogNode_6,34,1.0,816.2509881302752,324.70380231322383,4134.994180573797,3810.2903782605736,3520.121980259996,30.47636830659279,,
4-115,HEALTH_MONITORING,573.4058592349671,1.0,100,FogNode_6,22,1.0,816.2509881302752,243.97426752848,4137.853977720385,3893.879710191905,3100.9381836789307,77.26373444451534,,
9-113,VOICE_ASSISTANT,652.7633622743682,2.0,150,FogNode_3,20,1.0,1899.4436001125757,194.04513218493094,4160.019893596962,3965.974761412031,3447.541843226004,30.991825572986688,,
5-208,SENSOR_DATA_LOGGING,457.1084369680065,0.1,10000,FogNode_7,64,1.0,1727.0272900361456,404.42069526110083,4163.478222347767,3759.057527086666,3479.310896244144,31.32979176625472,,
4-36,HEALTH_MONITORING,329.23939436242404,1.0,100,FogNode_5,0,0.3333333333333333,782.8923712617282,84.30568240098812,4182.317639586728,4098.011957185739,3586.692538973865,48.93807017783486,,
7-259,SENSOR_DATA_LOGGING,237.80483659384353,0.1,10000,FogNode_1,46,1.0,1597.9384595498836,503.5577389049123,4183.051659255499,3679.4939203505864,3514.9632522837837,19.644483850588422,,
0-159,SMART_HOME_CONTROL,423.6427504752393,0.1,150,FogNode_6,34,1.0,816.2509881302752,317.57707921894263,4190.30825736956,3872.7311781506173,3335.779975336409,57.08386205842751,,
1-119,VOICE_ASSISTANT,675.9944724648561,2.0,150,FogNode_1,26,1.0,1597.9384595498836,204.75935631255467,4195.76087936442,3991.0015230518657,3401.5451193887066,55.84227254428641,,
1-231,SMART_HOME_CONTROL,845.4280659889963,0.1,150,FogNode_7,64,1.0,1727.0272900361456,395.5096650983417,4198.888779331461,3803.379114233119,3291.948161697085,57.94486191607215,,
5-340,GPS_TRACKING,510.14672725610785,0.2,200,FogNode_9,26,1.0,1349.236560939329,626.1280606016487,4213.863900228737,3587.7358396270884,3188.43944967328,51.310372937249916,,
4-160,SENSOR_DATA_LOGGING,762.4311326233684,0.1,10000,FogNode_6,34,1.0,816.2509881302752,313.67181729446537,4219.58865350329,3905.9168362088244,2953.745576482832,102.73399829195657,,
9-217,GPS_TRACKING,636.5833483469243,0.2,200,FogNode_7,64,1.0,1727.0272900361456,394.20276160571456,4227.608388197434,3833.4056265917193,3439.53950427454,43.630837089472124,,
3-101,VOICE_ASSISTANT,747.0193097648817,2.0,150,FogNode_3,20,1.0,1899.4436001125757,196.92647992630532,4246.883836204895,4049.957356278589,3483.6752657935426,35.46689885783623,,
5-206,SENSOR_DATA_LOGGING,224.62823970169495,0.1,10000,FogNode_7,64,1.0,1727.0272900361456,401.26976212647656,4247.411529021509,3846.141766895032,3696.8383212123967,15.395812908977263,,
0-210,SENSOR_DATA_LOGGING,229.5087509010629,0.1,10000,FogNode_7,64,1.0,1727.0272900361456,402.6579398646857,4249.603900357498,3846.945960492812,3696.404021069377,15.730318656898461,,
7-116,GPS_TRACKING,134.47482570740897,0.2,200,FogNode_2,25,1.0,681.967788340379,245.1504292738107,4256.907069024462,4011.7566397506507,3785.637916719743,16.505981287697566,,
2-258,SENSOR_DATA_LOGGING,234.2794564702901,0.1,10000,FogNode_1,46,1.0,1597.9384595498836,506.4964753233988,4266.23633456952,3759.7398592461213,3597.4115601605677,19.35326070350579,,
5-209,SENSOR_DATA_LOGGING,183.40449648006387,0.1,10000,FogNode_7,64,1.0,1727.0272900361456,404.6689996708581,4269.674862978863,3865.0058633080043,3742.802937328222,12.570375471143116,,
4-309,GPS_TRACKING,734.7840681210893,0.2,200,FogNode_9,26,1.0,1349.236560939329,619.516249471209,4273.541977998062,3654.025728526853,3082.4215377598157,73.904315267155,,
6-239,SENSOR_DATA_LOGGING,623.1638080553803,0.1,10000,FogNode_1,46,1.0,1597.9384595498836,505.243523906241,4273.844499645645,3768.6009757394036,3365.521982032318,51.47805881056678,,
6-133,SMART_HOME_CONTROL,844.8238250661082,0.1,150,FogNode_6,34,1.0,816.2509881302752,314.2038179353918,4281.698355815015,3967.4945378796233,2915.5662868759855,113.83602490458637,,
3-215,GPS_TRACKING,896.5493005743676,0.2,200,FogNode_7,64,1.0,1727.0272900361456,391.979135700995,4287.728014104563,3895.748878403568,3349.26557791884,61.448664307069464,,
1-256,SENSOR_DATA_LOGGING,717.3536109463375,0.1,10000,FogNode_3,67,1.0,1899.4436001125757,449.22135910530795,4289.094478736353,3839.8731196310455,3446.7060572179553,34.05843414241208,,
6-137,SENSOR_DATA_LOGGING,728.0557764392418,0.1,10000,FogNode_6,34,1.0,816.2509881302752,317.3763202089156,4292.213791741267,3974.8374715323516,3065.8847789628016,98.10208121460134,,
3-170,SMART_HOME_CONTROL,95.71390646104268,0.1,150,FogNode_6,34,1.0,816.2509881302752,317.4197319657639,4307.568644006626,3990.148912040862,3852.055914264427,12.89699735771764,,
7-150,SENSOR_DATA_LOGGING,142.67545871812692,0.1,10000,FogNode_6,34,1.0,816.2509881302752,323.54872679350046,4309.787792824048,3986.2390660305473,3796.993413854506,19.22484497953057,,
1-355,SENSOR_DATA_LOGGING,140.42136128893216,0.1,10000,FogNode_9,35,1.0,1349.236560939329,634.9984046311216,4317.938578720381,3682.9401740892595,3562.910156251212,14.123529626162377,,
0-304,GPS_TRACKING,390.056710666634,0.2,200,FogNode_9,26,1.0,1349.236560939329,620.4851547550369,4323.405951918543,3702.920797163506,3385.970735113755,39.23176259236181,,
7-325,SENSOR_DATA_LOGGING,347.36475763918367,0.1,10000,FogNode_9,31,1.0,1349.236560939329,633.2603321860385,4325.031276405981,3691.7709442199425,3418.3513929676255,34.93782142951216,,
9-244,SENSOR_DATA_LOGGING,834.4740402785114,0.1,10000,FogNode_3,67,1.0,1899.4436001125757,446.2253600061825,4330.992930004491,3884.7675699983088,3429.011518816963,39.619064727206435,,
9-118,VOICE_ASSISTANT,727.7325100753116,2.0,150,FogNode_4,20,1.0,1758.3565909566523,201.80247561039087,4333.915304125727,4132.112828515336,3552.826135910342,60.622737699641014,,
3-335,SENSOR_DATA_LOGGING,359.43515948254696,0.1,10000,FogNode_9,28,1.0,1349.236560939329,629.0265067509617,4335.244304736813,3706.2177979858516,3418.87912535349,36.15185807229654,,
0-41,HEALTH_MONITORING,544.1319074625126,1.0,100,FogNode_5,0,0.3333333333333333,782.8923712617282,82.55140457851397,4363.584034273431,4281.032629694917,3495.430505139653,80.87964541717889,,
2-255,SENSOR_DATA_LOGGING,703.253429751516,0.1,10000,FogNode_1,46,1.0,1597.9384595498836,503.3695170384142,4368.447803664737,3865.0782866263226,3409.4586779824585,58.09406924393156,,
8-237,SENSOR_DATA_LOGGING,915.7168608228176,0.1,10000,FogNode_3,67,1.0,1899.4436001125757,445.55143775182745,4373.42231612106,3927.8708783692327,3429.458052640357,43.47630223299079,,
8-241,SENSOR_DATA_LOGGING,420.88194757690593,0.1,10000,FogNode_3,67,1.0,1899.4436001125757,449.9970963275816,4381.601596550375,3931.6045002227934,3692.5278965560237,19.982585818963,,
4-207,SENSOR_DATA_LOGGING,882.9160611090309,0.1,10000,FogNode_7,64,1.0,1727.0272900361456,401.902013606282,4399.498564924134,3997.5965513178526,3468.783798632759,60.51425461561505,,
4-114,HEALTH_MONITORING,770.5180290537858,1.0,100,FogNode_6,21,1.0,816.2509881302752,243.03962968688194,4405.337237275494,4162.297607588612,3126.8647719025066,103.82366943538314,,
8-271,GPS_TRACKING,356.63996630342393,0.2,200,FogNode_1,46,1.0,1597.9384595498836,501.9226573772823,4406.239207043718,3904.316549666436,3659.563654918248,29.461167228015018,,
1-115,VOICE_ASSISTANT,552.0322240218885,2.0,150,FogNode_4,20,1.0,1758.3565909566523,202.7470852599741,4410.8089661193535,4208.061880859379,3721.653580543775,45.98627140508689,,
3-332,SENSOR_DATA_LOGGING,558.0918714921435,0.1,10000,FogNode_9,26,1.0,1349.236560939329,626.5398823860988,4411.385598678078,3784.8457162919794,3349.9045262449354,56.13267816796875,,
7-43,HEALTH_MONITORING,306.7641153862728,1.0,100,FogNode_5,2,1.0,782.8923712617282,91.8257660300996,4416.515120293883,4324.689354263784,3847.5090770118163,45.59734972142876,,
8-239,SMART_HOME_CONTROL,568.9738545551199,0.1,150,FogNode_3,67,1.0,1899.4436001125757,447.5327766471601,4422.207281024182,3974.6745043770215,3655.1726870078837,27.013676739642875,,
7-210,SMART_HOME_CONTROL,57.635989837049756,0.1,150,FogNode_7,64,1.0,1727.0272900361456,405.1001057913761,4432.871511703594,4027.7714059122172,3975.8407610399872,3.9503177228888617,,
5-52,HEALTH_MONITORING,198.38722008636995,1.0,100,FogNode_5,0,0.6666666666666666,782.8923712617282,86.55762110123638,4435.7205687360365,4349.1629476348,4001.918954113296,29.488232165453137,,
6-213,SENSOR_DATA_LOGGING,887.5717867741416,0.1,10000,FogNode_3,67,1.0,1899.4436001125757,444.94264416808005,4437.807509453629,3992.864865285549,3503.1693066039247,42.140033569541,,
3-222,SMART_HOME_CONTROL,384.55593693755577,0.1,150,FogNode_7,64,1.0,1727.0272900361456,404.09007823244133,4472.273188304596,4068.1831100721547,3826.9558687984622,26.35711015671728,,
2-321,SMART_HOME_CONTROL,320.16532537292034,0.1,150,FogNode_9,40,1.0,1349.236560939329,636.601207428196,4510.8356703288,3874.234462900604,3622.564389653829,32.202112389938534,,
8-95,VOICE_ASSISTANT,817.5886379313657,2.0,150,FogNode_4,20,1.0,1758.3565909566523,200.23213106289,4515.347007488445,4315.114876425555,3681.9121812274707,68.10807660412289,,
3-221,SENSOR_DATA_LOGGING,555.2376679462641,0.1,10000,FogNode_7,64,1.0,1727.0272900361456,401.0327811944312,4520.3878495254485,4119.355068331017,3777.245876124299,38.05547898638954,,
0-103,VOICE_ASSISTANT,776.5567237547635,2.0,150,FogNode_4,20,1.0,1758.3565909566523,203.2266598883652,4520.736249041294,4317.509589152929,3708.2779916759,64.6899704511012,,
1-257,SENSOR_DATA_LOGGING,206.45977352904362,0.1,10000,FogNode_3,67,1.0,1899.4436001125757,450.0058807181161,4530.902150151544,4080.896269433428,3953.1616491355658,9.802273930872092,,
5-265,GPS_TRACKING,543.1631680046719,0.2,200,FogNode_1,46,1.0,1597.9384595498836,500.7354805179344,4535.675827126347,4034.9403466084127,3672.272447488121,44.869398936263934,,
4-163,SMART_HOME_CONTROL,755.3793540472825,0.1,150,FogNode_6,34,1.0,816.2509881302752,321.3379678909555,4537.22020265487,4215.882234763914,3277.134613885207,101.78380439615097,,
3-171,GPS_TRACKING,192.63660289766352,0.2,200,FogNode_6,34,1.0,816.2509881302752,318.1323078894461,4545.789470860508,4227.657162971062,3970.466100994172,25.95687346208232,,
3-122,SENSOR_DATA_LOGGING,598.9384874350278,0.1,10000,FogNode_0,27,1.0,1189.2931772946604,225.51470942549037,4552.488389334874,4326.9736799093835,3809.243117530345,38.13692075694863,,
3-130,GPS_TRACKING,876.0035313981444,0.2,200,FogNode_2,25,1.0,681.967788340379,248.0915628781749,4558.753722664639,4310.662159786464,3003.153925495512,107.5241988316488,,
1-145,GPS_TRACKING,309.703219102078,0.2,200,FogNode_2,25,1.0,681.967788340379,246.30552982115117,4568.008034353692,4321.702504532541,3838.4830258263637,38.01421948195135,,
0-122,SENSOR_DATA_LOGGING,570.8826629600871,0.1,10000,FogNode_0,29,1.0,1189.2931772946604,231.70256046041243,4569.111332341716,4337.408771881303,3844.3353018528,36.350488966008264,,
4-125,SENSOR_DATA_LOGGING,785.7260471680427,0.1,10000,FogNode_2,28,1.0,681.967788340379,256.76679651304676,4575.813351593355,4319.046555080308,3150.5663769344565,96.44317710461806,,
1-259,SMART_HOME_CONTROL,265.1093056424068,0.1,150,FogNode_3,66,1.0,1899.4436001125757,455.27507576162174,4577.379595524884,4122.104519763263,3968.294568976855,12.58682982699581,,
6-189,SENSOR_DATA_LOGGING,250.3594813386021,0.1,10000,FogNode_7,70,1.0,1727.0272900361456,408.89929599513414,4577.8370735004555,4168.937777505322,4008.9061361318686,17.159408540067982,,
0-117,E_COMMERCE_TRANSACTION,925.709867029465,0.5,300,FogNode_8,15,1.0,770.9711269175084,227.81236688189273,4628.188947446375,4400.3765805644825,3145.4832260440735,87.99304397541006,,
7-263,SMART_HOME_CONTROL,428.70017655819146,0.1,150,FogNode_1,46,1.0,1597.9384595498836,507.5628362330065,4636.731087039086,4129.168250806079,3841.413435718794,35.41388735303722,,
0-113,SENSOR_DATA_LOGGING,954.2882525636257,0.1,10000,FogNode_0,25,1.0,1189.2931772946604,221.9222793052569,4642.1276581979555,4420.205378892699,3602.8144595442423,60.76352785936789,,
1-287,SMART_HOME_CONTROL,383.2668037036116,0.1,150,FogNode_1,46,1.0,1597.9384595498836,509.734846473576,4646.08999817592,4136.355151702344,3878.760280283199,31.66074602881798,,
9-336,SENSOR_DATA_LOGGING,753.0484881361443,0.1,10000,FogNode_9,31,1.0,1349.236560939329,632.9678703693555,4649.894180277503,4016.926309908148,3441.364066949125,75.74134401277817,,
4-313,SENSOR_DATA_LOGGING,893.7127777242998,0.1,10000,FogNode_9,28,1.0,1349.236560939329,628.6634026619367,4659.179417700701,4030.5160150387646,3349.041071973654,89.88930727923302,,
2-187,SMART_HOME_CONTROL,716.6654634520286,0.1,150,FogNode_7,66,1.0,1727.0272900361456,407.79835055189477,4662.382078466057,4254.5837279141615,3825.0265156942346,49.11959158957723,,
8-202,GPS_TRACKING,965.0565544020176,0.2,200,FogNode_7,64,1.0,1727.0272900361456,390.4213362941406,4664.75884215643,4274.337505862289,3686.0109650141103,66.14408846317282,,
6-285,GPS_TRACKING,473.6875286160058,0.2,200,FogNode_9,26,1.0,1349.236560939329,626.5441932617227,4669.016767919633,4042.47257465791,3666.9336164822334,47.64331995177079,,
1-320,SENSOR_DATA_LOGGING,590.7291469400373,0.1,10000,FogNode_4,42,1.0,1758.3565909566523,558.6947560987138,4669.870564838029,4111.1758087393155,3760.053604605569,49.20986438103816,,
5-239,SENSOR_DATA_LOGGING,854.5037687974436,0.1,10000,FogNode_3,66,1.0,1899.4436001125757,452.40373350774587,4696.754402904953,4244.350669397208,3779.2758446588577,40.57003392739281,,
3-254,SENSOR_DATA_LOGGING,703.1885949851192,0.1,10000,FogNode_3,66,1.0,1899.4436001125757,452.04283422596797,4701.200602895354,4249.157768669385,3862.6904390431455,33.38590910611243,,
0-251,GPS_TRACKING,267.2926201685568,0.2,200,FogNode_1,46,1.0,1597.9384595498836,501.5459057613814,4702.949240298873,4201.403334537491,4008.0803941419995,22.080398512881285,,
6-191,SMART_HOME_CONTROL,765.4883424837456,0.1,150,FogNode_7,70,1.0,1727.0272900361456,409.55731442378885,4730.968457900749,4321.41114347696,3864.1608895038075,52.465866805232025,,
8-130,SENSOR_DATA_LOGGING,511.32287159711194,0.1,10000,FogNode_2,28,1.0,681.967788340379,256.9080041222319,4737.15857902082,4480.250574898588,3713.312279645339,62.761827027143816,,
7-208,SMART_HOME_CONTROL,457.65988567026,0.1,150,FogNode_7,64,1.0,1727.0272900361456,404.7047693053233,4737.271829791426,4332.5670604861025,4047.9436597995386,31.36758755301808,,
6-215,SMART_HOME_CONTROL,695.347457936488,0.1,150,FogNode_3,67,1.0,1899.4436001125757,447.07065742855775,4739.50186588778,4292.431208459222,3904.6852485735694,33.01362848230665,,
7-262,SMART_HOME_CONTROL,763.6598865403564,0.1,150,FogNode_1,46,1.0,1597.9384595498836,504.34783697716296,4751.747689206191,4247.3998522290285,3748.173924434705,63.0841009096305,,
4-227,SENSOR_DATA_LOGGING,933.5109440095185,0.1,10000,FogNode_3,66,1.0,1899.4436001125757,453.8632421976568,4780.559949969188,4326.696707771531,3820.802005517283,44.3211277152789,,
1-230,GPS_TRACKING,454.72090220901316,0.2,200,FogNode_7,64,1.0,1727.0272900361456,395.0267313466879,4783.684732459763,4388.658001113075,4096.038585121268,31.166152330216068,,
5-296,SENSOR_DATA_LOGGING,669.4920445768777,0.1,10000,FogNode_4,42,1.0,1758.3565909566523,557.832388871102,4791.5576993513505,4233.7253104802485,3836.203300126607,55.771097276085975,,
4-317,SENSOR_DATA_LOGGING,627.1562006545632,0.1,10000,FogNode_9,30,1.0,1349.236560939329,631.7345765403096,4800.067315623756,4168.3327390834465,3683.683557805665,63.0791433644527,,
9-222,SENSOR_DATA_LOGGING,996.1116848274391,0.1,10000,FogNode_7,64,1.0,1727.0272900361456,403.16801829006795,4804.386584219218,4401.21856592915,3805.768869967609,68.27257853427261,,
4-314,SMART_HOME_CONTROL,648.882786274769,0.1,150,FogNode_9,28,1.0,1349.236560939329,628.7796546433175,4805.957160761665,4177.177506118348,3673.7464997785905,65.2643954718649,,
8-160,SENSOR_DATA_LOGGING,221.43225018142968,0.1,10000,FogNode_6,34,1.0,816.2509881302752,320.4023212279617,4817.069081423244,4496.666760195282,4203.995685317279,29.83695108783108,,
8-207,GPS_TRACKING,948.9733514828472,0.2,200,FogNode_7,64,1.0,1727.0272900361456,394.6025065964627,4819.158566541523,4424.55605994506,3846.5095784861073,65.04176053036484,,
3-113,HEALTH_MONITORING,166.49763983932755,1.0,100,FogNode_8,13,1.0,770.9711269175084,214.6980125719629,4844.147281067788,4629.449268495825,4319.647140310458,15.826377859832851,,
5-300,SENSOR_DATA_LOGGING,583.3117309622254,0.1,10000,FogNode_4,42,1.0,1758.3565909566523,562.5081483923078,4847.083888370422,4284.575739978114,3938.921764001925,48.59196692969923,,
3-173,SENSOR_DATA_LOGGING,581.1109682369244,0.1,10000,FogNode_6,34,1.0,816.2509881302752,321.8599967843999,4849.780795191114,4527.920798406713,3799.702878239231,78.30196153306925,,
4-249,GPS_TRACKING,953.3066128511755,0.2,200,FogNode_1,46,1.0,1597.9384595498836,500.3329029275655,4862.821645570613,4362.488742643048,3742.108260742295,78.75035945042208,,
1-236,SMART_HOME_CONTROL,145.43045840822262,0.1,150,FogNode_7,64,1.0,1727.0272900361456,404.785901505962,4867.8932792773285,4463.107377771366,4356.21452853738,9.967669834804392,,
9-296,SMART_HOME_CONTROL,616.5349909990454,0.1,150,FogNode_4,42,1.0,1758.3565909566523,557.339780876831,4871.367625048827,4314.027844171996,3943.920598946048,51.359584084154335,,
9-220,GPS_TRACKING,263.4974597974636,0.2,200,FogNode_7,64,1.0,1727.0272900361456,399.64071577551243,4883.541298710896,4483.900582935384,4304.374231024772,18.05987349773946,,
9-243,SENSOR_DATA_LOGGING,983.5868237445416,0.1,10000,FogNode_3,67,1.0,1899.4436001125757,446.22381617902806,4899.430514285151,4453.2066981061225,3912.648201381627,46.6986247070745,,
4-105,HEALTH_MONITORING,592.9824110493722,1.0,100,FogNode_8,14,1.0,770.9711269175084,216.24596325582377,4900.8682069425995,4684.622243686776,3828.0005166425813,56.365746148464986,,
2-96,SENSOR_DATA_LOGGING,318.20475966761927,0.1,10000,FogNode_0,29,1.0,1189.2931772946604,232.40273294683806,4909.685536896507,4677.282803949669,4393.323374907328,20.261429109185958,,
0-212,SMART_HOME_CONTROL,428.9889682689875,0.1,150,FogNode_7,65,1.0,1727.0272900361456,405.65555367706656,4913.156172496247,4507.50061881918,4238.328577266982,29.402509249306465,,
6-192,SMART_HOME_CONTROL,634.894286421854,0.1,150,FogNode_7,70,1.0,1727.0272900361456,410.3073656272339,4945.459687274304,4535.1523216470705,4152.268629317462,43.515070338930904,,
1-134,SENSOR_DATA_LOGGING,447.6369578849034,0.1,10000,FogNode_0,29,1.0,1189.2931772946604,230.89098166684315,4945.500406483353,4714.60942481651,4321.910952687075,28.502918995650635,,
6-98,HEALTH_MONITORING,523.4614220291712,1.0,100,FogNode_6,22,1.0,816.2509881302752,246.812556812176,4948.86823156146,4702.055674749284,3968.334021877304,70.53395714785867,,
5-135,GPS_TRACKING,256.99665531688436,0.2,200,FogNode_2,28,1.0,681.967788340379,256.18495712491944,4952.659090806794,4696.474133681874,4296.221227162351,31.54480373070779,,
3-166,SENSOR_DATA_LOGGING,615.1464621930929,0.1,10000,FogNode_6,34,1.0,816.2509881302752,315.5799706179486,4973.212809722889,4657.63283910494,3881.1475292022506,82.88808377853401,,
6-242,SMART_HOME_CONTROL,434.5018973397184,0.1,150,FogNode_1,46,1.0,1597.9384595498836,512.324163315779,4974.863277252531,4462.539113936752,4170.785524557611,35.893153510238996,,
3-234,SENSOR_DATA_LOGGING,136.84001090349136,0.1,10000,FogNode_7,81,1.0,1727.0272900361456,417.55121797800376,4992.390595538066,4574.8393775600625,4482.456546649745,9.378888465360951,,
3-338,GPS_TRACKING,663.469171959341,0.2,200,FogNode_9,30,1.0,1349.236560939329,630.6263895637618,5002.572398465961,4371.946008902199,3859.0196499569506,66.73148885754141,,
6-291,SENSOR_DATA_LOGGING,462.9882063137949,0.1,10000,FogNode_9,30,1.0,1349.236560939329,631.3186711708751,5012.165048745544,4380.846377574669,4016.3051975007193,46.56718599232138,,
3-257,SENSOR_DATA_LOGGING,604.6733904106353,0.1,10000,FogNode_3,66,1.0,1899.4436001125757,457.38560016705173,5019.542979776035,4562.157379608983,4229.7565944474045,28.708615291977985,,
7-227,GPS_TRACKING,946.2998013952621,0.2,200,FogNode_3,67,1.0,1899.4436001125757,443.7604838344211,5029.10057064646,4585.340086812039,4061.2083638174117,44.92831564935014,,
6-240,GPS_TRACKING,625.2912446866936,0.2,200,FogNode_1,46,1.0,1597.9384595498836,510.11485963074284,5037.401216045242,4527.286356414499,4114.462623488845,51.65380121827216,,
1-288,SENSOR_DATA_LOGGING,655.5599711351072,0.1,10000,FogNode_1,46,1.0,1597.9384595498836,510.4322695031948,5046.984665465234,4536.552395962039,4106.856284488141,54.154227687348985,,
1-353,SENSOR_DATA_LOGGING,987.8565587297234,0.1,10000,FogNode_9,28,1.0,1349.236560939329,629.4145220611609,5055.565594881364,4426.151072820203,3672.3672149950444,99.35825465265407,,
4-252,GPS_TRACKING,130.012418558862,0.2,200,FogNode_1,46,1.0,1597.9384595498836,509.93771253373467,5056.225871526333,4546.288158992598,4441.715536700959,10.740012244232156,,
1-261,SENSOR_DATA_LOGGING,910.1395935240641,0.1,10000,FogNode_3,66,1.0,1899.4436001125757,455.8439225168102,5056.540752755413,4600.696830238603,4107.25124820858,43.21150536281314,,
2-326,SENSOR_DATA_LOGGING,59.987610817965006,0.1,10000,FogNode_9,51,1.0,1349.236560939329,642.8821161133391,5056.625458843089,4413.74334272975,4356.045480456913,6.0335321550326375,,
1-357,SENSOR_DATA_LOGGING,343.3505264950528,0.1,10000,FogNode_9,45,1.0,1349.236560939329,639.3593850841027,5060.434793843306,4421.075408759203,4152.105405636116,34.534071515895114,,
8-210,SENSOR_DATA_LOGGING,423.3798536281028,0.1,10000,FogNode_7,70,1.0,1727.0272900361456,409.0636271919273,5064.308053217696,4655.244426025769,4389.338826094897,29.01806569176113,,
3-255,SENSOR_DATA_LOGGING,315.56083327848614,0.1,10000,FogNode_3,66,1.0,1899.4436001125757,454.36627369331245,5065.563814194547,4611.1975405012345,4424.899290640966,14.982161787631929,,
8-294,SENSOR_DATA_LOGGING,390.1942232764957,0.1,10000,FogNode_4,42,1.0,1758.3565909566523,565.0685396646726,5093.276096449504,4528.2075567848315,4286.291644735034,32.50458337660109,,
3-131,GPS_TRACKING,843.0973478235514,0.2,200,FogNode_2,25,1.0,681.967788340379,249.50115168390144,5096.5211531272125,4847.020001443311,3586.8465671144018,103.48516143208704,,
6-260,SENSOR_DATA_LOGGING,751.1044609201426,0.1,10000,FogNode_4,42,1.0,1758.3565909566523,558.5799277369613,5097.0333285135675,4538.453400776606,4091.0714891021876,62.56970533675875,,
4-225,SMART_HOME_CONTROL,147.5554867881313,0.1,150,FogNode_3,66,1.0,1899.4436001125757,452.6387660217432,5106.784102170843,4654.145336149099,4554.094100150802,7.005622823164495,,
3-341,SENSOR_DATA_LOGGING,141.007076892168,0.1,10000,FogNode_9,47,1.0,1349.236560939329,641.1370983868258,5107.081185860515,4465.944087473689,4347.901852570215,14.182440689257584,,
3-78,VOICE_ASSISTANT,171.7205741639224,2.0,150,FogNode_8,6,1.0,770.9711269175084,141.69718428317685,5123.601028144989,4981.903843861812,4588.084299408796,16.322842147482195,,
8-212,SENSOR_DATA_LOGGING,803.022726947931,0.1,10000,FogNode_7,71,1.0,1727.0272900361456,411.50849914331826,5127.356043603067,4715.847544459748,4236.726248226493,55.03843898774849,,
4-226,SENSOR_DATA_LOGGING,749.8448816793725,0.1,10000,FogNode_3,66,1.0,1899.4436001125757,453.03704539452826,5134.272672262305,4681.235626867777,4266.44911302608,35.601051043725946,,
5-163,GPS_TRACKING,699.3502064057935,0.2,200,FogNode_6,34,1.0,816.2509881302752,315.1767074771539,5138.481644993926,4823.304937516772,3942.991677059516,94.23414107338638,,
4-223,GPS_TRACKING,681.1129036139016,0.2,200,FogNode_3,66,1.0,1899.4436001125757,451.3936033589482,5139.145434462402,4687.751831103454,4306.403382174006,32.33780191149893,,
9-248,GPS_TRACKING,140.06517986594008,0.2,200,FogNode_3,66,1.0,1899.4436001125757,454.21783491942034,5139.303924118127,4685.086089198707,4590.014913743952,6.649998872684392,,
7-324,SENSOR_DATA_LOGGING,463.3590131039167,0.1,10000,FogNode_9,31,1.0,1349.236560939329,632.5095339418956,5143.490423563649,4510.980889621753,4146.30433745877,46.604481604882004,,
5-343,SENSOR_DATA_LOGGING,991.654224180052,0.1,10000,FogNode_9,40,1.0,1349.236560939329,637.8729100686197,5146.35991888896,4508.487008820341,3759.602747864242,99.74022246727743,,
5-44,VOICE_ASSISTANT,556.599527781872,2.0,150,FogNode_5,0,0.3333333333333333,782.8923712617282,77.32765604500091,5146.673374272821,5069.34571822782,4189.039992774276,82.73282972193367,,
1-290,SMART_HOME_CONTROL,687.4249592432319,0.1,150,FogNode_1,46,1.0,1597.9384595498836,512.1959714742316,5181.942578837216,4669.746607362985,4219.133521057198,56.786517481178414,,
3-308,SENSOR_DATA_LOGGING,157.44047068379757,0.1,10000,FogNode_4,42,1.0,1758.3565909566523,570.119365910714,5186.5717483616945,4616.452382450981,4511.204015555991,13.115357944616411,,
3-223,GPS_TRACKING,667.5239822501348,0.2,200,FogNode_7,64,1.0,1727.0272900361456,404.54527921898256,5190.902759210387,4786.357479991404,4376.0008134210875,45.75147967426729,,
8-132,SENSOR_DATA_LOGGING,66.97736570252664,0.1,10000,FogNode_2,35,1.0,681.967788340379,263.00196821523866,5194.733072880082,4931.731104664843,4814.957717449171,8.22107140997969,,
5-241,SENSOR_DATA_LOGGING,128.13141754109944,0.1,10000,FogNode_3,66,1.0,1899.4436001125757,453.40154371184315,5201.730014788034,4748.328471076191,4658.299110339832,6.083409045840699,,
7-327,SMART_HOME_CONTROL,191.0831500684734,0.1,150,FogNode_9,40,1.0,1349.236560939329,636.5952792675018,5202.057957342109,4565.4626780746075,4403.678679719782,19.219073980485824,,
9-335,GPS_TRACKING,85.89713295102469,0.2,200,FogNode_9,30,1.0,1349.236560939329,631.649251630132,5207.153931830297,4575.504680200164,4486.533725239095,8.63950250090494,,
8-317,SENSOR_DATA_LOGGING,754.7113928335915,0.1,10000,FogNode_9,29,1.0,1349.236560939329,630.0685351503889,5209.255981374982,4579.187446224593,3998.0209794517787,75.90859836456839,,
3-227,SENSOR_DATA_LOGGING,829.8040195120922,0.1,10000,FogNode_7,72,1.0,1727.0272900361456,411.9487088794036,5217.752957275361,4805.804248395957,4310.203907936667,56.87400414342957,,
8-238,GPS_TRACKING,994.4009394155023,0.2,200,FogNode_3,67,1.0,1899.4436001125757,445.73969704493595,5220.27662770624,4774.536930661304,4225.365982793417,47.21205607588293,,
7-295,SENSOR_DATA_LOGGING,73.13740952556765,0.1,10000,FogNode_4,44,1.0,1758.3565909566523,574.6849858934887,5228.165933467104,4653.480947573616,4597.5719749960235,6.092609485373781,,
3-233,SENSOR_DATA_LOGGING,503.70705583988246,0.1,10000,FogNode_7,80,1.0,1727.0272900361456,417.17470367159194,5237.121005393568,4819.946301721977,4513.887357648316,34.52361823669706,,
6-220,SMART_HOME_CONTROL,370.352512059384,0.1,150,FogNode_3,66,1.0,1899.4436001125757,455.048153782492,5251.5202257113015,4796.47207192881,4581.380471437131,17.58355495668507,,
7-126,SMART_HOME_CONTROL,473.1294567089799,0.1,150,FogNode_2,33,1.0,681.967788340379,262.08467417244816,5252.524696599313,4990.440022426865,4280.475008043439,58.07381357822925,,
2-107,SENSOR_DATA_LOGGING,482.2683495693381,0.1,10000,FogNode_2,32,1.0,681.967788340379,259.9408480235883,5275.179777381285,5015.238929357697,4289.3352058598875,59.19555806646199,,
5-272,SENSOR_DATA_LOGGING,673.800058223436,0.1,10000,FogNode_1,46,1.0,1597.9384595498836,511.68084760932607,5284.489985922867,4772.809138313542,4330.153609327826,55.66099727779255,,
0-109,HEALTH_MONITORING,348.1662892196877,1.0,100,FogNode_8,14,1.0,770.9711269175084,218.22318528816578,5295.741740398222,5077.518555110056,4534.88239316687,33.094830993184374,,
7-292,SENSOR_DATA_LOGGING,905.1645436995988,0.1,10000,FogNode_4,42,1.0,1758.3565909566523,566.5993755292085,5306.336412813069,4739.73703728386,4208.50093375639,75.40346480059996,,
2-318,SMART_HOME_CONTROL,874.0524552208628,0.1,150,FogNode_9,31,1.0,1349.236560939329,632.246318334488,5306.992025604206,4674.745707269718,4006.7642995955266,87.91187916723904,,
2-286,SMART_HOME_CONTROL,817.8506188347667,0.1,150,FogNode_4,42,1.0,1758.3565909566523,570.7605852159791,5312.206050189605,4741.445464973625,4263.207324714226,68.12990055642584,,
2-264,SENSOR_DATA_LOGGING,421.71438051315937,0.1,10000,FogNode_1,49,1.0,1597.9384595498836,519.3663859953693,5320.13739952845,4800.771013533081,4521.613646336537,34.83680759488023,,
8-116,SENSOR_DATA_LOGGING,913.7548063931725,0.1,10000,FogNode_0,29,1.0,1189.2931772946604,231.12676262204775,5320.805927716565,5089.679165094517,4307.574239984673,58.18259366155296,,
7-117,GPS_TRACKING,729.2081454130833,0.2,200,FogNode_2,25,1.0,681.967788340379,250.69032614855834,5326.177726495935,5075.487400347376,3979.5678025061543,89.50594239262028,,
3-228,SENSOR_DATA_LOGGING,343.723152114998,0.1,10000,FogNode_7,73,1.0,1727.0272900361456,412.22306979617747,5326.381938618197,4914.158868822019,4693.703631306021,23.558468647904878,,
9-183,SENSOR_DATA_LOGGING,752.3712780171862,0.1,10000,FogNode_6,34,1.0,816.2509881302752,324.08481050358193,5327.077350252982,5002.9925397494,4065.5836832044897,101.37848034193158,,
1-39,VOICE_ASSISTANT,722.3337752823318,2.0,150,FogNode_5,0,0.3333333333333333,782.8923712617282,77.65721403473285,5339.162730358344,5261.505516323611,4171.669285646118,107.36753132182771,,
9-254,SENSOR_DATA_LOGGING,443.94736315465656,0.1,10000,FogNode_3,67,1.0,1899.4436001125757,460.91898140198924,5340.509053587323,4879.590072185334,4631.153391806977,21.07768302825404,,
8-243,GPS_TRACKING,420.7926183375864,0.2,200,FogNode_3,66,1.0,1899.4436001125757,454.97394402822067,5360.838597910309,4905.864653882088,4662.8758990158685,19.978344655375153,,
8-318,SMART_HOME_CONTROL,420.4683638336184,0.1,150,FogNode_9,38,1.0,1349.236560939329,635.6754927200903,5368.2597385581985,4732.5842458381085,4400.095847832511,42.29055564593929,,
6-32,VOICE_ASSISTANT,817.8402778636666,2.0,150,FogNode_5,0,0.3333333333333333,782.8923712617282,76.87204954500737,5408.223512041768,5331.351462496761,4121.358014162832,121.56359657342375,,
8-323,SENSOR_DATA_LOGGING,360.8074154095559,0.1,10000,FogNode_9,46,1.0,1349.236560939329,640.563297534725,5413.775897565349,4773.212600030623,4489.3680475503315,36.2898790760946,,
9-337,SENSOR_DATA_LOGGING,290.26038608568206,0.1,10000,FogNode_9,38,1.0,1349.236560939329,635.6633320430402,5417.187308627702,4781.523976584662,4545.032597384976,29.194284434739902,,
0-256,SMART_HOME_CONTROL,591.9134766025999,0.1,150,FogNode_1,46,1.0,1597.9384595498836,511.5679152410738,5417.407864847602,4905.839949606528,4512.498244041865,48.89654432018583,,
8-213,SENSOR_DATA_LOGGING,615.1572143832213,0.1,10000,FogNode_7,73,1.0,1727.0272900361456,412.39116734352984,5420.502317160304,5008.111149816775,4631.857777959901,42.16230957794498,,
8-215,SMART_HOME_CONTROL,962.7927673241616,0.1,150,FogNode_7,74,1.0,1727.0272900361456,413.68393297558134,5425.378834299456,5011.694901323875,4437.440885334541,65.98893057936127,,
4-165,SMART_HOME_CONTROL,928.6412502527536,0.1,150,FogNode_6,34,1.0,816.2509881302752,323.7328318852927,5429.904604685852,5106.17177280056,3953.4209143902826,125.1300275331683,,
0-118,SENSOR_DATA_LOGGING,630.4149135267503,0.1,10000,FogNode_0,28,1.0,1189.2931772946604,228.09685419495648,5439.76081653511,5211.663962340153,4659.54160562434,40.141156572070116,,
7-113,E_COMMERCE_TRANSACTION,113.51498431814508,0.5,300,FogNode_2,25,1.0,681.967788340379,239.58006186575577,5441.6318976410885,5202.051835775333,4988.755467131011,13.933286004812082,,
1-323,SENSOR_DATA_LOGGING,243.39733747884148,0.1,10000,FogNode_4,42,1.0,1758.3565909566523,568.2998539471087,5444.759607932108,4876.459753985,4716.534181387811,20.275874366590823,,
6-195,SMART_HOME_CONTROL,974.2383541772375,0.1,150,FogNode_7,74,1.0,1727.0272900361456,413.9486468612705,5447.6541878342905,5033.70554097302,4453.075075313198,66.77340057323833,,
1-295,SMART_HOME_CONTROL,204.4719173187895,0.1,150,FogNode_1,49,1.0,1597.9384595498836,522.1829557151825,5448.097219317997,4925.914263602815,4784.048567837353,16.890931804419825,,
9-339,SENSOR_DATA_LOGGING,192.1199470202312,0.1,10000,FogNode_9,40,1.0,1349.236560939329,638.5395117987678,5449.38362140152,4810.844109602753,4649.286795135865,19.323354642132,,
7-213,GPS_TRACKING,447.89425190927625,0.2,200,FogNode_7,70,1.0,1727.0272900361456,410.07135346221145,5450.2468092397885,5040.175455777577,4756.599025068705,30.698259998649306,,
0-279,SENSOR_DATA_LOGGING,243.08453532799012,0.1,10000,FogNode_4,42,1.0,1758.3565909566523,566.947702836778,5450.451350703841,4883.503647867063,4722.273183223812,20.249816821434596,,
8-133,SENSOR_DATA_LOGGING,178.2373751575568,0.1,10000,FogNode_2,35,1.0,681.967788340379,265.26918397133437,5456.090541964231,5190.821357992897,4911.950623266367,21.877572725174193,,
3-134,GPS_TRACKING,349.8701422602837,0.2,200,FogNode_2,26,1.0,681.967788340379,251.54852824434934,5465.689395525026,5214.1408672806765,4672.317100899845,42.944469278119726,,
5-303,SENSOR_DATA_LOGGING,685.8333427359571,0.1,10000,FogNode_4,42,1.0,1758.3565909566523,571.9119703574768,5483.318336040293,4911.406365682816,4507.9041866148655,57.132386236320805,,
4-224,GPS_TRACKING,656.9253656637702,0.2,200,FogNode_3,66,1.0,1899.4436001125757,451.7638588770262,5484.996906769785,5033.233047892759,4663.040964957025,31.189428702287795,,
3-259,SMART_HOME_CONTROL,892.8290371355287,0.1,150,FogNode_3,67,1.0,1899.4436001125757,461.5985237289858,5489.590649042242,5027.992125313256,4544.860914585974,42.389636711521796,,
1-359,SMART_HOME_CONTROL,608.0165993092673,0.1,150,FogNode_9,46,1.0,1349.236560939329,640.3560498532737,5506.203101239753,4865.8470513864795,4399.247601877448,61.15408919782193,,
6-185,GPS_TRACKING,887.9396324816558,0.2,200,FogNode_7,64,1.0,1727.0272900361456,403.2421715496616,5506.533966406902,5103.291794857241,4560.724508087575,60.85856557620726,,
9-249,SMART_HOME_CONTROL,586.2905167036807,0.1,150,FogNode_3,66,1.0,1899.4436001125757,454.89967364090444,5510.394360846497,5055.4946872055925,4725.250344099371,27.835835279522698,,
2-196,SENSOR_DATA_LOGGING,489.05591595285193,0.1,10000,FogNode_7,75,1.0,1727.0272900361456,414.48222296984795,5520.298879173789,5105.8166562039405,4802.178509759283,33.51944258672746,,
2-139,GPS_TRACKING,565.0014072963062,0.2,200,FogNode_6,34,1.0,816.2509881302752,314.29566917499596,5541.971574145651,5227.675904970655,4506.760216894149,76.13127419444612,,
2-217,SENSOR_DATA_LOGGING,121.21879275400202,0.1,10000,FogNode_3,66,1.0,1899.4436001125757,455.4944841356204,5553.408702258888,5097.914218123268,5011.787164974335,5.7552122228652385,,
8-221,SENSOR_DATA_LOGGING,186.35262478696447,0.1,10000,FogNode_7,92,1.0,1727.0272900361456,421.5581002542042,5558.150503560139,5136.5924033059355,5014.121857272682,12.772437473253705,,
1-361,SENSOR_DATA_LOGGING,163.5744448976995,0.1,10000,FogNode_9,47,1.0,1349.236560939329,640.7493426028749,5570.618436431895,4929.86909382902,4790.626974694141,16.452258384264894,,
0-165,SENSOR_DATA_LOGGING,203.56856605139987,0.1,10000,FogNode_6,36,1.0,816.2509881302752,329.6253288359392,5576.4719225250465,5246.846593689107,4982.554580087356,27.42990392464932,,
3-260,SENSOR_DATA_LOGGING,130.19391423039175,0.1,10000,FogNode_3,69,1.0,1899.4436001125757,462.8885256698,5578.937545925894,5116.049020256093,5032.121461665295,6.181332031923584,,
0-257,SENSOR_DATA_LOGGING,869.1598604425016,0.1,10000,FogNode_1,45,1.0,1597.9384595498836,512.8711528604424,5581.3269568946935,5068.455804034251,4503.544589209428,71.79919923665857,,
3-165,GPS_TRACKING,852.6674880380046,0.2,200,FogNode_6,34,1.0,816.2509881302752,313.6128592727491,5581.834543632449,5268.2216843597,4195.464629228154,114.89292148695029,,
4-255,SENSOR_DATA_LOGGING,273.6907938622996,0.1,10000,FogNode_1,50,1.0,1597.9384595498836,522.8762832335294,5588.685295606352,5065.8090123728225,4881.232231042446,22.60893620622794,,
9-276,SENSOR_DATA_LOGGING,491.1847721877859,0.1,10000,FogNode_1,45,1.0,1597.9384595498836,517.3269969360726,5591.876524654869,5074.5495277187965,4748.933738989371,40.57558905489358,,
2-222,SENSOR_DATA_LOGGING,211.5014279029197,0.1,10000,FogNode_3,69,1.0,1899.4436001125757,464.12077577165525,5596.346055483853,5132.225279712197,5007.26846938394,10.041641030781074,,
8-218,SENSOR_DATA_LOGGING,182.93008035672128,0.1,10000,FogNode_7,81,1.0,1727.0272900361456,417.86773803090864,5612.455906038147,5194.588168007238,5070.291310942163,12.537859426474446,,
2-323,SMART_HOME_CONTROL,274.0922569342482,0.1,150,FogNode_9,47,1.0,1349.236560939329,640.9280108805716,5616.922080280281,4975.99406939971,4755.705670150803,27.568099864430554,,
7-269,SENSOR_DATA_LOGGING,52.290060254061224,0.1,10000,FogNode_1,53,1.0,1597.9384595498836,524.5169437503746,5624.599975261841,5100.083031511466,5052.486540238318,4.319555728639854,,
8-324,SENSOR_DATA_LOGGING,572.7723955834497,0.1,10000,FogNode_9,46,1.0,1349.236560939329,640.5728088182772,5631.669848583019,4991.0970397647425,4549.965216518265,57.60923996047642,,
1-150,GPS_TRACKING,613.0784212719077,0.2,200,FogNode_2,26,1.0,681.967788340379,251.5491032444469,5636.143005783675,5384.593902539228,4457.228231163333,75.25171269917278,,
2-293,SENSOR_DATA_LOGGING,337.20712906290015,0.1,10000,FogNode_4,46,1.0,1758.3565909566523,577.2026011368993,5636.533637612538,5059.331036475639,4853.4532442169275,28.09056769157344,,
4-201,E_COMMERCE_TRANSACTION,136.4053364940521,0.5,300,FogNode_7,64,1.0,1727.0272900361456,390.31943572349235,5637.133237232632,5246.81380150914,5121.227939865683,9.349096281203991,,
7-218,SMART_HOME_CONTROL,739.6687916489515,0.1,150,FogNode_7,78,1.0,1727.0272900361456,416.67541990827345,5646.043115697507,5229.367695789234,4782.879807831181,50.69621854295559,,
7-231,GPS_TRACKING,560.4540603643936,0.2,200,FogNode_3,66,1.0,1899.4436001125757,452.37072064173793,5655.9008257812375,5203.5301051395,4883.679827155083,26.609174908295063,,
8-214,GPS_TRACKING,242.07909553818408,0.2,200,FogNode_7,73,1.0,1727.0272900361456,412.3991178925158,5660.4698521137225,5248.070734221206,5084.046616198643,16.59187851460598,,
7-41,VOICE_ASSISTANT,198.93468650830985,2.0,150,FogNode_5,1,1.0,782.8923712617282,89.69757391487701,5662.325728145499,5572.628154230622,5150.751209095995,29.56960745235884,,
2-290,SMART_HOME_CONTROL,766.274817595931,0.1,150,FogNode_4,44,1.0,1758.3565909566523,576.1602993487596,5663.956274025404,5087.795974676645,4638.971066263869,63.83345065641082,,
3-139,GPS_TRACKING,243.2586771057744,0.2,200,FogNode_2,31,1.0,681.967788340379,259.0155623031788,5682.878851189467,5423.8632888862885,5037.660636966328,29.858548997968736,,
2-189,GPS_TRACKING,471.78622026161094,0.2,200,FogNode_7,70,1.0,1727.0272900361456,410.0182965121616,5693.680525161717,5283.662228649556,4985.444943266789,32.33579353080107,,
6-243,GPS_TRACKING,193.13016770179942,0.2,200,FogNode_1,45,1.0,1597.9384595498836,513.3163491015496,5702.1890380014975,5188.872688899948,5043.121934973053,15.954017230352886,,
1-352,GPS_TRACKING,674.5834407381949,0.2,200,FogNode_9,26,1.0,1349.236560939329,627.9337991808869,5709.230159563983,5081.296360383096,4551.940126754073,67.84935798322441,,
4-230,SENSOR_DATA_LOGGING,870.4751106134835,0.1,10000,FogNode_3,66,1.0,1899.4436001125757,460.1644730151456,5709.799224130571,5249.634751115425,4774.713313749671,41.32831949967835,,
9-340,SMART_HOME_CONTROL,200.70959808218467,0.1,150,FogNode_9,48,1.0,1349.236560939329,641.441747857217,5719.376336931161,5077.934589073944,4911.433431045296,20.18729863283492,,
0-231,SENSOR_DATA_LOGGING,973.4052635837373,0.1,10000,FogNode_3,66,1.0,1899.4436001125757,457.54268166947463,5732.7452598499085,5275.202578180434,4743.47073899041,46.21522573770666,,
0-161,SENSOR_DATA_LOGGING,750.1612884632827,0.1,10000,FogNode_6,34,1.0,816.2509881302752,320.49370532846865,5736.101706647528,5415.608001319059,4475.002742259282,101.08069467534322,,
5-305,SMART_HOME_CONTROL,144.89300733600277,0.1,150,FogNode_4,46,1.0,1758.3565909566523,578.2778864844836,5746.3587901482415,5168.080903663758,5071.317497365514,12.070109080785244,,
5-217,SENSOR_DATA_LOGGING,92.67234446911453,0.1,10000,FogNode_7,80,1.0,1727.0272900361456,417.2910654055721,5747.340559953162,5330.049494547589,5255.440938478358,6.351677238701237,,
8-247,SMART_HOME_CONTROL,320.1446333141311,0.1,150,FogNode_3,67,1.0,1899.4436001125757,461.7911167652973,5747.4840788659385,5285.692962100641,5099.599085843574,15.199790930712492,,
4-232,SENSOR_DATA_LOGGING,180.84382086348424,0.1,10000,FogNode_3,68,1.0,1899.4436001125757,462.52598022803,5751.109665281798,5288.583685053768,5175.833171731172,8.586082608291068,,
4-109,SENSOR_DATA_LOGGING,958.7328451124199,0.1,10000,FogNode_0,29,1.0,1189.2931772946604,230.53273076132842,5751.637079438371,5521.104348677042,4695.181090092608,61.04653367279656,,
7-264,SENSOR_DATA_LOGGING,921.2681730508375,0.1,10000,FogNode_1,45,1.0,1597.9384595498836,516.9743441976213,5758.478031466816,5241.503687269194,4647.276505043454,76.1037412307484,,
3-336,GPS_TRACKING,461.5848364481939,0.2,200,FogNode_9,28,1.0,1349.236560939329,629.6146470441596,5759.29546802033,5129.68082097617,4758.458587768299,46.426035559856224,,
4-285,SMART_HOME_CONTROL,558.8587796068659,0.1,150,FogNode_4,46,1.0,1758.3565909566523,577.1686521374718,5768.281523764934,5191.112871627462,4859.049383519232,46.554948058789336,,
0-313,SENSOR_DATA_LOGGING,204.930707804317,0.1,10000,FogNode_9,46,1.0,1349.236560939329,640.3572088664044,5768.808497930901,5128.451289064496,4956.990312070828,20.6118563188493,,
1-365,SMART_HOME_CONTROL,906.7855936790233,0.1,150,FogNode_9,54,1.0,1349.236560939329,643.8430390127262,5779.154282551376,5135.31124353865,4450.206962652918,91.2041663700376,,
8-217,SENSOR_DATA_LOGGING,813.9862660670196,0.1,10000,FogNode_7,75,1.0,1727.0272900361456,415.3455275203649,5797.704117927815,5382.35859040745,4891.332253277231,55.78986987338379,,
7-294,SENSOR_DATA_LOGGING,94.4655317667497,0.1,10000,FogNode_4,42,1.0,1758.3565909566523,570.6176220011623,5800.082552582206,5229.4649305810435,5153.673091962432,7.869318842661189,,
0-230,SENSOR_DATA_LOGGING,395.59939304152346,0.1,10000,FogNode_3,66,1.0,1899.4436001125757,457.1958880364227,5804.617252911393,5347.42136487497,5116.291310587009,18.782223535347647,,
2-291,SENSOR_DATA_LOGGING,320.8987957859339,0.1,10000,FogNode_4,44,1.0,1758.3565909566523,576.2719926788637,5819.032908486454,5242.76091580759,5044.468126319995,26.73202482468195,,
4-283,SENSOR_DATA_LOGGING,99.9372352052028,0.1,10000,FogNode_4,42,1.0,1758.3565909566523,573.2790428292924,5825.117114292581,5251.838071463289,5175.200963815103,8.325131435512425,,
1-292,GPS_TRACKING,330.05066864010064,0.2,200,FogNode_1,45,1.0,1597.9384595498836,515.7987720321374,5831.147772310966,5315.3490002788285,5084.954900232304,27.2646894943104,,
1-239,SENSOR_DATA_LOGGING,329.44845263623415,0.1,10000,FogNode_7,78,1.0,1727.0272900361456,416.967533400064,5836.803536529849,5419.836003129785,5208.299162262221,22.580093877222534,,
2-219,SMART_HOME_CONTROL,947.3356514907836,0.1,150,FogNode_3,68,1.0,1899.4436001125757,462.33119077720954,5839.252818042682,5376.921627265472,4863.505668989205,44.97749562380261,,
4-229,GPS_TRACKING,196.02567124906102,0.2,200,FogNode_3,66,1.0,1899.4436001125757,458.50233543211505,5854.311292978163,5395.808957546048,5270.526660540711,9.306884795144214,,
1-192,SMART_HOME_CONTROL,745.3549568688254,0.1,150,FogNode_6,34,1.0,816.2509881302752,324.950299810978,5862.012555681856,5537.062255870877,4605.289198064461,100.43306416723873,,
1-185,GPS_TRACKING,725.9689277510812,0.2,200,FogNode_6,34,1.0,816.2509881302752,316.44439727496814,5862.607050352237,5546.162653077269,4629.622151624246,97.8208881987451,,
8-322,GPS_TRACKING,201.33648206944008,0.2,200,FogNode_9,45,1.0,1349.236560939329,639.4022281592368,5868.598858687666,5229.196630528429,5058.970044620657,20.250350397074346,,
2-95,SENSOR_DATA_LOGGING,521.3919739494916,0.1,10000,FogNode_0,29,1.0,1189.2931772946604,230.73909991516112,5878.165731238754,5647.426631323593,5188.13847502108,33.19920961996588,,
7-108,SMART_HOME_CONTROL,175.14966811843823,0.1,150,FogNode_0,29,1.0,1189.2931772946604,232.74598509488868,5898.9091494899785,5666.16316439509,5498.716773562122,11.152512576449404,,
8-37,VOICE_ASSISTANT,593.1872945950826,2.0,150,FogNode_5,0,0.3333333333333333,782.8923712617282,77.04628466472349,5904.360275269299,5827.313990604575,4896.983964110361,88.17122722422086,,
0-255,GPS_TRACKING,534.3632827145216,0.2,200,FogNode_1,46,1.0,1597.9384595498836,510.19380124977846,5923.093219466601,5412.899418216823,5049.759972216209,44.14246164202951,,
6-294,GPS_TRACKING,410.4264875813478,0.2,200,FogNode_9,34,1.0,1349.236560939329,634.600675847028,5935.861492556565,5301.260816709537,4971.577750786576,41.28054737191768,,
0-136,GPS_TRACKING,325.4467509655689,0.2,200,FogNode_2,37,1.0,681.967788340379,268.27356371712693,5942.906584562017,5674.63302084489,5173.642177098083,39.946643941132,,
9-253,GPS_TRACKING,199.93292463162575,0.2,200,FogNode_3,66,1.0,1899.4436001125757,459.96703164955085,5944.511497278946,5484.544465629395,5358.027123025449,9.492392932243076,,
8-246,SENSOR_DATA_LOGGING,464.24643362369846,0.1,10000,FogNode_3,67,1.0,1899.4436001125757,461.38398673988024,5954.211026405818,5492.827039665938,5229.67311877132,22.04144001528587,,
2-265,SENSOR_DATA_LOGGING,810.6392582201233,0.1,10000,FogNode_1,49,1.0,1597.9384595498836,519.691572688398,5955.400396968824,5435.708824280426,4911.381605597635,66.96495346710057,,
5-211,GPS_TRACKING,924.7557276954168,0.2,200,FogNode_7,70,1.0,1727.0272900361456,408.9145883965072,5960.8398157388765,5551.925227342369,4990.042389407006,63.38190687426881,,
0-259,SMART_HOME_CONTROL,430.180504348418,0.1,150,FogNode_1,49,1.0,1597.9384595498836,519.3722718133922,5971.3987198747245,5452.026448061332,5162.532300441738,35.53617366052031,,
0-160,GPS_TRACKING,322.5795343458837,0.2,200,FogNode_6,34,1.0,816.2509881302752,319.2485354675545,5971.668423401318,5652.419887933764,5231.54738872977,43.466070458695256,,
5-345,SMART_HOME_CONTROL,814.9129344317603,0.1,150,FogNode_9,46,1.0,1349.236560939329,640.0110193844945,5972.240506663403,5332.229487278908,4710.550348818324,81.96364759993995,,
6-112,SENSOR_DATA_LOGGING,491.0317224184003,0.1,10000,FogNode_2,39,1.0,681.967788340379,268.61953757177326,5972.546566860024,5703.92702928825,4969.1009006837085,60.27120971726586,,
9-302,SENSOR_DATA_LOGGING,867.1970211648203,0.1,10000,FogNode_4,42,1.0,1758.3565909566523,571.9237143750842,5976.504431298145,5404.580716923061,4891.7706042050095,72.24063350219764,,
1-255,GPS_TRACKING,821.3266552708809,0.2,200,FogNode_3,67,1.0,1899.4436001125757,449.1969862542029,5985.812515260865,5536.615529006663,5074.373695578698,38.99485465898554,,
2-203,SENSOR_DATA_LOGGING,590.9886540780554,0.1,10000,FogNode_7,100,1.0,1727.0272900361456,424.23942742266206,6002.6698031438455,5578.430375721184,5222.678779161363,40.50581868778883,,
2-194,SENSOR_DATA_LOGGING,959.1030050509416,0.1,10000,FogNode_7,74,1.0,1727.0272900361456,413.87693034850895,6003.003261114348,5589.126330765839,5012.2539507659585,65.73603766744363,,
4-287,SENSOR_DATA_LOGGING,324.5591839457092,0.1,10000,FogNode_4,46,1.0,1758.3565909566523,577.6496132728331,6009.698094973599,5432.0484817007655,5231.114548058216,27.036948334648496,,
9-229,SMART_HOME_CONTROL,375.8085096395088,0.1,150,FogNode_7,81,1.0,1727.0272900361456,417.44030540482663,6015.30838614505,5597.868080740223,5358.89462829726,25.75756953664895,,
8-296,GPS_TRACKING,83.07890145985169,0.2,200,FogNode_4,42,1.0,1758.3565909566523,569.4789909643937,6023.752470681699,5454.273479717305,5382.483605601834,6.920771549774103,,
0-239,SMART_HOME_CONTROL,342.70032003763356,0.1,150,FogNode_3,74,1.0,1899.4436001125757,467.58253611773597,6034.732717450741,5567.150181333005,5371.470003683801,16.270687290732006,,
6-292,GPS_TRACKING,384.86812599178614,0.2,200,FogNode_9,31,1.0,1349.236560939329,633.2469783387747,6044.544279929076,5411.297301590301,5098.677985701069,38.70989662624087,,
6-199,SENSOR_DATA_LOGGING,777.6406855983042,0.1,10000,FogNode_7,92,1.0,1727.0272900361456,420.708675765,6062.732916763339,5642.024240998338,5175.380298407055,53.29877722311138,,
4-258,SENSOR_DATA_LOGGING,150.05192448306858,0.1,10000,FogNode_1,57,1.0,1597.9384595498836,528.502950182235,6065.302163769138,5536.799213586903,5429.062016382739,12.395427483637924,,
5-245,SENSOR_DATA_LOGGING,235.73215517059282,0.1,10000,FogNode_3,69,1.0,1899.4436001125757,463.45082094913204,6078.316925184083,5614.86610423495,5469.768762010347,11.192064777557933,,
0-133,GPS_TRACKING,442.925146902401,0.2,200,FogNode_2,33,1.0,681.967788340379,261.99409727930123,6091.112935418977,5829.118838139676,5151.2608728732675,54.36641503837196,,
3-286,SMART_HOME_CONTROL,269.25506204864155,0.1,150,FogNode_1,53,1.0,1597.9384595498836,525.1826847992772,6091.594741186334,5566.412056387057,5381.141726477076,22.242511102234907,,
6-193,GPS_TRACKING,798.7394747107376,0.2,200,FogNode_7,74,1.0,1727.0272900361456,413.3828514467127,6099.627072343958,5686.244220897246,5199.520656641425,54.74486881966382,,
9-228,GPS_TRACKING,267.70723417918884,0.2,200,FogNode_7,75,1.0,1727.0272900361456,414.63850001651457,6115.850240718082,5701.211740701568,5521.874333657575,18.348407561204137,,
8-117,SMART_HOME_CONTROL,954.4691865981646,0.1,150,FogNode_0,29,1.0,1189.2931772946604,232.03317585356254,6123.357564958224,5891.324389104662,5069.234202094828,60.775048686768706,,
1-258,GPS_TRACKING,743.2113924945497,0.2,200,FogNode_3,66,1.0,1899.4436001125757,453.3537303999901,6124.023733425276,5670.670003025286,5252.490355099901,35.28610698951307,,
3-121,HEALTH_MONITORING,773.4447710869473,1.0,100,FogNode_8,15,1.0,770.9711269175084,223.79359177264345,6126.809506495312,5903.015914722669,4809.3944004148725,73.51953584895567,,
5-277,SMART_HOME_CONTROL,482.0274616476042,0.1,150,FogNode_1,49,1.0,1597.9384595498836,519.5357284455152,6132.803608157976,5613.267879712461,5290.393690873097,39.81912572303685,,
4-320,GPS_TRACKING,373.5092844365824,0.2,200,FogNode_9,45,1.0,1349.236560939329,639.3675509891008,6145.428953016379,5506.061402027278,5205.964521694184,37.567428459352016,,
8-321,GPS_TRACKING,597.2983841708772,0.2,200,FogNode_9,45,1.0,1349.236560939329,638.9690173876801,6151.923754936941,5512.954737549261,5049.000944251949,60.07605500375685,,
1-262,GPS_TRACKING,685.8859720601304,0.2,200,FogNode_3,66,1.0,1899.4436001125757,457.40255297620513,6165.715614568185,5708.31306159198,5323.670621964895,32.56441711891198,,
3-231,GPS_TRACKING,574.220649914646,0.2,200,FogNode_7,75,1.0,1727.0272900361456,414.839856949262,6169.294316048816,5754.454459099554,5397.951642164206,39.356555107663574,,
8-126,E_COMMERCE_TRANSACTION,364.15592869141074,0.5,300,FogNode_2,25,1.0,681.967788340379,240.96035766512068,6170.121200820734,5929.160843155613,5342.827624501132,44.69796419638259,,
0-310,GPS_TRACKING,267.1199544767286,0.2,200,FogNode_9,34,1.0,1349.236560939329,634.2136718429149,6170.219098564857,5536.005426721942,5307.991007766472,26.86682821019326,,
9-299,GPS_TRACKING,746.2800187276599,0.2,200,FogNode_4,42,1.0,1758.3565909566523,564.9640000832807,6224.50159395631,5659.537593873029,5206.373423781495,62.16781193563573,,
7-236,SENSOR_DATA_LOGGING,919.0452802788781,0.1,10000,FogNode_3,69,1.0,1899.4436001125757,462.68674542493795,6231.333812663987,5768.64706723905,5267.20456314291,43.63432855796184,,
7-265,SENSOR_DATA_LOGGING,773.7483895420035,0.1,10000,FogNode_1,45,1.0,1597.9384595498836,517.2259632317489,6242.694670047476,5725.468706815727,5218.389675457491,63.91748780424171,,
3-323,E_COMMERCE_TRANSACTION,997.7043587526665,0.5,300,FogNode_9,26,1.0,1349.236560939329,611.6649239217369,6245.6615384303905,5633.996614508654,4847.375841434632,100.3487428098681,,
1-132,HEALTH_MONITORING,733.1961153283715,1.0,100,FogNode_8,15,1.0,770.9711269175084,226.92847602131712,6246.745078564505,6019.816602543188,4977.4874598435545,69.69371324269973,,
1-330,SENSOR_DATA_LOGGING,394.23198839866706,0.1,10000,FogNode_4,47,1.0,1758.3565909566523,581.5311883007912,6247.957271019827,5666.426082719036,5429.096687816787,32.84094374597475,,
2-195,GPS_TRACKING,871.2869144440868,0.2,200,FogNode_7,74,1.0,1727.0272900361456,414.2953913872228,6251.8415133954495,5837.546122008227,5309.05791537088,59.717203601093004,,
4-118,E_COMMERCE_TRANSACTION,398.1508381285005,0.5,300,FogNode_2,25,1.0,681.967788340379,246.43671145971692,6266.705308883945,6020.268597424228,5389.1513418220775,48.8706361897746,,
1-184,GPS_TRACKING,939.177864202538,0.2,200,FogNode_6,34,1.0,816.2509881302752,313.2667476374996,6289.081004577971,5975.814256940471,4794.783712743376,126.54978655559385,,
1-243,SENSOR_DATA_LOGGING,522.1264535404574,0.1,10000,FogNode_7,105,1.0,1727.0272900361456,426.58414511980044,6305.329956559635,5878.745811439835,5563.310258487436,35.78606681070847,,
4-41,VOICE_ASSISTANT,317.9322380341253,2.0,150,FogNode_5,2,1.0,782.8923712617282,92.2726446127708,6310.459823182556,6218.187178569785,5644.050857196591,47.257376981999045,,
3-226,GPS_TRACKING,526.6247398610644,0.2,200,FogNode_7,70,1.0,1727.0272900361456,408.8855769460237,6320.2397227251695,5911.354145779146,5575.479617154283,36.09437521705598,,
9-231,SENSOR_DATA_LOGGING,52.96536855729987,0.1,10000,FogNode_7,108,1.0,1727.0272900361456,428.0780007298731,6350.908241319448,5922.830240589576,5877.133264644834,3.630197636976197,,
2-32,VOICE_ASSISTANT,796.177116229344,2.0,150,FogNode_5,0,0.3333333333333333,782.8923712617282,83.39720323666205,6356.1315315055635,6272.734328268902,5085.744330213079,118.3435890576547,,
2-216,GPS_TRACKING,808.2151782108796,0.2,200,FogNode_3,66,1.0,1899.4436001125757,454.9672781639648,6370.01251145119,5915.0452332872255,5461.18761596546,38.372349424267746,,
2-287,SMART_HOME_CONTROL,977.1204078287768,0.1,150,FogNode_4,42,1.0,1758.3565909566523,571.1244022538158,6374.73384699584,5803.609444742025,5225.091767832175,81.39764730125908,,
5-279,SENSOR_DATA_LOGGING,390.15791572863026,0.1,10000,FogNode_1,49,1.0,1597.9384595498836,521.8895361575946,6376.966900803509,5855.077364645915,5589.465190545704,32.23000416850537,,
1-369,SENSOR_DATA_LOGGING,843.5238081329265,0.1,10000,FogNode_9,67,1.0,1349.236560939329,647.8127290626816,6393.994497594052,5746.18176853137,5106.771155095596,84.84131890749379,,
5-346,GPS_TRACKING,344.664715054176,0.2,200,FogNode_9,46,1.0,1349.236560939329,640.5411667190626,6400.880609925396,5760.339443206333,5480.630459842039,34.66625212487631,,
5-247,SENSOR_DATA_LOGGING,561.8237998577363,0.1,10000,FogNode_3,70,1.0,1899.4436001125757,465.5638035072648,6419.807087995235,5954.2432844879695,5637.159363422384,26.674207246063226,,
7-266,GPS_TRACKING,534.6394708285732,0.2,200,FogNode_1,49,1.0,1597.9384595498836,519.7118126772468,6426.1755053161205,5906.463692638874,5548.269617749975,44.16527687583182,,
0-129,E_COMMERCE_TRANSACTION,232.22916722789344,0.5,300,FogNode_2,25,1.0,681.967788340379,247.2027632942094,6431.640994365926,6184.438231071717,5789.22827751251,28.504742568407785,,
8-325,GPS_TRACKING,358.13997390969047,0.2,200,FogNode_9,50,1.0,1349.236560939329,642.1980804095955,6435.658076634319,5793.459996224723,5504.906688990666,36.02158877678688,,
9-252,GPS_TRACKING,513.878291021949,0.2,200,FogNode_3,66,1.0,1899.4436001125757,457.5794848947006,6436.257098922599,5978.677614027898,5678.633133658631,24.397855764464214,,
1-189,GPS_TRACKING,700.0891136076553,0.2,200,FogNode_6,34,1.0,816.2509881302752,321.2767561310689,6439.523077904606,6118.246321773537,5236.099330557619,94.33370533298422,,
0-163,GPS_TRACKING,750.0534419147226,0.2,200,FogNode_6,34,1.0,816.2509881302752,322.13050359235285,6460.872075121231,6138.741571528879,5197.212226360376,101.06616286169935,,
6-298,SENSOR_DATA_LOGGING,945.251482945349,0.1,10000,FogNode_9,58,1.0,1349.236560939329,644.7004674172337,6479.736752898364,5835.03628548113,5117.1017402310845,95.07305157142649,,
5-250,SENSOR_DATA_LOGGING,211.49966314316072,0.1,10000,FogNode_3,82,1.0,1899.4436001125757,469.7752444283741,6481.360731072255,6011.58548664388,5882.406539888003,10.041557243715518,,
4-235,SENSOR_DATA_LOGGING,854.683884248503,0.1,10000,FogNode_3,71,1.0,1899.4436001125757,467.238289193726,6484.698109525477,6017.459820331751,5548.219281393335,40.57858542854137,,
3-133,SENSOR_DATA_LOGGING,144.10242761732792,0.1,10000,FogNode_5,37,1.0,782.8923712617282,250.5791812548935,6494.5239843712625,6243.944803116369,6045.830160693403,21.419352715034684,,
2-199,SENSOR_DATA_LOGGING,855.0970031061131,0.1,10000,FogNode_7,83,1.0,1727.0272900361456,419.1285801899264,6497.796317958916,6078.667737768989,5563.575884507079,58.607561971423536,,
5-282,SENSOR_DATA_LOGGING,881.2702451675025,0.1,10000,FogNode_1,57,1.0,1597.9384595498836,528.8487715145937,6506.904893215659,5978.056121701065,5413.391973087343,72.79960890267819,,
6-221,GPS_TRACKING,991.9307251826291,0.2,200,FogNode_3,66,1.0,1899.4436001125757,456.5508665948829,6508.034246468804,6051.483379873921,5499.497576308847,47.09477552207492,,
9-258,SMART_HOME_CONTROL,855.1324626590997,0.1,150,FogNode_3,83,1.0,1899.4436001125757,470.9499833516648,6528.518480317606,6057.568496965941,5591.49024951759,40.59988298391976,,
5-222,SENSOR_DATA_LOGGING,63.88397881453531,0.1,10000,FogNode_7,96,1.0,1727.0272900361456,422.73355630905826,6534.787035582838,6112.05347927378,6054.080426634957,4.378549139751066,,
5-216,GPS_TRACKING,634.0713685811526,0.2,200,FogNode_7,78,1.0,1727.0272900361456,416.5652483345167,6536.440435996858,6119.875187662341,5727.485266719051,43.45866830714842,,
7-338,SENSOR_DATA_LOGGING,153.56618592020385,0.1,10000,FogNode_9,71,1.0,1349.236560939329,650.0085705832392,6549.47517169828,5899.466601115041,5768.520039299987,15.445631323556388,,
0-280,GPS_TRACKING,316.88815456799836,0.2,200,FogNode_4,42,1.0,1758.3565909566523,567.2140451085684,6554.952214645369,5987.7381695368,5779.7282190607275,26.39792397416874,,
0-283,SENSOR_DATA_LOGGING,994.7021996156757,0.1,10000,FogNode_4,47,1.0,1758.3565909566523,579.3994040605212,6575.398024516615,5995.998620456094,5415.266698727668,82.86227384608196,,
9-345,SENSOR_DATA_LOGGING,260.8591942580102,0.1,10000,FogNode_9,78,1.0,1349.236560939329,651.5735526707788,6587.332865238345,5935.759312567567,5727.630950401373,26.237123216453547,,
1-300,SENSOR_DATA_LOGGING,834.9151321624455,0.1,10000,FogNode_1,57,1.0,1597.9384595498836,528.768463661249,6587.797336954737,6059.028873293488,5522.845996378842,68.97032484831165,,
9-218,E_COMMERCE_TRANSACTION,827.5661315558583,0.5,300,FogNode_7,64,1.0,1727.0272900361456,394.72260428502625,6595.035564731426,6200.3129604464,5674.377629421247,56.72062136158885,,
2-228,SMART_HOME_CONTROL,696.184474804552,0.1,150,FogNode_3,85,1.0,1899.4436001125757,474.10636758393514,6597.854026669442,6123.747659085507,5743.968680275647,33.053368275125756,,
9-142,E_COMMERCE_TRANSACTION,779.5051441456576,0.5,300,FogNode_2,25,1.0,681.967788340379,244.03702632583136,6599.11394786826,6355.076921542429,5164.42230138476,95.67959843225387,,
1-228,E_COMMERCE_TRANSACTION,928.5295929914348,0.5,300,FogNode_7,64,1.0,1727.0272900361456,391.6420836393925,6600.379078088329,6208.7369944489365,5622.764593883605,63.64056413000092,,
5-166,SENSOR_DATA_LOGGING,958.7186985662241,0.1,10000,FogNode_6,37,1.0,816.2509881302752,330.7605742309853,6604.443701737715,6273.68312750673,5085.291113752248,129.1828218006722,,
5-219,GPS_TRACKING,898.9334202321957,0.2,200,FogNode_7,83,1.0,1727.0272900361456,419.1549112588816,6620.136172239758,6200.981260980876,5658.680688430683,61.61206967521587,,
7-38,VOICE_ASSISTANT,750.6844072027491,2.0,150,FogNode_5,0,0.6666666666666666,782.8923712617282,87.45986153560983,6621.186019494267,6533.7261579586575,5403.702607404482,111.5815629300261,,
0-131,SENSOR_DATA_LOGGING,106.17466454405366,0.1,10000,FogNode_5,40,1.0,782.8923712617282,259.31110551067457,6630.142453066953,6370.831347556278,6216.5613507337675,15.781778467388616,,
8-326,SMART_HOME_CONTROL,939.5433578430775,0.1,150,FogNode_9,59,1.0,1349.236560939329,645.0044853547745,6632.21332961987,5987.208844265096,5272.9162470475185,94.49893041740997,,
9-344,SENSOR_DATA_LOGGING,793.8251671324819,0.1,10000,FogNode_9,72,1.0,1349.236560939329,650.7773413042853,6632.895641072022,5982.118299767737,5380.204813573008,79.84264760772258,,
8-44,VOICE_ASSISTANT,225.9310820378319,2.0,150,FogNode_5,4,1.0,782.8923712617282,98.36740369638719,6644.716642730643,6546.349239034255,6087.131440933994,33.58234566532622,,
4-322,SENSOR_DATA_LOGGING,549.9108037279564,0.1,10000,FogNode_9,69,1.0,1349.236560939329,649.2161645036721,6653.233360635618,6004.017196131946,5580.296406351734,55.309829337274174,,
8-275,SENSOR_DATA_LOGGING,106.20087244273314,0.1,10000,FogNode_1,57,1.0,1597.9384595498836,527.8896118563584,6654.258514985741,6126.368903129383,6042.61956630864,8.77299786455934,,
8-300,SMART_HOME_CONTROL,190.93940411309927,0.1,150,FogNode_4,46,1.0,1758.3565909566523,578.7459049133893,6663.541908621616,6084.796003708227,5959.393811947365,15.905939685003588,,
9-275,GPS_TRACKING,509.2213981921671,0.2,200,FogNode_1,45,1.0,1597.9384595498836,515.3105954044651,6695.640874227747,6180.330278823282,5833.0082170822125,42.065551216038884,,
9-188,SENSOR_DATA_LOGGING,211.98061353258436,0.1,10000,FogNode_6,41,1.0,816.2509881302752,331.9554057970337,6699.22336202696,6367.267956229926,6089.965429693347,28.56338763824103,,
7-239,SENSOR_DATA_LOGGING,502.70616802845507,0.1,10000,FogNode_3,70,1.0,1899.4436001125757,465.67450837258224,6700.916796109007,6235.242287736425,5947.88675713044,23.86742696422039,,
6-264,SMART_HOME_CONTROL,813.305703655428,0.1,150,FogNode_4,46,1.0,1758.3565909566523,578.660692506369,6710.494681143755,6131.833988637386,5653.094537046474,67.7512927617079,,
4-321,GPS_TRACKING,421.4246065418448,0.2,200,FogNode_9,57,1.0,1349.236560939329,644.536088005689,6713.223618366001,6068.687530360312,5734.471321255479,42.38673419096599,,
0-120,SENSOR_DATA_LOGGING,997.3685057112843,0.1,10000,FogNode_0,29,1.0,1189.2931772946604,231.2220944831041,6716.788641680437,6485.5665471973325,5625.094018972832,63.50662791880391,,
3-123,SMART_HOME_CONTROL,981.5402600391698,0.1,150,FogNode_0,31,1.0,1189.2931772946604,236.9782119317587,6724.223108048056,6487.244896116297,5645.523549870249,62.49877725703719,,
7-125,SENSOR_DATA_LOGGING,81.73625090601121,0.1,10000,FogNode_5,40,1.0,782.8923712617282,259.00493657727736,6725.588941155495,6466.584004578218,6339.562167324991,12.149258112497655,,
2-271,SENSOR_DATA_LOGGING,50.33436880878925,0.1,10000,FogNode_1,57,1.0,1597.9384595498836,529.2609340599306,6727.140440752335,6197.879506692405,6148.186321901546,4.158000776420796,,
7-241,SENSOR_DATA_LOGGING,417.0100838794056,0.1,10000,FogNode_3,82,1.0,1899.4436001125757,471.3176297717107,6727.577529488468,6256.259899716757,6019.208253399244,19.798757909355423,,
7-220,GPS_TRACKING,225.80669053185815,0.2,200,FogNode_7,82,1.0,1727.0272900361456,418.85087089037927,6731.127846121481,6312.2769752311015,6156.031940422583,15.476582844795288,,
8-298,SENSOR_DATA_LOGGING,895.8126292436981,0.1,10000,FogNode_4,42,1.0,1758.3565909566523,572.6610319706626,6733.961753431881,6161.300721461219,5629.693798459004,74.62441666244426,,
7-329,GPS_TRACKING,788.3342438989266,0.2,200,FogNode_9,50,1.0,1349.236560939329,642.214895634908,6736.205464105935,6093.990568471027,5487.022936123703,79.29037253894205,,
2-198,GPS_TRACKING,263.86309491308214,0.2,200,FogNode_7,80,1.0,1727.0272900361456,417.2356776454426,6747.820119113054,6330.584441467611,6150.92885788518,18.08493379220863,,
1-321,GPS_TRACKING,66.3229353477669,0.2,200,FogNode_4,42,1.0,1758.3565909566523,565.9429955569188,6748.213387172367,6182.270391615449,6114.436817591559,5.52493925637846,,
8-274,SENSOR_DATA_LOGGING,395.5882193111992,0.1,10000,FogNode_1,50,1.0,1597.9384595498836,522.2407142928489,6754.4665042070055,6232.225789914157,5962.252677163478,32.678588446939386,,
5-276,GPS_TRACKING,856.6773260753796,0.2,200,FogNode_1,45,1.0,1597.9384595498836,517.1880712201765,6778.808761898481,6261.6206906783045,5699.232486894651,70.76804718650851,,
5-169,SENSOR_DATA_LOGGING,400.6995470696042,0.1,10000,FogNode_6,46,1.0,816.2509881302752,335.4504507841963,6779.983377618225,6444.532926834028,5940.5836867244,53.99237363589102,,
4-120,E_COMMERCE_TRANSACTION,556.2491355745018,0.5,300,FogNode_2,25,1.0,681.967788340379,251.1846016820908,6788.199659402967,6537.015057720876,5673.657946505926,68.27625746894586,,
4-213,SMART_HOME_CONTROL,70.81694929863232,0.1,150,FogNode_7,108,1.0,1727.0272900361456,427.71296212637725,6788.8252321805785,6361.112270054201,6302.7985457659215,4.853728558947725,,
8-170,SENSOR_DATA_LOGGING,76.58693504022669,0.1,10000,FogNode_6,42,1.0,816.2509881302752,334.18906294689623,6793.051040221456,6458.86197727456,6348.888660964866,10.31972819175994,,
6-139,SMART_HOME_CONTROL,762.4292953197357,0.1,150,FogNode_6,34,1.0,816.2509881302752,325.5238582416834,6796.074880146755,6470.551021905072,5515.51807299867,102.73375072395969,,
2-204,SMART_HOME_CONTROL,955.1910296752183,0.1,150,FogNode_7,104,1.0,1727.0272900361456,426.33429468987214,6804.9254369594055,6378.5911422695335,5809.69486242584,65.46791447389883,,
3-263,GPS_TRACKING,532.2404908501776,0.2,200,FogNode_3,71,1.0,1899.4436001125757,466.3902351252096,6808.727111318091,6342.336876192881,6039.46827535317,25.269654224828162,,
2-229,SENSOR_DATA_LOGGING,407.2565521148308,0.1,10000,FogNode_3,86,1.0,1899.4436001125757,474.48827784371633,6812.262368191503,6337.774090347786,6108.356210630327,19.335680824092734,,
3-237,SMART_HOME_CONTROL,490.41445070788563,0.1,150,FogNode_7,93,1.0,1727.0272900361456,421.6681291604013,6820.404941675063,6398.736812514662,6092.599080997788,33.61255530909317,,
1-241,SMART_HOME_CONTROL,812.1303997323726,0.1,150,FogNode_7,102,1.0,1727.0272900361456,425.1944549291178,6821.155819002703,6395.961364073585,5907.301567106594,55.66267050205701,,
6-302,SENSOR_DATA_LOGGING,477.07539965225004,0.1,10000,FogNode_9,69,1.0,1349.236560939329,649.2140717721558,6833.325896169217,6184.111824397061,5812.51968041225,47.98407079274548,,
2-214,E_COMMERCE_TRANSACTION,663.9193319279349,0.5,300,FogNode_3,67,1.0,1899.4436001125757,442.047005619828,6834.231694986285,6392.184689366457,5996.00202449874,31.52148744677235,,
0-220,SMART_HOME_CONTROL,938.1342730509643,0.1,150,FogNode_7,104,1.0,1727.0272900361456,425.8945854965173,6848.537512377315,6422.642926880797,5862.5076754236425,64.29886006573668,,
1-368,SENSOR_DATA_LOGGING,297.7928588891566,0.1,10000,FogNode_9,65,1.0,1349.236560939329,647.2314941141681,6852.925447502174,6205.693953388007,5964.204239530309,29.951897819353345,,
4-228,GPS_TRACKING,837.5389059882122,0.2,200,FogNode_3,66,1.0,1899.4436001125757,457.1137012938916,6860.746164016536,6403.632462722644,5932.110201758736,39.76457807701933,,
9-194,SMART_HOME_CONTROL,567.9427611628857,0.1,150,FogNode_8,27,1.0,770.9711269175084,346.26326388027513,6863.468430978815,6517.20516709854,5764.301845768063,53.985610544357456,,
0-221,SENSOR_DATA_LOGGING,129.05310265849704,0.1,10000,FogNode_7,104,1.0,1727.0272900361456,425.95393307005156,6863.550804499587,6437.596871429535,6343.351331396703,8.84518093758745,,
6-244,GPS_TRACKING,178.58194454678124,0.2,200,FogNode_1,47,1.0,1597.9384595498836,518.605403337171,6866.224215199884,6347.618811862713,6205.613657448758,14.752223612876437,,
5-278,GPS_TRACKING,710.9091551669609,0.2,200,FogNode_1,49,1.0,1597.9384595498836,520.0789488561578,6871.066953368015,6350.988004511857,5881.566883292469,58.726490251184266,,
5-123,SENSOR_DATA_LOGGING,894.1260253863178,0.1,10000,FogNode_0,30,1.0,1189.2931772946604,234.13780560158463,6875.1705261829975,6641.032720581413,5869.836909732976,56.932747005313274,,
6-96,E_COMMERCE_TRANSACTION,646.2781079094565,0.5,300,FogNode_2,25,1.0,681.967788340379,244.50409533601547,6890.57320307229,6646.069107736274,5648.774071934462,79.3267758458552,,
2-142,GPS_TRACKING,951.5712259427227,0.2,200,FogNode_6,34,1.0,816.2509881302752,323.9057306712961,6901.8843394164205,6577.978608745125,5390.165328278878,128.2197335834216,,
6-141,SMART_HOME_CONTROL,862.8106813911342,0.1,150,FogNode_6,36,1.0,816.2509881302752,330.4222567348844,6919.647953135717,6589.225696400833,5514.496733015127,116.2596689399693,,
1-322,GPS_TRACKING,610.6810379166853,0.2,200,FogNode_4,42,1.0,1758.3565909566523,566.0925993370695,6922.7001821434915,6356.607582806422,5979.7508175076555,50.871928719985995,,
7-109,HEALTH_MONITORING,97.02876289603512,1.0,100,FogNode_2,26,1.0,681.967788340379,235.91997616239053,6930.477292679697,6694.557316517306,6463.234952703595,11.909700840327329,,
8-255,SENSOR_DATA_LOGGING,241.8707722795141,0.1,10000,FogNode_3,84,1.0,1899.4436001125757,471.8205408196226,6936.064807612511,6464.244266792888,6316.575094169199,11.4835133509524,,
0-237,GPS_TRACKING,883.1524353178105,0.2,200,FogNode_3,71,1.0,1899.4436001125757,467.00194221883595,6946.3139601470575,6479.312017928221,5992.77255610187,41.93021209763252,,
1-268,GPS_TRACKING,170.666473618209,0.2,200,FogNode_3,82,1.0,1899.4436001125757,469.7031665657893,6950.596935899467,6480.8937693336775,6366.569221977912,8.102883659253376,,
0-134,SENSOR_DATA_LOGGING,246.3104009185582,0.1,10000,FogNode_5,40,1.0,782.8923712617282,263.48422302805295,6959.332559247492,6695.848336219439,6361.320887921301,36.61152308041894,,
2-296,SMART_HOME_CONTROL,537.8369027895112,0.1,150,FogNode_4,47,1.0,1758.3565909566523,582.4425023753627,6969.416670064001,6386.974167688638,6067.6041495515055,44.803750047694884,,
1-301,SENSOR_DATA_LOGGING,395.57153602860683,0.1,10000,FogNode_1,63,1.0,1597.9384595498836,533.1634107295305,6974.69161123986,6441.52820051033,6178.465192847562,32.67721028121258,,
7-221,SENSOR_DATA_LOGGING,219.01602833589172,0.1,10000,FogNode_7,115,1.0,1727.0272900361456,432.4462850968203,6975.3542856845315,6542.908000587711,6401.954274527407,15.011157104754751,,
7-274,SENSOR_DATA_LOGGING,316.99610493573886,0.1,10000,FogNode_1,58,1.0,1597.9384595498836,531.5403652905854,6977.1869303700205,6445.646565079435,6229.458883441039,26.186283480622738,,
8-172,SMART_HOME_CONTROL,61.521301339261775,0.1,150,FogNode_6,51,1.0,816.2509881302752,338.395830939801,6995.018522034119,6656.622691094318,6566.655494747777,8.289705123870943,,
1-296,GPS_TRACKING,586.3280330954689,0.2,200,FogNode_1,50,1.0,1597.9384595498836,522.2946660739549,7021.186308475754,6498.891642401799,6107.7925076956435,48.43514430685638,,
6-230,SENSOR_DATA_LOGGING,147.66158921243613,0.1,10000,FogNode_3,105,1.0,1899.4436001125757,479.91673160092085,7024.053351410733,6544.136619809812,6451.973953302614,7.010660342144526,,
2-105,E_COMMERCE_TRANSACTION,517.4210156131653,0.5,300,FogNode_2,28,1.0,681.967788340379,252.6556909818423,7025.422985084384,6772.767294102542,5960.15418901157,63.51033776503962,,
4-323,SMART_HOME_CONTROL,243.4045814123346,0.1,150,FogNode_9,70,1.0,1349.236560939329,649.4797525660169,7033.3271564826055,6383.8474039165885,6183.775076667101,24.48154458243183,,
3-176,SENSOR_DATA_LOGGING,872.1245402910156,0.1,10000,FogNode_6,36,1.0,816.2509881302752,329.2440463380042,7040.119859262641,6710.875812924636,5623.3570777332025,117.5146674878639,,
6-263,SMART_HOME_CONTROL,521.8942627309357,0.1,150,FogNode_4,44,1.0,1758.3565909566523,575.4813908576854,7045.021364243158,6469.539973385473,6151.643001267299,43.475670742277025,,
0-266,SMART_HOME_CONTROL,290.4186305940813,0.1,150,FogNode_1,70,1.0,1597.9384595498836,536.1916619959001,7047.970032041847,6511.778370045947,6316.479185562354,23.990782442997347,,
3-217,E_COMMERCE_TRANSACTION,895.8520754637343,0.5,300,FogNode_7,64,1.0,1727.0272900361456,393.4180643010283,7053.5119455088325,6660.093881207804,6091.0181042685,61.40087713937849,,
7-333,SENSOR_DATA_LOGGING,684.5275642649526,0.1,10000,FogNode_9,61,1.0,1349.236560939329,646.1128801162507,7056.819535231084,6410.706655114834,5881.9628094104755,68.84953432354202,,
4-281,GPS_TRACKING,243.5535509059051,0.2,200,FogNode_4,42,1.0,1758.3565909566523,569.4656703010302,7061.212217846896,6491.746547545866,6325.791258745723,20.288887507384906,,
7-243,SENSOR_DATA_LOGGING,280.60923310247415,0.1,10000,FogNode_3,92,1.0,1899.4436001125757,475.7586874653663,7083.797139904896,6608.0384524395295,6441.869165530875,13.322733641454139,,
6-202,SENSOR_DATA_LOGGING,187.68011071454072,0.1,10000,FogNode_7,106,1.0,1727.0272900361456,426.66779076560437,7084.0266337113035,6657.3588429456995,6528.194879929957,12.86342213754794,,
2-226,SENSOR_DATA_LOGGING,774.6857862886267,0.1,10000,FogNode_3,84,1.0,1899.4436001125757,472.64967418627714,7108.765592589572,6636.115918403295,6210.614770388742,36.78044472177005,,
3-232,GPS_TRACKING,849.2500085603547,0.2,200,FogNode_7,77,1.0,1727.0272900361456,415.776293562197,7111.877103874127,6696.10081031193,6175.526330011124,58.206814344028814,,
5-349,SENSOR_DATA_LOGGING,679.0693247249576,0.1,10000,FogNode_9,68,1.0,1349.236560939329,648.2282587659855,7136.194576473086,6487.966317707101,5964.858487190407,68.30054656881437,,
8-248,GPS_TRACKING,222.18160598269608,0.2,200,FogNode_3,70,1.0,1899.4436001125757,465.7812869241706,7141.025293072769,6675.244006148599,6529.417708843766,10.548713325683774,,
9-256,GPS_TRACKING,116.34448962719824,0.2,200,FogNode_3,70,1.0,1899.4436001125757,465.67003248367473,7145.049018939526,6679.378986455851,6589.080444851646,5.523790606662042,,
8-279,SMART_HOME_CONTROL,442.3730346319092,0.1,150,FogNode_1,64,1.0,1597.9384595498836,533.8878727153214,7147.906797848959,6614.018925133638,6321.147308282716,36.54336917295193,,
0-317,SENSOR_DATA_LOGGING,756.7065100906635,0.1,10000,FogNode_9,68,1.0,1349.236560939329,648.2736661355926,7148.173367191427,6499.899701055834,5919.3265095130755,76.10926653520336,,
5-304,SMART_HOME_CONTROL,753.4283210059691,0.1,150,FogNode_4,46,1.0,1758.3565909566523,577.2877951583866,7162.446126215481,6585.158331057094,6137.863587653122,62.76329124708059,,
5-255,SENSOR_DATA_LOGGING,63.713565686279196,0.1,10000,FogNode_3,105,1.0,1899.4436001125757,479.3856136423023,7174.568571579434,6695.182957937132,6645.808796039595,3.0249855131303076,,
8-177,SMART_HOME_CONTROL,715.361124076619,0.1,150,FogNode_8,27,1.0,770.9711269175084,348.02422455717704,7174.615266047104,6826.591041489927,5880.771121973674,67.99841407239656,,
1-244,SMART_HOME_CONTROL,131.90977201027198,0.1,150,FogNode_7,113,1.0,1727.0272900361456,430.8580866525248,7188.256772436001,6757.398685783476,6663.180482356732,9.040974427048717,,
5-165,GPS_TRACKING,124.24791035767572,0.2,200,FogNode_6,34,1.0,816.2509881302752,328.145011272598,7192.33763561386,6864.192624341262,6686.141374285204,16.74181977137354,,
8-119,SENSOR_DATA_LOGGING,570.4042835389444,0.1,10000,FogNode_0,29,1.0,1189.2931772946604,232.40236366226983,7196.40484938161,6964.00248571934,6462.68353551383,36.32002854568362,,
9-186,GPS_TRACKING,328.192894956344,0.2,200,FogNode_6,36,1.0,816.2509881302752,329.9723619518735,7198.148384165551,6868.176022213677,6443.900408630462,44.222444319483074,,
2-225,GPS_TRACKING,185.26754328597988,0.2,200,FogNode_3,84,1.0,1899.4436001125757,472.3189601114053,7206.303389065866,6733.984428954461,6614.033632304417,8.796111604440012,,
6-225,GPS_TRACKING,943.7070137324428,0.2,200,FogNode_3,71,1.0,1899.4436001125757,467.30579369095256,7224.410925161028,6757.105131470075,6235.95559606548,44.80521556800686,,
4-237,GPS_TRACKING,783.4357715813505,0.2,200,FogNode_3,80,1.0,1899.4436001125757,469.4238495139863,7224.7177690967565,6755.29391958277,6318.678331733805,37.19587554039544,,
2-181,E_COMMERCE_TRANSACTION,858.5411104801146,0.5,300,FogNode_7,64,1.0,1727.0272900361456,397.24477020456527,7228.248601209344,6831.0038310047785,6286.304357809915,58.84361792253179,,
2-329,SMART_HOME_CONTROL,715.128792451855,0.1,150,FogNode_9,85,1.0,1349.236560939329,654.1295957188712,7243.248384337349,6589.118788618478,6044.413694645602,71.92739476391604,,
3-310,GPS_TRACKING,493.7309956713236,0.2,200,FogNode_4,42,1.0,1758.3565909566523,572.5473773711981,7250.207835070357,6677.6604576991585,6371.958653894046,41.12956921722201,,
7-217,GPS_TRACKING,769.5793279068569,0.2,200,FogNode_7,78,1.0,1727.0272900361456,416.3724486251532,7250.534682596022,6834.162233970869,6358.841606771143,52.746259182749725,,
6-106,E_COMMERCE_TRANSACTION,740.7778692959073,0.5,300,FogNode_2,28,1.0,681.967788340379,255.94772036561548,7256.357064099038,7000.409343733423,5867.141560384182,90.9260568631847,,
9-307,SENSOR_DATA_LOGGING,374.58389996938223,0.1,10000,FogNode_4,47,1.0,1758.3565909566523,579.4579138634883,7258.052044081305,6678.594130217817,6447.362735787271,31.20418725281682,,
7-299,SENSOR_DATA_LOGGING,182.64460021826045,0.1,10000,FogNode_4,47,1.0,1758.3565909566523,582.6769659463546,7266.318458572646,6683.641492626291,6563.58733679642,15.214952661853097,,
4-130,SMART_HOME_CONTROL,253.54774363159063,0.1,150,FogNode_5,41,1.0,782.8923712617282,266.78262566836264,7283.192840607709,7016.410214939346,6673.305902798783,37.68728008780046,,
1-156,E_COMMERCE_TRANSACTION,468.8089509561818,0.5,300,FogNode_2,36,1.0,681.967788340379,266.989112774916,7286.549570153389,7019.560457378473,6278.347467610769,57.54349731469126,,
3-244,SMART_HOME_CONTROL,74.5304641784605,0.1,150,FogNode_7,124,1.0,1727.0272900361456,435.6724651006035,7293.690030869008,6858.017565768405,6800.161980338319,5.108249452671785,,
6-142,GPS_TRACKING,83.47476839908086,0.2,200,FogNode_6,37,1.0,816.2509881302752,330.84234741059123,7294.603690556458,6963.761343145867,6838.191122478112,11.247831242968052,,
1-364,GPS_TRACKING,754.789173637771,0.2,200,FogNode_9,51,1.0,1349.236560939329,642.7480717239382,7295.624913214468,6652.87684149053,6067.1753996654115,75.91642152966301,,
7-110,SENSOR_DATA_LOGGING,524.8973111750361,0.1,10000,FogNode_0,31,1.0,1189.2931772946604,236.9228768350853,7316.52285309119,7079.599976256105,6620.392124910782,33.422409115075084,,
7-202,E_COMMERCE_TRANSACTION,857.1748029322566,0.5,300,FogNode_7,64,1.0,1727.0272900361456,392.2215907101218,7316.734564187465,6924.512973477344,6374.28731975702,58.74997246009625,,
8-254,GPS_TRACKING,184.90216021640902,0.2,200,FogNode_3,82,1.0,1899.4436001125757,469.82644768332875,7322.063202362293,6852.236754678965,6726.779518891446,8.778763988115456,,
7-242,SENSOR_DATA_LOGGING,725.6515013825618,0.1,10000,FogNode_3,87,1.0,1899.4436001125757,474.57700932112266,7332.630654268128,6858.0536449470055,6455.981570485556,34.45240045223559,,
4-123,E_COMMERCE_TRANSACTION,614.5132695072697,0.5,300,FogNode_2,28,1.0,681.967788340379,255.00715060830157,7332.729403545391,7077.722252937089,6122.597588754291,75.42783174598308,,
3-262,GPS_TRACKING,964.38188698139,0.2,200,FogNode_3,70,1.0,1899.4436001125757,466.1735687386504,7341.949790392873,6875.776221654223,6340.314535957879,45.7868148771998,,
4-113,SENSOR_DATA_LOGGING,746.8099807378836,0.1,10000,FogNode_0,31,1.0,1189.2931772946604,237.89601467578905,7352.167499721677,7114.271485045888,6469.837258369308,47.55251775164739,,
4-325,SENSOR_DATA_LOGGING,294.002416453683,0.1,10000,FogNode_9,70,1.0,1349.236560939329,649.9562635659196,7354.097370516112,6704.141106950193,6466.634259920936,29.570656492946306,,
8-231,SENSOR_DATA_LOGGING,234.252888463873,0.1,10000,FogNode_7,116,1.0,1727.0272900361456,433.22448310272586,7363.887968239248,6930.6634851365225,6778.559017645892,16.055477481222916,,
2-315,E_COMMERCE_TRANSACTION,297.45701673215274,0.5,300,FogNode_9,26,1.0,1349.236560939329,624.304042026749,7368.636572342839,6744.33253031609,6478.330548645034,29.91811893691965,,
3-242,SMART_HOME_CONTROL,132.62957154859362,0.1,150,FogNode_7,117,1.0,1727.0272900361456,434.2501415007244,7370.486484702588,6936.236343201864,6842.671869716731,9.090308825246757,,
3-349,SENSOR_DATA_LOGGING,735.567771165263,0.1,10000,FogNode_9,85,1.0,1349.236560939329,654.0800193426766,7378.499213036028,6724.419193693351,6164.2739167062555,73.98313983530406,,
3-186,SMART_HOME_CONTROL,151.7355122050718,0.1,150,FogNode_6,57,1.0,816.2509881302752,339.7799803430688,7384.041589088513,7044.261608745444,6843.925336761836,20.445644445379013,,
3-345,SENSOR_DATA_LOGGING,994.1844538027583,0.1,10000,FogNode_9,70,1.0,1349.236560939329,649.8940224171004,7390.08298551579,6740.18896309869,5985.03295296284,99.99471204570956,,
9-236,SMART_HOME_CONTROL,584.3732396188416,0.1,150,FogNode_7,117,1.0,1727.0272900361456,434.2585853706073,7391.881375447957,6957.62279007735,6605.963316075843,40.052404266411294,,
9-232,SENSOR_DATA_LOGGING,992.7327293711803,0.1,10000,FogNode_7,108,1.0,1727.0272900361456,428.3008635251476,7395.977499643547,6967.6766361184,6374.625911362566,68.04098803567183,,
1-203,SENSOR_DATA_LOGGING,413.28219372801476,0.1,10000,FogNode_8,27,1.0,770.9711269175084,352.7325988995492,7399.5224793066645,7046.789880407116,6496.047039099246,39.28440167075116,,
8-331,SENSOR_DATA_LOGGING,501.8138149739546,0.1,10000,FogNode_9,82,1.0,1349.236560939329,652.4887287979698,7405.2514205453845,6752.7626917474145,6364.034451707169,50.47225163997062,,
5-226,SMART_HOME_CONTROL,156.40454041944673,0.1,150,FogNode_7,113,1.0,1727.0272900361456,431.2865186595788,7407.297429824738,6976.010911165159,6865.548951911972,10.719823320568027,,
5-172,SENSOR_DATA_LOGGING,516.8467075585108,0.1,10000,FogNode_6,47,1.0,816.2509881302752,336.4123741141649,7413.179190026873,7076.766815912708,6428.522293583785,69.64265557837477,,
5-248,GPS_TRACKING,521.9504391429855,0.2,200,FogNode_3,70,1.0,1899.4436001125757,465.6022333551549,7419.840246808598,6954.238013453443,6648.730187705252,24.78110430601046,,
4-121,HEALTH_MONITORING,64.24151057878025,1.0,100,FogNode_2,28,1.0,681.967788340379,252.4649096847292,7426.929616043868,7174.464706359139,6995.111382061909,7.885261541918105,,
1-229,E_COMMERCE_TRANSACTION,988.4325908234188,0.5,300,FogNode_7,64,1.0,1727.0272900361456,394.76068667074094,7435.882577440321,7041.12189076958,6416.439742867249,67.7462604953949,,
8-257,SENSOR_DATA_LOGGING,404.07444873364136,0.1,10000,FogNode_3,93,1.0,1899.4436001125757,475.9827483206017,7437.143984836868,6961.161236516266,6727.03881946407,19.184601277285108,,
5-306,SENSOR_DATA_LOGGING,362.21134295273555,0.1,10000,FogNode_4,47,1.0,1758.3565909566523,578.9248131844536,7456.202082662463,6877.27726947801,6651.048305720316,30.173508715978603,,
1-282,E_COMMERCE_TRANSACTION,771.9266017879462,0.5,300,FogNode_1,46,1.0,1597.9384595498836,504.84522609718323,7457.768163515463,6952.92293741828,6424.549759833851,63.76699431291335,,
6-247,GPS_TRACKING,658.4667605108341,0.2,200,FogNode_1,49,1.0,1597.9384595498836,522.0062215376121,7460.04269765396,6938.036476116348,6495.942281437596,54.394350545094134,,
4-133,SMART_HOME_CONTROL,575.3365387862948,0.1,150,FogNode_5,42,1.0,782.8923712617282,270.81646410269695,7460.474807853965,7189.658343751268,6441.195515847276,85.5178948604266,,
5-286,SENSOR_DATA_LOGGING,788.7317077610973,0.1,10000,FogNode_1,70,1.0,1597.9384595498836,536.5403953562065,7470.780224309057,6934.239828952851,6426.582874091958,65.15522357530143,,
4-170,SENSOR_DATA_LOGGING,71.2374565007962,0.1,10000,FogNode_6,46,1.0,816.2509881302752,335.4665209345146,7500.453150532543,7164.986629598028,7058.49487790932,9.598911195158895,,
5-168,SENSOR_DATA_LOGGING,732.2019123900659,0.1,10000,FogNode_6,42,1.0,816.2509881302752,333.79144635943925,7501.4740551921905,7167.682608832752,6254.450347462565,98.66075347425131,,
4-259,SENSOR_DATA_LOGGING,770.6616410728429,0.1,10000,FogNode_1,62,1.0,1597.9384595498836,532.9377724269013,7503.4712403309695,6970.533467904068,6470.4360258889765,63.6624989599365,,
8-162,GPS_TRACKING,854.1395388040384,0.2,200,FogNode_6,34,1.0,816.2509881302752,321.7352286301595,7507.289845175699,7185.55461654554,6110.9404408834325,115.09127338315768,,
6-229,SENSOR_DATA_LOGGING,589.5840280203806,0.1,10000,FogNode_3,103,1.0,1899.4436001125757,478.85906232130674,7516.701669902127,7037.84260758082,6709.174608765745,27.992204239775273,,
1-153,SMART_HOME_CONTROL,703.9276185069137,0.1,150,FogNode_5,40,1.0,782.8923712617282,263.3509551710821,7529.279606967746,7265.928651796664,6346.8729680324295,104.63164428217387,,
1-329,SMART_HOME_CONTROL,843.1540914283621,0.1,150,FogNode_4,47,1.0,1758.3565909566523,581.44283359238,7540.724789850073,6959.281956257692,6462.508188475937,70.23777090809233,,
1-362,GPS_TRACKING,221.86010585942387,0.2,200,FogNode_9,49,1.0,1349.236560939329,641.8963772685437,7542.933021222316,6901.036643953772,6705.88373975298,22.31460903958683,,
8-328,SENSOR_DATA_LOGGING,345.74196220157006,0.1,10000,FogNode_9,72,1.0,1349.236560939329,650.5810276750209,7551.874982483912,6901.293954808892,6624.689468427657,34.7746012525394,,
3-264,GPS_TRACKING,450.04300581837543,0.2,200,FogNode_3,74,1.0,1899.4436001125757,467.56511049142915,7558.997326540396,7091.432216048966,6823.699434335667,21.36709126576757,,
3-270,GPS_TRACKING,455.16302199059976,0.2,200,FogNode_3,96,1.0,1899.4436001125757,476.5054431071336,7581.579449290681,7105.074006183547,6842.473449553506,21.610178818334212,,
8-230,SMART_HOME_CONTROL,312.10536007150483,0.1,150,FogNode_7,115,1.0,1727.0272900361456,432.3174861788925,7588.0156859126155,7155.6981997337225,6954.663189524128,21.391414267106565,,
2-325,GPS_TRACKING,478.14535759060533,0.2,200,FogNode_9,50,1.0,1349.236560939329,642.2792886478805,7597.630537499374,6955.351248851493,6573.287222823135,48.09168677440524,,
5-224,GPS_TRACKING,887.494396674907,0.2,200,FogNode_7,104,1.0,1727.0272900361456,426.0941527808586,7597.91219984867,7171.818047067811,6636.047316195512,60.828049523594345,,
7-297,GPS_TRACKING,610.6821042620866,0.2,200,FogNode_4,46,1.0,1758.3565909566523,576.9398187119089,7613.621222643862,7036.681403931953,6666.51739759605,50.872017550396436,,
7-115,HEALTH_MONITORING,470.6559238562147,1.0,100,FogNode_2,25,1.0,681.967788340379,242.0862896446896,7620.621214288652,7378.534924643962,6599.751722575475,57.77020220139741,,
2-233,SMART_HOME_CONTROL,867.7681406084772,0.1,150,FogNode_3,103,1.0,1899.4436001125757,478.6582390491975,7631.422431602994,7152.764192553796,6677.856916602716,41.199798281921645,,
8-278,GPS_TRACKING,261.7914453734893,0.2,200,FogNode_1,63,1.0,1597.9384595498836,533.4568148280271,7634.610967482504,7101.154152654477,6915.847241808825,21.625959734558446,,
2-324,GPS_TRACKING,395.28742458576045,0.2,200,FogNode_9,49,1.0,1349.236560939329,641.7259707205159,7647.0685484617825,7005.342577741267,6681.724438788002,39.75786590260358,,
3-177,GPS_TRACKING,612.5972131243475,0.2,200,FogNode_6,36,1.0,816.2509881302752,329.5200179161846,7652.385376514799,7322.865358598614,6548.89853785104,82.54458449280423,,
1-137,HEALTH_MONITORING,520.9167595629244,1.0,100,FogNode_2,26,1.0,681.967788340379,233.55132191092517,7654.4168456446405,7420.865523733715,6564.674296388085,63.93941944570193,,
9-305,SENSOR_DATA_LOGGING,739.3391344885875,0.1,10000,FogNode_4,45,1.0,1758.3565909566523,576.5456397785808,7678.523715351546,7101.978075572965,6658.728282132797,61.58961129349964,,
1-308,SMART_HOME_CONTROL,352.8577382544633,0.1,150,FogNode_1,77,1.0,1597.9384595498836,540.3165624566667,7680.863303194588,7140.546740737922,6905.522176986941,29.148726493456078,,
4-206,E_COMMERCE_TRANSACTION,864.1716037570408,0.5,300,FogNode_7,64,1.0,1727.0272900361456,399.66930115249164,7688.637750051562,7288.968448899071,6739.218911453879,59.22952675212475,,
8-234,SENSOR_DATA_LOGGING,579.799303686791,0.1,10000,FogNode_7,134,1.0,1727.0272900361456,438.48143861741244,7706.207470139162,7267.72603152175,6918.408282260771,39.73891090528708,,
9-261,SMART_HOME_CONTROL,564.0310668027631,0.1,150,FogNode_3,102,1.0,1899.4436001125757,477.9733774578424,7716.78566112326,7238.812283665417,6920.351596624745,26.779003618082246,,
4-240,SENSOR_DATA_LOGGING,170.50143613478065,0.1,10000,FogNode_3,110,1.0,1899.4436001125757,480.41616622059433,7721.186316208294,7240.770149987699,7129.726200034946,8.09504802815791,,
0-267,SENSOR_DATA_LOGGING,917.4011313770366,0.1,10000,FogNode_1,71,1.0,1597.9384595498836,536.8786057217443,7722.022231327827,7185.143625606083,6595.511470495943,75.78429424725293,,
5-223,GPS_TRACKING,570.3373678170944,0.2,200,FogNode_7,100,1.0,1727.0272900361456,424.00256569776076,7722.123619509519,7298.121053811758,6939.604322557765,39.09039852500914,,
1-350,E_COMMERCE_TRANSACTION,929.4201295093693,0.5,300,FogNode_9,26,1.0,1349.236560939329,623.2465528883586,7745.6684416543685,7122.42188876601,6387.489779765296,93.48073978052142,,
3-348,SMART_HOME_CONTROL,487.08352572917994,0.1,150,FogNode_9,83,1.0,1349.236560939329,653.3269762525099,7766.258185282086,7112.931209029576,6732.353739379443,48.99068448636325,,
3-224,E_COMMERCE_TRANSACTION,119.54614829725405,0.5,300,FogNode_7,65,1.0,1727.0272900361456,406.7643219952332,7775.428234041944,7368.663912046711,7251.884973158531,8.193583031312365,,
4-220,E_COMMERCE_TRANSACTION,859.6463662317732,0.5,300,FogNode_3,67,1.0,1899.4436001125757,448.83279893591083,7785.2086440440935,7336.375845108183,6833.306801615142,40.814193590584566,,
5-230,SENSOR_DATA_LOGGING,634.6146587603594,0.1,10000,FogNode_7,124,1.0,1727.0272900361456,435.83248233888554,7803.343278508384,7367.5107961694985,6982.534030383179,43.49590491624735,,
4-326,SENSOR_DATA_LOGGING,336.4601603433563,0.1,10000,FogNode_9,83,1.0,1349.236560939329,653.0100292790479,7847.001307669666,7193.991278390618,6922.976086666778,33.841040985601694,,
7-154,SMART_HOME_CONTROL,866.6331069190535,0.1,150,FogNode_6,42,1.0,816.2509881302752,333.7488190398759,7854.77484763048,7521.026028590603,6441.374648605146,116.77472274726235,,
5-228,SMART_HOME_CONTROL,855.2237477800453,0.1,150,FogNode_7,118,1.0,1727.0272900361456,434.81326114889356,7859.08787197797,7424.274610829077,6912.243594754423,58.61624893477979,,
4-242,SENSOR_DATA_LOGGING,295.11982441212,0.1,10000,FogNode_3,116,1.0,1899.4436001125757,484.47801015389814,7872.157383871242,7387.679373717344,7214.879351525913,14.011665865319394,,
8-313,E_COMMERCE_TRANSACTION,447.389547692284,0.5,300,FogNode_9,26,1.0,1349.236560939329,621.8481615344737,7874.520202183981,7252.672040649508,6869.955810633795,44.998278561521055,,
2-234,SENSOR_DATA_LOGGING,831.86518613742,0.1,10000,FogNode_3,103,1.0,1899.4436001125757,478.6812927263737,7875.0960177838415,7396.414725057468,6937.4917624121435,39.49520184341289,,
9-331,E_COMMERCE_TRANSACTION,307.9017291144545,0.5,300,FogNode_9,29,1.0,1349.236560939329,629.9764755217133,7875.2729553302825,7245.2964798085695,6971.903446530738,30.968644322901724,,
7-301,SENSOR_DATA_LOGGING,347.21918329082183,0.1,10000,FogNode_4,48,1.0,1758.3565909566523,583.3919049886676,7875.991728993713,7292.599824005045,7077.99342356744,28.924607849036054,,
3-344,GPS_TRACKING,181.6623116263884,0.2,200,FogNode_9,61,1.0,1349.236560939329,645.9325420152014,7880.309257716985,7234.376715701783,7069.785552301729,18.271529464332755,,
9-145,HEALTH_MONITORING,585.0775378682195,1.0,100,FogNode_2,25,1.0,681.967788340379,245.2221017505014,7883.348458796347,7638.126357045845,6691.478641808357,71.81477158347357,,
6-90,GPS_TRACKING,819.5474740178315,0.2,200,FogNode_0,29,1.0,1189.2931772946604,230.04194439062837,7885.509512272297,7655.467567881668,6940.562889497728,52.184018440735066,,
0-167,SMART_HOME_CONTROL,730.0787291004983,0.1,150,FogNode_6,47,1.0,816.2509881302752,337.2765945618738,7889.447735250553,7552.171140688679,6641.484883371005,98.37466454226681,,
2-327,GPS_TRACKING,181.87325338606814,0.2,200,FogNode_9,65,1.0,1349.236560939329,646.8469886516019,7901.055342912805,7254.208354261203,7089.9691435429395,18.292745910070675,,
2-298,SMART_HOME_CONTROL,790.8534530948518,0.1,150,FogNode_4,48,1.0,1758.3565909566523,583.4516110910955,7905.9706092299775,7322.518998138882,6856.110923411038,65.88093946890314,,
4-215,SMART_HOME_CONTROL,377.3151252482123,0.1,150,FogNode_7,124,1.0,1727.0272900361456,436.001929525687,7907.114393371028,7471.112463845341,7234.3788522814,25.86083158450254,,
4-290,SMART_HOME_CONTROL,662.1842819099104,0.1,150,FogNode_4,47,1.0,1758.3565909566523,579.906437727911,7917.317504499404,7337.411066771493,6940.400317965484,55.16233434025817,,
5-254,SENSOR_DATA_LOGGING,689.5386623367887,0.1,10000,FogNode_3,103,1.0,1899.4436001125757,478.56968518830985,7922.018719908391,7443.449034720082,7057.543381519127,32.737839137470004,,
6-251,GPS_TRACKING,679.053221297166,0.2,200,FogNode_1,57,1.0,1597.9384595498836,527.8367309494452,7928.427043377631,7400.590312428186,6948.1849457437565,56.09494840614008,,
4-205,E_COMMERCE_TRANSACTION,925.0317464048668,0.5,300,FogNode_7,64,1.0,1727.0272900361456,398.69962396317464,7931.598304098528,7532.898680135354,6943.400464406732,63.400824942699174,,
6-93,SENSOR_DATA_LOGGING,742.2722177159849,0.1,10000,FogNode_0,30,1.0,1189.2931772946604,235.99538834298698,7940.6517322330565,7704.656343890069,7059.142241773324,47.26357938416815,,
4-132,SENSOR_DATA_LOGGING,380.78045220036717,0.1,10000,FogNode_5,42,1.0,782.8923712617282,270.4597111885284,7946.851308862261,7676.391597673733,7169.962522667005,56.59912152437135,,
5-129,HEALTH_MONITORING,474.86804376219544,1.0,100,FogNode_2,25,1.0,681.967788340379,240.1378057201043,7952.67740632198,7712.5396006018755,6922.394156739664,58.287214749909126,,
5-285,SMART_HOME_CONTROL,791.3023356160043,0.1,150,FogNode_1,68,1.0,1597.9384595498836,535.5788929444858,7952.970172633451,7417.3912796889645,6904.432869871177,65.36757694079603,,
9-235,SMART_HOME_CONTROL,424.3871298724427,0.1,150,FogNode_7,116,1.0,1727.0272900361456,432.7699418257906,7967.856348992653,7535.086407166862,7267.587758811544,29.08710347893388,,
8-330,SENSOR_DATA_LOGGING,785.2254879149455,0.1,10000,FogNode_9,81,1.0,1349.236560939329,652.1006426102833,7972.060609490252,7319.959966879969,6717.215842529667,78.97769498876559,,
0-222,GPS_TRACKING,306.7566800131533,0.2,200,FogNode_7,109,1.0,1727.0272900361456,428.4316887882506,7980.9644902766895,7552.532801488439,7347.79295229289,21.024820656268883,,
0-247,SENSOR_DATA_LOGGING,767.2642956336778,0.1,10000,FogNode_3,116,1.0,1899.4436001125757,485.93636963244586,7985.521053868044,7499.584684235598,7080.123797211472,36.42808802229425,,
8-131,HEALTH_MONITORING,235.44914468498567,1.0,100,FogNode_2,32,1.0,681.967788340379,260.11116998323735,7999.666502168696,7739.555332185459,7299.883906187649,28.89997555996573,,
8-258,GPS_TRACKING,243.7880834421552,0.2,200,FogNode_3,98,1.0,1899.4436001125757,476.88939568269717,8000.504486900627,7523.61509121793,7369.402947437119,11.574543234913225,,
5-233,SENSOR_DATA_LOGGING,389.07559441296206,0.1,10000,FogNode_7,136,1.0,1727.0272900361456,438.95999650213315,8000.714537656068,7561.754541153935,7319.90668398991,26.66688332235497,,
0-241,GPS_TRACKING,419.2512661155169,0.2,200,FogNode_3,103,1.0,1899.4436001125757,478.39398977446,8005.931842190471,7527.5378524160105,7282.605257362904,19.905164507754005,,
6-290,E_COMMERCE_TRANSACTION,148.4683383591999,0.5,300,FogNode_9,30,1.0,1349.236560939329,631.2128525877058,8011.094117918899,7379.881265331193,7219.79794818278,14.932891663460426,,
6-284,E_COMMERCE_TRANSACTION,191.6278484821707,0.5,300,FogNode_9,26,1.0,1349.236560939329,623.1268892958811,8016.547074290649,7393.420184994768,7196.6831215519405,19.273859549522918,,
2-232,SENSOR_DATA_LOGGING,961.9016114669629,0.1,10000,FogNode_3,102,1.0,1899.4436001125757,478.17671068887165,8023.113974752849,7544.937264063977,7016.535844873463,45.66905663499661,,
2-297,SMART_HOME_CONTROL,208.3890513586286,0.1,150,FogNode_4,48,1.0,1758.3565909566523,583.0940051064879,8024.484141940229,7441.390136833741,7303.167137589178,17.35955811385118,,
7-209,E_COMMERCE_TRANSACTION,774.3021594448836,0.5,300,FogNode_7,64,1.0,1727.0272900361456,404.84250704701316,8046.2561049578235,7641.4135979108105,7143.6700526755285,53.069957711735384,,
5-350,SMART_HOME_CONTROL,944.1529630362759,0.1,150,FogNode_9,70,1.0,1349.236560939329,649.7748481853838,8068.404863812026,7418.630015626642,6696.080707519535,94.9625628371035,,
6-286,E_COMMERCE_TRANSACTION,131.48042055019818,0.5,300,FogNode_9,26,1.0,1349.236560939329,626.6763801687225,8069.508621467235,7442.832241298513,7290.515743385151,13.224253047085197,,
4-291,GPS_TRACKING,90.02216652037893,0.2,200,FogNode_4,47,1.0,1758.3565909566523,580.5468644180863,8075.680905431417,7495.134041013331,7420.994565857142,7.499170522907603,,
4-117,HEALTH_MONITORING,540.6972438179174,1.0,100,FogNode_2,25,1.0,681.967788340379,246.18558934596726,8079.398225269118,7833.212635923151,6952.028438392439,66.36735568772319,,
7-298,SENSOR_DATA_LOGGING,303.8234525145641,0.1,10000,FogNode_4,47,1.0,1758.3565909566523,581.0221059139641,8090.105808121746,7509.083702207782,7314.19671957535,25.30958726425957,,
9-197,SMART_HOME_CONTROL,709.1302140215962,0.1,150,FogNode_8,27,1.0,770.9711269175084,347.28118525080805,8094.403555469609,7747.122370218801,6805.377193578716,67.40613698644755,,
5-242,E_COMMERCE_TRANSACTION,721.9278915587629,0.5,300,FogNode_3,66,1.0,1899.4436001125757,455.4587300723715,8101.259665854462,7645.80093578209,7218.740411698797,34.27561132338658,,
8-276,GPS_TRACKING,616.6299104014364,0.2,200,FogNode_1,57,1.0,1597.9384595498836,529.390084763455,8107.9131313911075,7578.523046627653,7165.624571340274,50.93830928829983,,
6-241,E_COMMERCE_TRANSACTION,683.5800191974611,0.5,300,FogNode_1,46,1.0,1597.9384595498836,511.04523298479734,8108.652005013566,7597.606772028768,7124.740622402083,56.46889625985469,,
3-124,SMART_HOME_CONTROL,902.0905318108428,0.1,150,FogNode_0,31,1.0,1189.2931772946604,238.2606535349048,8110.6773012013,7872.416647666395,7094.663905369348,57.439880470188946,,
6-188,E_COMMERCE_TRANSACTION,912.424080341709,0.5,300,FogNode_7,64,1.0,1727.0272900361456,405.41348106221216,8116.336277952949,7710.922796890737,7133.934039594558,62.53670710878385,,
5-270,E_COMMERCE_TRANSACTION,774.4856051940545,0.5,300,FogNode_1,46,1.0,1597.9384595498836,506.8792128626742,8119.288960283438,7612.409747420765,7078.651463152129,63.978387410736474,,
2-299,SENSOR_DATA_LOGGING,891.7858016821109,0.1,10000,FogNode_4,50,1.0,1758.3565909566523,585.1301712534113,8120.791273513308,7535.661102259896,7013.25233364672,74.28896743123907,,
0-224,SENSOR_DATA_LOGGING,455.3323726544592,0.1,10000,FogNode_7,145,1.0,1727.0272900361456,442.7414458470285,8122.738814427716,7679.997368580687,7403.311834834567,31.20806195204259,,
1-161,SENSOR_DATA_LOGGING,659.5765627150024,0.1,10000,FogNode_5,42,1.0,782.8923712617282,274.27215057592304,8125.679735264777,7851.4075846888545,6994.191665897558,98.03931323682997,,
6-249,GPS_TRACKING,324.52023269795313,0.2,200,FogNode_1,54,1.0,1597.9384595498836,526.6516295810443,8131.513858616665,7604.862229035621,7371.953411108766,26.807833523219344,,
5-259,SENSOR_DATA_LOGGING,224.1195882855966,0.1,10000,FogNode_3,131,1.0,1899.4436001125757,491.0160055325248,8141.106205884278,7650.090200351753,7517.030027830806,10.640724631719333,,
4-318,E_COMMERCE_TRANSACTION,396.94547288551337,0.5,300,FogNode_9,30,1.0,1349.236560939329,631.7365382383705,8141.201364484879,7509.464826246509,7169.437652271842,39.92463179967379,,
9-309,SENSOR_DATA_LOGGING,91.04418337686965,0.1,10000,FogNode_4,48,1.0,1758.3565909566523,583.4691349051595,8141.883805739019,7558.414670833859,7486.14811923798,7.584308205995633,,
8-232,GPS_TRACKING,433.66703042875196,0.2,200,FogNode_7,116,1.0,1727.0272900361456,433.3254950511023,8158.220460386145,7724.894965335043,7451.100698737742,29.723139326290312,,
9-343,E_COMMERCE_TRANSACTION,124.7046342269716,0.5,300,FogNode_9,65,1.0,1349.236560939329,647.215053258114,8161.934692504143,7514.719639246028,7375.822044749291,12.54274691441264,,
0-170,SMART_HOME_CONTROL,421.17917783946905,0.1,150,FogNode_6,56,1.0,816.2509881302752,340.95619603263543,8168.37761905313,7827.421423020494,7297.301736809826,56.75190726785581,,
7-225,GPS_TRACKING,85.08169634631294,0.2,200,FogNode_7,123,1.0,1727.0272900361456,435.39478655205744,8172.003638925383,7736.608852373325,7663.59097332406,5.831421199159068,,
1-190,GPS_TRACKING,681.6603283433326,0.2,200,FogNode_6,34,1.0,816.2509881302752,323.71550157880455,8219.152772114167,7895.437270535362,7029.433116324808,91.85051345786569,,
9-265,SMART_HOME_CONTROL,666.3921863030918,0.1,150,FogNode_3,114,1.0,1899.4436001125757,482.98778501320544,8225.931486793606,7742.943701780401,7372.188237516335,31.638893348959073,,
5-232,SENSOR_DATA_LOGGING,454.3447602929014,0.1,10000,FogNode_7,132,1.0,1727.0272900361456,438.11131880933914,8230.93543460652,7792.82411579718,7510.202741456663,31.140371909306513,,
1-157,GPS_TRACKING,95.45519784999878,0.2,200,FogNode_5,42,1.0,782.8923712617282,269.12245127020606,8247.606070676835,7978.483619406628,7833.840518169637,14.18843932776805,,
1-273,GPS_TRACKING,280.63885457627407,0.2,200,FogNode_3,112,1.0,1899.4436001125757,480.9680764061631,8249.007592963033,7768.03951655687,7593.154625416266,13.324140006459098,,
0-245,SENSOR_DATA_LOGGING,622.9661414671975,0.1,10000,FogNode_3,115,1.0,1899.4436001125757,484.114630956657,8249.991680742962,7765.877049786305,7418.643020032347,29.577116471363652,,
9-341,GPS_TRACKING,949.1515413257933,0.2,200,FogNode_9,50,1.0,1349.236560939329,642.535231456347,8255.348019610183,7612.812788153836,6878.461857049074,95.46531802985106,,
8-263,SMART_HOME_CONTROL,485.6385306802925,0.1,150,FogNode_3,124,1.0,1899.4436001125757,488.2369038990128,8256.17858570067,7767.941681801658,7495.635273520595,23.05709159583475,,
8-303,SENSOR_DATA_LOGGING,204.2045779897339,0.1,10000,FogNode_4,59,1.0,1758.3565909566523,591.7098562524772,8258.01757464572,7666.307718393244,7536.930323601786,17.01097641942147,,
0-248,SMART_HOME_CONTROL,518.6994042952967,0.1,150,FogNode_3,117,1.0,1899.4436001125757,486.44138731057353,8258.600709544346,7772.159322233772,7481.616607292225,24.62675203878116,,
3-143,SMART_HOME_CONTROL,587.4714822694341,0.1,150,FogNode_5,42,1.0,782.8923712617282,271.552752666441,8279.665616378785,8008.112863712344,7238.572868522596,87.32163015441213,,
2-320,E_COMMERCE_TRANSACTION,358.8867465986958,0.5,300,FogNode_9,34,1.0,1349.236560939329,634.6592993670748,8282.539530312477,7647.880230945402,7330.916718454381,36.09669890319759,,
3-333,E_COMMERCE_TRANSACTION,554.8878547788199,0.5,300,FogNode_9,26,1.0,1349.236560939329,626.8096920155951,8286.533568067096,7659.723876051501,7196.1284494713445,55.810419328159945,,
8-320,E_COMMERCE_TRANSACTION,297.85647391463846,0.5,300,FogNode_9,40,1.0,1349.236560939329,637.7120886283632,8289.164130598625,7651.452041970262,7382.10527006521,29.958296195560603,,
1-260,E_COMMERCE_TRANSACTION,67.98099799805662,0.5,300,FogNode_3,66,1.0,1899.4436001125757,455.65516988495375,8294.390662978092,7838.735493093139,7749.313013445842,3.227594184962512,,
3-187,SENSOR_DATA_LOGGING,370.84452084997343,0.1,10000,FogNode_6,56,1.0,816.2509881302752,340.5622599997132,8309.10142884472,7968.539168845007,7498.611216557568,49.969549696238246,,
6-253,SENSOR_DATA_LOGGING,575.2270065682225,0.1,10000,FogNode_1,69,1.0,1597.9384595498836,536.1421611113393,8312.950873473617,7776.808712362278,7396.3807029096115,47.518115286492495,,
9-239,SENSOR_DATA_LOGGING,468.72302961160835,0.1,10000,FogNode_7,136,1.0,1727.0272900361456,438.9358896435088,8317.660634762213,7878.724745118704,7587.817048561316,32.12584526154251,,
7-214,E_COMMERCE_TRANSACTION,180.21744177030467,0.5,300,FogNode_7,70,1.0,1727.0272900361456,410.2416698341412,8335.286676077945,7925.045006243804,7770.373660335473,12.351937673173953,,
1-251,SENSOR_DATA_LOGGING,325.6413193598002,0.1,10000,FogNode_7,145,1.0,1727.0272900361456,442.6628874262696,8346.776438186,7904.11355075973,7698.897880709556,22.319156464716624,,
8-123,VOICE_ASSISTANT,241.87388898466773,2.0,150,FogNode_2,26,1.0,681.967788340379,238.2134298124812,8354.337049839703,8116.123620027222,7593.141523654101,29.688574531044008,,
1-299,GPS_TRACKING,399.3016652515771,0.2,200,FogNode_1,57,1.0,1597.9384595498836,528.6688929668425,8357.79864035123,7829.129747384387,7551.256432916936,32.98534725744406,,
5-180,SENSOR_DATA_LOGGING,747.6946926605164,0.1,10000,FogNode_8,27,1.0,770.9711269175084,353.6877838116546,8369.331420985121,8015.643637173467,7027.712321024694,71.07187069592226,,
7-211,E_COMMERCE_TRANSACTION,100.76889519025433,0.5,300,FogNode_7,65,1.0,1727.0272900361456,406.20011485914625,8376.008812449749,7969.808697590603,7857.034337018227,6.906607376943213,,
8-299,GPS_TRACKING,529.263022583755,0.2,200,FogNode_4,42,1.0,1758.3565909566523,572.8544900853707,8376.679590968692,7803.825100883321,7472.016722172596,44.08951496325718,,
3-311,GPS_TRACKING,886.4152925045845,0.2,200,FogNode_4,46,1.0,1758.3565909566523,577.2560189585614,8380.107502246692,7802.851483288131,7274.776463056069,73.84158468459086,,
3-346,E_COMMERCE_TRANSACTION,136.8774177173488,0.5,300,FogNode_9,71,1.0,1349.236560939329,650.3988660138107,8387.981617786454,7737.582751772643,7585.594994076048,13.767081066147952,,
0-223,SENSOR_DATA_LOGGING,723.7001580221154,0.1,10000,FogNode_7,125,1.0,1727.0272900361456,436.16893660758325,8400.008336426317,7963.839399818734,7522.621789273118,49.60174308404954,,
5-173,SENSOR_DATA_LOGGING,419.586414125259,0.1,10000,FogNode_6,47,1.0,816.2509881302752,337.42098299377864,8403.488661665078,8066.067678671299,7533.131244261694,56.53728987135454,,
2-270,GPS_TRACKING,470.6266052535774,0.2,200,FogNode_1,57,1.0,1597.9384595498836,528.6835937969294,8413.810068052599,7885.12647425567,7561.74117451964,38.877328480713075,,
7-272,GPS_TRACKING,493.3870115395233,0.2,200,FogNode_1,57,1.0,1597.9384595498836,529.2960780311139,8417.416719068013,7888.120641036899,7551.521319267034,40.757510734872795,,
0-166,SENSOR_DATA_LOGGING,918.9001999950995,0.1,10000,FogNode_6,47,1.0,816.2509881302752,335.79845400244,8420.360612578635,8084.5621585761955,6940.271507441428,123.8174669651228,,
5-260,SENSOR_DATA_LOGGING,536.8759863924097,0.1,10000,FogNode_3,133,1.0,1899.4436001125757,492.84655805257563,8423.7552860468,7930.908727994225,7632.988087881928,25.489737761362232,,
9-241,SENSOR_DATA_LOGGING,860.3496500945826,0.1,10000,FogNode_7,142,1.0,1727.0272900361456,441.06486273035216,8429.766257238734,7988.701394508382,7475.545203657659,58.96757356399432,,
0-301,HEALTH_MONITORING,57.45421116045926,1.0,100,FogNode_9,26,1.0,1349.236560939329,617.8214917048764,8430.564373712115,7812.742882007239,7684.284251251814,5.778723735649281,,
7-335,E_COMMERCE_TRANSACTION,194.0507740183324,0.5,300,FogNode_9,68,1.0,1349.236560939329,648.3371392320795,8432.986777891281,7784.649638659202,7587.2210203174745,19.517556521820126,,
9-234,GPS_TRACKING,754.2305616223128,0.2,200,FogNode_7,113,1.0,1727.0272900361456,431.03964307987326,8437.436392587802,8006.396749507929,7542.34700184746,51.694268861255544,,
3-185,SMART_HOME_CONTROL,178.6814135334634,0.1,150,FogNode_6,56,1.0,816.2509881302752,339.4320785653244,8438.05776105973,8098.625682494406,7861.425392001486,24.07647752996358,,
0-254,E_COMMERCE_TRANSACTION,209.3167383411385,0.5,300,FogNode_1,46,1.0,1597.9384595498836,508.03055012131796,8443.942612917763,7935.912062796445,7755.3223261207595,17.29115078102154,,
3-146,SENSOR_DATA_LOGGING,392.5584948032723,0.1,10000,FogNode_5,42,1.0,782.8923712617282,276.4008522188602,8448.272077812424,8171.871225593563,7655.936585662658,58.3498071510859,,
8-280,SMART_HOME_CONTROL,535.8834480459468,0.1,150,FogNode_1,67,1.0,1597.9384595498836,534.773642349804,8466.873111561174,7932.099469211369,7573.886033399286,44.268038832683594,,
6-212,SENSOR_DATA_LOGGING,208.0998297167889,0.1,10000,FogNode_7,153,1.0,1727.0272900361456,444.46377611380075,8467.272408873547,8022.808632759746,7885.579817287465,14.262970893438977,,
1-196,GPS_TRACKING,785.4713346083919,0.2,200,FogNode_6,42,1.0,816.2509881302752,332.9862588365694,8469.581280078108,8136.595021241538,7152.310939725557,105.83855681546716,,
5-243,E_COMMERCE_TRANSACTION,884.3622848983385,0.5,300,FogNode_3,66,1.0,1899.4436001125757,456.48569385592924,8471.522020727978,8015.036326872048,7499.962022775323,41.98765320008446,,
5-229,GPS_TRACKING,72.23874782173705,0.2,200,FogNode_7,122,1.0,1727.0272900361456,435.1249801353963,8471.59463380146,8036.469653666064,7968.013093939553,4.951177321779371,,
3-340,E_COMMERCE_TRANSACTION,446.1529436739429,0.5,300,FogNode_9,47,1.0,1349.236560939329,640.8544796402659,8471.872024167667,7831.017544527402,7447.1165378708665,44.87390137753311,,
5-351,GPS_TRACKING,801.6667756871677,0.2,200,FogNode_9,71,1.0,1349.236560939329,650.2019954497833,8474.472504471174,7824.27050902139,7200.249424857473,80.6313537541542,,
9-237,GPS_TRACKING,65.42806666703191,0.2,200,FogNode_7,124,1.0,1727.0272900361456,435.8789131793338,8475.321182854008,8039.442269674674,7975.616308122582,4.484379500722741,,
9-333,E_COMMERCE_TRANSACTION,648.0695927335258,0.5,300,FogNode_9,30,1.0,1349.236560939329,630.7504663132781,8491.417295851717,7860.666829538439,7327.113715545847,65.18260476020872,,
3-274,SENSOR_DATA_LOGGING,464.73971562181106,0.1,10000,FogNode_3,118,1.0,1899.4436001125757,486.65269974432044,8494.663181173019,8008.010481428698,7740.907918991027,22.064860002569674,,
4-262,SENSOR_DATA_LOGGING,221.36592906467348,0.1,10000,FogNode_1,76,1.0,1597.9384595498836,539.7017030894319,8496.330839599397,7956.629136509965,7799.9269821713915,18.28650535820961,,
6-144,SMART_HOME_CONTROL,826.1946077753847,0.1,150,FogNode_6,42,1.0,816.2509881302752,333.7125505633191,8512.635211920164,8178.922661356844,7145.744761406988,111.32582575946424,,
4-171,SMART_HOME_CONTROL,93.06968296905644,0.1,150,FogNode_6,47,1.0,816.2509881302752,336.48457743669735,8517.509574745067,8181.024997308369,8044.709645915064,12.540700716505508,,
7-123,HEALTH_MONITORING,612.7450354053503,1.0,100,FogNode_2,28,1.0,681.967788340379,256.1445361575438,8519.116782380675,8262.972246223131,7275.409555338047,75.21079157623375,,
8-264,GPS_TRACKING,97.15212542893497,0.2,200,FogNode_3,124,1.0,1899.4436001125757,488.2439028643284,8522.66969651218,8034.425793647851,7961.073864232604,4.612577695610515,,
1-367,E_COMMERCE_TRANSACTION,326.09916823729594,0.5,300,FogNode_9,65,1.0,1349.236560939329,647.174037816112,8524.231148875102,7877.05711105899,7584.0796648743835,32.79893615466162,,
0-272,SENSOR_DATA_LOGGING,139.0799248179478,0.1,10000,FogNode_1,78,1.0,1597.9384595498836,541.5719110744185,8530.979709989151,7989.407798914733,7883.025183496259,11.489057061078965,,
1-154,HEALTH_MONITORING,443.9681121493917,1.0,100,FogNode_2,35,1.0,681.967788340379,264.53907031756097,8534.358843362783,8269.819773045221,7527.697625787592,54.49443279009602,,
3-247,SENSOR_DATA_LOGGING,351.5150548353245,0.1,10000,FogNode_7,137,1.0,1727.0272900361456,439.0844141004283,8538.824313765168,8099.73989966474,7874.218451819883,24.092518492423128,,
2-191,E_COMMERCE_TRANSACTION,249.02637069349896,0.5,300,FogNode_7,70,1.0,1727.0272900361456,410.33208088640924,8544.201987638562,8133.869906752153,7938.330934650925,17.068038362808743,,
7-302,SENSOR_DATA_LOGGING,314.17051918141925,0.1,10000,FogNode_4,48,1.0,1758.3565909566523,583.6464006605567,8555.352404433957,7971.706003773401,7770.310973584407,26.17153516382578,,
1-135,GPS_TRACKING,808.7777189724079,0.2,200,FogNode_0,29,1.0,1189.2931772946604,232.52625129149857,8565.558582100623,8333.032330809125,7627.171221721824,51.49826305290215,,
3-246,GPS_TRACKING,792.0054681031019,0.2,200,FogNode_7,129,1.0,1727.0272900361456,437.3463355788632,8574.930923603584,8137.584588024721,7657.690060634195,54.28332620152883,,
4-243,GPS_TRACKING,174.05025758789046,0.2,200,FogNode_3,116,1.0,1899.4436001125757,485.1478145221025,8586.295413673934,8101.147599151831,7984.167257223929,8.263538574381649,,
8-128,HEALTH_MONITORING,796.2632009232591,1.0,100,FogNode_2,25,1.0,681.967788340379,248.08920702699595,8594.52611332276,8346.436906295763,7089.090393725299,97.73654976224562,,
9-267,SMART_HOME_CONTROL,659.6731605535574,0.1,150,FogNode_3,116,1.0,1899.4436001125757,486.06501916733066,8596.305696741665,8110.240677574335,7740.117332876003,31.319888199337257,,
7-226,SENSOR_DATA_LOGGING,762.2637099853714,0.1,10000,FogNode_7,146,1.0,1727.0272900361456,442.96100429576967,8613.376924908269,8170.4159206125,7712.468586189124,52.24485346019978,,
7-250,SENSOR_DATA_LOGGING,608.02687331574,0.1,10000,FogNode_3,133,1.0,1899.4436001125757,492.2107484552853,8614.49854787644,8122.287799421154,7784.346578761734,28.86783157656675,,
0-125,SENSOR_DATA_LOGGING,811.3165401606146,0.1,10000,FogNode_0,31,1.0,1189.2931772946604,237.69286173478432,8622.835533208148,8385.142671473364,7681.776949642847,51.659920425907764,,
0-303,HEALTH_MONITORING,207.8876084889481,1.0,100,FogNode_9,26,1.0,1349.236560939329,620.2592992070273,8628.550458261738,8008.29115905471,7766.1934867129385,20.909260318053363,,
1-277,SENSOR_DATA_LOGGING,789.4304504855029,0.1,10000,FogNode_3,133,1.0,1899.4436001125757,492.6829895733319,8641.542906073819,8148.859916500487,7717.784039342344,37.48049023187603,,
4-265,SENSOR_DATA_LOGGING,368.32017750610464,0.1,10000,FogNode_1,85,1.0,1597.9384595498836,543.5318748684999,8647.91381694114,8104.3819420726395,7857.81682243465,30.42604129714261,,
9-184,GPS_TRACKING,951.3293146191236,0.2,200,FogNode_6,34,1.0,816.2509881302752,326.1249972945633,8666.960319163842,8340.83532186928,7146.499582254289,128.1871371738024,,
4-284,GPS_TRACKING,966.9549007734258,0.2,200,FogNode_4,45,1.0,1758.3565909566523,576.7780893682105,8670.710957465097,8093.9328680968865,7515.933527127585,80.55082397088923,,
2-313,HEALTH_MONITORING,268.8995550106172,1.0,100,FogNode_9,26,1.0,1349.236560939329,621.1434099365739,8671.169584577245,8050.02617464067,7765.554110995316,27.045819786919203,,
8-235,SMART_HOME_CONTROL,177.3941074037598,0.1,150,FogNode_7,146,1.0,1727.0272900361456,443.036816631623,8677.647370776835,8234.61055414521,8111.837916453576,12.158428932934813,,
7-304,SENSOR_DATA_LOGGING,554.902837450574,0.1,10000,FogNode_4,52,1.0,1758.3565909566523,588.7666283045725,8695.687880143005,8106.921251838432,7773.045492983522,46.22540383701062,,
7-303,SENSOR_DATA_LOGGING,781.8525538771656,0.1,10000,FogNode_4,51,1.0,1758.3565909566523,585.5916868552667,8702.66717410597,8117.075487250704,7652.09481792535,65.13113216363622,,
8-327,E_COMMERCE_TRANSACTION,736.8948127719084,0.5,300,FogNode_9,68,1.0,1349.236560939329,647.8670985863446,8708.091559361417,8060.224460775073,7463.8774244272245,74.11661319914677,,
6-214,SMART_HOME_CONTROL,292.472445476105,0.1,150,FogNode_7,161,1.0,1727.0272900361456,446.9928186142555,8708.174530269265,8261.18171165501,8076.385026385692,20.04579236146322,,
5-213,E_COMMERCE_TRANSACTION,431.2926996743112,0.5,300,FogNode_7,72,1.0,1727.0272900361456,412.1573251858459,8717.003667992958,8304.846342807112,8005.423095239561,29.56040488057705,,
5-333,HEALTH_MONITORING,388.01673188174954,1.0,100,FogNode_9,26,1.0,1349.236560939329,614.43101738077,8718.146805966704,8103.715788585934,7726.725772880952,39.02658226551841,,
0-268,SENSOR_DATA_LOGGING,324.128226231097,0.1,10000,FogNode_1,76,1.0,1597.9384595498836,539.7647029377472,8733.821205100545,8194.056502162797,7969.96605610214,26.775450814701795,,
2-102,VOICE_ASSISTANT,143.2026342064511,2.0,150,FogNode_2,25,1.0,681.967788340379,242.77149984400552,8744.343298134387,8501.57179829038,8123.903165697737,17.57726762705484,,
3-144,SENSOR_DATA_LOGGING,390.1389616454198,0.1,10000,FogNode_5,42,1.0,782.8923712617282,272.24979699743096,8745.936334154383,8473.686537156953,7955.584536257699,57.990168281910236,,
1-303,GPS_TRACKING,451.70233979660475,0.2,200,FogNode_1,67,1.0,1597.9384595498836,534.9070705453676,8749.55129425154,8214.644223706173,7905.953783256591,37.31404056580541,,
2-328,E_COMMERCE_TRANSACTION,696.7168545533793,0.5,300,FogNode_9,72,1.0,1349.236560939329,650.6139526759196,8771.726596001805,8121.112643325885,7557.254405511477,70.07552872304267,,
5-126,VOICE_ASSISTANT,175.6361607444859,2.0,150,FogNode_2,26,1.0,681.967788340379,238.35626355020625,8776.659973932155,8538.30371038195,8108.678045537998,21.55828919978887,,
9-251,E_COMMERCE_TRANSACTION,990.6783261664584,0.5,300,FogNode_3,66,1.0,1899.4436001125757,455.95956442165397,8777.74096644614,8321.781402024486,7747.045562462823,47.03531426229816,,
5-212,E_COMMERCE_TRANSACTION,704.5910716946651,0.5,300,FogNode_7,70,1.0,1727.0272900361456,409.1585288493709,8783.987931112037,8374.829402262665,7914.632436850164,48.29202388601096,,
2-295,GPS_TRACKING,155.901321318829,0.2,200,FogNode_4,47,1.0,1758.3565909566523,582.378321615096,8784.35096595884,8201.972644343743,8087.016691397587,12.987141262056218,,
6-94,VOICE_ASSISTANT,152.9858910463136,2.0,150,FogNode_2,25,1.0,681.967788340379,239.8121098741411,8818.856197033336,8579.044087159195,8183.339622231313,18.778103943309777,,
3-182,SENSOR_DATA_LOGGING,316.9963185603183,0.1,10000,FogNode_6,47,1.0,816.2509881302752,337.1267862358492,8826.414189621535,8489.287403385686,8078.521707056733,42.71375847085143,,
5-257,SENSOR_DATA_LOGGING,792.7243213728948,0.1,10000,FogNode_3,130,1.0,1899.4436001125757,489.6826348947301,8841.100829407978,8351.418194513248,7913.336811928688,37.636876263785524,,
2-146,GPS_TRACKING,554.8229794611991,0.2,200,FogNode_6,46,1.0,816.2509881302752,335.1723297224519,8848.09866996676,8512.926340244307,7811.7477071600715,74.75977906120208,,
9-155,SMART_HOME_CONTROL,313.08089106269233,0.1,150,FogNode_5,42,1.0,782.8923712617282,271.6182694598665,8848.174928517336,8576.556659057469,8153.995412462661,46.53627384971813,,
7-153,GPS_TRACKING,309.1688786498075,0.2,200,FogNode_6,36,1.0,816.2509881302752,329.98925204456253,8848.348207341494,8518.358955296932,8109.501866180088,41.65904786947565,,
0-250,SENSOR_DATA_LOGGING,138.59685729691915,0.1,10000,FogNode_3,144,1.0,1899.4436001125757,496.34882697347285,8850.70804864258,8354.359221669107,8266.350515658369,6.580286018725458,,
7-330,HEALTH_MONITORING,109.35159055825304,1.0,100,FogNode_9,50,1.0,1349.236560939329,642.5210316444676,8852.773607122022,8210.252575477554,8041.074309123507,10.998543346547056,,
5-284,GPS_TRACKING,193.20852798191703,0.2,200,FogNode_1,59,1.0,1597.9384595498836,532.1486676978883,8854.732324566523,8322.583656868635,8171.975228835488,15.960490384050457,,
7-319,HEALTH_MONITORING,519.1752273082691,1.0,100,FogNode_9,26,1.0,1349.236560939329,622.830864628324,8876.209142099067,8253.378277470743,7776.616052230145,52.21845620033788,,
9-134,GPS_TRACKING,936.4293977091293,0.2,200,FogNode_0,29,1.0,1189.2931772946604,231.5267221436636,8898.060442370299,8666.533720226635,7851.447636489625,59.62637981047137,,
9-268,SMART_HOME_CONTROL,122.40003091782727,0.1,150,FogNode_3,133,1.0,1899.4436001125757,493.579087180098,8905.540769035864,8411.961681855766,8329.563885467825,5.8112949156895946,,
7-233,E_COMMERCE_TRANSACTION,510.3766206851994,0.5,300,FogNode_3,67,1.0,1899.4436001125757,461.2020588614335,8910.240866179058,8449.038807317624,8130.275879743235,24.231603853645368,,
5-127,VOICE_ASSISTANT,386.6397568639951,2.0,150,FogNode_2,26,1.0,681.967788340379,239.16459295883658,8921.284292032642,8682.119699073806,7944.536160814407,47.45771975018389,,
6-115,SENSOR_DATA_LOGGING,139.75870434095083,0.1,10000,FogNode_5,42,1.0,782.8923712617282,275.5007522827691,8924.452193385087,8648.951441102317,8451.01704621747,20.773702655617925,,
7-165,SMART_HOME_CONTROL,80.58818392209879,0.1,150,FogNode_6,66,1.0,816.2509881302752,345.37636569104177,8925.143851323624,8579.767485632583,8464.808922532353,10.85887760238481,,
6-198,E_COMMERCE_TRANSACTION,785.0711050303405,0.5,300,FogNode_7,78,1.0,1727.0272900361456,416.80800970748163,8929.90062671092,8513.092617003438,8013.108817322392,53.808051335586185,,
5-314,GPS_TRACKING,279.8389629226217,0.2,200,FogNode_4,52,1.0,1758.3565909566523,586.6106519390651,8943.498981988041,8356.888330048976,8175.511110603367,23.31159294455875,,
1-281,SENSOR_DATA_LOGGING,73.16996983228469,0.1,10000,FogNode_3,153,1.0,1899.4436001125757,499.74855374803104,8944.062560274071,8444.31400652604,8392.171389241003,3.4739556067022686,,
8-288,SENSOR_DATA_LOGGING,147.00562819910408,0.1,10000,FogNode_1,94,1.0,1597.9384595498836,549.43326896152,8946.729376968975,8397.296108007455,8289.484658044701,12.143780296761504,,
3-180,GPS_TRACKING,354.46789120964644,0.2,200,FogNode_6,47,1.0,816.2509881302752,335.64649846538043,8946.89856518311,8611.252066717729,8151.421382390091,47.76287611024702,,
6-194,E_COMMERCE_TRANSACTION,293.0920918304693,0.5,300,FogNode_7,74,1.0,1727.0272900361456,413.8032634925513,8953.69694122521,8539.893677732658,8317.40419790998,20.088262352565817,,
9-240,GPS_TRACKING,409.1739494334657,0.2,200,FogNode_7,138,1.0,1727.0272900361456,439.34797017885796,8953.927514995343,8514.579544816484,8251.113760871987,28.044406086566624,,
6-233,SMART_HOME_CONTROL,708.0582389515065,0.1,150,FogNode_3,128,1.0,1899.4436001125757,488.8845487325157,8959.066807838804,8470.182259106288,8075.701947397999,33.617109515220854,,
7-247,GPS_TRACKING,226.2041827850025,0.2,200,FogNode_3,117,1.0,1899.4436001125757,486.36339788222836,8969.797756160928,8483.434358278699,8338.495570593483,10.739696775147998,,
5-287,SMART_HOME_CONTROL,889.0565215712924,0.1,150,FogNode_1,74,1.0,1597.9384595498836,539.5072292295607,8970.187265345745,8430.680036116184,7854.2245880572245,73.44281441212587,,
9-137,SENSOR_DATA_LOGGING,431.4426722820895,0.1,10000,FogNode_0,30,1.0,1189.2931772946604,236.83238613281267,8985.607876074448,8748.775489941634,8363.102234880675,27.4717610391887,,
8-125,VOICE_ASSISTANT,705.1309504567431,2.0,150,FogNode_2,26,1.0,681.967788340379,238.41524772248815,8986.642591353275,8748.227343630786,7546.692802548709,86.55061058743689,,
3-251,SMART_HOME_CONTROL,62.16421371947836,0.1,150,FogNode_7,156,1.0,1727.0272900361456,445.22386466711293,8989.922437645451,8544.69857297834,8486.265692339857,4.260678022183445,,
0-216,E_COMMERCE_TRANSACTION,915.6783657656383,0.5,300,FogNode_7,78,1.0,1727.0272900361456,416.31637488953294,9001.799553578074,8585.48317868854,8009.408305043054,62.75975283805532,,
4-234,E_COMMERCE_TRANSACTION,915.5943746593878,0.5,300,FogNode_3,70,1.0,1899.4436001125757,465.0232952733806,9004.70263215982,8539.67933688644,8012.0807013826825,43.470486848685375,,
7-305,SENSOR_DATA_LOGGING,790.6536202830636,0.1,10000,FogNode_4,59,1.0,1758.3565909566523,591.9958335503873,9005.007283512212,8413.011449961825,7947.216972195561,65.8642926763453,,
7-315,HEALTH_MONITORING,782.6999654558707,1.0,100,FogNode_9,26,1.0,1349.236560939329,615.7487738713475,9013.09258595726,8397.343812085912,7727.976653666335,78.72367885514552,,
9-279,GPS_TRACKING,827.2262939328637,0.2,200,FogNode_1,58,1.0,1597.9384595498836,530.8382540944602,9014.014289164708,8483.176035070248,7935.351609610654,68.33516847136721,,
9-156,SMART_HOME_CONTROL,577.440689244669,0.1,150,FogNode_5,42,1.0,782.8923712617282,273.15058635738905,9017.239145565245,8744.088559207856,7986.1993793276315,85.83065531546279,,
1-310,SMART_HOME_CONTROL,95.96691772167271,0.1,150,FogNode_1,86,1.0,1597.9384595498836,544.3546193487147,9030.243969750185,8485.88935040147,8404.760283208832,7.927595554307382,,
6-231,GPS_TRACKING,864.0318569982952,0.2,200,FogNode_3,115,1.0,1899.4436001125757,483.4093821962842,9051.192515674897,8567.783133478613,8085.540423163748,41.0224074284667,,
9-287,SENSOR_DATA_LOGGING,518.0942579543655,0.1,10000,FogNode_1,90,1.0,1597.9384595498836,547.2859805036067,9073.777959463856,8526.49197896025,8185.55069620347,42.79851675535944,,
8-211,E_COMMERCE_TRANSACTION,919.8442059729731,0.5,300,FogNode_7,70,1.0,1727.0272900361456,411.44295383212057,9076.819052394801,8665.376098562681,8081.449277973144,63.04527569362322,,
5-261,SENSOR_DATA_LOGGING,881.2554237901222,0.1,10000,FogNode_3,133,1.0,1899.4436001125757,493.39530074376864,9078.453057364319,8585.05775662055,8103.507054227717,41.840145997459224,,
7-100,E_COMMERCE_TRANSACTION,235.65236915692006,0.5,300,FogNode_0,21,1.0,1189.2931772946604,213.04241345121108,9096.20533519897,8883.16292174776,8637.865655714097,15.004972826528487,,
5-310,GPS_TRACKING,703.7957959713111,0.2,200,FogNode_4,47,1.0,1758.3565909566523,582.3070589540504,9102.924891790188,8520.617832836137,8093.91349474861,58.62872325006263,,
4-263,SENSOR_DATA_LOGGING,731.9405503812551,0.1,10000,FogNode_1,78,1.0,1597.9384595498836,540.8498797829083,9105.966845208219,8565.11696542531,8086.309634109408,60.46384307192686,,
8-186,SMART_HOME_CONTROL,571.9978445260975,0.1,150,FogNode_8,27,1.0,770.9711269175084,361.26200303494744,9111.250053934524,8749.988050899576,7994.999935637565,54.371065146724455,,
7-323,HEALTH_MONITORING,792.9409505175718,1.0,100,FogNode_9,26,1.0,1349.236560939329,627.3938708675704,9111.927164142826,8484.533293275255,7806.3881789697625,79.75371342105755,,
7-170,SENSOR_DATA_LOGGING,144.25534813130417,0.1,10000,FogNode_6,75,1.0,816.2509881302752,350.1895052562438,9123.627721078821,8773.438215822578,8583.27206233249,19.437727624703207,,
6-210,GPS_TRACKING,890.4579536356626,0.2,200,FogNode_7,138,1.0,1727.0272900361456,439.4540191541415,9128.978478382867,8689.524459228725,8149.08002497008,61.031168991447025,,
4-316,HEALTH_MONITORING,676.426086132246,1.0,100,FogNode_9,30,1.0,1349.236560939329,630.761797118209,9129.890331279501,8499.128534161293,7905.4846174171535,68.03469058913645,,
4-248,SENSOR_DATA_LOGGING,109.34010107081912,0.1,10000,FogNode_3,142,1.0,1899.4436001125757,495.0426953988339,9136.017336221737,8640.974640822904,8561.523897458235,5.191237033758722,,
7-157,SENSOR_DATA_LOGGING,683.119489491591,0.1,10000,FogNode_6,47,1.0,816.2509881302752,336.9758121148597,9146.000249704173,8809.024437589314,7951.03055686046,92.04712853888563,,
5-299,E_COMMERCE_TRANSACTION,271.4865804805431,0.5,300,FogNode_4,42,1.0,1758.3565909566523,562.0238982732659,9159.405192262244,8597.381293988978,8395.044413717438,22.615809421158346,,
2-213,GPS_TRACKING,798.3366075554617,0.2,200,FogNode_7,144,1.0,1727.0272900361456,441.9191850960385,9170.435093354376,8728.515908258338,8242.612856712625,54.71725667544707,,
5-344,HEALTH_MONITORING,644.7439728480487,1.0,100,FogNode_9,46,1.0,1349.236560939329,639.5674280020833,9185.949921277715,8546.382493275632,7981.238456386353,64.8481151174168,,
2-197,E_COMMERCE_TRANSACTION,342.90443649991397,0.5,300,FogNode_7,80,1.0,1727.0272900361456,417.1008048526454,9200.351387980609,8783.250583127963,8531.781299745911,23.502354632800493,,
5-273,E_COMMERCE_TRANSACTION,405.9942433639787,0.5,300,FogNode_1,45,1.0,1597.9384595498836,512.435330832396,9200.803143663557,8688.367812831162,8381.335181291273,33.53820498957009,,
1-280,SENSOR_DATA_LOGGING,126.74374617753166,0.1,10000,FogNode_3,143,1.0,1899.4436001125757,496.28494794716966,9202.744111457401,8706.459163510232,8619.06549718652,6.017525340752722,,
6-197,E_COMMERCE_TRANSACTION,920.2185849817874,0.5,300,FogNode_7,78,1.0,1727.0272900361456,415.95944219227164,9210.481212077933,8794.521769885661,8212.53766938648,63.07093528648834,,
5-307,GPS_TRACKING,951.0885683282735,0.2,200,FogNode_4,47,1.0,1758.3565909566523,579.5233832312653,9211.60725416611,8632.083870934845,8062.433563050767,79.22910136435317,,
0-227,SMART_HOME_CONTROL,491.4596713928769,0.1,150,FogNode_7,164,1.0,1727.0272900361456,447.87982782299326,9214.470346152117,8766.590518329123,8462.988475591115,33.68419377332228,,
3-277,SENSOR_DATA_LOGGING,515.4077405174564,0.1,10000,FogNode_3,147,1.0,1899.4436001125757,497.5844080359698,9230.413501411022,8732.829093375052,8443.701345439087,24.47047079577097,,
7-328,HEALTH_MONITORING,152.39873509283865,1.0,100,FogNode_9,48,1.0,1349.236560939329,641.4376012313201,9242.84215863492,8601.404557403599,8396.986553616936,15.328209542453914,,
8-178,SMART_HOME_CONTROL,893.4059973756392,0.1,150,FogNode_8,27,1.0,770.9711269175084,350.8069417068192,9253.20959396245,8902.40265225563,7722.107606764827,84.92241037381906,,
2-200,E_COMMERCE_TRANSACTION,552.821170399181,0.5,300,FogNode_7,83,1.0,1727.0272900361456,419.2460025072022,9273.796787700485,8854.550785193283,8486.715916279676,37.88985446749868,,
4-218,GPS_TRACKING,210.99488237589364,0.2,200,FogNode_7,145,1.0,1727.0272900361456,442.2403228155147,9292.607385357634,8850.36706254212,8699.184430018875,14.461395139475027,,
0-246,GPS_TRACKING,561.5525091645188,0.2,200,FogNode_3,116,1.0,1899.4436001125757,485.00112674236135,9300.343160328826,8815.342033586465,8489.057476418893,26.66132693701145,,
7-331,HEALTH_MONITORING,802.8251106839435,1.0,100,FogNode_9,51,1.0,1349.236560939329,642.6588760499573,9313.16856414158,8670.509688091623,7988.2841348317725,80.7478586683198,,
1-249,GPS_TRACKING,181.295330222354,0.2,200,FogNode_7,141,1.0,1727.0272900361456,440.64625275398697,9315.45658291794,8874.810330163953,8738.872309302365,12.425815156105472,,
2-99,SMART_HOME_CONTROL,899.9236041141057,0.1,150,FogNode_0,32,1.0,1189.2931772946604,239.65283455865242,9322.246353707287,9082.593519148635,8306.066636316526,57.30190311259684,,
1-142,VOICE_ASSISTANT,849.5827034154265,2.0,150,FogNode_2,26,1.0,681.967788340379,238.67156481887264,9325.179504005098,9086.507939186225,7672.257456252479,104.28120007709312,,
0-285,GPS_TRACKING,319.85848430525425,0.2,200,FogNode_4,52,1.0,1758.3565909566523,585.9307832480332,9341.31282462209,8755.382041374056,8548.571768687114,26.645363133544034,,
1-363,HEALTH_MONITORING,455.2926584922387,1.0,100,FogNode_9,50,1.0,1349.236560939329,642.5282696585006,9350.537235526544,8708.008965868044,8281.431773015438,45.79317058149182,,
8-287,SENSOR_DATA_LOGGING,405.58609817538115,0.1,10000,FogNode_1,92,1.0,1597.9384595498836,548.7135198682585,9359.785192060968,8811.07167219271,8539.193932903105,33.5044891001839,,
3-261,E_COMMERCE_TRANSACTION,865.7382892278572,0.5,300,FogNode_3,69,1.0,1899.4436001125757,464.5118627417415,9366.026070423368,8901.514207681626,8396.511162682315,41.10342522613605,,
2-250,SMART_HOME_CONTROL,149.98384838641493,0.1,150,FogNode_3,144,1.0,1899.4436001125757,496.4218815487833,9379.305151291614,8882.88326974283,8782.576542909665,7.120916302289803,,
5-342,HEALTH_MONITORING,959.6431523022896,1.0,100,FogNode_9,31,1.0,1349.236560939329,632.7191040702634,9382.418582776783,8749.69947870652,7946.4727916914235,96.52056045943999,,
3-125,GPS_TRACKING,477.70325866559244,0.2,200,FogNode_0,32,1.0,1189.2931772946604,239.69921959859948,9387.277765203255,9147.578545604654,8722.787177719198,30.417366229185795,,
4-219,GPS_TRACKING,206.32319502978152,0.2,200,FogNode_7,163,1.0,1727.0272900361456,447.48017614613553,9393.264034234535,8945.7838580884,8802.105352063734,14.14120198635459,,
0-314,HEALTH_MONITORING,719.5888649814597,1.0,100,FogNode_9,47,1.0,1349.236560939329,640.9944298061532,9409.539534866135,8768.545105059982,8144.574453598977,72.37598724249975,,
3-313,SENSOR_DATA_LOGGING,131.87380647693993,0.1,10000,FogNode_4,77,1.0,1758.3565909566523,596.3726807397252,9416.311153831975,8819.93847309225,8729.691188066463,10.98556278415734,,
8-270,SENSOR_DATA_LOGGING,71.9031923547118,0.1,10000,FogNode_3,153,1.0,1899.4436001125757,500.1540429823104,9417.160022239323,8917.005979257012,8860.639384778005,3.4138116879505516,,
9-306,GPS_TRACKING,836.7153181035578,0.2,200,FogNode_4,46,1.0,1758.3565909566523,578.7612826131387,9419.349740819805,8840.588458206666,8334.467365927654,69.70139791255767,,
5-131,VOICE_ASSISTANT,441.42865549387506,2.0,150,FogNode_2,25,1.0,681.967788340379,248.17715104061742,9423.946639139798,9175.76948809918,8362.763266129929,54.18272966041077,,
5-246,E_COMMERCE_TRANSACTION,913.1590968259769,0.5,300,FogNode_3,69,1.0,1899.4436001125757,463.6161040076501,9424.81339529326,8961.19729128561,8429.757751333476,43.35486500132577,,
7-254,GPS_TRACKING,113.18713698370027,0.2,200,FogNode_3,133,1.0,1899.4436001125757,493.4137185254746,9425.615698131709,8932.201979606234,8847.912545487809,5.373886172597667,,
8-225,E_COMMERCE_TRANSACTION,622.9211304062009,0.5,300,FogNode_7,102,1.0,1727.0272900361456,425.25126188025865,9437.508853882051,9012.257592001792,8606.508323716267,42.694441239972605,,
4-174,SENSOR_DATA_LOGGING,830.9665504063772,0.1,10000,FogNode_6,59,1.0,816.2509881302752,342.32195210742367,9438.388844691175,9096.06689258375,8060.961459157679,111.96882251697451,,
7-258,SENSOR_DATA_LOGGING,447.8488685766716,0.1,10000,FogNode_3,154,1.0,1899.4436001125757,500.22452326898224,9438.52308828521,8938.298565016228,8685.31336168841,21.262918264327734,,
1-146,VOICE_ASSISTANT,359.48115300210515,2.0,150,FogNode_2,25,1.0,681.967788340379,247.26215663388038,9448.40765349951,9201.145496865629,8502.600237209539,44.124163415114054,,
5-347,HEALTH_MONITORING,808.3520994886496,1.0,100,FogNode_9,51,1.0,1349.236560939329,643.0163408340729,9451.891747625035,8808.875406790963,8122.026570748415,81.3037611991756,,
7-172,SENSOR_DATA_LOGGING,263.659621088786,0.1,10000,FogNode_8,27,1.0,770.9711269175084,353.55856331311287,9453.233835017154,9099.675271704042,8736.018572685789,25.062077719289398,,
7-282,SENSOR_DATA_LOGGING,413.90107263195375,0.1,10000,FogNode_1,91,1.0,1597.9384595498836,548.5832578320145,9459.825054149736,8911.241796317721,8633.988731851752,34.191369080296234,,
2-253,SMART_HOME_CONTROL,469.05558547779776,0.1,150,FogNode_3,152,1.0,1899.4436001125757,499.5131957427981,9477.357177680218,8977.84398193742,8712.797789665845,22.26976838668366,,
7-251,GPS_TRACKING,976.2052010483067,0.2,200,FogNode_3,133,1.0,1899.4436001125757,492.86785896825813,9483.74047127521,8990.872612306952,8454.181835635172,46.34816085406317,,
9-143,VOICE_ASSISTANT,509.42783726422135,2.0,150,FogNode_2,25,1.0,681.967788340379,244.5780214969662,9491.340217892068,9246.762196395102,8331.847593055114,62.52922288675033,,
8-269,SENSOR_DATA_LOGGING,839.8850258946742,0.1,10000,FogNode_3,153,1.0,1899.4436001125757,499.9498336850511,9493.366753354234,8993.416919669184,8534.527039012397,39.87596689434058,,
5-313,GPS_TRACKING,689.1263608115996,0.2,200,FogNode_4,49,1.0,1758.3565909566523,584.9426798594195,9494.839913098052,8909.897233238633,8492.804213111775,57.406706495861215,,
3-252,GPS_TRACKING,530.6326058283427,0.2,200,FogNode_7,159,1.0,1727.0272900361456,446.2999760193161,9521.722355943599,9075.422379924283,8742.811743743587,36.3690706635342,,
0-214,E_COMMERCE_TRANSACTION,920.1563499269588,0.5,300,FogNode_7,75,1.0,1727.0272900361456,414.93115463416456,9522.720243004798,9107.789088370633,8520.705224507774,63.066669753081705,,
9-230,E_COMMERCE_TRANSACTION,147.33777720225785,0.5,300,FogNode_7,100,1.0,1727.0272900361456,424.26375976921884,9522.821794825315,9098.558035056096,8961.864169570073,10.098395710365446,,
0-273,SMART_HOME_CONTROL,797.567359655376,0.1,150,FogNode_1,90,1.0,1597.9384595498836,546.6789030418174,9529.3666705581,8982.687767516283,8463.71832323021,65.88511546241655,,
4-247,GPS_TRACKING,113.13154664637958,0.2,200,FogNode_3,142,1.0,1899.4436001125757,494.8134206118552,9536.917538745782,9042.104118133926,8957.034194823886,5.371246860808196,,
7-159,GPS_TRACKING,565.3377184101774,0.2,200,FogNode_6,54,1.0,816.2509881302752,338.90448028711995,9540.951005538596,9202.046525251477,8485.878519706026,76.17659053046604,,
1-312,SENSOR_DATA_LOGGING,134.00632293524956,0.1,10000,FogNode_1,93,1.0,1597.9384595498836,549.1969081577565,9543.687059056356,8994.490150898599,8892.22115042489,11.069939049534026,,
9-195,SMART_HOME_CONTROL,516.2400179527046,0.1,150,FogNode_6,69,1.0,816.2509881302752,346.6982832026521,9557.596400183893,9210.898116981241,8561.643348671636,69.5609070160985,,
9-176,E_COMMERCE_TRANSACTION,850.9960472288195,0.5,300,FogNode_6,32,1.0,816.2509881302752,307.2053719104708,9560.076211237762,9252.87083932729,8156.215604339779,114.66770272306654,,
4-277,E_COMMERCE_TRANSACTION,258.2084264420066,0.5,300,FogNode_4,42,1.0,1758.3565909566523,564.1858246469972,9563.157605666598,8998.971781019602,8803.98167882205,21.5096913925295,,
0-289,SMART_HOME_CONTROL,285.44773341981124,0.1,150,FogNode_4,72,1.0,1758.3565909566523,595.2668634658218,9581.687536741229,8986.420673275406,8806.551947699929,23.77882371680145,,
8-223,E_COMMERCE_TRANSACTION,341.2568606574758,0.5,300,FogNode_7,100,1.0,1727.0272900361456,424.3074165460576,9590.861873380629,9166.55445683457,8917.701844969639,23.389431300198968,,
5-312,GPS_TRACKING,685.107805354181,0.2,200,FogNode_4,49,1.0,1758.3565909566523,584.0061284005595,9601.236871319843,9017.230742919284,8600.056176474222,57.071946360710264,,
8-145,SMART_HOME_CONTROL,463.9995288654197,0.1,150,FogNode_5,44,1.0,782.8923712617282,282.25962611338593,9609.912603498711,9327.652977385325,8720.688004398142,68.96878652711368,,
8-266,GPS_TRACKING,354.29270414000945,0.2,200,FogNode_3,138,1.0,1899.4436001125757,494.47094809118266,9612.140164622324,9117.669216531142,8906.108643705995,16.82106920068499,,
7-279,GPS_TRACKING,955.9550441999212,0.2,200,FogNode_1,85,1.0,1597.9384595498836,543.7730618967573,9612.25700526355,9068.483943366791,8448.390256715516,78.96913997484297,,
2-230,E_COMMERCE_TRANSACTION,161.15151299013803,0.5,300,FogNode_3,90,1.0,1899.4436001125757,475.2062491717958,9621.758969668283,9146.552720496487,9015.268902072952,7.651133427605008,,
6-206,E_COMMERCE_TRANSACTION,65.74916943492427,0.5,300,FogNode_7,124,1.0,1727.0272900361456,435.97887652799415,9628.932591668785,9192.953715140791,9108.640936318205,4.506387589044986,,
7-111,GPS_TRACKING,637.1540021747808,0.2,200,FogNode_0,31,1.0,1189.2931772946604,237.3862738514019,9631.947080244667,9394.560806393265,8831.696589056473,40.57026255730182,,
3-243,E_COMMERCE_TRANSACTION,190.127816750383,0.5,300,FogNode_7,124,1.0,1727.0272900361456,435.553874117559,9632.91143721099,9197.357563093432,9041.7806633267,13.031185657549019,,
7-133,SENSOR_DATA_LOGGING,615.2638829244644,0.1,10000,FogNode_5,43,1.0,782.8923712617282,279.71359771676697,9634.06058216458,9354.346984447813,8553.239189143209,91.45268639177472,,
5-235,GPS_TRACKING,881.9593585638506,0.2,200,FogNode_7,157,1.0,1727.0272900361456,445.96038990622804,9639.659093363416,9193.698703457188,8658.505047488765,60.44868310325891,,
5-174,SENSOR_DATA_LOGGING,426.5523375097503,0.1,10000,FogNode_6,56,1.0,816.2509881302752,341.4508264230418,9646.202693376033,9304.75186695299,8759.661729282418,57.475915185121394,,
0-168,GPS_TRACKING,80.90889700887152,0.2,200,FogNode_6,47,1.0,816.2509881302752,337.66582141726104,9659.198782830848,9321.532961413588,9194.983934798016,10.902092177838137,,
8-290,SENSOR_DATA_LOGGING,78.6468772902725,0.1,10000,FogNode_1,97,1.0,1597.9384595498836,550.2665158173758,9661.474718761994,9111.20820294462,9043.763530484752,6.496828798594607,,
9-272,SMART_HOME_CONTROL,428.79350766732534,0.1,150,FogNode_3,165,1.0,1899.4436001125757,505.74741917577956,9664.269989978902,9158.522570803123,8918.254973154646,20.358209980034438,,
0-315,HEALTH_MONITORING,766.6897115674477,1.0,100,FogNode_9,59,1.0,1349.236560939329,644.9246167085473,9680.166814448243,9035.242197739695,8380.079523628268,77.1133733215718,,
8-144,SENSOR_DATA_LOGGING,593.5432018764544,0.1,10000,FogNode_5,44,1.0,782.8923712617282,282.1404240261329,9682.593700013751,9400.453275987618,8628.555652180454,88.22412920317849,,
0-235,E_COMMERCE_TRANSACTION,392.00827061584516,0.5,300,FogNode_3,71,1.0,1899.4436001125757,466.78017057719273,9690.121050615715,9223.340880038522,8962.980020285479,18.611724628301015,,
3-293,SMART_HOME_CONTROL,986.3567692410192,0.1,150,FogNode_1,91,1.0,1597.9384595498836,547.5759016710102,9691.046267480462,9143.470365809451,8507.07841869653,81.48055313680446,,
9-138,GPS_TRACKING,442.2319290780888,0.2,200,FogNode_0,32,1.0,1189.2931772946604,240.10338714732316,9694.090687401402,9453.987300254079,9055.046717199039,28.15875818511853,,
7-228,GPS_TRACKING,726.9915676653167,0.2,200,FogNode_7,151,1.0,1727.0272900361456,443.941881502204,9713.557055267078,9269.615173764874,8820.81560029322,49.82733327315856,,
6-216,GPS_TRACKING,889.2922056201246,0.2,200,FogNode_7,169,1.0,1727.0272900361456,450.39635351279657,9715.277938794703,9264.881585281906,8728.8350876059,60.951269694857814,,
1-348,VOICE_ASSISTANT,423.20419093744147,2.0,150,FogNode_9,26,1.0,1349.236560939329,619.1603812396795,9723.201499853809,9104.04111861413,8622.245676109305,42.56572414450838,,
3-343,HEALTH_MONITORING,754.1423399083408,1.0,100,FogNode_9,49,1.0,1349.236560939329,641.6931367555867,9744.889963180607,9103.19682642502,8450.963034665003,75.85136322758595,,
4-239,E_COMMERCE_TRANSACTION,258.6737957449152,0.5,300,FogNode_3,100,1.0,1899.4436001125757,477.3698944284354,9748.324148042302,9270.954253613867,9089.006119507212,12.28128541114292,,
4-136,SENSOR_DATA_LOGGING,90.35170171377341,0.1,10000,FogNode_5,43,1.0,782.8923712617282,278.60985740989145,9749.46814651236,9470.858289102467,9336.48848503055,13.4298567998462,,
6-204,E_COMMERCE_TRANSACTION,407.9131208837,0.5,300,FogNode_7,115,1.0,1727.0272900361456,431.9874689199214,9758.914032898623,9326.9265639787,9042.721791482167,27.957990057628024,,
8-329,HEALTH_MONITORING,702.8921548243463,1.0,100,FogNode_9,76,1.0,1349.236560939329,651.2418881471975,9763.797619799563,9112.555731652366,8499.722906530404,70.69663818621041,,
1-198,SENSOR_DATA_LOGGING,924.0501518245095,0.1,10000,FogNode_6,62,1.0,816.2509881302752,344.26743529016824,9799.02651603444,9454.759080744272,8305.550194768697,124.5113986788316,,
6-283,VOICE_ASSISTANT,177.2269418203951,2.0,150,FogNode_9,26,1.0,1349.236560939329,622.4030072592196,9811.520312382669,9189.11730512345,8884.920417617563,17.82542157673695,,
5-200,HEALTH_MONITORING,93.93507705598314,1.0,100,FogNode_7,64,1.0,1727.0272900361456,392.75512215511316,9813.305227292556,9420.550105137443,9271.42654680186,6.438223768591312,,
6-269,SENSOR_DATA_LOGGING,408.8232463078237,0.1,10000,FogNode_4,85,1.0,1758.3565909566523,599.5594728017713,9814.190573048216,9214.631100246444,8967.628241930292,34.05644805379119,,
6-308,HEALTH_MONITORING,625.77101335929,1.0,100,FogNode_9,97,1.0,1349.236560939329,657.7391932683291,9814.333601171746,9156.594407903416,8604.847936860067,62.93982172832128,,
3-298,SENSOR_DATA_LOGGING,248.81419878688382,0.1,10000,FogNode_1,99,1.0,1597.9384595498836,551.8468244197895,9817.184218899421,9265.337394479631,9092.837052696024,20.5539407014423,,
8-179,SMART_HOME_CONTROL,216.27173587366312,0.1,150,FogNode_6,76,1.0,816.2509881302752,351.4355448089084,9822.553795664737,9471.118250855829,9192.702251892233,29.141596129993076,,
8-224,E_COMMERCE_TRANSACTION,522.1383750625565,0.5,300,FogNode_7,102,1.0,1727.0272900361456,424.6479258487838,9824.055954303603,9399.40802845482,9043.039411141015,35.786883900866286,,
1-294,E_COMMERCE_TRANSACTION,760.7786553936133,0.5,300,FogNode_1,49,1.0,1597.9384595498836,521.309565918898,9835.885288936985,9314.575723018086,8792.189344963012,62.84608935552289,,
6-303,HEALTH_MONITORING,710.9314654070821,1.0,100,FogNode_9,77,1.0,1349.236560939329,651.2891844265677,9840.08243972774,9188.793255301172,8567.732769968045,71.50522913097102,,
9-141,VOICE_ASSISTANT,707.0578029177587,2.0,150,FogNode_2,25,1.0,681.967788340379,243.2683885686609,9855.646812376677,9612.378423808017,8402.18460515385,86.7871202129253,,
0-252,SMART_HOME_CONTROL,845.990262702166,0.1,150,FogNode_3,158,1.0,1899.4436001125757,502.0529790725215,9870.201856762727,9368.148877690206,8905.749407838113,40.165830641534214,,
2-207,E_COMMERCE_TRANSACTION,430.5884962384651,0.5,300,FogNode_7,109,1.0,1727.0272900361456,429.7962680156811,9882.234941664388,9452.438673648707,9148.983255676574,29.5121394248955,,
3-140,SENSOR_DATA_LOGGING,598.8123226769569,0.1,10000,FogNode_0,54,1.0,1189.2931772946604,259.99949485775994,9890.78046252731,9630.780967669549,9111.71553740901,38.128887318654364,,
0-219,E_COMMERCE_TRANSACTION,998.5716426864358,0.5,300,FogNode_7,97,1.0,1727.0272900361456,423.4131196474356,9893.65916746745,9470.246047820014,8841.17976223386,68.44118178296198,,
1-267,E_COMMERCE_TRANSACTION,762.7373477405343,0.5,300,FogNode_3,75,1.0,1899.4436001125757,467.6942512142353,9894.925055846252,9427.230804632016,8972.14263710474,36.213158098847764,,
2-243,GPS_TRACKING,920.5472794710324,0.2,200,FogNode_3,131,1.0,1899.4436001125757,491.4982457459118,9901.80051349501,9410.302267749099,8898.467497640215,43.70564030685017,,
8-205,HEALTH_MONITORING,460.5230560103656,1.0,100,FogNode_7,64,1.0,1727.0272900361456,394.15067267321643,9906.315595358083,9512.164922684866,9154.880331439404,31.563826614239133,,
9-346,HEALTH_MONITORING,720.3642734302689,1.0,100,FogNode_9,82,1.0,1349.236560939329,652.4765789720121,9916.323677172355,9263.847098200344,8635.512597017321,72.45397754325322,,
9-148,VOICE_ASSISTANT,634.7258460339473,2.0,150,FogNode_2,25,1.0,681.967788340379,249.1225395281834,9917.369609382384,9668.2470698542,8567.180030751653,77.90880473234267,,
2-113,GPS_TRACKING,248.49188548038714,0.2,200,FogNode_5,41,1.0,782.8923712617282,268.98180000436804,9927.314962497192,9658.333162492823,9313.316847166327,36.9357784593519,,
8-304,SENSOR_DATA_LOGGING,205.80666363909805,0.1,10000,FogNode_4,63,1.0,1758.3565909566523,593.2577331005241,9931.2354686613,9337.977735560777,9199.45395165838,17.144435921022836,,
6-109,SENSOR_DATA_LOGGING,313.1919760720502,0.1,10000,FogNode_0,55,1.0,1189.2931772946604,261.2390430543721,9957.43363937602,9696.194596321648,9414.479965620614,19.942244193261367,,
4-315,VOICE_ASSISTANT,323.1563956954717,2.0,150,FogNode_9,28,1.0,1349.236560939329,629.0293391624634,9962.712053489038,9333.682714326575,8926.524142658605,32.50295315894067,,
8-135,VOICE_ASSISTANT,73.06866615103951,2.0,150,FogNode_2,35,1.0,681.967788340379,266.1608493353753,9962.790679580226,9696.62983024485,9418.299439347376,8.968742140854319,,
0-208,HEALTH_MONITORING,430.1211391583066,1.0,100,FogNode_7,64,1.0,1727.0272900361456,395.53852526252547,9964.330829643524,9568.792304380999,9228.167014364977,29.48010720055291,,
9-314,SENSOR_DATA_LOGGING,711.7494751478357,0.1,10000,FogNode_4,59,1.0,1758.3565909566523,591.6627782847705,9967.938682956843,9376.275904672073,8949.920705008433,59.2912933562348,,
6-181,HEALTH_MONITORING,440.8660990353007,1.0,100,FogNode_7,64,1.0,1727.0272900361456,399.55963698358187,9968.831596427382,9569.2719594438,9227.343279929732,30.216556866010627,,
3-181,GPS_TRACKING,435.5366502033151,0.2,200,FogNode_6,47,1.0,816.2509881302752,335.88950691455113,9971.970618602367,9636.081111687816,9073.604335467353,58.68650893637505,,
2-256,SENSOR_DATA_LOGGING,581.0212056351572,0.1,10000,FogNode_3,165,1.0,1899.4436001125757,505.92214013311735,9996.01126267609,9490.089122542971,9164.833623604214,27.585659520643556,,
9-332,VOICE_ASSISTANT,277.9116704908446,2.0,150,FogNode_9,29,1.0,1349.236560939329,630.0113273935616,10020.310579958448,9390.299252564886,9009.87564950904,27.952255095700252,,
8-260,E_COMMERCE_TRANSACTION,59.80346811148068,0.5,300,FogNode_3,116,1.0,1899.4436001125757,485.04666533795364,10027.495992261078,9542.449326923124,9462.991409543854,2.839342339792128,,
9-338,VOICE_ASSISTANT,291.67707848881895,2.0,150,FogNode_9,39,1.0,1349.236560939329,636.007958952371,10027.69965923179,9391.69170027942,9007.28982117795,29.336774843201997,,
2-434,SMART_HOME_CONTROL,55.11772002566136,0.1,150,FogNode_2,97,1.0,681.967788340379,877.9612594747605,10043.61226817724,9165.65100870248,9067.788475360569,6.765370771653623,,
7-160,SMART_HOME_CONTROL,975.9737645247843,0.1,150,FogNode_6,56,1.0,816.2509881302752,340.43151050336706,10043.777179049332,9703.345668545964,8486.344437023221,131.5078605364527,,
1-202,GPS_TRACKING,613.1667065543651,0.2,200,FogNode_8,27,1.0,770.9711269175084,352.40226211986254,10048.526934841251,9696.12467272139,8877.217493679273,58.28435765433864,,
9-310,GPS_TRACKING,978.3585079730759,0.2,200,FogNode_4,52,1.0,1758.3565909566523,586.7445504065608,10051.244975077427,9464.500424670867,8882.032702134733,81.50078550005409,,
0-309,VOICE_ASSISTANT,413.2026540613305,2.0,150,FogNode_9,30,1.0,1349.236560939329,631.3461717100282,10070.04684697264,9438.700675262611,8961.952457028437,41.55977319032088,,
6-146,SENSOR_DATA_LOGGING,353.37166003348636,0.1,10000,FogNode_6,70,1.0,816.2509881302752,348.17790320188595,10079.123039166889,9730.945135965003,9280.726998143631,47.615164130816545,,
5-293,SENSOR_DATA_LOGGING,880.1292018293516,0.1,10000,FogNode_1,97,1.0,1597.9384595498836,550.304089763372,10080.157094663213,9529.85300489984,8961.72995274586,72.70535006526265,,
6-256,SENSOR_DATA_LOGGING,420.2579977343564,0.1,10000,FogNode_1,94,1.0,1597.9384595498836,549.3634931367426,10080.184333342337,9530.820840205593,9247.23195734555,34.71649932702386,,
5-324,SENSOR_DATA_LOGGING,842.6317438532283,0.1,10000,FogNode_4,83,1.0,1758.3565909566523,598.9011945494143,10080.452377541358,9481.551182991943,8986.981756326843,70.19425747479511,,
7-203,HEALTH_MONITORING,808.760460831762,1.0,100,FogNode_7,64,1.0,1727.0272900361456,392.3184058538931,10097.228874824123,9704.910468970229,9146.674787911239,55.431697989885855,,
6-282,VOICE_ASSISTANT,871.2047087003184,2.0,150,FogNode_9,26,1.0,1349.236560939329,621.9943987116797,10097.593720075138,9475.599321363457,8660.642135348298,87.62545385429856,,
0-253,SENSOR_DATA_LOGGING,669.0326440021903,0.1,10000,FogNode_3,163,1.0,1899.4436001125757,503.66747627848844,10100.549738716612,9596.882262438125,9222.505091354093,31.764256702928865,,
5-253,E_COMMERCE_TRANSACTION,869.5808623655757,0.5,300,FogNode_3,102,1.0,1899.4436001125757,478.1539989950879,10122.078193557065,9643.924194561978,9139.773811505635,41.28586248183724,,
2-185,HEALTH_MONITORING,400.604406879608,1.0,100,FogNode_7,65,1.0,1727.0272900361456,405.65890800909636,10125.620995280386,9719.96208727129,9402.412440898892,27.457057523225163,,
0-312,VOICE_ASSISTANT,83.97274534940505,2.0,150,FogNode_9,40,1.0,1349.236560939329,638.4214161758534,10132.284076366233,9493.86266019038,9259.761556532028,8.445948293381127,,
2-184,HEALTH_MONITORING,552.2248814237315,1.0,100,FogNode_7,64,1.0,1727.0272900361456,402.57528707774827,10133.059804773595,9730.484517695846,9324.970836562068,37.848985369659964,,
9-219,HEALTH_MONITORING,538.5993025019774,1.0,100,FogNode_7,64,1.0,1727.0272900361456,395.7401054971489,10135.920917648047,9740.180812150898,9335.089325129886,36.9151007248156,,
3-279,SMART_HOME_CONTROL,463.6088469366443,0.1,150,FogNode_3,167,1.0,1899.4436001125757,507.83237166271647,10139.001187882584,9631.168816219868,9364.256204310357,22.011168746193814,,
9-289,SENSOR_DATA_LOGGING,953.9307361876167,0.1,10000,FogNode_1,99,1.0,1597.9384595498836,551.8080956573287,10140.662950390948,9588.85485473362,8975.46256911989,78.80191677355776,,
9-273,SMART_HOME_CONTROL,991.7284612662314,0.1,150,FogNode_3,167,1.0,1899.4436001125757,506.57702883760544,10143.874214999838,9637.297186162232,9097.43152914244,47.085172458577496,,
7-166,GPS_TRACKING,270.6438594604325,0.2,200,FogNode_6,67,1.0,816.2509881302752,345.86171450527115,10154.123206784687,9808.261492279416,9453.952359432347,36.467983278525956,,
6-183,HEALTH_MONITORING,437.15395397831014,1.0,100,FogNode_7,64,1.0,1727.0272900361456,401.93733522293,10159.440694480958,9757.503359258028,9413.629241707165,29.962129858683728,,
9-271,GPS_TRACKING,553.8993912323172,0.2,200,FogNode_3,146,1.0,1899.4436001125757,497.1977306013728,10161.813248224675,9664.615517623302,9342.490698448912,26.297973063690662,,
2-183,HEALTH_MONITORING,401.1529731782675,1.0,100,FogNode_7,64,1.0,1727.0272900361456,401.63770835803024,10196.61029360606,9794.97258524803,9471.318202581113,27.49465575269777,,
3-193,GPS_TRACKING,610.1375311999698,0.2,200,FogNode_8,27,1.0,770.9711269175084,350.91395275826596,10244.622137247638,9893.708184489371,9077.176331547997,57.99642039703808,,
2-188,HEALTH_MONITORING,219.99470735612616,1.0,100,FogNode_7,70,1.0,1727.0272900361456,409.5937589750426,10253.004452754021,9843.410693778978,9630.288398549088,15.078234864494492,,
4-270,SMART_HOME_CONTROL,899.3586529957195,0.1,150,FogNode_1,99,1.0,1597.9384595498836,550.9970551903184,10253.870603812573,9702.873548622254,9122.175694845488,74.29384863536772,,
9-150,VOICE_ASSISTANT,639.103510646899,2.0,150,FogNode_2,28,1.0,681.967788340379,253.8149386009915,10262.3256882878,10008.510749686808,8904.589359267235,78.44613690440599,,
1-316,SMART_HOME_CONTROL,317.9381310164731,0.1,150,FogNode_1,102,1.0,1597.9384595498836,554.0198683549952,10279.124789017369,9725.104920662374,9509.612387798656,26.264101982529088,,
1-274,E_COMMERCE_TRANSACTION,502.0375712472898,0.5,300,FogNode_3,115,1.0,1899.4436001125757,484.42065101931695,10291.803693325503,9807.383042306186,9494.057143100164,23.83568340136426,,
7-246,E_COMMERCE_TRANSACTION,747.2793884601665,0.5,300,FogNode_3,116,1.0,1899.4436001125757,484.7111337788098,10295.220664751872,9810.509530973062,9370.472118315967,35.47924684490988,,
6-293,VOICE_ASSISTANT,449.87783115505016,2.0,150,FogNode_9,34,1.0,1349.236560939329,633.9364671452213,10296.143450309362,9662.206983164142,9155.401816940976,45.24854921038877,,
9-342,VOICE_ASSISTANT,222.6952245590009,2.0,150,FogNode_9,55,1.0,1349.236560939329,644.0269023553301,10297.336841022983,9653.309938667653,9316.461197546863,22.398604975722,,
6-258,SENSOR_DATA_LOGGING,357.86953165751885,0.1,10000,FogNode_1,109,1.0,1597.9384595498836,556.5016723013516,10304.141350910038,9747.639678608686,9509.614235853027,29.562738655609717,,
6-150,SENSOR_DATA_LOGGING,197.2484000315616,0.1,10000,FogNode_6,77,1.0,816.2509881302752,351.6173430642684,10320.774691538401,9969.157348474133,9709.241857361949,26.578291369358126,,
3-314,SENSOR_DATA_LOGGING,480.1222670158508,0.1,10000,FogNode_4,85,1.0,1758.3565909566523,599.3909083139656,10324.296681133612,9724.905772819646,9434.97838825268,39.99591313303671,,
3-339,VOICE_ASSISTANT,412.0641448662732,2.0,150,FogNode_9,40,1.0,1349.236560939329,638.7166513448957,10325.71598979955,9686.999338454654,9211.689036564714,41.44526234810675,,
6-287,VOICE_ASSISTANT,784.1992174753032,2.0,150,FogNode_9,28,1.0,1349.236560939329,629.1436597388424,10326.106956684955,9696.963296946113,8944.621896681712,78.87447307989292,,
5-170,GPS_TRACKING,970.4826150705891,0.2,200,FogNode_6,47,1.0,816.2509881302752,335.51896194536266,10334.9514781659,9999.432516220537,8781.575015514056,130.76795405243084,,
8-289,SENSOR_DATA_LOGGING,804.2965911038772,0.1,10000,FogNode_1,94,1.0,1597.9384595498836,549.6484842108553,10339.219185369038,9789.570701158184,9265.805820475129,66.44100103821216,,
7-283,GPS_TRACKING,327.89078306001187,0.2,200,FogNode_1,95,1.0,1597.9384595498836,549.8590409838783,10345.859077375948,9796.00003639207,9569.79189370051,27.08626655722927,,
2-322,VOICE_ASSISTANT,703.3272289011733,2.0,150,FogNode_9,46,1.0,1349.236560939329,639.7836906669085,10361.360360340506,9721.576669673597,9033.532772964032,70.74039777917572,,
1-324,E_COMMERCE_TRANSACTION,720.6506232831745,0.5,300,FogNode_4,42,1.0,1758.3565909566523,568.5640251990794,10377.781957631349,9809.21793243227,9351.913334461688,60.03279103726935,,
7-245,E_COMMERCE_TRANSACTION,496.4527265274682,0.5,300,FogNode_3,115,1.0,1899.4436001125757,483.79288338546576,10383.445641633989,9899.652758248523,9586.13460529776,23.5705267712405,,
6-267,GPS_TRACKING,799.5805978491602,0.2,200,FogNode_4,50,1.0,1758.3565909566523,585.079561433876,10385.967234653168,9800.887673219291,9315.613759570544,66.60794204193988,,
0-226,HEALTH_MONITORING,500.1632627442604,1.0,100,FogNode_3,67,1.0,1899.4436001125757,447.4687008709718,10407.19514893787,9959.726448066898,9605.628954787655,23.74669519284493,,
4-126,SENSOR_DATA_LOGGING,941.0189419505153,0.1,10000,FogNode_0,47,1.0,1189.2931772946604,256.9922009041765,10423.189273436335,10166.197072532159,9354.677515623234,59.91861530496067,,
4-269,SENSOR_DATA_LOGGING,201.45938913144965,0.1,10000,FogNode_1,95,1.0,1597.9384595498836,549.8179775389252,10430.215911496181,9880.397933957256,9732.401232798042,16.64207411854056,,
1-169,SMART_HOME_CONTROL,597.4588091180203,0.1,150,FogNode_5,43,1.0,782.8923712617282,280.0286286284476,10445.736669659938,10165.70804103149,9384.255623304722,88.80614419062452,,
2-210,E_COMMERCE_TRANSACTION,980.5672843610519,0.5,300,FogNode_7,120,1.0,1727.0272900361456,435.01987823781,10450.012468990277,10014.992590752467,9392.303236333912,67.20717962592282,,
3-275,E_COMMERCE_TRANSACTION,81.7620827021487,0.5,300,FogNode_3,131,1.0,1899.4436001125757,490.3366625198923,10450.240429512298,9959.903766992406,9863.523680439128,3.881890976172828,,
3-138,VOICE_ASSISTANT,654.2067058061523,2.0,150,FogNode_2,31,1.0,681.967788340379,258.4453311421603,10450.632895627206,10192.187564485046,9058.429795113116,80.29996385953802,,
8-159,E_COMMERCE_TRANSACTION,338.65029686182663,0.5,300,FogNode_6,34,1.0,816.2509881302752,319.41566438866295,10458.662185972935,10139.246521584271,9674.174528019219,45.63152989262803,,
4-319,VOICE_ASSISTANT,732.6838546545733,2.0,150,FogNode_9,34,1.0,1349.236560939329,633.5037431640684,10459.359550840412,9825.855807676344,9109.56705704905,73.6930765578637,,
9-224,HEALTH_MONITORING,469.7301307205689,1.0,100,FogNode_7,68,1.0,1727.0272900361456,408.25824750507013,10468.597964808834,10060.339717303765,9694.318656092117,32.194871045097464,,
7-207,HEALTH_MONITORING,866.2175039452909,1.0,100,FogNode_7,64,1.0,1727.0272900361456,404.3281856821654,10470.397210904246,10066.069025222081,9475.334914891491,59.3697508689614,,
0-274,GPS_TRACKING,228.9839754707025,0.2,200,FogNode_1,91,1.0,1597.9384595498836,548.0074756825148,10482.518806266331,9934.511330583817,9767.365592846169,18.9158137933945,,
9-227,HEALTH_MONITORING,616.0109830197575,1.0,100,FogNode_7,70,1.0,1727.0272900361456,411.3402441416155,10489.748426067394,10078.408181925779,9635.63331197058,42.22082609489369,,
3-312,GPS_TRACKING,259.12354054187085,0.2,200,FogNode_4,56,1.0,1758.3565909566523,590.9265513049744,10533.334123641762,9942.407572336788,9769.072264169787,21.585923691173917,,
8-216,HEALTH_MONITORING,487.00284297571915,1.0,100,FogNode_7,75,1.0,1727.0272900361456,415.2985806465406,10534.993536415535,10119.694955768995,9750.154147351393,33.37872685353919,,
3-135,VOICE_ASSISTANT,760.6350323543587,2.0,150,FogNode_2,28,1.0,681.967788340379,252.100662482864,10539.299952535175,10287.199290052311,9002.747453238053,93.36340497012856,,
1-286,GPS_TRACKING,851.5505476084849,0.2,200,FogNode_3,170,1.0,1899.4436001125757,508.8605888729265,10548.8655231695,10040.004934296572,9565.605265680897,40.4298212235919,,
7-168,SENSOR_DATA_LOGGING,474.87543754782513,0.1,10000,FogNode_6,72,1.0,816.2509881302752,348.8607653742694,10553.746866905094,10204.886101530825,9602.865795990532,63.98722494721369,,
5-244,HEALTH_MONITORING,214.0037760570918,1.0,100,FogNode_3,66,1.0,1899.4436001125757,456.9498117033085,10562.906989364039,10105.95717766073,9905.764597469693,10.160447235294114,,
8-291,SMART_HOME_CONTROL,355.12381672354337,0.1,150,FogNode_1,100,1.0,1597.9384595498836,552.3285634993042,10568.097809162638,10015.769245663334,9773.438990187138,29.335921768908108,,
4-246,E_COMMERCE_TRANSACTION,520.3714523154772,0.5,300,FogNode_3,133,1.0,1899.4436001125757,493.2348024489194,10569.180603485845,10075.945801036925,9752.720599106346,24.706137346820718,,
1-234,HEALTH_MONITORING,825.7400286395256,1.0,100,FogNode_7,64,1.0,1727.0272900361456,401.2574152990533,10575.356831112667,10174.099415813615,9603.402646803155,56.595461947573355,,
8-240,HEALTH_MONITORING,835.3648092016034,1.0,100,FogNode_3,67,1.0,1899.4436001125757,449.1561852129564,10578.795667251223,10129.639482038267,9600.999629858938,39.661356554054855,,
6-296,VOICE_ASSISTANT,746.0765347778398,2.0,150,FogNode_9,36,1.0,1349.236560939329,635.3909400912813,10580.661650017473,9945.270709926192,9218.55892627262,75.0401074708134,,
1-313,SENSOR_DATA_LOGGING,491.754296416428,0.1,10000,FogNode_1,97,1.0,1597.9384595498836,550.372132236529,10586.867739615696,10036.495607379167,9707.900033050468,40.62263607745346,,
7-215,HEALTH_MONITORING,273.2217346499017,1.0,100,FogNode_7,74,1.0,1727.0272900361456,414.37648996725426,10608.215953223687,10193.839463256432,9946.69182500613,18.72636635056343,,
1-318,SMART_HOME_CONTROL,296.4295041709154,0.1,150,FogNode_1,112,1.0,1597.9384595498836,557.4675897904268,10615.72337106031,10058.255781269883,9857.088453024096,24.487326208041623,,
0-229,HEALTH_MONITORING,618.4697873687743,1.0,100,FogNode_3,66,1.0,1899.4436001125757,456.1403925595272,10617.409458788672,10161.269066229144,9749.337475896831,29.363639076665535,,
2-242,E_COMMERCE_TRANSACTION,890.2564547122261,0.5,300,FogNode_3,131,1.0,1899.4436001125757,490.4710428371737,10630.506530120207,10140.035487283032,9619.514697795854,42.26749593227013,,
9-317,SMART_HOME_CONTROL,989.3087601374183,0.1,150,FogNode_4,90,1.0,1758.3565909566523,600.8826492943733,10643.084988711073,10042.202339416699,9464.0687521881,82.4129809228409,,
7-212,HEALTH_MONITORING,904.9292591213659,1.0,100,FogNode_7,69,1.0,1727.0272900361456,408.6467382529279,10659.90178601199,10251.255047759061,9635.463541390405,62.023018956983044,,
4-294,GPS_TRACKING,84.53585039096471,0.2,200,FogNode_4,53,1.0,1758.3565909566523,589.0914688290934,10691.161613683355,10102.07014485426,10025.645606909522,7.042140640298169,,
0-249,E_COMMERCE_TRANSACTION,248.79594328208225,0.5,300,FogNode_3,142,1.0,1899.4436001125757,495.0747207523649,10700.164194294932,10205.089473542566,10021.07099441249,11.812305841736352,,
9-255,HEALTH_MONITORING,133.19943894498832,1.0,100,FogNode_3,67,1.0,1899.4436001125757,461.688993211446,10700.63203368193,10238.943040470484,10079.060335333685,6.324027996638169,,
3-192,SENSOR_DATA_LOGGING,298.7854964658443,0.1,10000,FogNode_6,72,1.0,816.2509881302752,349.4485026073119,10700.997585075063,10351.54908246775,9963.651606017858,40.25993610461157,,
3-253,E_COMMERCE_TRANSACTION,940.7390302202858,0.5,300,FogNode_7,165,1.0,1727.0272900361456,448.6647320261924,10704.156481919728,10255.491749893536,9657.99179932184,64.47738772595181,,
5-141,SENSOR_DATA_LOGGING,747.4777661710074,0.1,10000,FogNode_5,42,1.0,782.8923712617282,277.0661675321588,10704.232547864685,10427.166380332526,9451.037051708112,111.10492852195232,,
2-151,SMART_HOME_CONTROL,854.6570752465826,0.1,150,FogNode_6,72,1.0,816.2509881302752,348.6570180707861,10706.25059370128,10357.593575630493,9292.504155746306,115.1610089772715,,
4-127,SENSOR_DATA_LOGGING,978.4769204118644,0.1,10000,FogNode_0,54,1.0,1189.2931772946604,259.94165474672775,10713.51865618083,10453.577001434101,9610.65390391665,62.30372159928763,,
7-163,SMART_HOME_CONTROL,959.8081706121409,0.1,150,FogNode_6,63,1.0,816.2509881302752,344.0725401922768,10716.824829361709,10372.752289169432,9176.143593221159,129.3296230191891,,
7-219,HEALTH_MONITORING,107.75825897974741,1.0,100,FogNode_7,81,1.0,1727.0272900361456,417.8717611674576,10722.297012538776,10304.425251371318,10151.303184121338,7.385651941414346,,
6-108,SENSOR_DATA_LOGGING,357.78303423532475,0.1,10000,FogNode_0,55,1.0,1189.2931772946604,260.524862052676,10724.02597297008,10463.501110917403,10140.285470399182,22.781543532537448,,
6-255,GPS_TRACKING,753.4258923300172,0.2,200,FogNode_1,88,1.0,1597.9384595498836,544.7571961392521,10725.369295033915,10180.612098894664,9682.917487757772,62.23869533726449,,
4-299,SENSOR_DATA_LOGGING,349.23370363699735,0.1,10000,FogNode_4,87,1.0,1758.3565909566523,600.1542997604804,10731.94782090495,10131.79352114447,9916.024672157677,29.092424645518253,,
0-137,VOICE_ASSISTANT,560.2434638537964,2.0,150,FogNode_2,39,1.0,681.967788340379,268.61640408373074,10738.879764894555,10470.263360810824,9479.058166517163,68.76653739671768,,
7-334,VOICE_ASSISTANT,867.5458124897198,2.0,150,FogNode_9,62,1.0,1349.236560939329,646.4008826196471,10740.583865469463,10094.182982849816,9285.4835337602,87.25744339951373,,
8-183,GPS_TRACKING,534.8245618194792,0.2,200,FogNode_8,27,1.0,770.9711269175084,355.12337553461674,10742.229387691608,10387.106012156992,9672.351517517267,50.837571104568255,,
2-221,HEALTH_MONITORING,85.47077374756057,1.0,100,FogNode_3,69,1.0,1899.4436001125757,463.25712518473176,10745.161989303162,10281.90486411843,10147.103611703595,4.057971792937773,,
5-134,GPS_TRACKING,948.703372210298,0.2,200,FogNode_0,46,1.0,1189.2931772946604,254.415124802682,10755.137174822476,10500.722050019793,9676.467567497284,60.407915147979054,,
5-214,HEALTH_MONITORING,497.20654995895313,1.0,100,FogNode_7,75,1.0,1727.0272900361456,414.5313427534753,10756.495297310481,10341.963954557006,9964.900036397925,34.07807954356836,,
5-348,VOICE_ASSISTANT,624.1735844568414,2.0,150,FogNode_9,52,1.0,1349.236560939329,643.3348183025669,10758.75586574991,10115.421047447344,9479.464516665255,62.77915290826192,,
9-250,HEALTH_MONITORING,271.0131517224804,1.0,100,FogNode_3,66,1.0,1899.4436001125757,455.6831545827498,10760.089742481443,10304.406587898693,10067.07540618613,12.867131967860288,,
1-159,GPS_TRACKING,62.147955385128256,0.2,200,FogNode_5,42,1.0,782.8923712617282,271.43535887983063,10783.615050066066,10512.179691186235,10404.282718114315,9.237658233262351,,
9-316,SENSOR_DATA_LOGGING,810.0790500390848,0.1,10000,FogNode_4,84,1.0,1758.3565909566523,599.2744950327823,10784.999051861698,10185.724556828916,9707.643006651224,67.4825009005185,,
5-267,E_COMMERCE_TRANSACTION,94.46263700542468,0.5,300,FogNode_3,154,1.0,1899.4436001125757,501.27646288180244,10794.893730219199,10293.617267337397,10190.272289254493,4.48488646641594,,
1-237,HEALTH_MONITORING,478.9563795003265,1.0,100,FogNode_7,70,1.0,1727.0272900361456,410.9374059994129,10812.32347918112,10401.386073181706,10030.072344047063,32.827229649044426,,
8-245,HEALTH_MONITORING,447.5051473268583,1.0,100,FogNode_3,66,1.0,1899.4436001125757,457.05485391610466,10814.393685165698,10357.338831249594,10029.67745590653,21.24659910544782,,
4-298,SMART_HOME_CONTROL,768.5288715387844,0.1,150,FogNode_4,84,1.0,1758.3565909566523,599.2115385265023,10814.854207646722,10215.64266912022,9760.955178020295,64.02122146374262,,
3-477,SENSOR_DATA_LOGGING,383.2865222371141,0.1,10000,FogNode_2,97,1.0,681.967788340379,882.7990722913332,10824.355931930057,9941.556859638724,9359.178201189894,47.04613023732604,,
9-152,VOICE_ASSISTANT,939.3501398570388,2.0,150,FogNode_2,28,1.0,681.967788340379,255.304103460117,10825.818956375,10570.514852914883,9024.16020139462,115.29961648592884,,
3-236,HEALTH_MONITORING,130.01309928633265,1.0,100,FogNode_7,83,1.0,1727.0272900361456,419.1009132895358,10831.776736136853,10412.675822847317,10246.411911999572,8.910978223338493,,
2-201,HEALTH_MONITORING,236.67220749511583,1.0,100,FogNode_7,89,1.0,1727.0272900361456,420.0867251403089,10841.196706391318,10421.10998125101,10195.440379533504,16.221295382042545,,
2-154,SENSOR_DATA_LOGGING,234.8953669948979,0.1,10000,FogNode_6,78,1.0,816.2509881302752,352.1732136124598,10841.520321897113,10489.347108284654,10182.234087786066,31.65104256512979,,
5-263,E_COMMERCE_TRANSACTION,870.8973806750121,0.5,300,FogNode_3,142,1.0,1899.4436001125757,494.9249123033667,10841.946952556511,10347.022040253145,9840.443452855237,41.34836799021555,,
7-148,E_COMMERCE_TRANSACTION,113.03888333196315,0.5,300,FogNode_6,34,1.0,816.2509881302752,321.70025376322775,10844.736041162596,10523.035787399369,10333.650020543178,15.231456259128425,,
0-218,HEALTH_MONITORING,228.2415432357695,1.0,100,FogNode_7,78,1.0,1727.0272900361456,416.6989636228302,10854.455632470597,10437.756668847767,10213.528530641452,15.643465409249865,,
1-266,HEALTH_MONITORING,149.01011243360836,1.0,100,FogNode_3,71,1.0,1899.4436001125757,466.8327776950255,10873.3430784519,10406.510300756874,10239.172197906675,7.074685376126328,,
7-216,HEALTH_MONITORING,72.23122942847995,1.0,100,FogNode_7,78,1.0,1727.0272900361456,416.23749221993785,10873.600759326995,10457.363267107057,10320.86105172879,4.950662018021855,,
0-438,SENSOR_DATA_LOGGING,173.55548422271136,0.1,10000,FogNode_9,198,1.0,1349.236560939329,903.7809490963696,10887.388226632485,9983.607277536115,9839.087150687401,17.45614770219168,,
5-215,HEALTH_MONITORING,544.5609017760623,1.0,100,FogNode_7,78,1.0,1727.0272900361456,416.2430558515284,10890.67373717306,10474.430681321532,10067.501078373365,37.323703254862565,,
5-179,SENSOR_DATA_LOGGING,894.0039957371588,0.1,10000,FogNode_6,72,1.0,816.2509881302752,348.7924159996044,10894.282765322403,10545.4903493228,9430.951050900872,120.4628208911738,,
9-487,SMART_HOME_CONTROL,304.5537451330998,0.1,150,FogNode_2,96,1.0,681.967788340379,887.330432875242,10897.213731760618,10009.883298885376,9546.876581539029,37.38215232346047,,
3-297,GPS_TRACKING,515.592762194681,0.2,200,FogNode_1,99,1.0,1597.9384595498836,550.9210157065552,10909.528952951732,10358.607937245177,10011.803546810184,42.59187422547108,,
2-192,HEALTH_MONITORING,750.1375640044894,1.0,100,FogNode_7,72,1.0,1727.0272900361456,411.7332104751164,10924.100314038307,10512.36710356319,9985.39590952774,51.41373856976333,,
1-333,SENSOR_DATA_LOGGING,422.7994467935781,0.1,10000,FogNode_4,77,1.0,1758.3565909566523,596.5006331962926,10931.613094894881,10335.112461698589,10073.68982730808,35.22071586422308,,
0-318,VOICE_ASSISTANT,820.4135718280648,2.0,150,FogNode_9,85,1.0,1349.236560939329,655.287249344478,10933.773609626349,10278.486360281871,9496.620140286495,82.51689971568915,,
1-238,HEALTH_MONITORING,844.150357194809,1.0,100,FogNode_7,77,1.0,1727.0272900361456,415.6356282511441,10959.185293214829,10543.549664963684,9966.284593831962,57.85728893070937,,
0-316,VOICE_ASSISTANT,908.8474214684414,2.0,150,FogNode_9,68,1.0,1349.236560939329,647.854150317239,10970.938081739221,10323.083931421983,9479.663153309433,91.41154426183836,,
3-147,GPS_TRACKING,148.59599034242387,0.2,200,FogNode_5,43,1.0,782.8923712617282,278.019393582568,10973.418905355833,10695.399511773265,10482.756597671612,22.087274876704008,,
7-171,SENSOR_DATA_LOGGING,673.0386503982454,0.1,10000,FogNode_6,76,1.0,816.2509881302752,351.2365926935191,10978.671856875664,10627.435264182144,9783.885759092936,90.68878302821136,,
3-278,E_COMMERCE_TRANSACTION,853.441063315869,0.5,300,FogNode_3,149,1.0,1899.4436001125757,498.37449948885273,11012.21807354958,10513.843574060727,10014.864872863796,40.51957891593863,,
3-266,HEALTH_MONITORING,269.2087725921614,1.0,100,FogNode_3,84,1.0,1899.4436001125757,472.43346189402183,11015.073410732473,10542.639948838452,10315.104313278178,12.7814638582416,,
3-479,SENSOR_DATA_LOGGING,663.2092040297213,0.1,10000,FogNode_2,96,1.0,681.967788340379,887.352987558364,11016.105713422934,10128.75272586457,9143.01387801421,81.40496672114482,,
0-261,E_COMMERCE_TRANSACTION,749.5227494856233,0.5,300,FogNode_1,50,1.0,1597.9384595498836,523.2436703854615,11037.153888892237,10513.910218506775,9993.554502242114,61.91626612315984,,
3-235,HEALTH_MONITORING,287.07495073578815,1.0,100,FogNode_7,81,1.0,1727.0272900361456,418.39866367912106,11039.825666363513,10621.427002684391,10361.187799865966,19.67585303722927,,
9-484,SMART_HOME_CONTROL,968.1064561698917,0.1,150,FogNode_9,197,1.0,1349.236560939329,884.8453717864091,11043.628616115753,10158.783244329345,9423.28278446015,97.37179649512649,,
7-131,GPS_TRACKING,471.4766311019954,0.2,200,FogNode_5,42,1.0,782.8923712617282,276.0234387528482,11047.96074082077,10771.937302067921,10145.862865837922,70.080181336623,,
4-295,GPS_TRACKING,563.0834050045809,0.2,200,FogNode_4,68,1.0,1758.3565909566523,594.576352943677,11052.180592744608,10457.60423980093,10114.315288114656,46.90687456175456,,
8-229,HEALTH_MONITORING,166.43283114572444,1.0,100,FogNode_7,113,1.0,1727.0272900361456,430.7486602046865,11055.554836479105,10624.806176274418,10440.21338956841,11.407153141714456,,
3-317,SMART_HOME_CONTROL,434.58309527915856,0.1,150,FogNode_4,96,1.0,1758.3565909566523,604.0055444610894,11062.007201251232,10458.001656790142,10196.959438618047,36.202336200536195,,
4-212,HEALTH_MONITORING,381.9022239011889,1.0,100,FogNode_7,88,1.0,1727.0272900361456,419.9128793543751,11062.329415818971,10642.416536464596,10330.222137213996,26.175227106410357,,
8-226,HEALTH_MONITORING,303.52292267094913,1.0,100,FogNode_7,103,1.0,1727.0272900361456,425.64595947111485,11066.422507572974,10640.77654810186,10374.422591489501,20.80318190283466,,
8-284,GPS_TRACKING,934.3504023952198,0.2,200,FogNode_1,89,1.0,1597.9384595498836,545.4297440267089,11067.241200806115,10521.811456779405,9908.132260408778,77.18443263621523,,
8-141,GPS_TRACKING,893.5094187353278,0.2,200,FogNode_5,42,1.0,782.8923712617282,276.34883391703846,11068.60775258445,10792.258918667412,9627.8943054045,132.81104080300912,,
1-278,E_COMMERCE_TRANSACTION,998.4065439728563,0.5,300,FogNode_3,138,1.0,1899.4436001125757,494.34972855369864,11074.496578449942,10580.146849896244,10001.904216307037,47.40223371900821,,
2-254,E_COMMERCE_TRANSACTION,638.0120715008505,0.5,300,FogNode_3,158,1.0,1899.4436001125757,502.03838758953566,11095.983933529304,10593.945545939769,10205.119669229629,30.291465447019462,,
2-440,SENSOR_DATA_LOGGING,997.555535187141,0.1,10000,FogNode_9,197,1.0,1349.236560939329,891.5613769245824,11100.708495476016,10209.147118551433,9455.93656669785,100.333774189585,,
4-443,SENSOR_DATA_LOGGING,382.9128531428371,0.1,10000,FogNode_2,96,1.0,681.967788340379,886.8764380264505,11100.782268400393,10213.905830373942,9634.40232292793,47.00026458890091,,
0-434,SENSOR_DATA_LOGGING,65.80507550078849,0.1,10000,FogNode_2,96,1.0,681.967788340379,892.0249877019385,11112.598651397218,10220.57366369528,10108.648654056233,8.077179792854693,,
8-220,HEALTH_MONITORING,879.7126184257789,1.0,100,FogNode_7,91,1.0,1727.0272900361456,420.64287549496635,11117.595639057932,10696.952763562966,10100.150259687265,60.294693601018324,,
0-233,HEALTH_MONITORING,793.5867605733356,1.0,100,FogNode_3,70,1.0,1899.4436001125757,465.8211409451668,11118.431625376204,10652.610484431038,10145.969244294842,37.67782305524489,,
1-170,SENSOR_DATA_LOGGING,113.74924403964437,0.1,10000,FogNode_5,43,1.0,782.8923712617282,280.9348395503841,11118.71249642292,10837.777656872537,10671.907146264903,16.907662274946468,,
0-242,HEALTH_MONITORING,55.574903354866535,1.0,100,FogNode_3,103,1.0,1899.4436001125757,478.7347521014042,11125.2424507875,10646.507698686097,10530.789608289962,2.638579017377011,,
1-265,HEALTH_MONITORING,542.9434511289342,1.0,100,FogNode_3,69,1.0,1899.4436001125757,464.5962862763535,11127.790370648396,10663.194084372042,10285.43115208819,25.77780817041435,,
8-454,SENSOR_DATA_LOGGING,740.6757939319957,0.1,10000,FogNode_9,197,1.0,1349.236560939329,899.6751303248445,11129.62082839635,10229.945698071506,9664.51509778837,74.49690291390446,,
7-482,SMART_HOME_CONTROL,913.3749099371106,0.1,150,FogNode_9,197,1.0,1349.236560939329,896.6051221952943,11136.316384341297,10239.711262146002,9549.544636874663,91.86691741113995,,
4-236,HEALTH_MONITORING,118.93272740357497,1.0,100,FogNode_3,80,1.0,1899.4436001125757,469.41531698715386,11137.111086928386,10667.695769941232,10511.43178214074,5.646674669008004,,
2-281,SMART_HOME_CONTROL,382.4202405990242,0.1,150,FogNode_1,109,1.0,1597.9384595498836,556.4936016120856,11148.849959535895,10592.356357923809,10334.019725270758,31.590813493068197,,
2-202,HEALTH_MONITORING,517.9486753079918,1.0,100,FogNode_7,97,1.0,1727.0272900361456,423.20306847469294,11154.363270465798,10731.160201991104,10342.844492486065,35.499725733880126,,
6-443,SENSOR_DATA_LOGGING,567.632540891535,0.1,10000,FogNode_9,197,1.0,1349.236560939329,900.1703693797967,11161.29032816445,10261.119958784653,9823.43808624193,57.092275238377916,,
1-193,E_COMMERCE_TRANSACTION,365.64883055045243,0.5,300,FogNode_6,34,1.0,816.2509881302752,325.4772493727614,11164.786100916206,10839.308851543445,10343.765207590226,49.26945493945684,,
2-269,E_COMMERCE_TRANSACTION,893.7814369249004,0.5,300,FogNode_1,54,1.0,1597.9384595498836,526.8371415486442,11175.057450281776,10648.220308733133,10040.592107911578,73.83312827070344,,
9-263,HEALTH_MONITORING,93.7205178632725,1.0,100,FogNode_3,113,1.0,1899.4436001125757,482.3041609081121,11177.131408127854,10694.827247219742,10558.176974154932,4.449652217165463,,
2-205,HEALTH_MONITORING,442.7897569878419,1.0,100,FogNode_7,108,1.0,1727.0272900361456,428.09085656239273,11180.488710181471,10752.397853619079,10406.679611643089,30.348402612464948,,
2-206,HEALTH_MONITORING,198.0385976217536,1.0,100,FogNode_7,109,1.0,1727.0272900361456,429.06638285014213,11181.092726604435,10752.026343754293,10544.641699326316,13.573383301181353,,
1-247,HEALTH_MONITORING,213.4671718084688,1.0,100,FogNode_7,117,1.0,1727.0272900361456,433.93425449575153,11185.933236696637,10751.998982200887,10541.09893219221,14.6308435828734,,
6-447,SMART_HOME_CONTROL,408.44629855831266,0.1,150,FogNode_9,198,1.0,1349.236560939329,904.7578261416234,11190.11223395849,10285.354407816867,9966.980564257785,41.081380677651744,,
0-232,HEALTH_MONITORING,726.7145761601614,1.0,100,FogNode_3,70,1.0,1899.4436001125757,464.83079200312454,11196.98708047214,10732.156288469016,10258.53566515035,34.502872997084935,,
2-280,SENSOR_DATA_LOGGING,768.6490944934394,0.1,10000,FogNode_1,103,1.0,1597.9384595498836,554.5415352095321,11206.394762504018,10651.853227294487,10150.061502728466,63.49624734224895,,
3-240,HEALTH_MONITORING,283.0953118455069,1.0,100,FogNode_7,113,1.0,1727.0272900361456,431.281881512755,11219.475414618655,10788.1935331059,10535.061582662436,19.403092248641755,,
3-302,SENSOR_DATA_LOGGING,113.20956175168456,0.1,10000,FogNode_1,105,1.0,1597.9384595498836,555.6012489207835,11219.697219688564,10664.09597076778,10571.896995544854,9.351968780019066,,
4-282,E_COMMERCE_TRANSACTION,507.6307548048351,0.5,300,FogNode_4,42,1.0,1758.3565909566523,571.5519530168513,11220.309231625972,10648.75727860912,10313.552837157946,42.28746918784701,,
8-253,HEALTH_MONITORING,396.6055976590004,1.0,100,FogNode_3,81,1.0,1899.4436001125757,469.6268364515573,11223.874344666756,10754.247508215198,10452.376539793497,18.82999600512433,,
7-285,SENSOR_DATA_LOGGING,331.04690184859305,0.1,10000,FogNode_1,102,1.0,1597.9384595498836,553.4639488555013,11244.32513498756,10690.86118613206,10461.315153456782,27.346985916267005,,
6-227,HEALTH_MONITORING,147.75234339830837,1.0,100,FogNode_3,96,1.0,1899.4436001125757,476.74055284337993,11254.918578744318,10778.17802590094,10606.716652830824,7.014969159184703,,
5-322,SMART_HOME_CONTROL,836.3448304792257,0.1,150,FogNode_4,75,1.0,1758.3565909566523,595.9516059793368,11260.639109618243,10664.687503638906,10167.361135801242,69.67053495981075,,
2-235,HEALTH_MONITORING,237.68470259502325,1.0,100,FogNode_3,105,1.0,1899.4436001125757,479.7038909401619,11262.244943275022,10782.54105233486,10566.714882963182,11.284767604797029,,
8-122,E_COMMERCE_TRANSACTION,627.4362209758921,0.5,300,FogNode_0,30,1.0,1189.2931772946604,235.1699831405964,11282.707863828822,11047.537880688225,10468.392569445172,39.95149074802551,,
7-161,GPS_TRACKING,792.8399226557059,0.2,200,FogNode_6,59,1.0,816.2509881302752,342.8058806077189,11292.093482186123,10949.287601578404,9949.509515954058,106.83143929294708,,
0-275,GPS_TRACKING,192.74645283173567,0.2,200,FogNode_1,96,1.0,1597.9384595498836,549.9730111220898,11295.679400194684,10745.706389072593,10598.062722691378,15.922319470643009,,
6-449,SENSOR_DATA_LOGGING,225.3962529165707,0.1,10000,FogNode_9,199,1.0,1349.236560939329,905.9317937377007,11303.37104283621,10397.43924909851,10212.578886854048,22.670273429004887,,
6-149,SENSOR_DATA_LOGGING,689.500457602046,0.1,10000,FogNode_6,76,1.0,816.2509881302752,350.9190403951116,11303.378416187164,10952.459375792052,10087.195918066718,92.90693388904877,,
9-260,HEALTH_MONITORING,351.4579149537364,1.0,100,FogNode_3,92,1.0,1899.4436001125757,475.85627708590584,11310.274485922899,10834.418208836993,10557.683408052675,16.686479398201197,,
6-205,HEALTH_MONITORING,268.6159663648923,1.0,100,FogNode_7,116,1.0,1727.0272900361456,433.6389769730329,11336.025318036272,10902.38634106324,10657.955323326216,18.410691229250666,,
2-285,E_COMMERCE_TRANSACTION,482.6315956626321,0.5,300,FogNode_4,42,1.0,1758.3565909566523,568.6761897976975,11336.485994770612,10767.809804972914,10442.689519723985,40.204949242115134,,
2-156,SENSOR_DATA_LOGGING,851.1620665041935,0.1,10000,FogNode_8,27,1.0,770.9711269175084,355.9032905472381,11348.635033174498,10992.73174262726,9867.205760265184,80.90692755435488,,
4-451,SMART_HOME_CONTROL,560.221872196355,0.1,150,FogNode_9,198,1.0,1349.236560939329,904.9166237927172,11348.987582042226,10444.07095824951,10013.3559312508,56.34691286683183,,
8-259,HEALTH_MONITORING,196.24710423544104,1.0,100,FogNode_3,113,1.0,1899.4436001125757,482.0524117628894,11358.236784256611,10876.18437249372,10681.819623255435,9.317397965592512,,
4-211,HEALTH_MONITORING,955.0600600556733,1.0,100,FogNode_7,78,1.0,1727.0272900361456,416.63935446093654,11365.331567452662,10948.692212991726,10302.0820064406,65.45893793665688,,
7-270,E_COMMERCE_TRANSACTION,242.46867325065486,0.5,300,FogNode_1,54,1.0,1597.9384595498836,526.5032090951115,11396.063565088902,10869.56035599379,10666.767202480729,20.029752145375003,,
6-448,SMART_HOME_CONTROL,416.54139793740137,0.1,150,FogNode_9,198,1.0,1349.236560939329,905.3348875605378,11409.432265640833,10504.097378080296,10179.248326789999,41.89558283933025,,
8-453,SMART_HOME_CONTROL,618.1878175675067,0.1,150,FogNode_9,197,1.0,1349.236560939329,898.8100093644816,11429.114086944068,10530.304077579585,10050.419499487114,62.17710664392705,,
9-295,SENSOR_DATA_LOGGING,595.5330112736071,0.1,10000,FogNode_1,111,1.0,1597.9384595498836,557.0734278621987,11439.929527890601,10882.856100028403,10490.79012470306,49.195545347287265,,
8-228,HEALTH_MONITORING,696.1416876311313,1.0,100,FogNode_7,109,1.0,1727.0272900361456,429.797341671131,11442.912341164443,11013.114999493313,10519.874120895074,47.71291087506002,,
2-152,GPS_TRACKING,231.65898030717966,0.2,200,FogNode_6,72,1.0,816.2509881302752,349.497822225191,11448.594615301987,11099.096793076797,10788.021002114023,31.214954726869387,,
8-256,HEALTH_MONITORING,870.9397854703758,1.0,100,FogNode_3,87,1.0,1899.4436001125757,474.5509072988189,11470.741709323107,10996.190802024288,10449.615933329686,41.35038128032544,,
9-486,SENSOR_DATA_LOGGING,442.1105805117099,0.1,10000,FogNode_2,96,1.0,681.967788340379,886.5987359238453,11474.10555886633,10587.506822942483,9918.867994093422,54.266431881438265,,
8-115,E_COMMERCE_TRANSACTION,911.767942531381,0.5,300,FogNode_0,29,1.0,1189.2931772946604,230.58181046402356,11480.16556876585,11249.583758301826,10430.494248351662,58.05608172211075,,
6-435,GPS_TRACKING,257.47402070668045,0.2,200,FogNode_2,97,1.0,681.967788340379,885.7445348305414,11490.144372923543,10604.399838093002,10204.155275773086,31.603397479760215,,
4-444,SMART_HOME_CONTROL,523.8415403982804,0.1,150,FogNode_2,96,1.0,681.967788340379,888.8038897143731,11507.012144978207,10618.208255263835,9833.70433633954,64.29841881591894,,
2-208,HEALTH_MONITORING,578.178885868678,1.0,100,FogNode_7,115,1.0,1727.0272900361456,432.0967720888039,11515.875442085773,11083.77866999697,10658.136464479156,39.627848958689576,,
3-487,SMART_HOME_CONTROL,155.09910073217318,0.1,150,FogNode_9,198,1.0,1349.236560939329,904.7294385248772,11524.385495654253,10619.656057129376,10483.609660464237,15.599811339776885,,
1-271,HEALTH_MONITORING,786.5113765520115,1.0,100,FogNode_3,104,1.0,1899.4436001125757,479.12054208877197,11532.506239913533,11053.38569782476,10551.89862101383,37.3418987676336,,
4-128,SMART_HOME_CONTROL,964.1236228387949,0.1,150,FogNode_0,56,1.0,1189.2931772946604,264.1811395642998,11534.695403557356,11270.514263993056,10439.148352006856,61.38978705737955,,
6-232,HEALTH_MONITORING,649.0239801146496,1.0,100,FogNode_3,115,1.0,1899.4436001125757,483.9672105458452,11538.678710629614,11054.71150008377,10625.017765919209,30.814287606944983,,
8-180,SENSOR_DATA_LOGGING,537.0625547668756,0.1,10000,FogNode_6,78,1.0,816.2509881302752,351.74283459299846,11552.24528246077,11200.502447867771,10520.541819335318,72.36664561984719,,
9-320,SENSOR_DATA_LOGGING,380.64764618784136,0.1,10000,FogNode_4,98,1.0,1758.3565909566523,606.1747639349176,11552.965205043169,10946.79044110825,10715.887564457258,31.70931914041216,,
6-434,GPS_TRACKING,449.12784851712024,0.2,200,FogNode_2,97,1.0,681.967788340379,883.9532307744021,11555.790069523002,10671.8368387486,9989.937372086948,55.12775959670952,,
1-492,SENSOR_DATA_LOGGING,345.6343642173966,0.1,10000,FogNode_9,199,1.0,1349.236560939329,906.3517105632725,11559.541364797222,10653.18965423395,10378.403086538172,34.76377908628748,,
5-456,SENSOR_DATA_LOGGING,505.87005495682695,0.1,10000,FogNode_2,97,1.0,681.967788340379,884.3221485686046,11566.135915685449,10681.813767116844,9917.736803550706,62.092526368404755,,
8-261,HEALTH_MONITORING,625.0254754500536,1.0,100,FogNode_3,121,1.0,1899.4436001125757,487.2346558942116,11591.302081593321,11104.06742569911,10685.378804550313,29.674889298825704,,
4-301,SMART_HOME_CONTROL,657.4915583826136,0.1,150,FogNode_4,96,1.0,1758.3565909566523,603.9577024678705,11594.233134072232,10990.275431604361,10600.784598530565,54.7714135780913,,
6-268,GPS_TRACKING,961.4312541842606,0.2,200,FogNode_4,54,1.0,1758.3565909566523,589.7604391951745,11598.958907865082,11009.198468669907,10433.350040928975,80.09068432660452,,
2-239,HEALTH_MONITORING,719.567155756402,1.0,100,FogNode_3,116,1.0,1899.4436001125757,485.51100788380023,11602.70483782473,11117.193829940928,10650.861096168248,34.16352857420201,,
3-303,SENSOR_DATA_LOGGING,291.7130898072986,0.1,10000,FogNode_1,111,1.0,1597.9384595498836,556.7486161809829,11622.485425499743,11065.73680931876,10860.334132949667,24.097714595738733,,
7-249,HEALTH_MONITORING,165.88500944439724,1.0,100,FogNode_3,131,1.0,1899.4436001125757,490.7777742653485,11626.012185250585,11135.234410985237,10957.1903627191,7.875869840429434,,
5-143,SMART_HOME_CONTROL,465.5459872224552,0.1,150,FogNode_5,43,1.0,782.8923712617282,280.3008512272107,11642.609512876334,11362.308661649124,10746.400649544308,69.19865175253805,,
7-223,HEALTH_MONITORING,910.5897522520736,1.0,100,FogNode_7,118,1.0,1727.0272900361456,434.30743932577553,11644.854100754283,11210.546661428507,10595.198256930113,62.4109839489567,,
5-320,GPS_TRACKING,683.0624801107667,0.2,200,FogNode_4,67,1.0,1758.3565909566523,594.2859661298216,11649.105524009843,11054.819557880022,10640.497585453555,56.90156340540004,,
9-278,E_COMMERCE_TRANSACTION,721.8184018004514,0.5,300,FogNode_1,57,1.0,1597.9384595498836,527.8361424563686,11658.113286134632,11130.277143678264,10629.091200883551,59.62767679719096,,
9-493,SENSOR_DATA_LOGGING,829.7937300210295,0.1,10000,FogNode_9,199,1.0,1349.236560939329,907.170706416286,11658.638432810412,10751.467726394127,10122.213417720182,83.46035262712927,,
2-238,HEALTH_MONITORING,397.1710040888112,1.0,100,FogNode_3,115,1.0,1899.4436001125757,484.2981164537517,11679.840312759014,11195.542196305261,10891.557965363552,18.85684030807278,,
4-442,SMART_HOME_CONTROL,395.0104195012484,0.1,150,FogNode_2,96,1.0,681.967788340379,886.685411005155,11680.003789203503,10793.318378198348,10192.807923332215,48.48516856916771,,
4-177,GPS_TRACKING,801.9957538790593,0.2,200,FogNode_6,65,1.0,816.2509881302752,344.86511129500417,11683.533306981055,11338.66819568605,10328.810552233024,108.06514435693754,,
7-222,HEALTH_MONITORING,920.4472406216079,1.0,100,FogNode_7,116,1.0,1727.0272900361456,433.52134275708676,11687.329510161027,11253.80816740394,10631.882073582343,63.086607133696575,,
2-442,SMART_HOME_CONTROL,97.184794361277,0.1,150,FogNode_2,96,1.0,681.967788340379,893.3296330192275,11698.296498745683,10804.966865726456,10644.953781161015,11.928852770304006,,
1-248,HEALTH_MONITORING,446.6927406455878,1.0,100,FogNode_7,128,1.0,1727.0272900361456,436.9472083112336,11701.560680552433,11264.613472241199,10913.046125860586,30.61590952193123,,
2-212,HEALTH_MONITORING,904.0723805879661,1.0,100,FogNode_7,129,1.0,1727.0272900361456,437.58137717106655,11709.41794698691,11271.836569815843,10661.966243830675,61.96428929056416,,
3-491,SENSOR_DATA_LOGGING,710.4520356482699,0.1,10000,FogNode_9,200,1.0,1349.236560939329,910.7198936296061,11716.67077544484,10805.950881815234,10265.766817060226,71.45700825958724,,
7-224,HEALTH_MONITORING,662.2483696351787,1.0,100,FogNode_7,123,1.0,1727.0272900361456,435.3537101187159,11719.486756923738,11284.133046805022,10810.277102204953,45.389894038783666,,
1-302,E_COMMERCE_TRANSACTION,520.4442458186184,0.5,300,FogNode_1,63,1.0,1597.9384595498836,533.2387093422333,11721.760867577772,11188.522158235539,10816.495123613578,42.992643583516596,,
6-209,HEALTH_MONITORING,879.1285840862571,1.0,100,FogNode_7,129,1.0,1727.0272900361456,437.1993067195025,11728.516927256163,11291.317620536662,10695.075655535275,60.2546644246528,,
6-143,E_COMMERCE_TRANSACTION,229.10807929264172,0.5,300,FogNode_6,42,1.0,816.2509881302752,333.61004780003583,11729.277986745668,11395.667938945633,11069.828539568198,30.871232849237263,,
9-490,SENSOR_DATA_LOGGING,775.4763376761944,0.1,10000,FogNode_9,198,1.0,1349.236560939329,903.0691565723802,11736.042273172754,10832.973116600373,10237.14661703417,77.9971289910924,,
8-187,SMART_HOME_CONTROL,771.5322189712782,0.1,150,FogNode_8,27,1.0,770.9711269175084,362.98120609235616,11742.957160800328,11379.975954707972,10364.534976036106,73.3377388427734,,
7-257,HEALTH_MONITORING,278.28186866980764,1.0,100,FogNode_3,153,1.0,1899.4436001125757,499.9472201812625,11772.51923007851,11272.572009897247,11036.963022730899,13.21223529441049,,
5-256,HEALTH_MONITORING,831.2594274137628,1.0,100,FogNode_3,115,1.0,1899.4436001125757,483.3951461827186,11795.86990343135,11312.474757248632,10779.967234120457,39.46644169879098,,
2-244,HEALTH_MONITORING,928.8982135030707,1.0,100,FogNode_3,133,1.0,1899.4436001125757,492.31433376159697,11799.31149310122,11306.997159339624,10732.560389141048,44.10212501455604,,
8-293,SENSOR_DATA_LOGGING,932.3038186579527,0.1,10000,FogNode_1,116,1.0,1597.9384595498836,558.738199930823,11803.138849174451,11244.400649243627,10642.347388977138,77.01536929103068,,
0-225,HEALTH_MONITORING,187.04977317432414,1.0,100,FogNode_7,146,1.0,1727.0272900361456,443.0707550588032,11809.868044456573,11366.79728939777,11166.210416849653,12.820219382402074,,
3-289,E_COMMERCE_TRANSACTION,825.2688970569218,0.5,300,FogNode_1,57,1.0,1597.9384595498836,527.7008127815648,11812.137898408306,11284.437085626741,10717.670603310566,68.17347263763484,,
6-271,SENSOR_DATA_LOGGING,410.9191802572139,0.1,10000,FogNode_4,93,1.0,1758.3565909566523,603.4737220791206,11827.928154963101,11224.45443288398,10972.841775959214,34.23104689648479,,
4-216,HEALTH_MONITORING,540.0214385471978,1.0,100,FogNode_7,127,1.0,1727.0272900361456,436.8209557840204,11828.56386436073,11391.74290857671,10985.722139165277,37.01257262110257,,
8-165,E_COMMERCE_TRANSACTION,811.3657960963146,0.5,300,FogNode_6,34,1.0,816.2509881302752,326.65649944824827,11835.535407814312,11508.878908366063,10468.268831759955,109.32771334179901,,
8-456,SENSOR_DATA_LOGGING,970.1393835029443,0.1,10000,FogNode_9,199,1.0,1349.236560939329,906.5919402266317,11848.649211993916,10942.057271767284,10207.988318724776,97.57626758950026,,
1-139,E_COMMERCE_TRANSACTION,688.5744867672888,0.5,300,FogNode_0,30,1.0,1189.2931772946604,234.5346922590869,11861.68578105998,11627.151088800892,10995.274863143113,43.84442006650864,,
1-175,SMART_HOME_CONTROL,587.5030476403755,0.1,150,FogNode_5,48,1.0,782.8923712617282,286.47857152098777,11869.138824748923,11582.660253227936,10816.86206095608,87.32632202411172,,
2-283,SENSOR_DATA_LOGGING,109.00593626994757,0.1,10000,FogNode_1,124,1.0,1597.9384595498836,562.0775378084691,11871.355453899425,11309.277916090956,11220.189316029158,9.004717420153149,,
4-244,HEALTH_MONITORING,655.5668548447101,1.0,100,FogNode_3,118,1.0,1899.4436001125757,486.735607258877,11877.64249708161,11390.906889822732,10951.85861445141,31.124929478255623,,
5-236,HEALTH_MONITORING,117.65441756263225,1.0,100,FogNode_7,157,1.0,1727.0272900361456,445.9700469155751,11877.993440182177,11432.023393266601,11271.20996217571,8.063925547003727,,
5-328,SENSOR_DATA_LOGGING,589.6016718175438,0.1,10000,FogNode_4,91,1.0,1758.3565909566523,601.9088976470364,11888.27925615766,11286.370358510625,10932.01278318133,49.11594164477519,,
3-488,SENSOR_DATA_LOGGING,466.5785864692125,0.1,10000,FogNode_9,199,1.0,1349.236560939329,906.7520760705996,11905.35069132806,10998.59861525746,10633.344158751599,46.928305127108054,,
9-246,HEALTH_MONITORING,55.15978650209614,1.0,100,FogNode_7,168,1.0,1727.0272900361456,450.1398963920239,11909.932591821722,11459.792695429698,11334.29505738132,3.7806010242219497,,
6-440,SENSOR_DATA_LOGGING,166.18769609503977,0.1,10000,FogNode_2,96,1.0,681.967788340379,894.7928497268878,11923.692272642686,11028.899422915798,10766.925160569555,20.39854662432304,,
5-258,HEALTH_MONITORING,639.4123848212608,1.0,100,FogNode_3,131,1.0,1899.4436001125757,490.6047050638894,11927.933495541787,11437.328790477897,11009.241810017835,30.357949365514024,,
3-241,HEALTH_MONITORING,973.365956832721,1.0,100,FogNode_7,116,1.0,1727.0272900361456,433.10865601025534,11928.939312650684,11495.830656640428,10838.2255888558,66.7136072617816,,
5-147,SMART_HOME_CONTROL,680.6271384636458,0.1,150,FogNode_5,48,1.0,782.8923712617282,286.9435246079336,11937.98285885446,11651.039334246527,10767.036737379285,101.16826612312076,,
3-258,VOICE_ASSISTANT,264.42698975283577,2.0,150,FogNode_3,66,1.0,1899.4436001125757,458.57446564008853,11938.52436035201,11479.949894711921,11172.344811033237,12.554434909852198,,
9-242,HEALTH_MONITORING,402.33309058517256,1.0,100,FogNode_7,148,1.0,1727.0272900361456,443.62483397589585,11942.380733913544,11498.755899937649,11171.45046087021,27.575539914152564,,
3-482,SENSOR_DATA_LOGGING,261.3393562701424,0.1,10000,FogNode_2,97,1.0,681.967788340379,897.7223927138226,11949.349552367808,11051.627159653986,10654.138545196187,32.07784432247257,,
9-245,HEALTH_MONITORING,433.48883618661233,1.0,100,FogNode_7,168,1.0,1727.0272900361456,450.02920514967326,11970.48964418995,11520.460439040276,11181.088671518628,29.71092605685864,,
7-129,SENSOR_DATA_LOGGING,524.4575170355452,0.1,10000,FogNode_0,58,1.0,1189.2931772946604,271.11704180085155,11975.67793591204,11704.560894111188,11245.527330817773,33.394405581158004,,
2-215,HEALTH_MONITORING,428.5801922579604,1.0,100,FogNode_7,153,1.0,1727.0272900361456,444.5649070835816,11976.677564167112,11532.11265708353,11190.004399210591,29.374492117552197,,
9-187,E_COMMERCE_TRANSACTION,551.6107367115799,0.5,300,FogNode_6,36,1.0,816.2509881302752,330.4470695198128,11979.164105555961,11648.717036036149,10926.013829434369,74.32694450469958,,
1-194,E_COMMERCE_TRANSACTION,927.5853162926022,0.5,300,FogNode_6,34,1.0,816.2509881302752,327.1874360830414,11981.133215293254,11653.945779210213,10471.458267383774,124.9877454134897,,
2-303,SENSOR_DATA_LOGGING,610.1618143076777,0.1,10000,FogNode_4,91,1.0,1758.3565909566523,601.5552707580827,11996.112392494757,11394.557121736674,11026.979275705964,50.82867552431239,,
3-248,HEALTH_MONITORING,617.8694508283253,1.0,100,FogNode_7,145,1.0,1727.0272900361456,442.5365789814707,12002.618830004967,11560.082251023496,11112.769620330326,42.348203768849835,,
2-300,GPS_TRACKING,727.1792475538201,0.2,200,FogNode_4,63,1.0,1758.3565909566523,593.5650841997164,12012.51509509909,11418.950010899374,10976.920722636673,60.57664894002802,,
7-248,HEALTH_MONITORING,781.8554242594923,1.0,100,FogNode_3,124,1.0,1899.4436001125757,487.92139812226003,12014.328233335475,11526.406835213214,11019.825539651425,37.12084398780781,,
8-182,SENSOR_DATA_LOGGING,855.8257577083273,0.1,10000,FogNode_6,79,1.0,816.2509881302752,352.35520294148085,12027.155436256931,11674.80023331545,10604.331205318811,115.31848342563984,,
7-486,SENSOR_DATA_LOGGING,825.016790083436,0.1,10000,FogNode_9,198,1.0,1349.236560939329,903.9158154868674,12040.583427434713,11136.667611947845,10503.195846812825,82.97988973949082,,
9-492,GPS_TRACKING,441.46004354710095,0.2,200,FogNode_9,199,1.0,1349.236560939329,905.7799385894689,12043.86324585919,11138.08330726972,10788.918095072164,44.4018911836019,,
7-288,SMART_HOME_CONTROL,698.3966635481949,0.1,150,FogNode_1,116,1.0,1597.9384595498836,558.5487262029706,12059.546477115537,11500.997750912566,11041.658022616519,57.692863504747294,,
7-205,VOICE_ASSISTANT,212.20131976778097,2.0,150,FogNode_7,64,1.0,1727.0272900361456,397.73421783676935,12065.251588932482,11667.517371095713,11375.804603790284,14.544083248488205,,
5-297,GPS_TRACKING,653.1369895275848,0.2,200,FogNode_1,118,1.0,1597.9384595498836,560.6049044989833,12066.850547337774,11506.24564283879,11075.734908022127,53.9540710221566,,
1-252,HEALTH_MONITORING,660.0262582168148,1.0,100,FogNode_7,156,1.0,1727.0272900361456,445.18627889273756,12069.504280661036,11624.318001768299,11154.652978813065,45.23759256633538,,
2-97,E_COMMERCE_TRANSACTION,701.941150688594,0.5,300,FogNode_0,30,1.0,1189.2931772946604,234.26023983377098,12070.382652399787,11836.122412566016,11192.015726709416,44.69553151358672,,
8-458,SENSOR_DATA_LOGGING,452.7149879400658,0.1,10000,FogNode_9,200,1.0,1349.236560939329,910.2218827209745,12071.576456759425,11161.35457403845,10808.146205666953,45.53390941156775,,
5-266,HEALTH_MONITORING,746.1571167431882,1.0,100,FogNode_3,154,1.0,1899.4436001125757,500.81926667577113,12072.669621667666,11571.850354991895,11089.081309571793,35.42596375442376,,
7-479,SENSOR_DATA_LOGGING,412.34583493911344,0.1,10000,FogNode_2,96,1.0,681.967788340379,888.713546129488,12078.746777981074,11190.033231851587,10565.338389688084,50.6129872246419,,
8-455,SMART_HOME_CONTROL,52.792630547342476,0.1,150,FogNode_9,199,1.0,1349.236560939329,906.2545127678584,12082.991025283272,11176.736512515414,11114.748976326733,5.309863647057559,,
6-237,HEALTH_MONITORING,591.1827438167402,1.0,100,FogNode_3,148,1.0,1899.4436001125757,498.1609084149735,12083.759186759351,11585.598278344378,11179.711222687058,28.068107888731493,,
2-448,SENSOR_DATA_LOGGING,578.6580452932499,0.1,10000,FogNode_9,200,1.0,1349.236560939329,913.6078177226789,12087.516556962632,11173.908739239952,10731.84858933445,58.20121647517875,,
0-435,GPS_TRACKING,999.7306911702408,0.2,200,FogNode_9,197,1.0,1349.236560939329,900.1981711999566,12089.947855512903,11189.749684312947,10423.331197721302,100.55255059003323,,
7-232,VOICE_ASSISTANT,315.71129659703684,2.0,150,FogNode_3,66,1.0,1899.4436001125757,459.49128298207523,12094.146009868786,11634.65472688671,11299.490910898185,14.989305468164806,,
5-237,HEALTH_MONITORING,486.8928815448882,1.0,100,FogNode_7,161,1.0,1727.0272900361456,446.77477101159593,12110.4892770939,11663.714506082304,11286.988868371456,33.37119019822584,,
3-291,E_COMMERCE_TRANSACTION,83.59468057441705,0.5,300,FogNode_1,72,1.0,1597.9384595498836,538.3634442697044,12111.860557219701,11573.497112949997,11475.252153573649,6.905554891400166,,
0-441,GPS_TRACKING,56.50534847678681,0.2,200,FogNode_9,199,1.0,1349.236560939329,907.9117889313048,12124.87052226151,11216.958733330204,11153.517556936868,5.683287470817514,,
8-272,HEALTH_MONITORING,658.0860200490202,1.0,100,FogNode_3,170,1.0,1899.4436001125757,508.4117519539677,12142.332425408847,11633.920673454879,11199.152833413025,31.24453412078564,,
7-478,GPS_TRACKING,446.6442002435831,0.2,200,FogNode_2,96,1.0,681.967788340379,887.746996059707,12145.078825664377,11257.331829604671,10580.764815982297,54.82290661242364,,
4-257,E_COMMERCE_TRANSACTION,699.4291036315032,0.5,300,FogNode_1,56,1.0,1597.9384595498836,527.5206773001056,12159.468026731149,11631.947349431042,11139.302948848119,57.77815088928392,,
4-273,GPS_TRACKING,468.6919934551778,0.2,200,FogNode_1,116,1.0,1597.9384595498836,559.516891973627,12164.66586936261,11605.148977388984,11287.76509163634,38.71751486726783,,
3-145,GPS_TRACKING,189.955789430441,0.2,200,FogNode_5,42,1.0,782.8923712617282,275.9929829996171,12180.616196977686,11904.62321397807,11633.237567113936,28.234986192447874,,
5-327,SENSOR_DATA_LOGGING,624.9718709546889,0.1,10000,FogNode_4,91,1.0,1758.3565909566523,601.8101301760097,12183.35769307213,11581.547562896121,11205.653687120233,52.06240655459943,,
0-433,SENSOR_DATA_LOGGING,463.928409648563,0.1,10000,FogNode_2,96,1.0,681.967788340379,891.1313623845053,12187.291210324634,11296.15984794013,10596.976696892014,56.94444003334798,,
0-442,SENSOR_DATA_LOGGING,136.03191925507605,0.1,10000,FogNode_9,199,1.0,1349.236560939329,908.6778369794415,12188.337957147913,11279.660120168472,11157.722297890592,13.682041137242738,,
9-123,VOICE_ASSISTANT,418.0877102125908,2.0,150,FogNode_6,13,1.0,816.2509881302752,206.1395605956482,12195.73815119236,11989.598590596712,11302.4045677387,56.33534658937649,,
4-203,VOICE_ASSISTANT,483.0103769251837,2.0,150,FogNode_7,64,1.0,1727.0272900361456,396.45165150172056,12208.616640109172,11812.164988607452,11364.173241765153,33.10508690318783,,
6-272,SENSOR_DATA_LOGGING,583.2874633707327,0.1,10000,FogNode_4,96,1.0,1758.3565909566523,604.844348830714,12220.002335748353,11615.157986917638,11265.547241834323,48.58994535197212,,
3-256,VOICE_ASSISTANT,652.5024877385441,2.0,150,FogNode_3,66,1.0,1899.4436001125757,455.54810179104436,12221.165457015704,11765.61735522466,11250.277503060268,30.97943980108533,,
2-118,GPS_TRACKING,276.14674070355034,0.2,200,FogNode_5,43,1.0,782.8923712617282,279.8314915567704,12221.86513917003,11942.03364761326,11565.022340522795,41.046389974385974,,
7-235,VOICE_ASSISTANT,273.61358006899945,2.0,150,FogNode_3,68,1.0,1899.4436001125757,462.1358201889575,12227.808517864934,11765.672697675976,11450.041671599287,12.9905948127258,,
1-491,SENSOR_DATA_LOGGING,955.6403847952955,0.1,10000,FogNode_9,199,1.0,1349.236560939329,905.5104617493462,12232.66780319118,11327.157341441834,10598.245758762372,96.11796355429142,,
6-177,VOICE_ASSISTANT,570.2701093925929,2.0,150,FogNode_7,64,1.0,1727.0272900361456,396.14507483358744,12240.135891261569,11843.99081642798,11345.947559808672,39.085788694466224,,
2-284,SENSOR_DATA_LOGGING,129.50002969317302,0.1,10000,FogNode_1,133,1.0,1597.9384595498836,567.0882156896918,12240.509964810322,11673.421749120631,11573.290316758737,10.697685036167671,,
2-220,VOICE_ASSISTANT,467.9868293895232,2.0,150,FogNode_3,69,1.0,1899.4436001125757,463.0333429837934,12260.709241627475,11797.675898643682,11381.588061504921,22.2190261052044,,
8-250,VOICE_ASSISTANT,225.5129322424125,2.0,150,FogNode_3,74,1.0,1899.4436001125757,467.4993118975655,12261.058210280295,11793.55889838273,11504.743341502806,10.706877659552203,,
2-186,VOICE_ASSISTANT,347.0011695105172,2.0,150,FogNode_7,65,1.0,1727.0272900361456,406.28765207085445,12270.42824492755,11864.140592856696,11491.886856104054,23.783140944677566,,
3-489,SENSOR_DATA_LOGGING,311.52400115126153,0.1,10000,FogNode_9,199,1.0,1349.236560939329,909.1549738475994,12271.472516990943,11362.317543143345,11112.078711513304,31.332971131560118,,
2-153,GPS_TRACKING,807.0889900603436,0.2,200,FogNode_6,72,1.0,816.2509881302752,349.5554149885041,12280.868995841649,11931.313580853144,10915.163298414138,108.75143390462193,,
9-159,SENSOR_DATA_LOGGING,513.4938157050838,0.1,10000,FogNode_5,48,1.0,782.8923712617282,286.82653677207657,12298.502755107733,12011.676218335657,11340.757083534481,76.3256062887704,,
6-196,VOICE_ASSISTANT,65.72497217511165,2.0,150,FogNode_7,74,1.0,1727.0272900361456,414.39779107167266,12308.484952284929,11894.087161213256,11685.333248453551,4.50472913111699,,
0-213,VOICE_ASSISTANT,176.59367070086677,2.0,150,FogNode_7,70,1.0,1727.0272900361456,410.496462129532,12310.869610701879,11900.373148572347,11624.787162195129,12.10356773765685,,
2-305,SENSOR_DATA_LOGGING,174.57008232861352,0.1,10000,FogNode_4,96,1.0,1758.3565909566523,604.4178208131001,12319.282585969748,11714.864765156648,11595.977671115214,14.542316255896097,,
6-446,GPS_TRACKING,562.0392237453921,0.2,200,FogNode_9,197,1.0,1349.236560939329,902.3154626643299,12321.911611789705,11419.596149125375,10977.37839901822,56.52970142697948,,
8-450,SENSOR_DATA_LOGGING,263.9227529527891,0.1,10000,FogNode_2,97,1.0,681.967788340379,895.6744603237559,12336.351339644398,11440.676879320641,11031.923031599312,32.39494082791997,,
3-183,E_COMMERCE_TRANSACTION,262.90093070078933,0.5,300,FogNode_6,52,1.0,816.2509881302752,338.62854597209764,12349.238881819425,12010.610335847326,11636.670410621906,35.42466015604156,,
1-326,E_COMMERCE_TRANSACTION,594.0937065390182,0.5,300,FogNode_4,42,1.0,1758.3565909566523,570.2757881767291,12350.383824112581,11780.108035935853,11389.415390134422,49.49014430699986,,
6-224,VOICE_ASSISTANT,491.77786289011647,2.0,150,FogNode_3,70,1.0,1899.4436001125757,465.07039536033886,12353.05228266413,11887.981887303791,11459.94731218773,23.34857412070953,,
8-203,VOICE_ASSISTANT,683.8298008818143,2.0,150,FogNode_7,64,1.0,1727.0272900361456,392.0007804686043,12366.447371567552,11974.446591098947,11403.901378814342,46.869065483221824,,
2-147,E_COMMERCE_TRANSACTION,440.17639822419574,0.5,300,FogNode_6,47,1.0,816.2509881302752,336.6947640676912,12374.801399065942,12038.10663499825,11452.88418769499,59.31169309381123,,
7-296,E_COMMERCE_TRANSACTION,676.6392939528423,0.5,300,FogNode_4,45,1.0,1758.3565909566523,576.4254975239202,12380.925858337148,11804.500360813228,11373.032171526173,56.36648887697541,,
8-459,SMART_HOME_CONTROL,204.5090029319373,0.1,150,FogNode_9,200,1.0,1349.236560939329,912.998050021423,12384.241670111565,11471.243620090143,11301.791438457127,20.569441395621936,,
5-463,GPS_TRACKING,323.80935519995813,0.2,200,FogNode_2,96,1.0,681.967788340379,892.523193873161,12398.508474721633,11505.985280848472,11008.613321328736,39.74566339532686,,
9-192,E_COMMERCE_TRANSACTION,169.2833260588426,0.5,300,FogNode_6,57,1.0,816.2509881302752,339.75946891273475,12403.129417506912,12063.369948594178,11803.509533459255,22.810129578977826,,
3-265,VOICE_ASSISTANT,97.69720464037898,2.0,150,FogNode_3,83,1.0,1899.4436001125757,470.7106076678401,12404.486926280075,11933.776318612236,11712.904350964347,4.638456905169206,,
7-237,VOICE_ASSISTANT,631.9003776101802,2.0,150,FogNode_3,69,1.0,1899.4436001125757,463.76941831605865,12405.346189465063,11941.576771149004,11439.819884423134,30.00129513115616,,
4-276,SENSOR_DATA_LOGGING,951.7364969372633,0.1,10000,FogNode_1,124,1.0,1597.9384595498836,563.9474165821384,12407.740620934524,11843.793204352387,11228.751176329886,78.62065596265374,,
5-205,VOICE_ASSISTANT,751.1918492100419,2.0,150,FogNode_7,64,1.0,1727.0272900361456,400.9935746367339,12411.639914527146,12010.646339890412,11401.745131167665,51.48599830789307,,
8-184,SENSOR_DATA_LOGGING,821.1115175553831,0.1,10000,FogNode_8,27,1.0,770.9711269175084,357.4298521221351,12413.670400761279,12056.240548639144,10970.331943608084,78.05048260403468,,
7-489,SENSOR_DATA_LOGGING,467.83010532010593,0.1,10000,FogNode_9,199,1.0,1349.236560939329,909.2844947665978,12418.313358844562,11509.028864077964,11142.447621914707,47.0541824395486,,
4-447,SENSOR_DATA_LOGGING,496.271190920488,0.1,10000,FogNode_2,97,1.0,681.967788340379,895.277943247122,12426.001237012284,11530.723293765162,10784.392126407574,60.91432316692454,,
4-274,GPS_TRACKING,583.7819021235912,0.2,200,FogNode_1,121,1.0,1597.9384595498836,561.0011445173022,12432.184955953257,11871.183811435954,11482.397039836966,48.224814569770494,,
8-252,VOICE_ASSISTANT,416.10395787921135,2.0,150,FogNode_3,78,1.0,1899.4436001125757,468.8750735175106,12440.231691914467,11971.356618396956,11582.93486362127,19.755736960925777,,
1-263,VOICE_ASSISTANT,958.07953067103,2.0,150,FogNode_3,66,1.0,1899.4436001125757,458.71226950182626,12442.924454471282,11984.212184969456,11307.617573828524,45.48759231239631,,
0-169,E_COMMERCE_TRANSACTION,137.676690348728,0.5,300,FogNode_6,57,1.0,816.2509881302752,339.81555686314937,12449.538550121875,12109.722993258725,11888.333667947865,18.55128452383837,,
1-338,SENSOR_DATA_LOGGING,259.4754137181559,0.1,10000,FogNode_4,95,1.0,1758.3565909566523,603.6893961678369,12466.849589757634,11863.160193589798,11694.354637689627,21.6152359933923,,
6-113,SMART_HOME_CONTROL,592.1414490082616,0.1,150,FogNode_0,58,1.0,1189.2931772946604,270.9343101405515,12473.571525409654,12202.637215269102,11684.830445275038,37.70412486671685,,
8-168,E_COMMERCE_TRANSACTION,609.0755931511067,0.5,300,FogNode_6,38,1.0,816.2509881302752,330.9097376544332,12475.46464012574,12144.554902471307,11347.249125051296,82.07006281493021,,
6-226,VOICE_ASSISTANT,143.4337668424846,2.0,150,FogNode_3,92,1.0,1899.4436001125757,475.84242087438105,12480.859759246227,12005.017338371845,11756.160232572835,6.809932266679967,,
1-272,VOICE_ASSISTANT,84.09867569691419,2.0,150,FogNode_3,111,1.0,1899.4436001125757,480.7212385894745,12484.507118514093,12003.785879924619,11789.42301955226,3.9928274758509414,,
5-470,SENSOR_DATA_LOGGING,868.1415430168606,0.1,10000,FogNode_9,199,1.0,1349.236560939329,909.3549980143782,12492.080888950895,11582.725890936517,10920.725887763438,87.31736176002565,,
4-210,VOICE_ASSISTANT,446.87018203956876,2.0,150,FogNode_7,70,1.0,1727.0272900361456,411.21673652567034,12498.886974477062,12087.670237951392,11655.189163661646,30.628071191842665,,
1-269,VOICE_ASSISTANT,201.97278662938373,2.0,150,FogNode_3,83,1.0,1899.4436001125757,470.22862916420263,12510.819531584813,12040.59090242061,11759.522659567485,9.58924127098441,,
6-187,VOICE_ASSISTANT,894.9498603311068,2.0,150,FogNode_7,64,1.0,1727.0272900361456,405.0445102527169,12520.8213306223,12115.776820369583,11427.195073506397,61.33904014415462,,
6-445,GPS_TRACKING,229.98954734018378,0.2,200,FogNode_2,98,1.0,681.967788340379,900.7813073087299,12524.535214033198,11623.753906724469,11262.276824135943,28.229842610265997,,
9-189,E_COMMERCE_TRANSACTION,796.2337900679534,0.5,300,FogNode_6,41,1.0,816.2509881302752,332.6718951490116,12527.721945456089,12195.050050307078,11173.213975786979,107.28874691591004,,
5-298,GPS_TRACKING,155.24033955101828,0.2,200,FogNode_1,120,1.0,1597.9384595498836,560.9786378798559,12529.335342830325,11968.356704950469,11844.014933340422,12.824029935431483,,
0-270,E_COMMERCE_TRANSACTION,198.61965827100792,0.5,300,FogNode_1,76,1.0,1597.9384595498836,539.8396012223161,12532.038059977926,11992.198458755609,11820.849614502124,16.40749080296552,,
3-225,VOICE_ASSISTANT,751.0958164909653,2.0,150,FogNode_7,67,1.0,1727.0272900361456,408.12883566179704,12545.396021662624,12137.267186000827,11530.829344659118,51.47941631367004,,
0-444,SMART_HOME_CONTROL,504.12643348078717,0.1,150,FogNode_9,200,1.0,1349.236560939329,915.4481970106774,12561.97624125268,11646.528044242003,11257.85440778062,50.704853971235984,,
3-494,SENSOR_DATA_LOGGING,604.2693956465965,0.1,10000,FogNode_9,200,1.0,1349.236560939329,913.6940618002016,12572.730751624038,11659.036689823837,11194.648127696464,60.77719681151257,,
6-254,E_COMMERCE_TRANSACTION,676.3367006636696,0.5,300,FogNode_1,71,1.0,1597.9384595498836,537.7771056729099,12587.921656606246,12050.144550933335,11578.240192572512,55.870543190170245,,
3-493,SMART_HOME_CONTROL,687.4879959017524,0.1,150,FogNode_9,200,1.0,1349.236560939329,911.2906887666444,12599.486372185715,11688.19568341907,11159.844221815214,69.1472934646355,,
1-341,SENSOR_DATA_LOGGING,386.30665560791925,0.1,10000,FogNode_4,99,1.0,1758.3565909566523,606.5925033868729,12600.623420023283,11994.03091663641,11755.361600036103,32.180734995775936,,
9-257,VOICE_ASSISTANT,715.1595252622891,2.0,150,FogNode_3,71,1.0,1899.4436001125757,467.15848983491435,12604.318525964098,12137.160036129184,11589.382220793079,33.954263588820815,,
1-275,VOICE_ASSISTANT,233.52670513343875,2.0,150,FogNode_3,116,1.0,1899.4436001125757,485.62373519879316,12607.451914095072,12121.82817889628,11825.798507814363,11.087354668486757,,
9-226,VOICE_ASSISTANT,936.9973297900943,2.0,150,FogNode_7,70,1.0,1727.0272900361456,409.2622380771267,12607.80082089655,12198.538582819423,11488.014362948747,64.22093502053434,,
8-227,VOICE_ASSISTANT,189.92969436967758,2.0,150,FogNode_7,108,1.0,1727.0272900361456,427.4964222780348,12608.861898130817,12181.365475852783,11897.377395444259,13.017606531832357,,
4-135,GPS_TRACKING,335.4239411300729,0.2,200,FogNode_5,43,1.0,782.8923712617282,278.1486373868591,12609.058155850647,12330.909518463788,11874.695678647326,49.8573398306035,,
9-293,GPS_TRACKING,798.6657302021734,0.2,200,FogNode_1,105,1.0,1597.9384595498836,555.6241041467291,12611.670625266468,12056.046521119739,11526.637415558922,65.97584920348581,,
2-308,SENSOR_DATA_LOGGING,760.0019352830824,0.1,10000,FogNode_4,102,1.0,1758.3565909566523,608.5794648160289,12615.580564810334,12007.001099994306,11559.648561781649,63.31089697932803,,
2-159,SENSOR_DATA_LOGGING,673.0827577653785,0.1,10000,FogNode_8,27,1.0,770.9711269175084,358.2073044641712,12615.989540698254,12257.782236234083,11364.165043857376,63.97965800363892,,
1-253,VOICE_ASSISTANT,54.84236423842376,2.0,150,FogNode_7,159,1.0,1727.0272900361456,446.4967294458715,12640.617252869466,12194.120523423595,11992.779459402764,3.758845194273169,,
2-444,GPS_TRACKING,212.63370840335173,0.2,200,FogNode_2,98,1.0,681.967788340379,902.7283324395281,12648.145697147429,11745.4173647079,11409.703378775188,26.099517092336292,,
9-282,E_COMMERCE_TRANSACTION,656.4060268260623,0.5,300,FogNode_1,76,1.0,1597.9384595498836,539.809677374302,12651.293010241849,12111.483332867547,11653.727693901936,54.224118306882744,,
4-178,E_COMMERCE_TRANSACTION,166.48903156114437,0.5,300,FogNode_6,72,1.0,816.2509881302752,348.59985702929004,12653.50648888359,12304.9066318543,12047.884870110316,22.43361157771782,,
5-478,SMART_HOME_CONTROL,321.0942763971518,0.1,150,FogNode_9,202,1.0,1349.236560939329,918.0491737046975,12656.295552399713,11738.246378695016,11486.127891094724,32.29554594728022,,
5-477,SENSOR_DATA_LOGGING,237.00264617612055,0.1,10000,FogNode_9,202,1.0,1349.236560939329,917.8616713506017,12667.737740415934,11749.876069065333,11559.835842739514,23.837640256597833,,
2-149,E_COMMERCE_TRANSACTION,563.976004459332,0.5,300,FogNode_6,54,1.0,816.2509881302752,339.12326590557296,12670.09864978382,12330.975383878247,11594.446414396672,75.99310599958267,,
4-264,E_COMMERCE_TRANSACTION,220.61321321419376,0.5,300,FogNode_1,78,1.0,1597.9384595498836,541.4687092991954,12670.099204883554,12128.630495584359,11941.91007003314,18.224325317716634,,
4-448,GPS_TRACKING,167.02403586044315,0.2,200,FogNode_2,98,1.0,681.967788340379,900.7759019113952,12670.916083015361,11770.140181103967,11494.981067005672,20.501202332893666,,
2-245,VOICE_ASSISTANT,144.8664953342612,2.0,150,FogNode_3,133,1.0,1899.4436001125757,492.4445322896553,12680.586384259903,12188.141851970247,11942.911718954934,6.877955189038659,,
9-238,VOICE_ASSISTANT,239.6626563017273,2.0,150,FogNode_7,134,1.0,1727.0272900361456,438.58141052312374,12684.167804647426,12245.586394124302,11936.402022795604,16.42625799227181,,
9-154,SENSOR_DATA_LOGGING,999.8779673984474,0.1,10000,FogNode_0,58,1.0,1189.2931772946604,268.01519094875664,12702.418736135796,12434.40354518704,11571.208658730222,63.66641584947403,,
4-238,VOICE_ASSISTANT,850.4553427360287,2.0,150,FogNode_3,84,1.0,1899.4436001125757,472.7693131959753,12708.448433612763,12235.679120416788,11622.06207639191,40.377823209708914,,
4-214,VOICE_ASSISTANT,595.6952327579986,2.0,150,FogNode_7,109,1.0,1727.0272900361456,429.375014546509,12711.372571183552,12281.997556637043,11766.818397433133,40.828403260832786,,
5-240,VOICE_ASSISTANT,54.03383477509306,2.0,150,FogNode_7,176,1.0,1727.0272900361456,453.1647306445197,12715.454996857321,12262.290266212802,12058.041702472385,3.703429328639507,,
0-234,VOICE_ASSISTANT,874.1732005406068,2.0,150,FogNode_3,71,1.0,1899.4436001125757,466.6439569426937,12721.284141963024,12254.640185020331,11621.807909340208,41.50389699774028,,
0-295,SMART_HOME_CONTROL,464.22728216449053,0.1,150,FogNode_4,99,1.0,1758.3565909566523,607.017494911114,12730.861613571258,12123.844118660145,11840.452368889146,38.67180367792378,,
6-201,VOICE_ASSISTANT,735.4112870582044,2.0,150,FogNode_7,96,1.0,1727.0272900361456,422.98154355778775,12736.694547748943,12313.713004191155,11718.125361740429,50.40441309487257,,
5-325,GPS_TRACKING,219.78229263088622,0.2,200,FogNode_4,85,1.0,1758.3565909566523,599.4883975403774,12740.573580311991,12141.085182771614,11988.152871442297,18.308656123950136,,
7-290,GPS_TRACKING,369.2469212722591,0.2,200,FogNode_1,118,1.0,1597.9384595498836,560.3465361426602,12760.412402816897,12200.065866674237,11940.95934073481,30.502597363909864,,
9-502,SMART_HOME_CONTROL,609.782145345629,0.1,150,FogNode_9,202,1.0,1349.236560939329,917.2205893670891,12773.857670026597,11856.637080659508,11390.308465782085,61.331667178280334,,
6-457,SMART_HOME_CONTROL,155.59681956163553,0.1,150,FogNode_9,200,1.0,1349.236560939329,915.5419056370284,12783.05985965447,11867.517954017441,11733.68113823038,15.649871719258226,,
3-239,VOICE_ASSISTANT,825.7176840645703,2.0,150,FogNode_7,102,1.0,1727.0272900361456,424.7409705138097,12786.599970402152,12361.858999888344,11717.740143718356,56.59393047096116,,
5-330,SMART_HOME_CONTROL,801.127170966078,0.1,150,FogNode_4,96,1.0,1758.3565909566523,604.6845491178404,12805.99514611992,12201.310597002079,11725.096563933856,66.73677714976064,,
7-314,SENSOR_DATA_LOGGING,378.6209616132504,0.1,10000,FogNode_4,112,1.0,1758.3565909566523,612.4823608396249,12815.950028721725,12203.4676678821,11973.393820356048,31.540489019915523,,
3-191,E_COMMERCE_TRANSACTION,279.7111705970375,0.5,300,FogNode_6,72,1.0,816.2509881302752,349.0964950125673,12818.142535362045,12469.046040349478,12072.808870023997,37.68976067842756,,
7-253,VOICE_ASSISTANT,211.57479062807997,2.0,150,FogNode_3,133,1.0,1899.4436001125757,493.0078627197194,12819.83620559796,12326.82834287824,12046.739022622638,10.045124138003583,,
8-447,E_COMMERCE_TRANSACTION,120.03054653575121,0.5,300,FogNode_2,96,1.0,681.967788340379,891.593803428047,12824.151878946506,11932.55807551846,11708.848670753961,14.733032332623912,,
0-243,VOICE_ASSISTANT,730.4423982574054,2.0,150,FogNode_3,110,1.0,1899.4436001125757,480.52399652675575,12827.480436135656,12346.9564396089,11789.547585206863,34.67986211577931,,
5-466,GPS_TRACKING,293.40104844581765,0.2,200,FogNode_2,97,1.0,681.967788340379,899.4026278563108,12828.735610756652,11929.332982900341,11470.350001842999,36.01322544916072,,
6-111,GPS_TRACKING,447.45909654037285,0.2,200,FogNode_0,57,1.0,1189.2931772946604,266.05667879067215,12849.811047407273,12583.754368616601,12182.148233731414,28.491593819285473,,
6-459,SENSOR_DATA_LOGGING,783.7470952496911,0.1,10000,FogNode_9,201,1.0,1349.236560939329,916.8058576536564,12852.354415643358,11935.548557989701,11340.51112895347,78.82899879030148,,
1-205,SENSOR_DATA_LOGGING,344.69086557464,0.1,10000,FogNode_8,27,1.0,770.9711269175084,358.97876248055644,12860.757008210225,12501.778245729669,12034.172289489872,32.76447575281819,,
7-255,VOICE_ASSISTANT,75.98260176676911,2.0,150,FogNode_3,134,1.0,1899.4436001125757,493.771420847479,12867.482993601572,12373.711572754093,12164.592076474923,3.607493429675112,,
0-479,SENSOR_DATA_LOGGING,277.4669933610477,0.1,10000,FogNode_7,307,1.0,1727.0272900361456,996.5165240682154,12872.034186064717,11875.517661996502,11699.910058639205,19.017332477323837,,
5-269,HEALTH_MONITORING,420.26320373047236,1.0,100,FogNode_1,46,1.0,1597.9384595498836,506.26874052265197,12874.673997654698,12368.405257132046,12018.764255642202,34.71692938180362,,
1-339,GPS_TRACKING,264.0300121393085,0.2,200,FogNode_4,96,1.0,1758.3565909566523,604.7624702840333,12881.018876038515,12276.256405754482,12103.372177435538,21.994650437009994,,
2-116,SENSOR_DATA_LOGGING,976.9903258956033,0.1,10000,FogNode_0,60,1.0,1189.2931772946604,277.505481637226,12891.870864514152,12614.365382876926,11779.324953156522,62.209063903290904,,
6-234,VOICE_ASSISTANT,549.9717993773922,2.0,150,FogNode_3,131,1.0,1899.4436001125757,491.3418286228877,12896.995546422348,12405.65371779946,11946.019293466488,26.11149929888621,,
4-241,VOICE_ASSISTANT,797.3409407472554,2.0,150,FogNode_3,115,1.0,1899.4436001125757,484.35634972214706,12900.63581403406,12416.279464311912,11823.257461740877,37.85606359974222,,
9-270,VOICE_ASSISTANT,743.3172377792209,2.0,150,FogNode_3,143,1.0,1899.4436001125757,495.8368039449719,12902.153729523181,12406.316925578209,11849.563461679456,35.29113230004646,,
5-459,E_COMMERCE_TRANSACTION,158.82111368692892,0.5,300,FogNode_2,97,1.0,681.967788340379,885.2199699164231,12903.802615784647,12018.582645868224,11731.1900675412,19.494342653483756,,
5-512,E_COMMERCE_TRANSACTION,211.28208077158197,0.5,300,FogNode_7,307,1.0,1727.0272900361456,988.4296010072579,12908.938558790735,11920.508957783477,11745.361208114688,14.481079453315745,,
4-289,E_COMMERCE_TRANSACTION,296.46805434128174,0.5,300,FogNode_4,46,1.0,1758.3565909566523,578.3887095678865,12909.17877442679,12330.790064858902,12112.50910815414,24.69685611928273,,
3-490,GPS_TRACKING,180.0247884833491,0.2,200,FogNode_9,199,1.0,1349.236560939329,909.3794322014537,12916.487009270113,12007.107577068658,11848.783434588211,18.106827980085964,,
5-227,VOICE_ASSISTANT,872.3580587584137,2.0,150,FogNode_7,115,1.0,1727.0272900361456,432.3377072275878,12916.761092282337,12484.42338505475,11810.306500757946,59.790618847029094,,
1-187,HEALTH_MONITORING,203.46702058199583,1.0,100,FogNode_6,34,1.0,816.2509881302752,319.4659356424467,12919.36881734351,12599.902881701062,12263.38913410479,27.416221151695893,,
4-250,HEALTH_MONITORING,563.8136858918524,1.0,100,FogNode_1,46,1.0,1597.9384595498836,502.56281384335216,12940.759829141796,12438.197015298443,11997.331866647226,46.575288399874225,,
7-473,E_COMMERCE_TRANSACTION,288.725945272982,0.5,300,FogNode_2,97,1.0,681.967788340379,879.4891159507159,12947.907036294215,12068.4179203435,11591.02328149772,35.43938447124579,,
4-172,E_COMMERCE_TRANSACTION,790.0926311924042,0.5,300,FogNode_6,50,1.0,816.2509881302752,338.1602496809473,12949.086262434072,12610.926012753125,11591.884480366896,106.46125472883148,,
4-454,SENSOR_DATA_LOGGING,244.32347287005123,0.1,10000,FogNode_9,200,1.0,1349.236560939329,911.5094733095494,12954.940424484388,12043.430951174838,11839.702486978196,24.5739663522193,,
1-496,SENSOR_DATA_LOGGING,537.2155871795894,0.1,10000,FogNode_9,202,1.0,1349.236560939329,919.3199713825454,12960.13887835583,12040.818906973285,11629.47906473559,54.0329490579093,,
5-465,GPS_TRACKING,607.7424425346945,0.2,200,FogNode_2,96,1.0,681.967788340379,894.4723726703792,12969.906819445323,12075.434446774943,11159.06196911737,74.5967531948591,,
9-489,GPS_TRACKING,568.066668872416,0.2,200,FogNode_2,96,1.0,681.967788340379,890.3550435753177,12978.060498090357,12087.705454515039,11224.895605416072,69.72678906440244,,
1-276,VOICE_ASSISTANT,162.6347427149738,2.0,150,FogNode_3,131,1.0,1899.4436001125757,491.52400441299403,12987.776036342575,12496.252031929582,12236.242922378124,7.721554041832831,,
6-270,GPS_TRACKING,325.261484584851,0.2,200,FogNode_4,93,1.0,1758.3565909566523,603.3787245128755,13000.930416805515,12397.55169229264,12187.695396508705,27.09545250595256,,
5-234,VOICE_ASSISTANT,682.8784640862526,2.0,150,FogNode_7,147,1.0,1727.0272900361456,443.3465959758683,13003.207696066404,12559.861100090535,11994.472182374826,46.80386173440847,,
6-442,E_COMMERCE_TRANSACTION,122.78908337994595,0.5,300,FogNode_2,97,1.0,681.967788340379,898.6808245106824,13008.786759035609,12110.105934524927,11878.636980320332,15.07162624633362,,
4-221,VOICE_ASSISTANT,638.8828986963231,2.0,150,FogNode_7,168,1.0,1727.0272900361456,450.36625672521365,13010.549391395749,12560.183134670535,12018.987790619076,43.788446155015855,,
4-286,E_COMMERCE_TRANSACTION,363.94618618520263,0.5,300,FogNode_4,46,1.0,1758.3565909566523,577.5974725857934,13012.976021362747,12435.378548776953,12177.751183650806,30.31802740213839,,
9-522,SENSOR_DATA_LOGGING,514.4939383687627,0.1,10000,FogNode_7,307,1.0,1727.0272900361456,993.2828872422263,13013.36223974634,12020.079352504114,11702.494297735977,35.26294124214953,,
7-520,E_COMMERCE_TRANSACTION,487.46352978423215,0.5,300,FogNode_7,307,1.0,1727.0272900361456,982.0616879882087,13018.950382730003,12036.888694741794,11703.576052590171,33.410301903599326,,
5-262,VOICE_ASSISTANT,256.88572088953424,2.0,150,FogNode_3,138,1.0,1899.4436001125757,494.52181796233816,13035.878429752847,12541.356611790508,12235.257520150119,12.196391394057875,,
8-308,SENSOR_DATA_LOGGING,230.23444890736016,0.1,10000,FogNode_4,109,1.0,1758.3565909566523,610.9757509754886,13040.11606558347,12429.140314607981,12279.78369503515,19.179358366287452,,
3-276,VOICE_ASSISTANT,690.2732148875114,2.0,150,FogNode_3,144,1.0,1899.4436001125757,496.59871763950656,13043.994497481375,12547.395779841869,12018.94145992894,32.77271414094273,,
5-471,GPS_TRACKING,533.0994861995273,0.2,200,FogNode_9,200,1.0,1349.236560939329,910.4890027039647,13051.407500617592,12140.918497913626,11722.270978621078,53.61895311311449,,
8-267,VOICE_ASSISTANT,631.387091588292,2.0,150,FogNode_3,143,1.0,1899.4436001125757,495.94440266936675,13053.690480087973,12557.746077418606,12059.043437326914,29.976925395079085,,
9-193,E_COMMERCE_TRANSACTION,533.9988712815853,0.5,300,FogNode_6,56,1.0,816.2509881302752,341.37677891772864,13057.338575041627,12715.961796123898,12008.333147950267,71.95382872337296,,
4-450,GPS_TRACKING,148.19939077985623,0.2,200,FogNode_9,198,1.0,1349.236560939329,904.0981445251874,13064.779866336365,12160.681721811177,12019.972208185472,14.905841013403496,,
4-141,SMART_HOME_CONTROL,666.5830059977907,0.1,150,FogNode_5,47,1.0,782.8923712617282,285.3880787418038,13073.301467414625,12787.913388672821,11915.393484916034,99.0807494043764,,
3-486,E_COMMERCE_TRANSACTION,118.85995859177615,0.5,300,FogNode_2,99,1.0,681.967788340379,903.4499322319252,13078.092311902159,12174.642379670233,11946.96741966953,14.58934965746732,,
1-283,HEALTH_MONITORING,688.4703298594312,1.0,100,FogNode_1,46,1.0,1597.9384595498836,505.1952832025033,13082.142099419765,12576.946816217262,12056.540115260024,56.872873025842466,,
6-119,GPS_TRACKING,616.7462514724582,0.2,200,FogNode_5,44,1.0,782.8923712617282,282.80770404070967,13086.28186001649,12803.47415597578,11991.739733217868,91.67302532227124,,
1-527,VOICE_ASSISTANT,295.2400047835745,2.0,150,FogNode_7,307,1.0,1727.0272900361456,965.5305288079711,13087.71380767191,12122.183278863939,11776.670348564789,20.23547833046197,,
2-211,VOICE_ASSISTANT,984.1876658160189,2.0,150,FogNode_7,129,1.0,1727.0272900361456,437.44505974855116,13090.695166139642,12653.25010639109,11918.208611808603,67.45531724038227,,
7-311,SMART_HOME_CONTROL,174.24690829333287,0.1,150,FogNode_4,100,1.0,1758.3565909566523,607.7953681905559,13100.026873798082,12492.231505607526,12371.445576042004,14.51539469543135,,
1-490,GPS_TRACKING,966.8148921691975,0.2,200,FogNode_9,197,1.0,1349.236560939329,902.3895398213928,13100.80607412987,12198.416534308477,11452.353158055326,97.24189145603236,,
9-321,GPS_TRACKING,113.68454208247152,0.2,200,FogNode_4,100,1.0,1758.3565909566523,607.52189794469,13104.769926277688,12497.248028332997,12410.236217101972,9.470331584411758,,
0-432,HEALTH_MONITORING,91.26619333233887,1.0,100,FogNode_2,96,1.0,681.967788340379,888.9922122515768,13111.888216778423,12222.896004526847,12003.693797638163,11.202379861199372,,
2-278,E_COMMERCE_TRANSACTION,386.0139761685869,0.5,300,FogNode_1,93,1.0,1597.9384595498836,549.3312175557965,13116.243986700034,12566.912769144237,12274.816963940213,31.887683318639215,,
3-476,HEALTH_MONITORING,115.89619297505101,1.0,100,FogNode_2,97,1.0,681.967788340379,880.347428141369,13117.850829764422,12237.503401623053,11980.447064925816,14.225565138294739,,
6-497,E_COMMERCE_TRANSACTION,464.92867766820905,0.5,300,FogNode_7,307,1.0,1727.0272900361456,993.3812007448321,13141.24167360736,12147.860472862527,11824.928329742963,31.865783869844975,,
3-174,HEALTH_MONITORING,81.12442657330058,1.0,100,FogNode_6,34,1.0,816.2509881302752,323.21735417738313,13156.725194786035,12833.507840608652,12645.751073551452,10.931133769867222,,
7-175,SENSOR_DATA_LOGGING,240.57527679778332,0.1,10000,FogNode_8,27,1.0,770.9711269175084,358.61644172170486,13172.79888422658,12814.182442504876,12480.063784188456,22.867803039189162,,
7-128,GPS_TRACKING,585.6515022069399,0.2,200,FogNode_0,57,1.0,1189.2931772946604,265.69347322586367,13194.855347551618,12929.161874325755,12410.180182680222,37.29088278581674,,
7-493,SENSOR_DATA_LOGGING,465.7094377221216,0.1,10000,FogNode_9,203,1.0,1349.236560939329,919.8309030694147,13197.519563997994,12277.68866092858,11918.012071930458,46.8408864611273,,
9-505,SENSOR_DATA_LOGGING,219.2106744137553,0.1,10000,FogNode_9,206,1.0,1349.236560939329,921.0263938822206,13213.877656526458,12292.851262644237,12115.409952858585,22.048130185002936,,
5-164,HEALTH_MONITORING,54.262364372755954,1.0,100,FogNode_6,34,1.0,816.2509881302752,324.13846808516496,13223.202742944415,12899.06427485925,12738.409672647318,7.311597612242328,,
8-268,VOICE_ASSISTANT,447.18926772612417,2.0,150,FogNode_3,152,1.0,1899.4436001125757,499.63093941324104,13223.20775313565,12723.57681372241,12321.257794079273,21.231601809254744,,
5-454,HEALTH_MONITORING,178.84111888318185,1.0,100,FogNode_2,97,1.0,681.967788340379,883.1751668216713,13232.149585072722,12348.974418251051,12001.203404938205,21.95167865976313,,
0-440,GPS_TRACKING,437.45510865818994,0.2,200,FogNode_9,199,1.0,1349.236560939329,905.710231097631,13240.711182645342,12335.00095154771,11981.642812570732,43.99907628396565,,
5-177,E_COMMERCE_TRANSACTION,729.104339421966,0.5,300,FogNode_6,63,1.0,816.2509881302752,344.6000886116044,13242.474357211706,12897.874268600102,11955.792871826336,98.24337012984479,,
2-263,HEALTH_MONITORING,483.12891825796265,1.0,100,FogNode_1,45,1.0,1597.9384595498836,514.9507606031967,13243.104963505764,12728.154202902568,12339.657637214106,39.91011439637181,,
1-284,HEALTH_MONITORING,772.6369294060427,1.0,100,FogNode_1,46,1.0,1597.9384595498836,506.1636663180661,13243.933482610973,12737.769816292908,12163.909288286797,63.82567276379009,,
5-331,SENSOR_DATA_LOGGING,663.4501415893651,0.1,10000,FogNode_4,105,1.0,1758.3565909566523,608.9065291906594,13258.331501362374,12649.424972171715,12252.56583077613,55.26778500825731,,
9-269,VOICE_ASSISTANT,687.8728342090957,2.0,150,FogNode_3,142,1.0,1899.4436001125757,494.7693439964382,13259.139931319234,12764.370587322795,12232.06511466621,32.65874913678712,,
6-203,AUGMENTED_REALITY,429.0133688864351,30.0,150,FogNode_7,109,1.0,1727.0272900361456,428.73958957857906,13267.361841750697,12838.622252172117,10176.127634598592,29.40418164517969,,
5-138,SENSOR_DATA_LOGGING,446.7844275751196,0.1,10000,FogNode_0,58,1.0,1189.2931772946604,273.7007040856892,13267.543100851572,12993.842396765882,12598.2618831955,28.448634821984722,,
1-541,VOICE_ASSISTANT,468.8827861733772,2.0,150,FogNode_7,307,1.0,1727.0272900361456,995.2760238379839,13274.704729656165,12279.428705818182,11840.97939085473,32.136794829322774,,
2-246,VOICE_ASSISTANT,773.829923649291,2.0,150,FogNode_3,134,1.0,1899.4436001125757,493.80803132452115,13274.881204110918,12781.073172786397,12204.127546926442,36.73981017153993,,
2-260,HEALTH_MONITORING,971.496840012524,1.0,100,FogNode_1,46,1.0,1597.9384595498836,509.35478784938715,13278.068075152927,12768.71328730354,12075.105462938258,80.25301023258407,,
7-491,SENSOR_DATA_LOGGING,963.5991901747301,0.1,10000,FogNode_9,200,1.0,1349.236560939329,912.5786559337427,13286.911806356115,12374.333150422372,11639.581662559924,96.91845731488115,,
1-245,AUGMENTED_REALITY,533.0695936196526,30.0,150,FogNode_7,113,1.0,1727.0272900361456,431.3319867275932,13319.2124893648,12887.880502637207,10171.646787843898,36.53609956491496,,
3-492,GPS_TRACKING,989.61653241331,0.2,200,FogNode_9,200,1.0,1349.236560939329,910.7305243662447,13332.950437022755,12422.21991265651,11666.154822522332,99.53527216788991,,
2-248,VOICE_ASSISTANT,976.6632864162658,2.0,150,FogNode_3,142,1.0,1899.4436001125757,495.1527095939256,13334.020088898513,12838.867379304587,12157.287628609825,46.36990977969505,,
9-162,SENSOR_DATA_LOGGING,580.1055459328373,0.1,10000,FogNode_5,52,1.0,782.8923712617282,291.8638478254535,13350.035545881829,13058.171698056374,12301.210979725804,86.22675901949252,,
0-443,GPS_TRACKING,216.7691237013338,0.2,200,FogNode_9,200,1.0,1349.236560939329,913.6106898553727,13358.180140487577,12444.569450632203,12260.356592816688,21.802559899227756,,
6-460,SENSOR_DATA_LOGGING,553.205110861097,0.1,10000,FogNode_9,202,1.0,1349.236560939329,919.1416356731563,13370.15230882199,12451.010673148832,12025.00680999764,55.64116955478463,,
0-292,GPS_TRACKING,482.4657713525521,0.2,200,FogNode_4,91,1.0,1758.3565909566523,602.4476651769916,13374.411360900362,12771.96369572337,12469.549234216034,40.191135480169606,,
6-208,AUGMENTED_REALITY,633.5270863034756,30.0,150,FogNode_7,127,1.0,1727.0272900361456,436.8323662726365,13380.193204119936,12943.3608378473,10171.307970746007,43.421363700533,,
3-326,SENSOR_DATA_LOGGING,250.14856780826287,0.1,10000,FogNode_4,118,1.0,1758.3565909566523,614.8488115409436,13400.594207968528,12785.745396427585,12627.583471053353,20.838276155357992,,
1-246,AUGMENTED_REALITY,559.0888439632861,30.0,150,FogNode_7,116,1.0,1727.0272900361456,433.32914164533946,13411.442822950865,12978.113681305525,10244.033111251936,38.319435047819525,,
9-318,GPS_TRACKING,65.18137460704946,0.2,200,FogNode_4,91,1.0,1758.3565909566523,601.6048253760714,13437.663693727152,12836.058868351081,12768.216249970537,5.429843137413595,,
3-250,AUGMENTED_REALITY,511.96262889446405,30.0,150,FogNode_7,153,1.0,1727.0272900361456,444.5391706380972,13437.68321326812,12993.144042630021,10290.309848603469,35.08944761938519,,
2-252,VOICE_ASSISTANT,768.0314280441759,2.0,150,FogNode_3,147,1.0,1899.4436001125757,497.68350992515786,13448.339974229753,12950.656464304595,12375.6519482703,36.46450984868889,,
6-136,HEALTH_MONITORING,649.5060893304519,1.0,100,FogNode_6,34,1.0,816.2509881302752,315.7392112724442,13449.22508374646,13133.485872474015,12248.940295677645,87.5178814410403,,
9-488,HEALTH_MONITORING,253.6430946486181,1.0,100,FogNode_2,96,1.0,681.967788340379,889.2085738832442,13450.02057447579,12560.812000592545,12102.409387862011,31.13317419821819,,
0-293,GPS_TRACKING,776.6741016827185,0.2,200,FogNode_4,92,1.0,1758.3565909566523,602.8974620405332,13454.680568482032,12851.783106441499,12383.249704928112,64.69974845502384,,
8-174,E_COMMERCE_TRANSACTION,886.3804280466048,0.5,300,FogNode_6,56,1.0,816.2509881302752,340.4577703755055,13460.717913638218,13120.260143262713,11980.648483599423,119.43558110965394,,
4-182,SENSOR_DATA_LOGGING,655.21973520897,0.1,10000,FogNode_8,27,1.0,770.9711269175084,359.38747621572367,13465.852411476133,13106.46493526041,12235.435750873006,62.281694326981075,,
7-521,HEALTH_MONITORING,974.1911774617628,1.0,100,FogNode_7,307,1.0,1727.0272900361456,984.7165790957,13473.024131197279,12488.307552101578,11831.848863178835,66.77016712455854,,
4-167,HEALTH_MONITORING,213.98328630179606,1.0,100,FogNode_6,37,1.0,816.2509881302752,330.8695771980721,13485.356528254926,13154.486951056853,12804.34860890644,28.833238346125455,,
5-231,AUGMENTED_REALITY,688.8580028973248,30.0,150,FogNode_7,127,1.0,1727.0272900361456,436.44845243363994,13489.564371549191,13053.115919115551,10243.964415136837,47.213693823817586,,
0-139,SENSOR_DATA_LOGGING,769.9232375309803,0.1,10000,FogNode_0,59,1.0,1189.2931772946604,277.17492418670935,13497.189887402268,13220.014963215559,12557.301032088491,49.02423556782623,,
2-261,HEALTH_MONITORING,619.4223304678841,1.0,100,FogNode_1,46,1.0,1597.9384595498836,509.74888492807145,13503.882400911783,12994.133515983713,12514.504749114783,51.16898437331956,,
2-259,VOICE_ASSISTANT,864.1710110484872,2.0,150,FogNode_3,167,1.0,1899.4436001125757,506.83494509363,13508.650559448724,13001.815614355095,12377.392797913692,41.029014168827096,,
4-300,GPS_TRACKING,135.86020041101563,0.2,200,FogNode_4,92,1.0,1758.3565909566523,602.8116952582387,13514.929136419354,12912.117441161115,12805.207794294069,11.317643748642354,,
3-296,E_COMMERCE_TRANSACTION,736.3679098938281,0.5,300,FogNode_1,97,1.0,1597.9384595498836,550.4002084049125,13542.96579728686,12992.56558888195,12480.888695153193,60.829576560325314,,
2-231,AUGMENTED_REALITY,197.49709814405983,30.0,150,FogNode_7,230,1.0,1727.0272900361456,477.6012984309628,13552.039888048821,13074.438589617857,10552.120202344413,13.536269425116823,,
7-256,VOICE_ASSISTANT,993.3872503968482,2.0,150,FogNode_3,140,1.0,1899.4436001125757,494.6813091037155,13558.86697773499,13064.185668631275,12368.078710666627,47.163928262548055,,
3-318,SMART_HOME_CONTROL,799.1801203956733,0.1,150,FogNode_4,100,1.0,1758.3565909566523,608.0201590848965,13559.273935592926,12951.25377650803,12474.256075127032,66.57458082847032,,
3-483,HEALTH_MONITORING,75.25515727242218,1.0,100,FogNode_2,97,1.0,681.967788340379,898.0631588926075,13560.370591821273,12662.307432928665,12465.919031537389,9.237120860405774,,
0-453,SMART_HOME_CONTROL,593.027830746426,0.1,150,FogNode_3,296,1.0,1899.4436001125757,926.2624943649648,13571.351270845862,12645.088776480898,12316.628959569805,28.155708718674806,,
8-462,SENSOR_DATA_LOGGING,487.7404830236226,0.1,10000,FogNode_9,208,1.0,1349.236560939329,921.538598615042,13575.371331648974,12653.832733033933,12276.401361075155,49.05676101294023,,
3-295,E_COMMERCE_TRANSACTION,553.7236221449269,0.5,300,FogNode_1,97,1.0,1597.9384595498836,550.202487599153,13590.457229402138,13040.254741802984,12641.966520809454,45.74177257586085,,
3-179,HEALTH_MONITORING,299.0252829376797,1.0,100,FogNode_6,41,1.0,816.2509881302752,332.34744463572775,13608.814229733802,13276.466785098073,12820.906321406927,40.29224620047979,,
8-468,SMART_HOME_CONTROL,639.9082757782298,0.1,150,FogNode_3,296,1.0,1899.4436001125757,926.7576262592659,13611.773689752663,12685.016063493396,12331.268300676076,30.381493220653287,,
3-268,AUGMENTED_REALITY,525.8943473952531,30.0,150,FogNode_7,227,1.0,1727.0272900361456,473.5729444391461,13623.720907054161,13150.147962615016,10437.38767763457,36.044314789352455,,
4-292,E_COMMERCE_TRANSACTION,479.23060162211726,0.5,300,FogNode_4,47,1.0,1758.3565909566523,582.7892860382102,13646.955965383226,13064.166679345015,12743.552974440803,39.92163419602102,,
3-271,AUGMENTED_REALITY,409.21732809584785,30.0,150,FogNode_7,230,1.0,1727.0272900361456,477.0017702414279,13648.391787484763,13171.390017243335,10528.890358149736,28.04737922018137,,
6-456,GPS_TRACKING,499.328657100267,0.2,200,FogNode_9,200,1.0,1349.236560939329,915.3210677025918,13656.994171121443,12741.673103418852,12348.456088741461,50.22229536171964,,
2-136,HEALTH_MONITORING,925.7124839754291,1.0,100,FogNode_6,34,1.0,816.2509881302752,311.3858874073984,13661.824687672535,13350.438800265138,12125.025074390538,124.73539009398492,,
6-439,E_COMMERCE_TRANSACTION,580.5843723453177,0.5,300,FogNode_2,96,1.0,681.967788340379,890.9060238972842,13675.48882223266,12784.582798335377,11879.888955061757,71.26326236490122,,
1-171,GPS_TRACKING,468.1868288198828,0.2,200,FogNode_5,44,1.0,782.8923712617282,282.9231876980481,13684.303818086335,13401.380630388287,12777.85269121495,69.59118585883397,,
0-450,SENSOR_DATA_LOGGING,606.5614088264508,0.1,10000,FogNode_9,202,1.0,1349.236560939329,919.1750088253215,13690.270160208303,12771.095151382982,12302.914353733819,61.007726666458346,,
9-482,HEALTH_MONITORING,399.7280354416813,1.0,100,FogNode_2,97,1.0,681.967788340379,882.9230340576476,13698.027389736211,12815.104355678564,12134.641778572124,49.06422773526589,,
7-156,HEALTH_MONITORING,88.42037243259256,1.0,100,FogNode_6,47,1.0,816.2509881302752,335.91636603199873,13717.139210307645,13381.222844275646,13182.764737803287,11.914228055206399,,
1-250,AUGMENTED_REALITY,768.2021561711261,30.0,150,FogNode_7,145,1.0,1727.0272900361456,442.5219495907871,13719.516552030465,13276.994602439678,10417.648438214475,52.651869098871586,,
1-499,SENSOR_DATA_LOGGING,943.2659953773089,0.1,10000,FogNode_3,296,1.0,1899.4436001125757,922.9695137602637,13719.808965891534,12796.839452131271,12282.897166320847,44.78427694809233,,
6-436,HEALTH_MONITORING,485.4251022251064,1.0,100,FogNode_2,96,1.0,681.967788340379,886.9065087614206,13720.587390274257,12833.680881512837,12033.137120427626,59.58303059146361,,
8-460,GPS_TRACKING,844.4184922085221,0.2,200,FogNode_9,200,1.0,1349.236560939329,913.3595890707038,13726.65517773009,12813.295588659386,12163.90428559966,84.9313059075609,,
8-472,SENSOR_DATA_LOGGING,749.7368329034655,0.1,10000,FogNode_3,296,1.0,1899.4436001125757,933.2727879963849,13728.73401083809,12795.461222841706,12387.412265308321,35.59592111608323,,
7-149,HEALTH_MONITORING,758.1896901287474,1.0,100,FogNode_6,34,1.0,816.2509881302752,323.1970362314648,13747.010862817888,13423.813826586424,12408.201993955166,102.16248392514609,,
9-485,HEALTH_MONITORING,352.988088521423,1.0,100,FogNode_2,96,1.0,681.967788340379,886.5480300574287,13749.751874442498,12863.203844385069,12254.570771258337,43.32717855007214,,
1-336,GPS_TRACKING,580.7084869092545,0.2,200,FogNode_4,91,1.0,1758.3565909566523,602.6880941003062,13784.936951001868,13182.248856901562,12821.809063601297,48.375107329219,,
5-473,GPS_TRACKING,974.1058520058376,0.2,200,FogNode_9,200,1.0,1349.236560939329,914.1311088714514,13786.748037231224,12872.616928359772,12128.333383814135,97.97521355397205,,
6-273,GPS_TRACKING,507.7269903721018,0.2,200,FogNode_4,97,1.0,1758.3565909566523,605.7401246981469,13803.680003554824,13197.939878856678,12880.250494225334,42.295485957018386,,
7-229,AUGMENTED_REALITY,927.09536946261,30.0,150,FogNode_7,159,1.0,1727.0272900361456,446.2307562257119,13804.177545133825,13357.946788908113,10413.137312198041,63.54226376870725,,
3-281,HEALTH_MONITORING,897.4112984291012,1.0,100,FogNode_1,46,1.0,1597.9384595498836,510.423090524665,13804.71063302691,13294.287542502247,12641.306372443005,74.13298237258167,,
7-114,VOICE_ASSISTANT,707.7533953802961,2.0,150,FogNode_6,20,1.0,816.2509881302752,240.9278210111007,13816.164410788286,13575.236589777185,12538.032901959503,95.3664311449934,,
2-449,GPS_TRACKING,620.2563937811894,0.2,200,FogNode_9,200,1.0,1349.236560939329,915.8303176573298,13817.889291379079,12902.058973721749,12418.17631546137,62.38516328979455,,
7-238,CLOUD_GAMING,329.1418541138808,50.0,150,FogNode_7,212,1.0,1727.0272900361456,465.6565154515842,13838.974678683311,13373.318163231726,9170.230584457242,22.559079896546777,,
9-509,SMART_HOME_CONTROL,522.6264729695622,0.1,150,FogNode_3,296,1.0,1899.4436001125757,936.0312673994448,13846.498410217933,12910.467142818488,12617.401904070619,24.81320096407304,,
1-270,AUGMENTED_REALITY,683.4810079100124,30.0,150,FogNode_7,230,1.0,1727.0272900361456,476.5843571071676,13868.77989710397,13392.195539996803,10582.945521855461,46.84515953379641,,
7-136,SENSOR_DATA_LOGGING,408.83217068224025,0.1,10000,FogNode_5,48,1.0,782.8923712617282,288.3314597204213,13872.24292162028,13583.91146189986,13041.250281172615,60.76872270570389,,
3-500,SMART_HOME_CONTROL,812.2896484383893,0.1,150,FogNode_3,296,1.0,1899.4436001125757,933.932231129797,13875.986074587903,12942.053843458107,12500.637475137562,38.5657966639433,,
1-488,HEALTH_MONITORING,216.3569185595413,1.0,100,FogNode_2,97,1.0,681.967788340379,895.6211971754343,13877.624459611807,12982.003262436372,12575.962249281527,26.556518890590674,,
5-295,E_COMMERCE_TRANSACTION,960.3539101324908,0.5,300,FogNode_1,101,1.0,1597.9384595498836,553.0944792415943,13879.063629389108,13325.969150147514,12676.01427679699,79.33251967733766,,
3-282,HEALTH_MONITORING,544.8555947268667,1.0,100,FogNode_1,46,1.0,1597.9384595498836,511.1891663177584,13883.939876401488,13372.75071008373,12940.31486979301,45.009206224831594,,
2-451,GPS_TRACKING,94.17191284661132,0.2,200,FogNode_9,205,1.0,1349.236560939329,920.501417207314,13887.68573447357,12967.184317266257,12869.019332879432,9.47177686381202,,
1-502,GPS_TRACKING,529.1087232580312,0.2,200,FogNode_3,296,1.0,1899.4436001125757,927.948650463827,13890.333539187872,12962.384888724046,12657.569024106286,25.12096451495725,,
2-148,HEALTH_MONITORING,117.05647305747115,1.0,100,FogNode_6,47,1.0,816.2509881302752,337.6451445005964,13890.418313172837,13552.77316867224,13316.62226457597,15.772807521344014,,
0-449,SENSOR_DATA_LOGGING,765.2789824562304,0.1,10000,FogNode_9,202,1.0,1349.236560939329,918.2095242279314,13900.144511517334,12981.934987289402,12393.12510538994,76.97148269884973,,
5-474,GPS_TRACKING,716.3456118264221,0.2,200,FogNode_9,200,1.0,1349.236560939329,915.01941380873,13901.078932488123,12986.059518679393,12429.814008339765,72.04978201560365,,
8-251,AUGMENTED_REALITY,902.8259498543986,30.0,150,FogNode_7,217,1.0,1727.0272900361456,468.8138221816869,13902.956194064063,13434.142371882377,10497.938616115012,61.87886007470292,,
6-217,CLOUD_GAMING,606.2853800737194,50.0,150,FogNode_7,169,1.0,1727.0272900361456,450.78966290453513,13903.097096913789,13452.307434009253,9095.611042285453,41.55424221575611,,
8-273,HEALTH_MONITORING,53.120431083568825,1.0,100,FogNode_1,47,1.0,1597.9384595498836,518.5143640540241,13912.306731315906,13393.792367261882,13272.433159648845,4.3881506596089075,,
9-180,HEALTH_MONITORING,811.2662667735277,1.0,100,FogNode_6,34,1.0,816.2509881302752,320.371203423471,13913.261968556513,13592.890765133043,12509.3159831707,109.3143022350909,,
0-287,E_COMMERCE_TRANSACTION,469.31251671176415,0.5,300,FogNode_4,52,1.0,1758.3565909566523,588.8839369633374,13913.860027463392,13324.976090500055,13012.0174899959,39.095422020972144,,
2-112,GPS_TRACKING,858.4710165641138,0.2,200,FogNode_0,57,1.0,1189.2931772946604,265.70658456629707,13916.688309308716,13650.98172474242,12898.927161152853,54.66244333545903,,
0-437,HEALTH_MONITORING,159.03111806511907,1.0,100,FogNode_2,98,1.0,681.967788340379,903.0479341100712,13931.221861358006,13028.173927247935,12704.593691832917,19.52011943600425,,
7-158,HEALTH_MONITORING,374.6410591010892,1.0,100,FogNode_6,47,1.0,816.2509881302752,337.0222510581029,13944.334299245747,13607.312048187645,13060.363801550837,50.48111531510725,,
8-463,GPS_TRACKING,740.5497536810219,0.2,200,FogNode_3,296,1.0,1899.4436001125757,922.0107038917336,13948.744178425302,13026.733474533568,12607.760957161596,35.1597380009722,,
9-247,CLOUD_GAMING,573.4193594073876,50.0,150,FogNode_7,170,1.0,1727.0272900361456,451.1687254987552,13955.747715614543,13504.578990115788,9160.227764626588,39.30163539341984,,
5-482,SENSOR_DATA_LOGGING,849.6649680479628,0.1,10000,FogNode_3,296,1.0,1899.4436001125757,929.8934405363565,13955.973642902009,13026.080202365652,12560.897359994042,40.34029788907129,,
2-144,HEALTH_MONITORING,420.2652425604133,1.0,100,FogNode_6,35,1.0,816.2509881302752,328.65954111981677,13964.0976519538,13635.438110833984,13026.943684235526,56.62875880056487,,
7-244,AUGMENTED_REALITY,838.3355828607167,30.0,150,FogNode_7,231,1.0,1727.0272900361456,478.7701127587262,13974.98552713682,13496.215414378094,10596.179634835078,57.45874964698221,,
5-476,GPS_TRACKING,429.67951998922086,0.2,200,FogNode_9,201,1.0,1349.236560939329,916.7052275423503,13975.455390175634,13058.750162633283,12715.445544706445,43.21701039371215,,
4-254,HEALTH_MONITORING,617.6685673955182,1.0,100,FogNode_1,45,1.0,1597.9384595498836,517.601584336914,13976.998127585104,13459.396543248191,12987.181528572848,51.02411023683725,,
6-259,E_COMMERCE_TRANSACTION,182.63451737816553,0.5,300,FogNode_1,111,1.0,1597.9384595498836,556.8675132555384,13998.233713117585,13441.366199862046,13276.147895357077,15.08699687770886,,
4-253,HEALTH_MONITORING,811.5081499129877,1.0,100,FogNode_1,45,1.0,1597.9384595498836,513.0066883550365,14011.729336482493,13498.722648127456,12901.502878835254,67.03673051366057,,
7-155,HEALTH_MONITORING,294.84176907059117,1.0,100,FogNode_6,47,1.0,816.2509881302752,335.5451086319597,14023.039281416504,13687.494172784545,13234.308457917343,39.72853744294645,,
0-236,CLOUD_GAMING,529.5166247370773,50.0,150,FogNode_7,214,1.0,1727.0272900361456,466.89159149279914,14026.122375685976,13559.230784193178,9237.985690553747,36.29258234615303,,
1-494,GPS_TRACKING,326.30923244787755,0.2,200,FogNode_9,202,1.0,1349.236560939329,917.9976968747095,14028.595346957773,13110.597650083064,12843.013995305335,32.8200643368293,,
1-317,E_COMMERCE_TRANSACTION,160.3730257981579,0.5,300,FogNode_1,111,1.0,1597.9384595498836,556.8460983790551,14077.360581996103,13520.514483617048,13366.135670712902,13.248028763782823,,
3-319,GPS_TRACKING,931.0181589321495,0.2,200,FogNode_4,105,1.0,1758.3565909566523,608.875042522276,14088.75593243045,13479.880889908174,12924.577917357496,77.5571640144336,,
0-172,HEALTH_MONITORING,167.31147980658977,1.0,100,FogNode_6,59,1.0,816.2509881302752,342.98983312113205,14095.393844277354,13752.404011156223,13458.206139151285,22.54443259882708,,
5-140,SMART_HOME_CONTROL,985.503298765531,0.1,150,FogNode_0,59,1.0,1189.2931772946604,276.8894806691626,14096.189323313976,13819.299842644814,12971.12107596574,62.75112052272247,,
1-514,SMART_HOME_CONTROL,272.180305665902,0.1,150,FogNode_3,299,1.0,1899.4436001125757,944.9444287572009,14099.268398087037,13154.323969329836,12997.277792182545,12.92254597165075,,
7-495,GPS_TRACKING,730.0918759981355,0.2,200,FogNode_3,296,1.0,1899.4436001125757,925.2573767525341,14113.105453061942,13187.848076309408,12773.84163892111,34.66322005933654,,
9-291,E_COMMERCE_TRANSACTION,353.9799809999432,0.5,300,FogNode_1,103,1.0,1597.9384595498836,554.6868576764167,14133.829643468389,13579.142785791972,13304.06373360934,29.241432259267196,,
0-431,HEALTH_MONITORING,696.6981922989908,1.0,100,FogNode_2,96,1.0,681.967788340379,886.9208496921506,14139.45068273469,13252.52983304254,12140.570833715034,85.51553991436985,,
5-176,HEALTH_MONITORING,266.03032767978493,1.0,100,FogNode_6,60,1.0,816.2509881302752,343.12903924966514,14142.081722434255,13798.95268318459,13385.331746568694,35.84633163578398,,
0-297,GPS_TRACKING,639.452502870589,0.2,200,FogNode_4,109,1.0,1758.3565909566523,610.9578214204038,14167.344863208058,13556.387041787655,13163.61341586753,53.268695318958486,,
4-139,GPS_TRACKING,383.39267698144295,0.2,200,FogNode_5,44,1.0,782.8923712617282,282.2280139106363,14174.016952426318,13891.788938515681,13375.439927225336,56.98740203346451,,
0-176,HEALTH_MONITORING,125.83068538531734,1.0,100,FogNode_6,76,1.0,816.2509881302752,351.2330184559553,14177.19613661805,13825.963118162093,13585.28938259871,16.955091239482133,,
5-268,CLOUD_GAMING,385.49976257764786,50.0,150,FogNode_7,252,1.0,1727.0272900361456,502.39714496076766,14178.963506587701,13676.566361626934,9445.159005230274,26.42179909784441,,
1-285,CLOUD_GAMING,269.83333803596094,50.0,150,FogNode_7,258,1.0,1727.0272900361456,506.4005257028875,14182.363877828258,13675.96335212537,9512.56065112298,18.49412876370026,,
5-483,SMART_HOME_CONTROL,583.8395266144831,0.1,150,FogNode_3,296,1.0,1899.4436001125757,937.2184993779119,14197.707512587176,13260.489013209264,12933.806914281071,27.719467447448196,,
3-196,GPS_TRACKING,795.4009951163182,0.2,200,FogNode_8,27,1.0,770.9711269175084,358.9568132730339,14204.486021845449,13845.529208572414,12791.79546179489,75.60657743224354,,
5-142,SENSOR_DATA_LOGGING,852.1400369758577,0.1,10000,FogNode_0,60,1.0,1189.2931772946604,277.2723246754139,14213.699536363898,13936.427211688484,13200.494028019582,54.25932336247954,,
5-167,HEALTH_MONITORING,614.9917108105628,1.0,100,FogNode_6,40,1.0,816.2509881302752,331.23124549028154,14214.152481869833,13882.92123637955,13036.065077568124,82.86723175978993,,
9-196,HEALTH_MONITORING,109.50825801254484,1.0,100,FogNode_6,69,1.0,816.2509881302752,346.7281999264541,14229.553875450349,13882.825675523894,13657.52488443174,14.755721153340405,,
5-317,E_COMMERCE_TRANSACTION,565.250423954733,0.5,300,FogNode_4,55,1.0,1758.3565909566523,589.8137561476208,14235.325210840787,13645.511454693165,13272.833824707248,47.087395040895494,,
4-461,SENSOR_DATA_LOGGING,982.7349612628532,0.1,10000,FogNode_3,296,1.0,1899.4436001125757,934.7354233555352,14237.189403617935,13302.453980262399,12765.579883968025,46.65818007587971,,
6-275,GPS_TRACKING,130.32108135551658,0.2,200,FogNode_4,114,1.0,1758.3565909566523,612.9375949297928,14241.460137678418,13628.522542748626,13524.259805784523,10.85621519221597,,
7-260,CLOUD_GAMING,586.2226251084077,50.0,150,FogNode_7,255,1.0,1727.0272900361456,503.76246201606904,14242.537375877846,13738.774913861776,9394.098517859507,40.179159446578076,,
2-262,HEALTH_MONITORING,738.7026505601254,1.0,100,FogNode_1,46,1.0,1597.9384595498836,510.87347219104123,14266.995426377593,13756.121954186552,13198.879866102607,61.022443854242994,,
2-40,VIDEO_SURVEILLANCE,151.67967388542425,60.0,800,FogNode_7,23,1.0,1727.0272900361456,91.84919707180917,14270.190905669984,14178.341708598175,9284.526691168074,10.395985314828852,,
2-257,CLOUD_GAMING,522.8059029627358,50.0,150,FogNode_7,258,1.0,1727.0272900361456,506.1800122297135,14277.705643940413,13771.5256317107,9462.108672274382,35.83263564907181,,
3-184,HEALTH_MONITORING,458.12644695044577,1.0,100,FogNode_6,54,1.0,816.2509881302752,339.03800516189875,14278.396046271595,13939.358041109695,13289.070059803717,61.730377478901865,,
0-262,HEALTH_MONITORING,476.12389661752144,1.0,100,FogNode_1,53,1.0,1597.9384595498836,524.6910606145657,14296.195060610053,13771.503999995486,13387.316829957022,39.33144645815952,,
6-438,E_COMMERCE_TRANSACTION,988.7846527581638,0.5,300,FogNode_9,197,1.0,1349.236560939329,890.08437623114,14308.218840665317,13418.134464434177,12634.821275159227,99.4516020136697,,
6-228,CLOUD_GAMING,818.8780056331472,50.0,150,FogNode_7,230,1.0,1727.0272900361456,477.9679444588054,14313.129320221145,13835.16137576234,9354.00093622888,56.12514520323348,,
1-486,VOICE_ASSISTANT,407.44293131351424,2.0,150,FogNode_2,96,1.0,681.967788340379,888.2754759565421,14318.039261578997,13429.763785622456,12666.28575060921,50.01118510239482,,
7-309,E_COMMERCE_TRANSACTION,143.00758075343958,0.5,300,FogNode_4,72,1.0,1758.3565909566523,595.5110236019934,14322.790387463323,13727.27936386133,13596.911052040838,11.91304625950929,,
2-236,CLOUD_GAMING,784.3731262357722,50.0,150,FogNode_7,231,1.0,1727.0272900361456,479.755139972381,14322.955190546701,13843.20005057432,9383.575042971825,53.76021251109165,,
1-199,HEALTH_MONITORING,127.49892197256334,1.0,100,FogNode_6,66,1.0,816.2509881302752,345.500173223873,14333.396770769335,13987.896597545463,13738.638784685478,17.17987824957577,,
0-140,GPS_TRACKING,987.0643180427651,0.2,200,FogNode_5,44,1.0,782.8923712617282,281.9169217931083,14334.093313491741,14052.176391698633,12764.885814450743,146.71702017906085,,
1-485,CLOUD_GAMING,158.4464515203967,50.0,150,FogNode_7,308,1.0,1727.0272900361456,886.8233813447761,14334.282568576613,13447.459187231836,9342.62065829611,10.859774029030763,,
2-443,E_COMMERCE_TRANSACTION,869.3671573974045,0.5,300,FogNode_9,197,1.0,1349.236560939329,895.3771413645119,14334.610213365591,13439.23307200108,12748.300103687714,87.44063361022688,,
5-469,E_COMMERCE_TRANSACTION,493.55504375959174,0.5,300,FogNode_9,199,1.0,1349.236560939329,907.8918109972514,14341.258584402733,13433.366773405482,13020.163467719081,49.64158742441908,,
1-510,SENSOR_DATA_LOGGING,899.2598404722878,0.1,10000,FogNode_3,296,1.0,1899.4436001125757,938.0147210984604,14349.419368642537,13411.404647544077,12920.239164446659,42.694957669813036,,
0-286,E_COMMERCE_TRANSACTION,996.09027334876,0.5,300,FogNode_4,52,1.0,1758.3565909566523,587.5915340127807,14351.426295922984,13763.834761910202,13146.392135321366,82.97790538468097,,
2-455,GPS_TRACKING,971.530797822991,0.2,200,FogNode_3,296,1.0,1899.4436001125757,930.1514064654457,14357.980192443745,13427.8287859783,12891.585346344806,46.12623006292311,,
7-167,HEALTH_MONITORING,327.11532236826935,1.0,100,FogNode_6,68,1.0,816.2509881302752,346.16168918469714,14364.85100738626,14018.689318201563,13527.466384205218,44.077246496773746,,
5-481,GPS_TRACKING,497.5048762920584,0.2,200,FogNode_3,296,1.0,1899.4436001125757,928.7220632061924,14375.026826385463,13446.30476317927,13153.529240241998,23.62048061954967,,
5-252,CLOUD_GAMING,992.5652903751637,50.0,150,FogNode_7,230,1.0,1727.0272900361456,476.04575882104564,14378.902273632117,13902.856514811072,9319.59277548029,68.02951192091545,,
4-245,CLOUD_GAMING,834.9675493683272,50.0,150,FogNode_7,242,1.0,1727.0272900361456,489.4489940489875,14386.427158411623,13896.978164362636,9407.406639351037,57.22790772973771,,
6-246,HEALTH_MONITORING,501.01738367510376,1.0,100,FogNode_1,49,1.0,1597.9384595498836,521.9059162659174,14390.900431219228,13868.99451495331,13464.91683966118,41.3878373688403,,
7-498,GPS_TRACKING,851.6116713342225,0.2,200,FogNode_3,296,1.0,1899.4436001125757,933.3342291803767,14397.092142683756,13463.75791350338,12990.880955501198,40.43272324897493,,
2-441,HEALTH_MONITORING,494.4174616803981,1.0,100,FogNode_2,96,1.0,681.967788340379,892.9608195228494,14400.475354050535,13507.514534527685,12689.666537901932,60.68678897984958,,
9-504,SENSOR_DATA_LOGGING,920.9721897439036,0.1,10000,FogNode_9,206,1.0,1349.236560939329,920.671643271068,14409.242810178124,13488.571166907057,12784.10963093324,92.63104906065945,,
8-475,SENSOR_DATA_LOGGING,404.9923060264114,0.1,10000,FogNode_3,296,1.0,1899.4436001125757,938.322613575116,14410.923796557076,13472.60118298196,13237.060432897788,19.2281792027056,,
3-478,VOICE_ASSISTANT,458.3761346530084,2.0,150,FogNode_2,97,1.0,681.967788340379,883.041028363078,14421.889389571332,13538.848361208255,12692.058911601143,56.262931455823015,,
9-491,CLOUD_GAMING,205.0784860436831,50.0,150,FogNode_7,308,1.0,1727.0272900361456,903.7364147870851,14431.875843351878,13528.139428564793,9400.541198075662,14.055890777481022,,
4-434,CLOUD_GAMING,441.26593027415964,50.0,150,FogNode_7,309,1.0,1727.0272900361456,874.7717885825808,14434.469561888613,13559.697773306032,9292.494229579474,30.24396093130897,,
7-271,HEALTH_MONITORING,480.5413831763414,1.0,100,FogNode_1,57,1.0,1597.9384595498836,528.24668206516,14434.555482003938,13906.308799938777,13520.332648976757,39.69636436566678,,
4-449,VOICE_ASSISTANT,202.16286636852246,2.0,150,FogNode_2,98,1.0,681.967788340379,901.3867296276177,14435.891174243096,13534.504444615477,13066.428162926655,24.814283802133883,,
0-177,HEALTH_MONITORING,61.992981161351416,1.0,100,FogNode_6,78,1.0,816.2509881302752,351.7244326814916,14440.799437541737,14089.075004860246,13918.613186072978,8.353261754710736,,
0-278,HEALTH_MONITORING,216.34845482391873,1.0,100,FogNode_4,42,1.0,1758.3565909566523,563.2111011281442,14445.830535256218,13882.619434128073,13672.510849563929,18.022605073883184,,
9-297,HEALTH_MONITORING,184.85245258999802,1.0,100,FogNode_4,42,1.0,1758.3565909566523,563.0032657507909,14456.554262309726,13893.550996558935,13701.007602336596,15.398874711999692,,
7-135,SMART_HOME_CONTROL,459.1004583752509,0.1,150,FogNode_5,48,1.0,782.8923712617282,287.9850342534225,14458.658724389381,14170.673690135958,13561.782801260968,68.24058978164732,,
6-248,HEALTH_MONITORING,726.4921340602791,1.0,100,FogNode_1,53,1.0,1597.9384595498836,524.1365611510115,14466.372711337443,13942.23615018643,13399.86537306246,60.01376254386974,,
8-309,GPS_TRACKING,675.5040188170042,0.2,200,FogNode_4,109,1.0,1758.3565909566523,611.3864986956929,14472.92375270716,13861.537254011468,13447.362940248977,56.27191637152321,,
1-505,GPS_TRACKING,713.0241286849048,0.2,200,FogNode_3,296,1.0,1899.4436001125757,930.4631439804812,14474.654184031218,13544.191040050737,13139.753994384739,33.85287947004175,,
0-451,GPS_TRACKING,773.939202386254,0.2,200,FogNode_9,203,1.0,1349.236560939329,920.166450005566,14474.691614498046,13554.52516449248,12951.03102569996,77.84252448072718,,
6-462,GPS_TRACKING,775.7318329710528,0.2,200,FogNode_9,206,1.0,1349.236560939329,920.9660273876668,14475.085819386277,13554.11979199861,12951.00875787299,78.02282661525126,,
0-446,CLOUD_GAMING,244.60131008342213,50.0,150,FogNode_7,307,1.0,1727.0272900361456,915.9971830168863,14475.913978511255,13559.916795494368,9412.887787430398,16.764748779299122,,
6-437,VOICE_ASSISTANT,416.30046540565877,2.0,150,FogNode_2,96,1.0,681.967788340379,889.4182731105928,14488.064531009839,13598.646257899247,12818.733381517537,51.09839448311704,,
2-302,E_COMMERCE_TRANSACTION,456.8512128688654,0.5,300,FogNode_4,78,1.0,1758.3565909566523,596.5940551117645,14495.142369213829,13898.548314102065,13591.49550857677,38.05735055404619,,
5-178,HEALTH_MONITORING,455.7222717038424,1.0,100,FogNode_6,70,1.0,816.2509881302752,348.28911294356567,14502.645747967827,14154.356635024262,13508.073126650483,61.40642620630854,,
0-436,CLOUD_GAMING,316.41395749000264,50.0,150,FogNode_7,308,1.0,1727.0272900361456,902.0318605136135,14506.168252271615,13604.136391758002,9406.415053929259,21.686721570602273,,
5-281,HEALTH_MONITORING,419.3232720733081,1.0,100,FogNode_1,57,1.0,1597.9384595498836,527.7512907702404,14529.410583586729,14001.659292816488,13652.011641494073,34.63928389517562,,
1-497,GPS_TRACKING,876.4516422471157,0.2,200,FogNode_9,202,1.0,1349.236560939329,919.5273903346234,14537.276523532042,13617.749133197418,12938.764902715004,88.15318852881306,,
5-283,HEALTH_MONITORING,420.76561047713943,1.0,100,FogNode_1,58,1.0,1597.9384595498836,530.1403041649895,14559.512842319658,14029.372538154668,13680.824507664374,34.75843199109742,,
1-511,SMART_HOME_CONTROL,615.6935197587712,0.1,150,FogNode_3,296,1.0,1899.4436001125757,938.220095305569,14561.333547577924,13623.113452272355,13276.382321241375,29.231827755004712,,
4-457,CLOUD_GAMING,326.3265464812681,50.0,150,FogNode_7,307,1.0,1727.0272900361456,919.3968608881612,14575.379903028901,13655.98304214074,9456.046841065781,22.36612130126739,,
2-282,E_COMMERCE_TRANSACTION,249.5704387873086,0.5,300,FogNode_1,124,1.0,1597.9384595498836,561.924280706683,14590.73824191924,14028.813961212556,13818.662587611965,20.616411863460282,,
4-452,E_COMMERCE_TRANSACTION,763.4936010781271,0.5,300,FogNode_9,199,1.0,1349.236560939329,908.942688506207,14594.466168414456,13685.523479908248,13070.978681604825,76.79190968690779,,
8-143,GPS_TRACKING,116.5354671454574,0.2,200,FogNode_5,43,1.0,782.8923712617282,281.4226146210214,14607.511199420715,14326.088584799692,14147.295211800643,17.32180585623762,,
6-441,VOICE_ASSISTANT,467.44270258202147,2.0,150,FogNode_2,97,1.0,681.967788340379,898.3115940492052,14616.654092284307,13718.342498235103,12862.92484369449,57.37579849091806,,
6-252,HEALTH_MONITORING,360.98823801453443,1.0,100,FogNode_1,57,1.0,1597.9384595498836,529.2677725701578,14616.809154960829,14087.541382390671,13775.084844389228,29.82036746393273,,
8-1,AUGMENTED_REALITY,133.0706042497208,30.0,150,FogNode_2,0,0.0,681.967788340379,1.9248125751094625,14617.016793716853,14615.091981141744,12007.597560951539,16.333621494833324,,
2-463,SENSOR_DATA_LOGGING,106.51414553096447,0.1,10000,FogNode_3,302,1.0,1899.4436001125757,950.3767396196774,14617.41004572962,13667.033306109943,13596.681880855149,5.0570666341470805,,
9-495,E_COMMERCE_TRANSACTION,285.91044739736054,0.5,300,FogNode_9,200,1.0,1349.236560939329,910.4709854588335,14621.148161451967,13710.677175993134,13448.148314914442,28.756769177997114,,
2-240,VIDEO_SURVEILLANCE,233.25333194920944,60.0,800,FogNode_7,237,1.0,1727.0272900361456,486.06961884816565,14641.228846446897,14155.159227598731,9212.6999259071,15.98696879722065,,
3-502,SENSOR_DATA_LOGGING,547.9149611279761,0.1,10000,FogNode_3,297,1.0,1899.4436001125757,942.1848948999956,14646.44096121598,13704.256066315984,13396.922370672408,26.013844963576013,,
6-152,GPS_TRACKING,915.6270023570844,0.2,200,FogNode_8,27,1.0,770.9711269175084,358.23089550458633,14653.480547458264,14295.249651953678,13084.36914299617,87.03462062257066,,
5-486,SENSOR_DATA_LOGGING,530.4354804325676,0.1,10000,FogNode_3,299,1.0,1899.4436001125757,944.1945841892123,14654.285173619954,13710.090589430742,13412.918307882817,25.1839561430224,,
7-310,E_COMMERCE_TRANSACTION,405.3540213056612,0.5,300,FogNode_4,79,1.0,1758.3565909566523,597.2928196610942,14676.360578701571,14079.067759040478,13795.011785545861,33.76744912298162,,
0-175,HEALTH_MONITORING,280.61057208883153,1.0,100,FogNode_6,70,1.0,816.2509881302752,348.2208929710125,14677.17653479952,14328.955641828508,13891.870844502593,37.81095078644929,,
9-298,HEALTH_MONITORING,392.1116426169539,1.0,100,FogNode_4,42,1.0,1758.3565909566523,564.5822870693972,14679.553194741073,14114.970907671675,13803.745535932314,32.66431130977366,,
7-177,SENSOR_DATA_LOGGING,366.5056220180354,0.1,10000,FogNode_8,27,1.0,770.9711269175084,360.54105662027047,14679.86779584702,14319.32673922675,13822.20706008968,34.8380701817036,,
0-460,SENSOR_DATA_LOGGING,524.9121500790902,0.1,10000,FogNode_3,299,1.0,1899.4436001125757,944.5330971784477,14687.274276270176,13742.741179091729,13447.887302602909,24.921720085072494,,
7-481,CLOUD_GAMING,721.9856635241205,50.0,150,FogNode_7,308,1.0,1727.0272900361456,891.6716763847849,14688.24200867775,13796.570332292964,9364.507493915415,49.48423320835602,,
9-497,E_COMMERCE_TRANSACTION,539.9301999596311,0.5,300,FogNode_9,200,1.0,1349.236560939329,913.6886472663282,14734.78481253576,13821.096165269431,13374.793421394828,54.30598382748107,,
3-316,E_COMMERCE_TRANSACTION,466.26513855666934,0.5,300,FogNode_4,94,1.0,1758.3565909566523,603.6155825155014,14738.094731651194,14134.479149135692,13817.925986292705,38.841564451040554,,
7-455,VIDEO_SURVEILLANCE,89.98565610034481,60.0,800,FogNode_7,309,1.0,1727.0272900361456,853.1945147809994,14740.346371254707,13887.151856473707,9026.702171034765,6.167534089446118,,
2-304,E_COMMERCE_TRANSACTION,111.25453570204584,0.5,300,FogNode_4,95,1.0,1758.3565909566523,603.728586800249,14742.825079564796,14139.096492764547,14022.801674681175,9.26790330565621,,
3-151,SENSOR_DATA_LOGGING,985.3330135871714,0.1,10000,FogNode_0,64,1.0,1189.2931772946604,282.92144090431543,14745.19134993706,14462.269909032744,13619.47278790964,62.74027775257258,,
6-444,CLOUD_GAMING,809.419800421356,50.0,150,FogNode_7,308,1.0,1727.0272900361456,900.4049795122244,14746.383704264761,13845.978724752536,9367.914780564704,55.476888518816466,,
6-474,GPS_TRACKING,219.56771524021022,0.2,200,FogNode_3,298,1.0,1899.4436001125757,942.7150312709524,14762.036767918109,13819.321736647156,13679.25232140436,10.424611314695117,,
3-283,VIDEO_SURVEILLANCE,214.85279967904012,60.0,800,FogNode_7,268,1.0,1727.0272900361456,512.3118967531851,14765.63498693964,14253.323090186455,9321.097137338185,14.725813242454539,,
3-190,HEALTH_MONITORING,452.6846043954314,1.0,100,FogNode_6,67,1.0,816.2509881302752,345.80705700716123,14768.742443754427,14422.935386747266,13775.116247865031,60.997114866935426,,
5-146,SMART_HOME_CONTROL,667.0670969426675,0.1,150,FogNode_0,66,1.0,1189.2931772946604,285.0575462421336,14774.593275332514,14489.535729090381,13913.214223068182,42.47495452265451,,
6-476,SENSOR_DATA_LOGGING,267.8985743600124,0.1,10000,FogNode_3,302,1.0,1899.4436001125757,950.4289637552342,14795.325725887014,13844.89676213178,13686.483221207389,12.719258413782649,,
6-455,E_COMMERCE_TRANSACTION,432.6565891421299,0.5,300,FogNode_9,200,1.0,1349.236560939329,913.5089206059355,14795.359317751594,13881.85039714566,13512.945330646935,43.51644293014604,,
2-247,VIDEO_SURVEILLANCE,419.88884969944644,60.0,800,FogNode_7,248,1.0,1727.0272900361456,495.05385863165856,14818.507994936852,14323.454136305194,9266.484439233001,28.778795493937945,,
2-227,VIDEO_SURVEILLANCE,665.9207423193471,60.0,800,FogNode_7,227,1.0,1727.0272900361456,473.5252015479498,14820.057413430559,14346.53221188261,9154.615079431655,45.641595084264765,,
1-513,SMART_HOME_CONTROL,900.3447498820672,0.1,150,FogNode_3,299,1.0,1899.4436001125757,943.9028323065504,14823.423834912926,13879.521002606376,13388.595657258173,42.74646687687579,,
8-277,HEALTH_MONITORING,412.2408420395921,1.0,100,FogNode_1,59,1.0,1597.9384595498836,531.7348273723086,14848.721169594512,14316.986342222202,13971.679100526459,34.054221436341436,,
8-479,SMART_HOME_CONTROL,716.1050852332988,0.1,150,FogNode_3,302,1.0,1899.4436001125757,949.0426789872658,14851.662001052402,13902.619322065137,13511.06192116902,33.999156778886245,,
3-305,HEALTH_MONITORING,335.3599621979566,1.0,100,FogNode_4,42,1.0,1758.3565909566523,563.1077967025135,14867.084100837375,14303.976304134861,14020.489137112176,27.936692042498272,,
1-325,HEALTH_MONITORING,241.05532566072182,1.0,100,FogNode_4,42,1.0,1758.3565909566523,568.7994507772585,14875.185994538646,14306.386543761388,14080.79765036157,20.080776351628383,,
1-174,SMART_HOME_CONTROL,939.0133761492203,0.1,150,FogNode_0,66,1.0,1189.2931772946604,286.0539642593552,14885.745165453118,14599.691201193762,13796.526438085262,59.790912534740656,,
0-240,VIDEO_SURVEILLANCE,725.1836452769306,60.0,800,FogNode_7,230,1.0,1727.0272900361456,475.9274486523082,14895.816807760555,14419.889359108247,9185.622440596944,49.703419935803886,,
1-516,GPS_TRACKING,194.3098170580125,0.2,200,FogNode_3,300,1.0,1899.4436001125757,946.934136073394,14897.624007892595,13950.6898718192,13822.98474516112,9.22541966264601,,
6-461,E_COMMERCE_TRANSACTION,225.4010410542492,0.5,300,FogNode_9,203,1.0,1349.236560939329,919.8879076767136,14901.843019806192,13981.955112129479,13761.43826534,22.67075501815725,,
6-453,CLOUD_GAMING,913.3869636672188,50.0,150,FogNode_7,307,1.0,1727.0272900361456,912.7775839374367,14907.780403663346,13995.002819725909,9457.47157503373,62.60270224613795,,
5-472,E_COMMERCE_TRANSACTION,501.21589670381576,0.5,300,FogNode_9,200,1.0,1349.236560939329,911.7245069479811,14908.757634564841,13997.03312761686,13572.3467797211,50.41211323706087,,
0-422,VIDEO_SURVEILLANCE,291.8019908095016,60.0,800,FogNode_7,309,1.0,1727.0272900361456,867.8154223721148,14909.30837463069,14041.492952258575,9059.290555978923,19.99984001537938,,
7-487,E_COMMERCE_TRANSACTION,812.5338334050615,0.5,300,FogNode_9,198,1.0,1349.236560939329,904.4414878987762,14910.436314552462,14005.994826653687,13349.722027203785,81.7243584809214,,
9-10,AUGMENTED_REALITY,290.47878690153493,30.0,150,FogNode_2,0,0.0,681.967788340379,14.193879596518554,14914.006623683215,14899.812744086697,12067.93205705089,35.654535306868674,,
6-470,SENSOR_DATA_LOGGING,995.0167147735274,0.1,10000,FogNode_3,296,1.0,1899.4436001125757,939.7382548821341,14920.938554714392,13981.200299832259,13434.881737844546,47.24129178914594,,
1-493,VIDEO_SURVEILLANCE,174.51307848770625,60.0,800,FogNode_7,307,1.0,1727.0272900361456,909.7328928704071,14921.105659451068,14011.372766580662,9100.14432533121,11.96096586134676,,
0-174,HEALTH_MONITORING,570.8306523636154,1.0,100,FogNode_6,70,1.0,816.2509881302752,348.1975061457305,14928.88614048218,14580.68863433645,13789.912745608002,76.91673746734236,,
4-231,VIDEO_SURVEILLANCE,882.2786790467527,60.0,800,FogNode_7,202,1.0,1727.0272900361456,461.78356084595157,14942.741354358532,14480.95779351258,9165.071037468419,60.47056903540748,,
9-500,VIDEO_SURVEILLANCE,82.74681549054938,60.0,800,FogNode_7,307,1.0,1727.0272900361456,915.8232863475222,14955.693262926165,14039.869976578642,9177.390808189302,5.671390613210363,,
6-145,HEALTH_MONITORING,854.4364999240859,1.0,100,FogNode_6,65,1.0,816.2509881302752,344.8638675769448,14960.043549649945,14615.179682073,13479.527147447418,115.13128749314656,,
8-481,SMART_HOME_CONTROL,83.77838017682541,0.1,150,FogNode_3,302,1.0,1899.4436001125757,950.8720092699375,14965.045355343724,14014.173346073787,13947.607991005258,3.977620521134895,,
9-503,E_COMMERCE_TRANSACTION,468.9460845258618,0.5,300,FogNode_9,202,1.0,1349.236560939329,918.2040327831673,14968.71218254504,14050.508149761872,13653.0735115633,47.16642722360423,,
9-301,HEALTH_MONITORING,843.1165847881948,1.0,100,FogNode_4,42,1.0,1758.3565909566523,567.0758010662286,14974.63361070853,14407.557809642301,13839.786824393208,70.23464646995417,,
6-148,HEALTH_MONITORING,569.7369069400154,1.0,100,FogNode_6,75,1.0,816.2509881302752,350.1452717830749,14976.388349160035,14626.243077376961,13837.720620002003,76.76936043134262,,
7-134,GPS_TRACKING,292.3739907960038,0.2,200,FogNode_5,45,1.0,782.8923712617282,283.28919802496387,14980.964820286641,14697.675622261677,14295.411706586758,43.45840481044655,,
6-473,SENSOR_DATA_LOGGING,691.7260886728479,0.1,10000,FogNode_3,297,1.0,1899.4436001125757,942.1555933611227,14981.58305335767,14039.427459996547,13652.418209754589,32.84169351928564,,
0-263,HEALTH_MONITORING,872.5742816584625,1.0,100,FogNode_1,57,1.0,1597.9384595498836,527.6721349658418,15012.435218590854,14484.763083625012,13849.391995400118,72.08125633607162,,
5-116,HEALTH_MONITORING,319.20492799029495,1.0,100,FogNode_0,24,1.0,1189.2931772946604,215.8302651737461,15013.59020573173,14797.759940557984,14443.441501828142,20.32511401317141,,
7-164,HEALTH_MONITORING,711.7009403242783,1.0,100,FogNode_6,65,1.0,816.2509881302752,344.788466348542,15013.996060883655,14669.207594535113,13704.159726182184,95.89834420334019,,
9-2,AUGMENTED_REALITY,419.95968340804154,30.0,150,FogNode_2,0,0.0,681.967788340379,3.678007226922502,15016.281101166605,15012.603093939682,11987.911917740466,51.54754162688321,,
2-143,VOICE_ASSISTANT,76.74980344503167,2.0,150,FogNode_6,34,1.0,816.2509881302752,327.26563899766285,15022.913350937186,14695.647711939522,14432.9573756365,10.341673940962858,,
1-297,HEALTH_MONITORING,797.8981033914224,1.0,100,FogNode_1,52,1.0,1597.9384595498836,523.782711454153,15028.74026591766,14504.957554463508,13912.209125140269,65.91243740453727,,
8-4,AUGMENTED_REALITY,419.2228639894075,30.0,150,FogNode_2,0,0.0,681.967788340379,6.031919262890423,15050.616489949894,15044.584570687004,12017.411393849765,51.457101446184645,,
4-164,VOICE_ASSISTANT,311.4233599840973,2.0,150,FogNode_6,34,1.0,816.2509881302752,321.98061808182143,15058.705457291182,14736.72483920936,14185.257062187617,41.96282859357758,,
3-498,E_COMMERCE_TRANSACTION,632.9055399898361,0.5,300,FogNode_9,203,1.0,1349.236560939329,920.1738688202331,15063.550358920835,14143.376490100602,13629.075668266627,63.65740983108741,,
4-456,E_COMMERCE_TRANSACTION,985.8955762165465,0.5,300,FogNode_9,200,1.0,1349.236560939329,913.4887756370239,15071.964825812447,14158.476050175423,13380.412956614839,99.16101974218876,,
2-306,E_COMMERCE_TRANSACTION,357.4274206533374,0.5,300,FogNode_4,97,1.0,1758.3565909566523,605.1851109229488,15078.459564013467,14473.274453090518,14216.373206012062,29.774990767808518,,
6-451,E_COMMERCE_TRANSACTION,819.8923572236466,0.5,300,FogNode_9,200,1.0,1349.236560939329,911.3209874584375,15082.757135862346,14171.43614840391,13512.543121091388,82.4644761396782,,
1-298,HEALTH_MONITORING,841.690664704442,1.0,100,FogNode_1,57,1.0,1597.9384595498836,527.7571425472785,15086.248186646708,14558.49104409943,13942.037369431002,69.53003524574027,,
0-461,GPS_TRACKING,617.4521233877389,0.2,200,FogNode_3,299,1.0,1899.4436001125757,946.5609837947134,15087.10676386384,14140.545780069126,13792.251714066118,29.315322540513332,,
4-453,VIDEO_SURVEILLANCE,342.2883067334754,60.0,800,FogNode_7,307,1.0,1727.0272900361456,910.970005870882,15094.011884762675,14183.041878891792,9172.829035130715,23.460125665399346,,
1-186,VOICE_ASSISTANT,273.5807425788985,2.0,150,FogNode_6,34,1.0,816.2509881302752,319.27216484599535,15103.909869653131,14784.637704807135,14276.747941598338,36.863714423761344,,
2-461,GPS_TRACKING,567.4471476167396,0.2,200,FogNode_3,300,1.0,1899.4436001125757,947.2335971845075,15122.167713163963,14174.934115979455,13850.423789959465,26.94119191915525,,
7-313,E_COMMERCE_TRANSACTION,262.6036926612544,0.5,300,FogNode_4,112,1.0,1758.3565909566523,612.3342664165657,15123.979706950808,14511.645440534241,14315.449552620397,21.875832890182227,,
4-138,GPS_TRACKING,761.3656081628645,0.2,200,FogNode_5,43,1.0,782.8923712617282,281.3499512867544,15146.520499671044,14865.170548384289,13863.134875991407,113.16921425948482,,
5-451,VIDEO_SURVEILLANCE,659.4085347249784,60.0,800,FogNode_7,308,1.0,1727.0272900361456,880.0623353293986,15147.452077224982,14267.389741895582,9071.622725757758,45.19525436646157,,
1-519,SENSOR_DATA_LOGGING,885.9382549957822,0.1,10000,FogNode_3,303,1.0,1899.4436001125757,953.0375518675826,15153.694155725021,14200.656603857438,13717.932605003985,42.06247693130314,,
7-469,VIDEO_SURVEILLANCE,707.66501635348,60.0,800,FogNode_7,309,1.0,1727.0272900361456,874.9620569289793,15156.142728013985,14281.180671085005,9058.035310294736,48.50270922514069,,
9-9,AUGMENTED_REALITY,368.7420264256541,30.0,150,FogNode_2,0,0.0,681.967788340379,13.510561147826898,15157.357088422901,15143.846527275075,12194.050949257491,45.2608802885713,,
7-291,HEALTH_MONITORING,731.098963525969,1.0,100,FogNode_4,42,1.0,1758.3565909566523,563.0400398552696,15158.61045966691,14595.57041981164,14085.419524000801,60.903175390264636,,
4-260,HEALTH_MONITORING,906.9994709760916,1.0,100,FogNode_1,63,1.0,1597.9384595498836,533.5468195453362,15184.415163537393,14650.868343992057,13997.254260049702,74.92503817537303,,
2-445,VIDEO_SURVEILLANCE,670.0228455323123,60.0,800,FogNode_7,308,1.0,1727.0272900361456,904.0798342578938,15206.471085849149,14302.391251591254,9107.90644270162,45.922749464871565,,
7-293,HEALTH_MONITORING,240.28819429153552,1.0,100,FogNode_4,42,1.0,1758.3565909566523,570.3954656551738,15215.114549428457,14644.719083773283,14419.092002873816,20.01687154714118,,
0-463,GPS_TRACKING,185.43866875470343,0.2,200,FogNode_3,303,1.0,1899.4436001125757,952.8226534722592,15219.795602059276,14266.972948587016,14145.673958490392,8.804236280217307,,
8-297,HEALTH_MONITORING,120.32715686480765,1.0,100,FogNode_4,42,1.0,1758.3565909566523,570.5749241796763,15227.042060790174,14656.467136610498,14497.206248763616,10.023685307124582,,
8-148,SENSOR_DATA_LOGGING,261.9148468089194,0.1,10000,FogNode_0,66,1.0,1189.2931772946604,286.5142708557392,15233.817523780177,14947.303252924437,14708.844257005252,16.677214717986633,,
3-508,SENSOR_DATA_LOGGING,66.09063616590136,0.1,10000,FogNode_3,308,1.0,1899.4436001125757,955.3024146545606,15254.590336771053,14299.287922116491,14242.807978961546,3.137843798286608,,
1-515,GPS_TRACKING,335.2467005633742,0.2,200,FogNode_3,299,1.0,1899.4436001125757,945.4445896431699,15263.604081574935,14318.159491931765,14110.948385940254,15.916805182782802,,
4-441,HEALTH_MONITORING,642.4390231449413,1.0,100,FogNode_9,197,1.0,1349.236560939329,885.7796889687098,15271.509343435511,14385.7296544668,13820.390566935315,64.61628411165074,,
2-466,SENSOR_DATA_LOGGING,614.8062878125385,0.1,10000,FogNode_3,303,1.0,1899.4436001125757,951.3528990274666,15288.722398334681,14337.369499307215,13990.94769048286,29.18970385634621,,
4-280,HEALTH_MONITORING,758.269410698616,1.0,100,FogNode_4,42,1.0,1758.3565909566523,569.2956646912271,15298.321663569786,14729.025998878558,14209.280186997199,63.1665714448931,,
7-276,HEALTH_MONITORING,748.2772831226824,1.0,100,FogNode_1,68,1.0,1597.9384595498836,535.5810469729176,15316.99782859267,14781.416781619751,14225.725238038129,61.81338115158532,,
2-155,GPS_TRACKING,493.67874728045405,0.2,200,FogNode_8,27,1.0,770.9711269175084,355.86175751269593,15320.201434869634,14964.339677356938,14297.032746252644,46.92646936838976,,
7-503,GPS_TRACKING,901.6971001055206,0.2,200,FogNode_3,300,1.0,1899.4436001125757,946.7372527947767,15326.378439093563,14379.641186298786,13878.626916224835,42.81067360884192,,
7-179,SENSOR_DATA_LOGGING,520.8781169007739,0.1,10000,FogNode_8,27,1.0,770.9711269175084,363.43421696228626,15329.093548665385,14965.659331703098,14270.854265395845,49.51189641453796,,
5-492,SMART_HOME_CONTROL,840.7523231129051,0.1,150,FogNode_3,303,1.0,1899.4436001125757,953.6993534359567,15340.25485150547,14386.555498069512,13924.516275701513,39.91714433422277,,
5-311,HEALTH_MONITORING,201.41570545062498,1.0,100,FogNode_4,47,1.0,1758.3565909566523,582.7654231639224,15341.589762028092,14758.82433886417,14557.637500617802,16.778653297841213,,
4-162,VOICE_ASSISTANT,705.4900276334598,2.0,150,FogNode_6,34,1.0,816.2509881302752,315.5156677779389,15366.951014230932,15051.435346452992,14014.354166327574,95.06145301872318,,
1-11,AUGMENTED_REALITY,143.81640027601162,30.0,150,FogNode_2,0,0.0,681.967788340379,14.585232203539006,15368.241535950841,15353.656303747302,12728.449848800487,17.652603744472326,,
8-446,HEALTH_MONITORING,641.6662023166475,1.0,100,FogNode_9,197,1.0,1349.236560939329,884.4786049949146,15377.420261702102,14492.941656707188,13923.143232348804,64.5385540728309,,
1-489,HEALTH_MONITORING,576.0532884399864,1.0,100,FogNode_9,197,1.0,1349.236560939329,895.8526047962561,15395.659765435132,14499.807160638875,13986.030132796688,57.939230974907744,,
3-290,HEALTH_MONITORING,604.8159845449957,1.0,100,FogNode_1,71,1.0,1597.9384595498836,537.4526662911661,15407.237936419542,14869.785270128375,14403.052796775692,49.96238937420962,,
1-307,HEALTH_MONITORING,360.37443772614023,1.0,100,FogNode_1,71,1.0,1597.9384595498836,537.0815869226873,15409.93976717429,14872.858180251602,14558.215641028204,29.769662902892026,,
2-453,E_COMMERCE_TRANSACTION,839.1734774952683,0.5,300,FogNode_3,296,1.0,1899.4436001125757,929.3514882370284,15423.3826821782,14494.031193941171,14007.027425065518,39.84218407937944,,
3-169,VOICE_ASSISTANT,805.2407791272334,2.0,150,FogNode_6,34,1.0,816.2509881302752,316.77139923423016,15427.310683269889,15110.539284035658,13956.309981047876,108.50239620046628,,
5-309,HEALTH_MONITORING,168.8389105135991,1.0,100,FogNode_4,47,1.0,1758.3565909566523,582.0537692486544,15437.610621154136,14855.556851905481,14669.831611975287,14.064889013271964,,
5-461,HEALTH_MONITORING,721.662498661673,1.0,100,FogNode_9,197,1.0,1349.236560939329,888.415699462314,15445.303601397443,14556.88790193513,13929.919430319904,72.58455256651796,,
1-305,HEALTH_MONITORING,696.1213908707562,1.0,100,FogNode_1,70,1.0,1597.9384595498836,536.3922436388783,15448.072390166813,14911.680146527935,14389.310280388287,57.50490871792364,,
8-448,HEALTH_MONITORING,733.9609831376695,1.0,100,FogNode_9,197,1.0,1349.236560939329,892.4916253580251,15452.740064618984,14560.248439260959,13929.745732571295,73.82152967782962,,
4-12,AUGMENTED_REALITY,70.90675664346605,30.0,150,FogNode_2,0,0.3333333333333333,681.967788340379,24.74887977809291,15472.215298136916,15447.466418358823,12933.128485883688,8.703380667508036,,
2-446,HEALTH_MONITORING,274.9720406688083,1.0,100,FogNode_9,198,1.0,1349.236560939329,904.5136102661824,15475.307586552623,14570.79397628644,14273.871616514542,27.656588193596573,,
7-0,AUGMENTED_REALITY,809.8344447759968,30.0,150,FogNode_2,0,0.0,681.967788340379,6.91705950581269,15505.535883298904,15498.618823793091,11905.757221115637,99.40233884883244,,
8-282,HEALTH_MONITORING,161.97149692905157,1.0,100,FogNode_1,72,1.0,1597.9384595498836,538.256712791081,15508.60072417964,14970.344011388559,14779.284003744046,13.38007460761948,,
5-145,GPS_TRACKING,928.531660675369,0.2,200,FogNode_5,44,1.0,782.8923712617282,282.48145089693,15520.12053097366,15237.63908007673,14022.869632782305,138.01673903716446,,
9-185,VOICE_ASSISTANT,446.38191627831446,2.0,150,FogNode_6,34,1.0,816.2509881302752,327.2893555507118,15523.256803556407,15195.967448005695,14478.86083396984,60.14785737658254,,
6-266,HEALTH_MONITORING,181.1358771345553,1.0,100,FogNode_4,48,1.0,1758.3565909566523,583.2408507422499,15540.624923296346,14957.384072554096,14759.923873627902,15.089270598047284,,
3-509,SENSOR_DATA_LOGGING,577.4229836426586,0.1,10000,FogNode_3,309,1.0,1899.4436001125757,956.3827685269165,15558.586193035717,14602.2034245088,14275.831743459974,27.4148235411611,,
5-137,GPS_TRACKING,942.0766448816466,0.2,200,FogNode_0,58,1.0,1189.2931772946604,272.97412865645265,15566.724822765276,15293.750694108823,14472.501676408152,59.98596367831649,,
6-450,HEALTH_MONITORING,673.9460858868798,1.0,100,FogNode_9,199,1.0,1349.236560939329,907.6130901682628,15582.258932209817,14674.645842041555,14086.049282233302,67.78525306327276,,
0-300,E_COMMERCE_TRANSACTION,507.0279967160051,0.5,300,FogNode_4,125,1.0,1758.3565909566523,617.1359487195367,15586.675004026258,14969.539055306721,14626.806046443962,42.23725726930609,,
1-506,E_COMMERCE_TRANSACTION,841.7045951355227,0.5,300,FogNode_3,296,1.0,1899.4436001125757,931.2188613103099,15596.82634195347,14665.60748064316,14176.92535150849,39.96235619832031,,
0-439,HEALTH_MONITORING,717.0358543217601,1.0,100,FogNode_9,198,1.0,1349.236560939329,905.1585999284022,15603.403029519708,14698.244429591306,14077.531216103947,72.11920635562329,,
8-281,HEALTH_MONITORING,309.4724194601967,1.0,100,FogNode_1,67,1.0,1597.9384595498836,535.431907637231,15603.609565664134,15068.177658026903,14779.905649369333,25.564769974261104,,
8-173,VOICE_ASSISTANT,202.63842067910153,2.0,150,FogNode_6,54,1.0,816.2509881302752,339.1730686208324,15615.206052970021,15276.032984349189,14859.227783902972,27.304571223766324,,
2-292,HEALTH_MONITORING,705.5278738272696,1.0,100,FogNode_4,46,1.0,1758.3565909566523,576.9583817777241,15616.357322058222,15039.398940280498,14545.832063204161,58.773011570404755,,
1-172,SMART_HOME_CONTROL,891.472887570725,0.1,150,FogNode_0,66,1.0,1189.2931772946604,285.23013641242403,15635.327274045214,15350.09713763279,14582.49309996944,56.76381061409246,,
1-342,E_COMMERCE_TRANSACTION,904.6449472225875,0.5,300,FogNode_4,102,1.0,1758.3565909566523,608.5474804093475,15638.462919215735,15029.915438806387,14464.461136961423,75.36018054367945,,
2-274,HEALTH_MONITORING,308.54774351086394,1.0,100,FogNode_1,73,1.0,1597.9384595498836,539.0620480359491,15641.163520596065,15102.101472560116,14817.639807949627,25.488384724852914,,
9-496,HEALTH_MONITORING,283.1573241663597,1.0,100,FogNode_9,200,1.0,1349.236560939329,912.8566457313143,15655.168448203276,14742.311802471962,14444.632986593831,28.47986104122504,,
3-518,SENSOR_DATA_LOGGING,706.5665227289052,0.1,10000,FogNode_3,324,1.0,1899.4436001125757,967.2903217570746,15660.708448716503,14693.418126959428,14306.795303344417,33.546285980005614,,
7-485,HEALTH_MONITORING,807.0389455737883,1.0,100,FogNode_9,197,1.0,1349.236560939329,901.54916044631,15661.695242433281,14760.146081986972,14072.100250161247,81.17168465433927,,
2-272,HEALTH_MONITORING,932.1785597318585,1.0,100,FogNode_1,68,1.0,1597.9384595498836,535.6932682122401,15669.611428303986,15133.918160091745,14460.495642974698,77.00502195333122,,
8-283,HEALTH_MONITORING,106.63823518351529,1.0,100,FogNode_1,81,1.0,1597.9384595498836,542.3773911372807,15670.344448066022,15127.967056928741,14968.872502497637,8.809127345444619,,
3-153,SENSOR_DATA_LOGGING,526.6067051210842,0.1,10000,FogNode_0,66,1.0,1189.2931772946604,285.103056106596,15676.607169911824,15391.504113805227,14928.203259898522,33.531253383443996,,
8-483,SENSOR_DATA_LOGGING,672.319395515359,0.1,10000,FogNode_3,314,1.0,1899.4436001125757,959.6827397332278,15680.334405712163,14720.651665978936,14344.10759248525,31.920304721988884,,
2-464,GPS_TRACKING,801.8244788687845,0.2,200,FogNode_3,302,1.0,1899.4436001125757,950.9983923138922,15685.740584507299,14734.742192193407,14284.671343525228,38.068932518929294,,
1-176,SENSOR_DATA_LOGGING,66.90049815699867,0.1,10000,FogNode_0,76,1.0,1189.2931772946604,293.13168550135305,15691.579592173517,15398.447906672163,15328.35692916808,4.259834774920216,,
9-498,HEALTH_MONITORING,421.4735712752251,1.0,100,FogNode_9,200,1.0,1349.236560939329,913.8786999501814,15708.039064571376,14794.160364621195,14395.498801044667,42.39165904610331,,
0-448,HEALTH_MONITORING,177.18841456961536,1.0,100,FogNode_9,201,1.0,1349.236560939329,917.0916856709684,15734.727972601786,14817.636286930818,14596.847882535274,17.821546519816785,,
8-164,VOICE_ASSISTANT,610.8949884217762,2.0,150,FogNode_6,34,1.0,816.2509881302752,325.0528208446207,15762.411679737737,15437.358858893116,14514.793537191665,82.31521774451214,,
4-147,GPS_TRACKING,640.6689187338468,0.2,200,FogNode_5,48,1.0,782.8923712617282,290.0461027355753,15799.300701758228,15509.254599022652,14666.72835838233,95.22888525071619,,
2-460,E_COMMERCE_TRANSACTION,224.04067162314567,0.5,300,FogNode_3,299,1.0,1899.4436001125757,944.4144111054824,15803.691268386445,14859.276857280962,14695.243722817422,10.636977835286153,,
9-508,E_COMMERCE_TRANSACTION,931.7277241640362,0.5,300,FogNode_3,296,1.0,1899.4436001125757,928.4628823090342,15830.781511053989,14902.318628744955,14357.820538719925,44.236464203808346,,
3-188,VOICE_ASSISTANT,253.18135818292964,2.0,150,FogNode_6,56,1.0,816.2509881302752,340.9968255868791,15833.432670862703,15492.435845275824,15008.159098030063,34.11499361211043,,
7-277,HEALTH_MONITORING,839.4753257418332,1.0,100,FogNode_1,69,1.0,1597.9384595498836,536.0898126330084,15842.346799777893,15306.256987144885,14690.173952949153,69.34703143850956,,
6-454,HEALTH_MONITORING,531.706812500048,1.0,100,FogNode_9,200,1.0,1349.236560939329,912.8009298056467,15846.819818972717,14934.018889167071,14449.879589155953,53.478878497161304,,
1-503,E_COMMERCE_TRANSACTION,488.2585008839821,0.5,300,FogNode_3,296,1.0,1899.4436001125757,928.7388716958661,15853.87977636713,14925.140904671263,14613.56627620502,23.181482246799384,,
1-173,GPS_TRACKING,561.0811982767849,0.2,200,FogNode_5,47,1.0,782.8923712617282,285.3776765063242,15863.197809187463,15577.820132681138,14831.575560651712,83.39898422515982,,
2-273,HEALTH_MONITORING,572.5123826236035,1.0,100,FogNode_1,72,1.0,1597.9384595498836,538.8821122046077,15866.882596176683,15328.000483972075,14877.145806417368,47.293866751415095,,
7-308,HEALTH_MONITORING,417.47052069364486,1.0,100,FogNode_4,63,1.0,1758.3565909566523,593.5995790762547,15875.883771641646,15282.28419256539,14956.115449047005,34.7767971376245,,
8-176,VOICE_ASSISTANT,371.96598587873603,2.0,150,FogNode_6,66,1.0,816.2509881302752,345.10303540204774,15883.011186286456,15537.908150884408,14913.738926894295,50.120661818264225,,
7-280,HEALTH_MONITORING,373.76207520095903,1.0,100,FogNode_1,90,1.0,1597.9384595498836,546.5327656241491,15903.514100191765,15356.981334567616,15034.642611032436,30.87558333722191,,
6-452,HEALTH_MONITORING,713.4357937776258,1.0,100,FogNode_9,200,1.0,1349.236560939329,911.9668218662099,15906.190244988751,14994.223423122541,14377.913449745498,71.7571135708479,,
3-157,GPS_TRACKING,309.5501437182449,0.2,200,FogNode_5,54,1.0,782.8923712617282,294.02405562017907,15915.513505897361,15621.489450277182,15202.99528272066,46.01146435157962,,
3-14,AUGMENTED_REALITY,893.0266932500246,30.0,150,FogNode_2,0,0.0,681.967788340379,14.958233833453614,15926.501946121592,15911.54371228814,12193.37774377613,109.61369022534613,,
3-512,SENSOR_DATA_LOGGING,960.9952356193115,0.1,10000,FogNode_3,318,1.0,1899.4436001125757,961.7397380298956,15929.317807370839,14967.578069340943,14440.611051807484,45.62602382433746,,
3-300,HEALTH_MONITORING,105.67754501165261,1.0,100,FogNode_1,102,1.0,1597.9384595498836,553.701097249873,15933.016272589617,15379.315175339743,15223.424046146654,8.729767047996974,,
8-305,HEALTH_MONITORING,733.9150826739426,1.0,100,FogNode_4,68,1.0,1758.3565909566523,594.6331576998535,15958.011866564008,15363.378708864155,14860.272985677842,61.13776825244263,,
7-306,HEALTH_MONITORING,653.5976880397279,1.0,100,FogNode_4,62,1.0,1758.3565909566523,592.8096315897633,15958.384412346064,15365.5747807563,14904.945802858772,54.44704016180853,,
3-301,HEALTH_MONITORING,135.70366174359344,1.0,100,FogNode_1,102,1.0,1597.9384595498836,554.3090568283548,15988.438310465683,15434.129253637328,15258.194857877177,11.210152113688128,,
0-171,VOICE_ASSISTANT,778.5689026434816,2.0,150,FogNode_6,56,1.0,816.2509881302752,341.03925892848497,16057.745042859955,15716.70578393147,14597.000024845593,104.90848667096309,,
1-520,GPS_TRACKING,953.7563120730384,0.2,200,FogNode_3,309,1.0,1899.4436001125757,955.9935657323399,16060.710242423922,15104.716676691582,14575.573819705738,45.282335025535076,,
2-301,HEALTH_MONITORING,815.7537343940678,1.0,100,FogNode_4,68,1.0,1758.3565909566523,594.6534380875589,16080.286958736893,15485.633520649335,14934.289226747189,67.95522253438475,,
3-175,VOICE_ASSISTANT,916.0281619648125,2.0,150,FogNode_6,34,1.0,816.2509881302752,327.09853693648483,16082.281899477966,15755.183362541482,14463.456438464422,123.43047338960774,,
6-458,HEALTH_MONITORING,509.66938878899714,1.0,100,FogNode_9,200,1.0,1349.236560939329,915.7212441144089,16085.785564736008,15170.0643206216,14699.94451658563,51.26236240722754,,
2-447,HEALTH_MONITORING,685.4618975551397,1.0,100,FogNode_9,200,1.0,1349.236560939329,912.2164192285762,16090.295786086595,15178.079366858019,14578.952783128221,68.94350922724284,,
8-461,HEALTH_MONITORING,852.8436345950843,1.0,100,FogNode_9,200,1.0,1349.236560939329,915.3983761359909,16107.401067625608,15192.002691489617,14472.090971520778,85.7787036753151,,
8-181,VOICE_ASSISTANT,227.5324202688599,2.0,150,FogNode_6,78,1.0,816.2509881302752,351.98537647078666,16112.185681367537,15760.20030489675,15309.032933900999,30.658920229078465,,
5-321,HEALTH_MONITORING,424.41461441986036,1.0,100,FogNode_4,68,1.0,1758.3565909566523,594.4772698883429,16117.25381944802,15522.776549559678,15191.851191564816,35.35526514159277,,
2-150,VOICE_ASSISTANT,412.80853771758336,2.0,150,FogNode_6,59,1.0,816.2509881302752,342.7398563366664,16120.943312367615,15778.20345603095,15099.069075904741,55.62400300058714,,
6-6,AUGMENTED_REALITY,756.951830189851,30.0,150,FogNode_2,0,0.0,681.967788340379,20.637660188064803,16126.233569789722,16105.595909601656,12589.502581668487,92.91131391378134,,
7-281,HEALTH_MONITORING,740.5545666663775,1.0,100,FogNode_1,91,1.0,1597.9384595498836,548.3544850491681,16133.788182235223,15585.433697186054,15035.225188495993,61.17542617606198,,
9-190,VOICE_ASSISTANT,879.3126554148915,2.0,150,FogNode_6,42,1.0,816.2509881302752,334.26545750264756,16135.96314910613,15801.697691603482,14554.233660311633,118.48323209030575,,
6-140,VOICE_ASSISTANT,909.1730001181419,2.0,150,FogNode_6,34,1.0,816.2509881302752,326.47677309713447,16136.753350323546,15810.276577226412,14521.64849511097,122.5067726705359,,
9-501,HEALTH_MONITORING,641.0774644228352,1.0,100,FogNode_9,201,1.0,1349.236560939329,916.1600928084755,16136.836135425776,15220.6760426173,14653.996286563493,64.47933902884488,,
0-454,E_COMMERCE_TRANSACTION,960.3279433485807,0.5,300,FogNode_3,296,1.0,1899.4436001125757,929.3322249955847,16166.292264572718,15236.960039577132,14676.619672806919,45.59434219688117,,
1-331,HEALTH_MONITORING,375.3699244305475,1.0,100,FogNode_4,58,1.0,1758.3565909566523,591.4395040280593,16171.862114400983,15580.422610372923,15272.330077668925,31.26966591987512,,
8-473,E_COMMERCE_TRANSACTION,935.8256350640703,0.5,300,FogNode_3,296,1.0,1899.4436001125757,934.7190981487166,16173.018492256562,15238.299394107846,14694.207713093414,44.431024357100334,,
2-123,SMART_HOME_CONTROL,592.0139626907799,0.1,150,FogNode_0,69,1.0,1189.2931772946604,288.4202442488409,16174.393564379721,15885.97332013088,15368.69616598163,37.69600727920262,,
3-505,E_COMMERCE_TRANSACTION,610.7604375920475,0.5,300,FogNode_3,300,1.0,1899.4436001125757,946.911950793141,16175.42680074619,15228.51484995305,14860.528164416053,28.9976154341483,,
1-177,SMART_HOME_CONTROL,604.3110945743567,0.1,150,FogNode_0,77,1.0,1189.2931772946604,294.49756159609717,16199.705852469579,15905.208290873481,15383.528762759079,38.479017144189115,,
6-475,E_COMMERCE_TRANSACTION,761.2533893843217,0.5,300,FogNode_3,299,1.0,1899.4436001125757,943.6506566417257,16204.468311379036,15260.81765473731,14812.964465386576,36.1427028907413,,
3-496,VOICE_ASSISTANT,156.09298557922918,2.0,150,FogNode_9,200,1.0,1349.236560939329,915.8076675471598,16223.090925207409,15307.283257660249,15026.249468617041,15.69977591748459,,
7-499,E_COMMERCE_TRANSACTION,765.0431655137965,0.5,300,FogNode_3,296,1.0,1899.4436001125757,937.747977392015,16233.55375734151,15295.805779949495,14839.928427091232,36.32263345601708,,
4-146,GPS_TRACKING,340.322701276667,0.2,200,FogNode_5,48,1.0,782.8923712617282,289.86734165352743,16233.99991938912,15944.132577735592,15481.35192439026,50.585490446670114,,
3-503,E_COMMERCE_TRANSACTION,331.64101945353207,0.5,300,FogNode_3,299,1.0,1899.4436001125757,945.6598363936993,16235.309277338081,15289.649440944382,15063.185854765123,15.74561506016518,,
1-334,HEALTH_MONITORING,115.29042672046477,1.0,100,FogNode_4,80,1.0,1758.3565909566523,597.5457511002288,16237.42926233526,15639.88351123503,15481.876882001974,9.604107555441102,,
3-194,AUGMENTED_REALITY,146.6988006603717,30.0,150,FogNode_6,91,1.0,816.2509881302752,355.0348755065708,16237.467705121479,15882.432829614907,13289.375148033152,19.7669713258149,,
5-318,HEALTH_MONITORING,492.29853595912056,1.0,100,FogNode_4,58,1.0,1758.3565909566523,591.4996712165431,16237.98837331528,15646.488702098737,15273.212021225687,41.0102401667867,,
5-290,HEALTH_MONITORING,635.0875848292782,1.0,100,FogNode_1,89,1.0,1597.9384595498836,546.3156630146651,16239.788629301274,15693.472966286608,15204.525950209018,52.46305324393451,,
0-143,SENSOR_DATA_LOGGING,810.331751047086,0.1,10000,FogNode_0,69,1.0,1189.2931772946604,288.39116232234517,16248.080578030253,15959.689415707908,15260.60070821175,51.59721478054878,,
2-275,HEALTH_MONITORING,974.0245087478015,1.0,100,FogNode_1,77,1.0,1597.9384595498836,540.4534199703184,16250.714221955472,15710.260801985154,15006.251208958918,80.46181484884428,,
4-478,CLOUD_GAMING,110.81184551017176,50.0,150,FogNode_6,187,1.0,816.2509881302752,987.1226188188316,16272.51042397071,15285.387805151879,11140.635116202184,14.93137341886873,,
4-296,HEALTH_MONITORING,79.3371077070631,1.0,100,FogNode_4,78,1.0,1758.3565909566523,596.7309404914548,16282.549295504356,15685.818355012902,15546.605177480247,6.609066660874769,,
5-186,SMART_HOME_CONTROL,746.3065331869055,0.1,150,FogNode_8,30,1.0,770.9711269175084,370.3534514173753,16297.101956672548,15926.748505255173,14945.610694291263,70.93991965817618,,
6-257,HEALTH_MONITORING,499.0205084908127,1.0,100,FogNode_1,102,1.0,1597.9384595498836,553.9807414264133,16300.72850256193,15746.747761135517,15340.115454497103,41.222880327296,,
7-312,HEALTH_MONITORING,123.11350140724416,1.0,100,FogNode_4,100,1.0,1758.3565909566523,608.0005768852117,16308.004604403119,15700.004027517907,15543.857299067897,10.255797837482024,,
7-505,E_COMMERCE_TRANSACTION,745.2133499500343,0.5,300,FogNode_3,303,1.0,1899.4436001125757,951.914686096424,16321.65025141175,15369.735565315324,14931.812964214632,35.3811557006551,,
7-488,VOICE_ASSISTANT,658.285813383064,2.0,150,FogNode_9,198,1.0,1349.236560939329,905.1664404194919,16334.714849718675,15429.548409299183,14772.830469754706,66.21014853052067,,
8-449,VOICE_ASSISTANT,810.4773463540108,2.0,150,FogNode_9,197,1.0,1349.236560939329,893.1631117571992,16335.421260804533,15442.258149047333,14671.967903522014,81.51751775865002,,
3-495,VOICE_ASSISTANT,342.3869639495882,2.0,150,FogNode_9,200,1.0,1349.236560939329,915.1571100319867,16344.059265273092,15428.902155241105,15009.237232717187,34.4371567442919,,
6-480,E_COMMERCE_TRANSACTION,240.94014234633244,0.5,300,FogNode_3,314,1.0,1899.4436001125757,960.1139904497553,16362.15702492693,15402.043034477174,15226.130735265619,11.43932900754551,,
6-274,HEALTH_MONITORING,100.83294782747657,1.0,100,FogNode_4,111,1.0,1758.3565909566523,611.6972536761659,16365.349598214993,15753.652344538827,15607.515157865299,8.39974752123428,,
7-3,AUGMENTED_REALITY,995.1022471109554,30.0,150,FogNode_2,0,0.0,681.967788340379,11.3684385029791,16373.16974564329,16361.801307140311,12490.315851146017,122.14285449900589,,
4-279,HEALTH_MONITORING,201.56091041314093,1.0,100,FogNode_1,137,1.0,1597.9384595498836,568.4368024215026,16376.85231520214,15808.415512780639,15593.674392906472,16.650460546702586,,
1-314,HEALTH_MONITORING,718.215771371504,1.0,100,FogNode_1,99,1.0,1597.9384595498836,551.935481513816,16382.480247299767,15830.544765785951,15286.349608414874,59.33007218874488,,
1-495,HEALTH_MONITORING,983.244958779873,1.0,100,FogNode_9,202,1.0,1349.236560939329,918.4467461921138,16383.910158326626,15465.463412134512,14648.265753282121,98.89442160105942,,
9-323,HEALTH_MONITORING,91.291354746758,1.0,100,FogNode_4,108,1.0,1758.3565909566523,610.2750266360595,16417.268165368136,15806.993138732076,15664.346714889618,7.604898470847277,,
1-517,E_COMMERCE_TRANSACTION,463.38087604841127,0.5,300,FogNode_3,302,1.0,1899.4436001125757,947.828924759687,16419.382912957655,15471.553988197968,15174.954308908222,22.000345169975905,,
1-289,VOICE_ASSISTANT,214.4092992058643,2.0,150,FogNode_1,46,1.0,1597.9384595498836,510.4518605523901,16434.907198821773,15924.455338269383,15617.758498572926,17.71183494833353,,
4-4,AUGMENTED_REALITY,958.2904669058742,30.0,150,FogNode_2,0,0.0,681.967788340379,12.442428708228844,16455.800845120022,16443.358416411793,12623.683280109299,117.62442845133835,,
1-291,VOICE_ASSISTANT,170.380887853611,2.0,150,FogNode_1,45,1.0,1597.9384595498836,514.3263539634503,16483.477753018815,15969.151399055365,15691.926755598777,14.074754104373959,,
5-326,HEALTH_MONITORING,675.5171177048084,1.0,100,FogNode_4,90,1.0,1758.3565909566523,600.8415299078692,16501.429089230634,15900.587559322765,15429.626037624812,56.273007556029214,,
5-182,SMART_HOME_CONTROL,911.5797329082453,0.1,150,FogNode_8,27,1.0,770.9711269175084,362.463819586903,16502.57999754411,16140.116177957208,14937.066313040357,86.64990876923933,,
1-206,AUGMENTED_REALITY,516.3755763423758,30.0,150,FogNode_6,98,1.0,816.2509881302752,359.29177731727617,16515.62980954252,16156.338032225243,13118.35999512075,69.57917286959926,,
4-455,VOICE_ASSISTANT,268.39910080776303,2.0,150,FogNode_9,200,1.0,1349.236560939329,912.9832946827728,16533.64149355414,15620.658198871366,15249.360782843536,26.995484284573486,,
7-484,VOICE_ASSISTANT,859.8669287808951,2.0,150,FogNode_9,197,1.0,1349.236560939329,901.2552186327026,16543.48910989815,15642.233891265447,14830.273543695283,86.48510405910324,,
6-277,HEALTH_MONITORING,79.66530144262444,1.0,100,FogNode_4,118,1.0,1758.3565909566523,615.3931965443503,16546.735770396645,15931.342573852295,15799.77749110063,6.636406380442253,,
0-291,HEALTH_MONITORING,835.3278359283833,1.0,100,FogNode_4,91,1.0,1758.3565909566523,601.9775043317234,16555.348638617146,15953.371134285422,15392.835443514437,69.58581565286197,,
7-490,VOICE_ASSISTANT,567.1026850125594,2.0,150,FogNode_9,200,1.0,1349.236560939329,912.4968800145947,16557.14989020407,15644.653010189475,15052.667222956949,57.03898252610382,,
3-497,VOICE_ASSISTANT,457.9291160468329,2.0,150,FogNode_9,202,1.0,1349.236560939329,919.1572504314618,16562.489611326637,15643.332360895176,15137.89897934701,46.05834452681353,,
1-524,E_COMMERCE_TRANSACTION,714.8019030074792,0.5,300,FogNode_3,320,1.0,1899.4436001125757,962.7656882972228,16580.790042103294,15618.024353806071,15196.646153904816,33.937284439587515,,
9-319,HEALTH_MONITORING,535.4778720474794,1.0,100,FogNode_4,96,1.0,1758.3565909566523,604.5586357787531,16587.082445834316,15982.523810055563,15587.266245890878,44.60723429510774,,
0-296,HEALTH_MONITORING,336.0696376022751,1.0,100,FogNode_4,108,1.0,1758.3565909566523,610.4773320878874,16608.395289030483,15997.917956942596,15715.82098247127,27.99581055828841,,
3-516,E_COMMERCE_TRANSACTION,499.14178739366,0.5,300,FogNode_3,322,1.0,1899.4436001125757,963.8646450344106,16624.940182775932,15661.07553774152,15351.338750466242,23.698197700916744,,
8-480,CLOUD_GAMING,414.6198073186391,50.0,150,FogNode_6,187,1.0,816.2509881302752,949.7199388093334,16628.899582372724,15679.17964356339,11156.469929587103,55.8680630345221,,
3-285,VOICE_ASSISTANT,328.0646863883968,2.0,150,FogNode_1,52,1.0,1597.9384595498836,523.6609993694523,16640.212155610163,16116.55115624071,15744.367237010325,27.1006322916481,,
1-201,VOICE_ASSISTANT,720.2467761226309,2.0,150,FogNode_6,72,1.0,816.2509881302752,348.60772014931,16644.79563589373,16296.18791574442,15243.942250846503,97.04985526151333,,
5-489,E_COMMERCE_TRANSACTION,898.4460679448291,0.5,300,FogNode_3,302,1.0,1899.4436001125757,949.5350289493199,16646.023359519575,15696.488330570255,15172.964813145441,42.65632146918557,,
3-142,E_COMMERCE_TRANSACTION,631.6678709180466,0.5,300,FogNode_5,42,1.0,782.8923712617282,269.6937169183692,16670.03651921351,16400.34280229514,15542.483523808536,93.89097151005735,,
2-452,HEALTH_MONITORING,686.4130919787625,1.0,100,FogNode_3,296,1.0,1899.4436001125757,922.3334810333243,16683.026125872082,15760.692644838758,15311.593555872207,32.58944365918437,,
8-457,VOICE_ASSISTANT,807.3263849592962,2.0,150,FogNode_9,199,1.0,1349.236560939329,906.8385524097826,16684.143486787307,15777.304934377524,15009.251870733302,81.20059520355831,,
4-272,HEALTH_MONITORING,890.4403597413925,1.0,100,FogNode_1,116,1.0,1597.9384595498836,559.4575172259753,16691.031394212372,16131.573876986396,15485.298844487801,73.55712994487003,,
5-490,E_COMMERCE_TRANSACTION,999.5457074144973,0.5,300,FogNode_3,303,1.0,1899.4436001125757,951.7300539853998,16692.523055187008,15740.793001201608,15167.877477539501,47.4563187929,,
8-292,HEALTH_MONITORING,812.4802854946163,1.0,100,FogNode_1,111,1.0,1597.9384595498836,556.8337985174142,16748.2439334708,16191.410134953385,15588.533016314468,67.1170362887971,,
6-464,HEALTH_MONITORING,985.1701399607222,1.0,100,FogNode_3,296,1.0,1899.4436001125757,921.9593054109891,16752.216243504474,15830.256938093484,15225.34765509833,46.7737972164932,,
9-151,E_COMMERCE_TRANSACTION,687.3674103719569,0.5,300,FogNode_0,47,1.0,1189.2931772946604,254.7984050354439,16752.356528848704,16497.55812381326,15866.337213358272,43.767560459383546,,
4-345,AUGMENTED_REALITY,287.92742659438784,30.0,150,FogNode_9,155,1.0,1349.236560939329,685.8527162632278,16756.889365220268,16071.03664895704,13452.106367734857,28.95963621462948,,
2-457,HEALTH_MONITORING,149.50470092269683,1.0,100,FogNode_3,297,1.0,1899.4436001125757,941.5209329411757,16771.232789402773,15829.711856461598,15665.983302360622,7.098167392841896,,
4-333,AUGMENTED_REALITY,329.78905279736057,30.0,150,FogNode_9,136,1.0,1349.236560939329,671.0282439676514,16778.06790649374,16107.039662526087,13456.8960859383,33.17006340640476,,
5-498,E_COMMERCE_TRANSACTION,740.2926914600503,0.5,300,FogNode_3,322,1.0,1899.4436001125757,963.8141318411256,16809.124778110257,15845.310646269132,15408.467775727806,35.14753322972708,,
8-152,SENSOR_DATA_LOGGING,74.82516027370448,0.1,10000,FogNode_0,77,1.0,1189.2931772946604,294.5866633278858,16815.2721847208,16520.685521392916,16442.2039068406,4.76443118592175,,
4-324,AUGMENTED_REALITY,636.7757157214353,30.0,150,FogNode_9,70,1.0,1349.236560939329,649.811052389813,16816.01187473849,16166.20082234868,13285.873125082842,64.04667070352139,,
9-506,VIDEO_SURVEILLANCE,141.2112869595845,60.0,800,FogNode_6,187,1.0,816.2509881302752,924.9883899068733,16817.79547174452,15892.807081837647,10912.133247468248,19.027554742412807,,
8-194,VIDEO_SURVEILLANCE,477.3752860601455,60.0,800,FogNode_6,137,1.0,816.2509881302752,377.5264112599858,16822.306551263195,16444.780140003208,11052.597506165901,64.32406774101621,,
0-184,SENSOR_DATA_LOGGING,249.86596578467842,0.1,10000,FogNode_8,27,1.0,770.9711269175084,365.8895469240417,16826.672505111404,16460.782958187363,16117.990502032711,23.75092639533213,,
3-306,VOICE_ASSISTANT,423.13810870644625,2.0,150,FogNode_4,42,1.0,1758.3565909566523,566.4172678312351,16849.039371625942,16282.622103794707,15870.0115887347,35.248927620642405,,
8-466,HEALTH_MONITORING,514.0468735461388,1.0,100,FogNode_3,296,1.0,1899.4436001125757,925.6045394723857,16851.420280092814,15925.815740620428,15567.679117822772,24.40585970660665,,
2-450,VOICE_ASSISTANT,707.6945097106029,2.0,150,FogNode_9,203,1.0,1349.236560939329,919.8413878876403,16859.93603471335,15940.094646825712,15244.79803055002,71.17965730017434,,
3-366,AUGMENTED_REALITY,241.95115102691278,30.0,150,FogNode_9,156,1.0,1349.236560939329,687.6244999592233,16863.467971485876,16175.843471526652,13589.794070540556,24.3353590810263,,
9-277,VOICE_ASSISTANT,780.2387714358358,2.0,150,FogNode_1,50,1.0,1597.9384595498836,522.5570766217205,16870.758607941778,16348.201531320057,15693.978857119228,64.45364259454693,,
8-19,AUGMENTED_REALITY,954.2761680114446,30.0,150,FogNode_2,0,0.6666666666666666,681.967788340379,32.36805889886665,16871.513306527824,16839.145247628956,13032.775070074436,117.13169724989514,,
5-25,AUGMENTED_REALITY,934.1634557617671,30.0,150,FogNode_2,0,1.0,681.967788340379,42.47179788739266,16875.34171831514,16832.869920427747,13057.67788054802,114.66298200678825,,
7-273,VOICE_ASSISTANT,626.7984929496537,2.0,150,FogNode_1,57,1.0,1597.9384595498836,529.8111049684288,16875.73221638921,16345.921111420781,15784.8691963199,51.77831136106255,,
4-303,HEALTH_MONITORING,600.4243462541561,1.0,100,FogNode_4,111,1.0,1758.3565909566523,612.3249462396086,16888.204815607485,16275.879869367876,15843.314964573707,50.01750938360201,,
4-327,AUGMENTED_REALITY,683.7493353568786,30.0,150,FogNode_9,84,1.0,1349.236560939329,654.4876641913688,16890.67772981969,16236.190065628321,13321.442766838689,68.77126034201791,,
6-167,VIDEO_SURVEILLANCE,504.64817945500994,60.0,800,FogNode_6,137,1.0,816.2509881302752,378.0768139673314,16890.761656488015,16512.684842520684,11084.837393887916,67.99896146394711,,
0-327,AUGMENTED_REALITY,469.72443621486707,30.0,150,FogNode_9,147,1.0,1349.236560939329,677.2374365243203,16905.29079433718,16228.05335781286,13465.274448031192,47.244713554389904,,
4-137,E_COMMERCE_TRANSACTION,531.853562049098,0.5,300,FogNode_5,43,1.0,782.8923712617282,278.80779323484603,16913.34433705403,16634.536543819184,15909.138480064259,79.05459489224707,,
5-485,HEALTH_MONITORING,448.376194148745,1.0,100,FogNode_3,296,1.0,1899.4436001125757,938.9893471079049,16919.08272377379,15980.093376665885,15656.975978529532,21.287954568591097,,
4-261,VOICE_ASSISTANT,377.9078061686048,2.0,150,FogNode_1,64,1.0,1597.9384595498836,534.1110434430999,16927.528490774563,16393.417447331463,15982.274636500328,31.218052170948354,,
8-295,VOICE_ASSISTANT,603.5833748894687,2.0,150,FogNode_4,42,1.0,1758.3565909566523,565.2578091106493,16930.34807124485,16365.090262134201,15856.659814748007,50.28066784044268,,
4-18,AUGMENTED_REALITY,688.6937352782835,30.0,150,FogNode_2,0,0.6666666666666666,681.967788340379,38.81496920106644,16936.364504226094,16897.549535025028,13473.177237787162,84.53304064651846,,
6-500,SENSOR_DATA_LOGGING,610.5833223057647,0.1,10000,FogNode_3,351,1.0,1899.4436001125757,995.393043399471,16946.39396127695,15951.000917877478,15608.72882398739,28.989206374485914,,
2-128,SENSOR_DATA_LOGGING,904.8240719175,0.1,10000,FogNode_0,77,1.0,1189.2931772946604,293.76556166433215,16960.514111687666,16666.748550023334,15890.368788027617,57.613936411859974,,
3-414,AUGMENTED_REALITY,101.6009537360019,30.0,150,FogNode_9,181,1.0,1349.236560939329,782.473689569399,16965.980279926447,16183.506590357048,13697.837747359019,10.218987103993259,,
8-467,VIDEO_SURVEILLANCE,282.4404017543548,60.0,800,FogNode_6,187,1.0,816.2509881302752,925.6916721788621,16974.92109519358,16049.229423014716,10898.152269074384,38.05751170151268,,
0-458,HEALTH_MONITORING,243.91625420609546,1.0,100,FogNode_3,297,1.0,1899.4436001125757,941.6170222916272,16979.83486117942,16038.217838887793,15816.386359613874,11.580628512042983,,
0-282,VOICE_ASSISTANT,175.92350590914066,2.0,150,FogNode_4,46,1.0,1758.3565909566523,578.4164717445911,16988.25477521973,16409.83830347514,16142.332765259076,14.655061312057342,,
4-464,HEALTH_MONITORING,141.35053686274364,1.0,100,FogNode_3,298,1.0,1899.4436001125757,942.8174029258446,16993.499535546653,16050.682132620808,15882.075435940225,6.711024907762645,,
9-158,GPS_TRACKING,887.0275611598574,0.2,200,FogNode_0,65,1.0,1189.2931772946604,283.7146130514212,16993.924898080604,16710.21028502918,15938.6151789733,56.4807580725935,,
4-304,HEALTH_MONITORING,773.1653162187619,1.0,100,FogNode_4,115,1.0,1758.3565909566523,613.2714506805726,16995.057694331557,16381.786243650984,15849.422834149394,64.40745399534147,,
6-374,AUGMENTED_REALITY,51.44822198319023,30.0,150,FogNode_9,181,1.0,1349.236560939329,784.3205267980495,17004.111637668022,16219.791110869972,13768.08649697055,5.174643520923037,,
2-456,HEALTH_MONITORING,684.4470551936475,1.0,100,FogNode_3,296,1.0,1899.4436001125757,933.4397316446508,17006.364174668328,16072.924443023678,15624.068771229091,32.49610038559428,,
8-348,AUGMENTED_REALITY,613.4188232397155,30.0,150,FogNode_9,154,1.0,1349.236560939329,684.7429716497644,17017.13102929463,16332.388057644865,13470.346083224871,61.69744292284284,,
3-484,VIDEO_SURVEILLANCE,412.0199766301044,60.0,800,FogNode_6,187,1.0,816.2509881302752,898.1592552335906,17020.400992207655,16122.241736974065,10807.706330778954,55.51774811414851,,
2-465,HEALTH_MONITORING,85.31875917538241,1.0,100,FogNode_3,302,1.0,1899.4436001125757,951.0135202417073,17038.417299448844,16087.403779207136,15953.5187786618,4.0507544621594604,,
7-278,VOICE_ASSISTANT,656.6284608279899,2.0,150,FogNode_1,70,1.0,1597.9384595498836,536.6892893963421,17051.134401647694,16514.445112251353,15931.742525082194,54.24249304316345,,
0-457,CLOUD_GAMING,771.9771530191746,50.0,150,FogNode_6,187,1.0,816.2509881302752,941.396199150835,17057.945213968513,16116.549014817678,11158.957834881341,104.02027950618681,,
8-476,HEALTH_MONITORING,473.027299936885,1.0,100,FogNode_3,298,1.0,1899.4436001125757,942.5127770301413,17058.159442739863,16115.646665709723,15776.637584771814,22.45833699953115,,
6-468,HEALTH_MONITORING,585.2289981798592,1.0,100,FogNode_3,296,1.0,1899.4436001125757,936.8177243236605,17060.321731946024,16123.504007622363,15724.791146024294,27.785436622315363,,
0-379,AUGMENTED_REALITY,252.8432196802551,30.0,150,FogNode_9,181,1.0,1349.236560939329,781.3957110879529,17092.68804327048,16311.292332182526,13711.372218028802,25.430879398616327,,
1-509,VIDEO_SURVEILLANCE,168.78292662011478,60.0,800,FogNode_6,187,1.0,816.2509881302752,936.8837860919485,17097.53987675913,16160.65609066718,11141.838667903907,22.742703115283096,,
7-510,CLOUD_GAMING,798.2808339370998,50.0,150,FogNode_6,187,1.0,816.2509881302752,963.7183827955597,17113.947672917442,16150.229290121883,11166.978663413498,107.56457642018651,,
3-371,AUGMENTED_REALITY,347.17463294057126,30.0,150,FogNode_9,156,1.0,1349.236560939329,693.669261290419,17117.247942047725,16423.578680757306,13757.611921025964,34.91869875623176,,
0-269,VOICE_ASSISTANT,358.4056752504885,2.0,150,FogNode_1,76,1.0,1597.9384595498836,539.7651228472963,17151.82103039555,16612.055907548252,16213.789002625515,29.60702818438695,,
9-364,AUGMENTED_REALITY,511.2561819616194,30.0,150,FogNode_9,154,1.0,1349.236560939329,685.3905081869099,17156.990474086844,16471.599965899935,13678.03046157697,51.421961489435624,,
4-134,E_COMMERCE_TRANSACTION,989.1319737167244,0.5,300,FogNode_5,42,1.0,782.8923712617282,275.8096625600553,17178.9463991348,16903.136736574743,15593.161686422069,147.02435605747775,,
8-474,CLOUD_GAMING,895.7620986593683,50.0,150,FogNode_6,187,1.0,816.2509881302752,937.3424399654243,17179.692024164277,16242.349584198852,11133.851175368265,120.69971696595225,,
9-369,AUGMENTED_REALITY,588.7272974317644,30.0,150,FogNode_9,157,1.0,1349.236560939329,693.7057119771684,17193.23041502246,16499.524703045292,13657.379516959025,59.21397820591706,,
1-328,VOICE_ASSISTANT,474.95128133083807,2.0,150,FogNode_4,47,1.0,1758.3565909566523,581.1413403448021,17200.45897125998,16619.31763091518,16181.138843856865,39.5651514115373,,
6-123,SENSOR_DATA_LOGGING,293.18203668223634,0.1,10000,FogNode_0,76,1.0,1189.2931772946604,293.1569014089803,17207.031994981295,16913.875093572315,16649.218542882587,18.66812758718259,,
9-284,VOICE_ASSISTANT,556.2881838917856,2.0,150,FogNode_1,82,1.0,1597.9384595498836,542.926329103374,17223.860882150522,16680.934553047147,16162.098313741986,45.953624834803946,,
7-410,AUGMENTED_REALITY,520.3892071194231,30.0,150,FogNode_9,181,1.0,1349.236560939329,777.6342628114899,17249.159570857548,16471.525308046057,13679.798628638442,52.34055784976654,,
4-288,VOICE_ASSISTANT,480.21882849705383,2.0,150,FogNode_4,46,1.0,1758.3565909566523,578.1617498505802,17261.361397031742,16683.19964718116,16238.032146426673,40.00395705201218,,
1-512,HEALTH_MONITORING,976.9901529172729,1.0,100,FogNode_3,297,1.0,1899.4436001125757,942.3895733947783,17285.588758097696,16343.199184702919,15743.506932760434,46.38542871070485,,
3-499,VOICE_ASSISTANT,485.335925752427,2.0,150,FogNode_3,296,1.0,1899.4436001125757,921.6417943024577,17293.932085844008,16372.29029154155,15946.660105441973,23.042724553068656,,
2-459,HEALTH_MONITORING,611.7591542283448,1.0,100,FogNode_3,299,1.0,1899.4436001125757,944.3609804120645,17301.907679868054,16357.54669945599,15940.618873229732,29.045032390395846,,
0-339,AUGMENTED_REALITY,660.7791851013112,30.0,150,FogNode_9,158,1.0,1349.236560939329,695.6738756788034,17305.7548925539,16610.081016875098,13714.515778612516,66.46093095428053,,
2-433,AUGMENTED_REALITY,210.80892648861462,30.0,150,FogNode_9,198,1.0,1349.236560939329,877.6398719618172,17313.233591559034,16435.59371959722,13871.977101882298,21.20308542369976,,
8-285,VOICE_ASSISTANT,919.0797493286843,2.0,150,FogNode_1,90,1.0,1597.9384595498836,546.4961328572656,17323.409856686376,16776.91372382911,16036.70699551177,75.92296082659915,,
5-493,VIDEO_SURVEILLANCE,296.8284243190509,60.0,800,FogNode_6,187,1.0,816.2509881302752,953.7212119323246,17338.569566846854,16384.84835491453,11208.057660407694,39.99622986547347,,
1-168,E_COMMERCE_TRANSACTION,532.3247131459477,0.5,300,FogNode_5,43,1.0,782.8923712617282,279.92499658943376,17349.982745139867,17070.057748550433,16343.665481019294,79.12462668624501,,
0-386,AUGMENTED_REALITY,350.8384322306454,30.0,150,FogNode_9,185,1.0,1349.236560939329,798.9578892077762,17352.7154116264,16553.757522418622,13886.457029026275,35.28720236097323,,
2-276,VOICE_ASSISTANT,806.05400448225,2.0,150,FogNode_1,87,1.0,1597.9384595498836,544.630411414592,17375.192304787215,16830.561893372622,16158.80190485364,66.5861767176674,,
7-20,AUGMENTED_REALITY,855.4038434043448,30.0,150,FogNode_2,1,1.0,681.967788340379,48.16277874596013,17380.550647559678,17332.38786881372,13667.143497756622,104.9957102259236,,
7-178,SMART_HOME_CONTROL,841.7343163694219,0.1,150,FogNode_8,27,1.0,770.9711269175084,363.1922314419256,17388.886443771098,17025.694212329174,15913.135041578036,80.01077589631952,,
4-266,VOICE_ASSISTANT,566.2765631430461,2.0,150,FogNode_1,86,1.0,1597.9384595498836,544.5991689656402,17405.513858352526,16860.914689386886,16334.656661550674,46.778740747942706,,
2-126,SMART_HOME_CONTROL,708.0408164529048,0.1,150,FogNode_0,76,1.0,1189.2931772946604,292.7573971756541,17410.61808426049,17117.860687084838,16504.128482014243,45.083922767075215,,
4-293,VOICE_ASSISTANT,733.3254858974212,2.0,150,FogNode_4,52,1.0,1758.3565909566523,586.5593178139515,17412.109326332124,16825.550008518174,16241.259326905509,61.08865271859365,,
0-281,VOICE_ASSISTANT,995.4454431451543,2.0,150,FogNode_4,42,1.0,1758.3565909566523,569.2064336280644,17415.161993319856,16845.955559691793,16105.374281454295,82.92418870753272,,
8-301,VOICE_ASSISTANT,275.99441578627005,2.0,150,FogNode_4,47,1.0,1758.3565909566523,582.4059180925009,17418.32296967618,16835.91705158368,16505.586068794146,22.991328328928436,,
4-467,HEALTH_MONITORING,915.0146124003574,1.0,100,FogNode_3,302,1.0,1899.4436001125757,950.5664877087934,17428.121669510103,16477.55518180131,15907.357559912645,43.44296096129018,,
7-497,VIDEO_SURVEILLANCE,509.7055570913525,60.0,800,FogNode_6,187,1.0,816.2509881302752,931.5823583196403,17442.24256522847,16510.66020690883,11079.716897230111,68.68041924186612,,
5-480,VOICE_ASSISTANT,753.7753386318748,2.0,150,FogNode_3,296,1.0,1899.4436001125757,928.1267535013326,17457.161805843032,16529.0350523417,15966.223179841807,35.78766083731127,,
5-292,VOICE_ASSISTANT,378.7885421280856,2.0,150,FogNode_1,96,1.0,1597.9384595498836,549.9391137459837,17460.909148849594,16910.97003510361,16502.92312137021,31.290807643799415,,
2-471,HEALTH_MONITORING,921.5534564746395,1.0,100,FogNode_3,311,1.0,1899.4436001125757,958.522791236562,17491.534387892887,16533.011596656324,15957.294392723048,43.75341146557865,,
1-439,AUGMENTED_REALITY,690.5371315134266,30.0,150,FogNode_9,183,1.0,1349.236560939329,793.070868240068,17515.910051307717,16722.83918306765,13805.398904219739,69.45397441937328,,
3-520,VIDEO_SURVEILLANCE,148.82798562068888,60.0,800,FogNode_6,187,1.0,816.2509881302752,972.0435237681281,17520.900722073507,16548.85719830538,11554.063603932416,20.05386895461955,,
6-463,VOICE_ASSISTANT,893.9315000884117,2.0,150,FogNode_3,296,1.0,1899.4436001125757,921.9091328366811,17528.787525634998,16606.878392798317,15965.101190934047,42.4419793237318,,
2-131,SENSOR_DATA_LOGGING,149.4534253096377,0.1,10000,FogNode_0,80,1.0,1189.2931772946604,296.8367520694842,17536.283839486303,17239.44708741682,17097.93775321566,9.516325227816472,,
9-288,VOICE_ASSISTANT,347.9053293811671,2.0,150,FogNode_1,92,1.0,1597.9384595498836,548.7477990004008,17541.13121341445,16992.38341441405,16602.336969201653,28.739619944041614,,
7-307,VOICE_ASSISTANT,241.71041829416566,2.0,150,FogNode_4,63,1.0,1758.3565909566523,593.2109397252852,17549.57314882257,16956.362209097282,16653.51850863921,20.135347926123693,,
5-291,VOICE_ASSISTANT,150.48949428857532,2.0,150,FogNode_1,96,1.0,1597.9384595498836,549.9342431029439,17555.086426697308,17005.152183594364,16737.088311318425,12.431574069640561,,
0-459,VOICE_ASSISTANT,190.55066653396898,2.0,150,FogNode_3,297,1.0,1899.4436001125757,941.8778595135954,17557.481008015013,16615.603148501417,16349.354068473569,9.046943136423955,,
8-302,VOICE_ASSISTANT,632.9642301627465,2.0,150,FogNode_4,52,1.0,1758.3565909566523,586.7451413934369,17560.433866806266,16973.68872541283,16445.704792503613,52.72819884663437,,
7-286,VOICE_ASSISTANT,303.1566631855218,2.0,150,FogNode_1,105,1.0,1597.9384595498836,555.3025958055615,17564.90966303324,17009.607067227676,16652.66471156259,25.043040585072912,,
7-502,VOICE_ASSISTANT,73.57994031811371,2.0,150,FogNode_3,297,1.0,1899.4436001125757,941.6049986267859,17567.525154019306,16625.92015539252,16419.100836601854,3.4934201393663202,,
5-479,VOICE_ASSISTANT,550.2086797852264,2.0,150,FogNode_3,296,1.0,1899.4436001125757,925.3213998048917,17575.257100844286,16649.935701039394,16190.12908339594,26.122745880274714,,
9-425,AUGMENTED_REALITY,776.0852688085431,30.0,150,FogNode_9,183,1.0,1349.236560939329,794.9291889619977,17592.334289624483,16797.405100662487,13811.659338152913,78.05837506369187,,
9-315,VOICE_ASSISTANT,315.54333316983264,2.0,150,FogNode_4,67,1.0,1758.3565909566523,594.3859151317677,17597.776520106563,17003.390604974797,16651.04567173907,26.285895510763375,,
5-294,VOICE_ASSISTANT,733.5683471367757,2.0,150,FogNode_1,101,1.0,1597.9384595498836,552.63448392441,17610.892744173194,17058.258260248786,16433.54671804571,60.59831143486634,,
3-40,AUGMENTED_REALITY,505.8653169782889,30.0,150,FogNode_2,5,1.0,681.967788340379,58.74561429832805,17613.28634277247,17554.54072847414,14398.454268727457,62.09194480985147,,
6-24,AUGMENTED_REALITY,879.5349008988666,30.0,150,FogNode_2,4,1.0,681.967788340379,57.013183929092236,17662.871276912505,17605.858092983413,13908.500993860871,107.95765333580775,,
7-137,SMART_HOME_CONTROL,160.5154445932566,0.1,150,FogNode_0,76,1.0,1189.2931772946604,292.73689254397027,17671.25093394016,17378.51404139619,17222.955016305623,10.220690303164842,,
8-451,AUGMENTED_REALITY,498.07329279323574,30.0,150,FogNode_9,197,1.0,1349.236560939329,895.6892176749128,17674.906831667144,16779.21761399223,13998.999905371616,50.09603127469444,,
3-507,AUGMENTED_REALITY,231.01917642936394,30.0,150,FogNode_9,267,1.0,1349.236560939329,953.7771014346987,17687.13219508696,16733.355093652262,14153.487119303689,23.235825038030914,,
5-319,VOICE_ASSISTANT,492.08621469502174,2.0,150,FogNode_4,59,1.0,1758.3565909566523,591.8595016243429,17695.01775023848,17103.158248614138,16654.14444781378,40.99255304119685,,
2-168,BATCH_DATA_PROCESSING,150.19911247029015,200.0,30000,FogNode_6,134,1.0,816.2509881302752,374.9357113403042,17704.91166313753,17329.975951797223,1138.8273733037568,20.23862182920419,,
9-161,SMART_HOME_CONTROL,860.8737485181839,0.1,150,FogNode_0,73,1.0,1189.2931772946604,291.33919819622395,17717.77816231647,17426.438964120247,16682.465600336847,54.815435337233666,,
3-154,GPS_TRACKING,618.732508424691,0.2,200,FogNode_0,67,1.0,1189.2931772946604,287.1966618978694,17727.28429293204,17440.08763103417,16895.20988066701,39.397288934617386,,
3-422,AUGMENTED_REALITY,831.4201250068168,30.0,150,FogNode_9,186,1.0,1349.236560939329,801.4309713574194,17733.463177445727,16932.032206088308,13901.705337956217,83.62393484535276,,
6-467,VOICE_ASSISTANT,835.4014856062145,2.0,150,FogNode_3,296,1.0,1899.4436001125757,926.6687244682535,17733.74587423799,16807.077149769735,16197.815738283078,39.66309787227221,,
5-458,AUGMENTED_REALITY,742.6227146105458,30.0,150,FogNode_9,197,1.0,1349.236560939329,885.2041849819517,17743.632572886858,16858.428387904907,13898.49321400183,74.69272349013937,,
9-292,VOICE_ASSISTANT,547.5283570503034,2.0,150,FogNode_1,105,1.0,1597.9384595498836,555.3036710721833,17748.160569042833,17192.85689797065,16682.64675181952,45.229996672373616,,
7-496,VOICE_ASSISTANT,902.1216874006243,2.0,150,FogNode_3,296,1.0,1899.4436001125757,925.5211804830402,17776.84765036634,16851.3264698833,16205.143175708365,42.83083211673444,,
7-26,AUGMENTED_REALITY,908.5610091169713,30.0,150,FogNode_2,5,1.0,681.967788340379,59.086821448346235,17788.064662635545,17728.9778411872,13984.220722957258,111.52043467114227,,
1-315,VOICE_ASSISTANT,415.23635533869117,2.0,150,FogNode_1,101,1.0,1597.9384595498836,553.128059606149,17800.988752268393,17247.860692662245,16816.45692473244,34.30167356335128,,
3-513,AUGMENTED_REALITY,168.41183669481006,30.0,150,FogNode_9,274,1.0,1349.236560939329,962.2314048991033,17811.952290813955,16849.720885914852,14311.47519316474,16.93880149802426,,
4-302,VOICE_ASSISTANT,218.51686157382932,2.0,150,FogNode_4,100,1.0,1758.3565909566523,607.6134227989345,17819.29109882868,17211.677676029743,16920.437474511276,18.20324116173964,,
4-462,VOICE_ASSISTANT,510.52547455531135,2.0,150,FogNode_3,296,1.0,1899.4436001125757,939.5507243946669,17826.257335211594,16886.706610816927,16444.847657497754,24.238671120966103,,
8-469,VOICE_ASSISTANT,756.8951214600547,2.0,150,FogNode_3,296,1.0,1899.4436001125757,928.3886475462888,17826.604215354157,16898.215567807867,16331.15472249432,35.93578153590513,,
5-487,VOICE_ASSISTANT,497.46084942437204,2.0,150,FogNode_3,299,1.0,1899.4436001125757,945.6108644217804,17829.423348519467,16883.812484097685,16450.906824088594,23.618390316872286,,
2-122,GPS_TRACKING,125.7653237920502,0.2,200,FogNode_0,67,1.0,1189.2931772946604,286.8029428523848,17833.0322499481,17546.229307095717,17413.18506581829,8.008004641628082,,
0-290,VOICE_ASSISTANT,533.9319644107259,2.0,150,FogNode_4,74,1.0,1758.3565909566523,595.7756113437588,17853.227121604185,17257.451510260427,16780.022158748772,44.47845462418018,,
7-504,VOICE_ASSISTANT,530.8947397590582,2.0,150,FogNode_3,302,1.0,1899.4436001125757,950.235435686508,17854.75723431895,16904.521798632442,16457.04440704082,25.205760805725543,,
9-294,VOICE_ASSISTANT,414.2737724724647,2.0,150,FogNode_1,106,1.0,1597.9384595498836,556.0164091517856,17870.147892578072,17314.131483426285,16881.716546701566,34.22215691498834,,
7-527,VOICE_ASSISTANT,108.0193705940442,2.0,150,FogNode_3,351,1.0,1899.4436001125757,995.8083987764413,17883.126289145075,16887.317890368635,16656.755018222015,5.128531540572768,,
5-496,VIDEO_SURVEILLANCE,707.4123661109678,60.0,800,FogNode_6,187,1.0,816.2509881302752,959.8518960515487,17887.061341043966,16927.209444992415,11251.29824816371,95.3204790597839,,
7-483,AUGMENTED_REALITY,864.2615885853771,30.0,150,FogNode_9,197,1.0,1349.236560939329,896.6362742067271,17889.71558127553,16993.0793070688,13946.841290344906,86.92711734950137,,
3-521,VIDEO_SURVEILLANCE,585.2087489193307,60.0,800,FogNode_6,187,1.0,816.2509881302752,974.9764527350673,17896.6390875422,16921.662634807133,11395.845351064152,78.8541181484197,,
4-463,GPS_TRACKING,280.5461178245642,0.2,200,FogNode_1,256,1.0,1597.9384595498836,940.0970076491379,17923.72810491877,16983.63109726963,16786.632186580795,23.17523798038936,,
7-501,VIDEO_SURVEILLANCE,899.8315376690396,60.0,800,FogNode_6,187,1.0,816.2509881302752,938.147343802493,17924.702200094463,16986.554856291972,11077.068104139682,121.24805467460574,,
8-307,VOICE_ASSISTANT,605.5374879196006,2.0,150,FogNode_4,86,1.0,1758.3565909566523,599.8680947628736,17942.153474720842,17342.285379957968,16823.52417276035,50.44345249005092,,
1-528,AUGMENTED_REALITY,287.3449922058264,30.0,150,FogNode_9,277,1.0,1349.236560939329,966.5227149623852,17946.43175576959,16979.909040807204,14355.407695619384,28.901055174917026,,
5-475,AUGMENTED_REALITY,857.9783565361708,30.0,150,FogNode_9,200,1.0,1349.236560939329,915.3973776044962,17949.132722500795,17033.7353448963,13989.424685205602,86.29515214719554,,
3-315,VOICE_ASSISTANT,691.1562924133601,2.0,150,FogNode_4,89,1.0,1758.3565909566523,600.5292170052377,17953.50333631434,17352.974119309103,16788.03823894966,57.57580710540935,,
7-507,SENSOR_DATA_LOGGING,138.9106491665739,0.1,10000,FogNode_1,255,1.0,1597.9384595498836,954.913449476277,17957.079055875627,17002.16560639935,16895.38491522473,11.475073607893814,,
6-155,SENSOR_DATA_LOGGING,882.3850096427024,0.1,10000,FogNode_8,27,1.0,770.9711269175084,364.7918108542907,17971.183601357832,17606.39179050354,16442.0603210538,83.87481404501608,,
3-501,VOICE_ASSISTANT,924.7142771584327,2.0,150,FogNode_3,296,1.0,1899.4436001125757,939.4476461448045,17978.368678262777,17038.921032117974,16382.531396141174,43.903480554870505,,
9-510,AUGMENTED_REALITY,850.0906537326214,30.0,150,FogNode_9,254,1.0,1349.236560939329,938.364718460924,17982.768493749223,17044.403775288298,14002.107275093505,85.50180985791897,,
8-493,VIDEO_SURVEILLANCE,711.2090395848317,60.0,800,FogNode_6,187,1.0,816.2509881302752,974.2905764341033,17985.25937719353,17010.968800759427,11332.21459128486,95.8320628992803,,
5-301,VOICE_ASSISTANT,685.0987441866777,2.0,150,FogNode_1,124,1.0,1597.9384595498836,563.106636026785,17993.648792561205,17430.542156534422,16835.84307849586,56.594354467313714,,
5-271,AUGMENTED_REALITY,64.86569639117756,30.0,150,FogNode_3,167,1.0,1899.4436001125757,507.61429301164225,18012.518518977886,17504.904225966242,15064.300536260522,3.0796862452900955,,
9-157,E_COMMERCE_TRANSACTION,863.9852603525177,0.5,300,FogNode_5,42,1.0,782.8923712617282,276.53230294788585,18016.92548315729,17740.393180209405,16585.16026100529,128.4225764830651,,
7-252,AUGMENTED_REALITY,356.84620886714293,30.0,150,FogNode_3,133,1.0,1899.4436001125757,492.8888265584474,18042.62604434626,17549.737217787813,14950.010112146223,16.9423042112214,,
8-505,VOICE_ASSISTANT,560.7575681937778,2.0,150,FogNode_3,351,1.0,1899.4436001125757,993.8824967303746,18072.069665992676,17078.187169262303,16612.386785286755,26.62358481891802,,
1-529,VIDEO_SURVEILLANCE,833.4861594515553,60.0,800,FogNode_6,187,1.0,816.2509881302752,970.1386084826045,18079.06025281307,17108.921644330465,11282.513921852005,112.30832794935772,,
2-27,AUGMENTED_REALITY,823.9025386565722,30.0,150,FogNode_2,6,1.0,681.967788340379,68.02701610903576,18083.4670179889,18015.440001879862,14401.288012881736,101.1291133073589,,
2-307,VOICE_ASSISTANT,476.6583409777733,2.0,150,FogNode_4,98,1.0,1758.3565909566523,605.9631297237677,18090.372825612234,17484.409695888466,17043.315333179497,39.707355625010045,,
2-279,VOICE_ASSISTANT,864.2293446117504,2.0,150,FogNode_1,102,1.0,1597.9384595498836,553.3928047459364,18095.92661953877,17542.533814792834,16828.50833459736,71.39190121867215,,
2-249,AUGMENTED_REALITY,415.0296875240094,30.0,150,FogNode_3,143,1.0,1899.4436001125757,496.24938663537205,18101.62695297074,17605.377566335366,14978.193228241404,19.704732873700895,,
3-158,SENSOR_DATA_LOGGING,538.3349041051274,0.1,10000,FogNode_0,77,1.0,1189.2931772946604,294.2838381730408,18123.902066884268,17829.618228711228,17357.67925463151,34.27803690906389,,
1-534,AUGMENTED_REALITY,422.4500814968753,30.0,150,FogNode_9,284,1.0,1349.236560939329,985.4873519055823,18125.055340143397,17139.567988237814,14415.681216236866,42.48987609028471,,
2-129,SENSOR_DATA_LOGGING,360.6817320538143,0.1,10000,FogNode_0,77,1.0,1189.2931772946604,294.03277993393135,18136.306277698157,17842.273497764225,17518.825811355076,22.966115757100106,,
3-52,AUGMENTED_REALITY,245.698701830405,30.0,150,FogNode_2,7,1.0,681.967788340379,86.80308305898677,18148.34370518143,18061.540622122444,15286.889588754391,30.158047452303254,,
8-497,VOICE_ASSISTANT,793.1624539319047,2.0,150,FogNode_3,340,1.0,1899.4436001125757,980.745921379758,18151.32208123087,17170.57615985111,16586.61255061614,37.65767787219591,,
9-325,VOICE_ASSISTANT,370.2418735704881,2.0,150,FogNode_4,111,1.0,1758.3565909566523,612.0420582629195,18152.71478832166,17540.67273005874,17164.632385424484,30.842480823846326,,
3-324,VOICE_ASSISTANT,351.9742225800841,2.0,150,FogNode_4,112,1.0,1758.3565909566523,612.5206448601008,18153.675601934585,17541.154957074483,17175.663536255557,29.320719738491974,,
2-470,AUGMENTED_REALITY,766.1337376916894,30.0,150,FogNode_9,268,1.0,1349.236560939329,957.4815778442781,18160.16187440199,17202.68029655771,14229.782290607734,77.0574536706471,,
3-148,E_COMMERCE_TRANSACTION,774.182015521102,0.5,300,FogNode_5,43,1.0,782.8923712617282,280.76116448227526,18167.820532974438,17887.059368492162,16850.31321897766,115.0742421919403,,
3-116,VOICE_ASSISTANT,601.2134357914626,2.0,150,FogNode_8,14,1.0,770.9711269175084,217.68486183594524,18168.699610309814,17951.01474847387,17003.64302143527,57.148143471740354,,
8-482,GPS_TRACKING,286.7007582560086,0.2,200,FogNode_1,255,1.0,1597.9384595498836,954.5607071101063,18173.067941366702,17218.507234256595,17016.434390889797,23.683657978457717,,
9-274,AUGMENTED_REALITY,207.47137642070666,30.0,150,FogNode_3,183,1.0,1899.4436001125757,511.32535198716386,18181.297113655986,17669.97176166882,15149.429229734338,9.850302699304063,,
2-241,AUGMENTED_REALITY,680.3335131227176,30.0,150,FogNode_3,124,1.0,1899.4436001125757,488.0695210151909,18187.598507330393,17699.528986315203,14934.028949357727,32.300798097326734,,
9-50,AUGMENTED_REALITY,855.2171115708086,30.0,150,FogNode_2,6,1.0,681.967788340379,67.27594595358268,18190.4077687211,18123.13182276752,14461.987278896626,104.97279000919194,,
0-196,BATCH_DATA_PROCESSING,236.6433027914281,200.0,30000,FogNode_6,141,1.0,816.2509881302752,383.7485655775706,18214.617074603208,17830.868509025637,1535.8692600823124,31.88656866768716,,
6-29,AUGMENTED_REALITY,583.9760012878139,30.0,150,FogNode_2,6,1.0,681.967788340379,71.76345564860343,18236.860888706058,18165.097433057454,14903.126143551308,71.67956455057174,,
5-274,AUGMENTED_REALITY,377.16008704426076,30.0,150,FogNode_3,188,1.0,1899.4436001125757,514.1095583609633,18241.189501045847,17727.079942684883,15120.529221843648,17.906764236953542,,
5-148,SENSOR_DATA_LOGGING,629.117330867298,0.1,10000,FogNode_0,73,1.0,1189.2931772946604,291.0874749247678,18246.762388307223,17955.674913382456,17403.794096733574,40.05853405223332,,
8-262,AUGMENTED_REALITY,818.9011061114252,30.0,150,FogNode_3,121,1.0,1899.4436001125757,487.3186776132499,18257.73104958229,17770.41237196904,14933.855754577824,38.879694708514904,,
4-470,SENSOR_DATA_LOGGING,551.2492770078419,0.1,10000,FogNode_1,255,1.0,1597.9384595498836,958.6703865663301,18268.70339086509,17310.03300429876,16947.460335992513,45.537372893404985,,
1-523,AUGMENTED_REALITY,819.6041306163238,30.0,150,FogNode_9,274,1.0,1349.236560939329,962.2774739312941,18282.36452614714,17320.087052215844,14301.655215955734,82.43548641197435,,
3-321,VOICE_ASSISTANT,761.7820569218628,2.0,150,FogNode_4,109,1.0,1758.3565909566523,611.452932814381,18286.462371404912,17675.009438590532,17076.635366110135,63.45918751972187,,
8-146,E_COMMERCE_TRANSACTION,742.6264460446251,0.5,300,FogNode_5,44,1.0,782.8923712617282,282.6834382254019,18298.55048357343,18015.867045348026,17020.220592262023,110.38382937991376,,
2-476,VIDEO_SURVEILLANCE,990.9398164862457,60.0,800,FogNode_6,187,1.0,816.2509881302752,965.8488077963492,18311.55349621718,17345.704688420832,11320.224773191254,133.5244654347283,,
3-280,AUGMENTED_REALITY,594.8470124815394,30.0,150,FogNode_3,170,1.0,1899.4436001125757,508.42316791570215,18325.687603043494,17817.264435127792,15092.61429555124,28.242079624700775,,
4-466,SENSOR_DATA_LOGGING,843.346727549952,0.1,10000,FogNode_1,255,1.0,1597.9384595498836,950.1031761174552,18328.760471203997,17378.65729508654,16835.195813266302,69.66683860218227,,
3-375,CLOUD_GAMING,63.52082443256243,50.0,150,FogNode_9,161,1.0,1349.236560939329,698.8915872094151,18329.4436124034,17630.552025193985,13568.969757277027,6.388901499862227,,
3-198,GPS_TRACKING,281.0876110596728,0.2,200,FogNode_8,27,1.0,770.9711269175084,362.11623537150416,18335.772625830792,17973.656390459288,17585.849060723413,26.718689518008006,,
5-509,AUGMENTED_REALITY,835.5341790295877,30.0,150,FogNode_9,284,1.0,1349.236560939329,986.4005333607244,18362.896980047524,17376.4964466868,14350.106167038713,84.03772490792508,,
3-59,AUGMENTED_REALITY,117.8116075123451,30.0,150,FogNode_2,10,1.0,681.967788340379,100.1304496386893,18363.16022056204,18263.02977092335,15677.069054775357,14.460670826994791,,
1-304,AUGMENTED_REALITY,235.20412793653733,30.0,150,FogNode_3,219,1.0,1899.4436001125757,535.9101440241711,18365.017409346256,17829.107265322084,15295.75253228088,11.166995159865824,,
5-364,CLOUD_GAMING,595.0548991940617,50.0,150,FogNode_9,143,1.0,1349.236560939329,674.0499478019027,18390.163536830187,17716.113589028286,13267.922471726648,59.85040609788485,,
5-334,VOICE_ASSISTANT,199.71534501609395,2.0,150,FogNode_4,119,1.0,1758.3565909566523,615.7472448474302,18400.04305580263,17784.295810955202,17504.04838663074,16.637007152876834,,
9-511,SMART_HOME_CONTROL,376.53755891301427,0.1,150,FogNode_1,255,1.0,1597.9384595498836,958.8605593631689,18408.707528525196,17449.846969162027,17195.19540925725,31.104859350863983,,
3-320,VOICE_ASSISTANT,579.6812020682003,2.0,150,FogNode_4,106,1.0,1758.3565909566523,609.3173631506205,18420.044978035436,17810.727614884814,17312.07978820335,48.28953080405373,,
4-204,BATCH_DATA_PROCESSING,282.6818835677494,200.0,30000,FogNode_6,149,1.0,816.2509881302752,398.22637563122794,18425.37760823247,18027.15123260124,1674.1638687764244,38.090050236658094,,
6-276,VOICE_ASSISTANT,487.3613192885887,2.0,150,FogNode_4,115,1.0,1758.3565909566523,613.8701643229649,18430.844250088845,17816.97408576588,17373.12682051984,40.59895224568919,,
9-367,CLOUD_GAMING,369.6348265403053,50.0,150,FogNode_9,156,1.0,1349.236560939329,692.053908302722,18434.12037600305,17742.06646770033,13455.697172569617,37.17773688834671,,
2-266,AUGMENTED_REALITY,472.0508841007994,30.0,150,FogNode_3,208,1.0,1899.4436001125757,522.6255013155743,18436.119118351864,17913.49361703629,15256.794882057635,22.411978838170448,,
0-260,AUGMENTED_REALITY,502.947931738736,30.0,150,FogNode_3,205,1.0,1899.4436001125757,520.4889966290326,18446.08409217376,17925.59509554473,15252.12126919871,23.878905394493803,,
2-468,SMART_HOME_CONTROL,587.3570402073948,0.1,150,FogNode_1,255,1.0,1597.9384595498836,955.0628821239746,18463.498372191152,17508.43549006718,17118.533142689048,48.5201481019091,,
1-399,CLOUD_GAMING,137.14650274397644,50.0,150,FogNode_9,167,1.0,1349.236560939329,707.0777891389324,18464.544464791412,17757.46667565248,13644.515165361816,13.794145540602893,,
7-184,BATCH_DATA_PROCESSING,498.77799905288197,200.0,30000,FogNode_6,134,1.0,816.2509881302752,376.4829423295169,18498.120937057927,18121.63799472841,1499.805721417597,67.20798234779971,,
9-283,AUGMENTED_REALITY,348.0666594018952,30.0,150,FogNode_3,221,1.0,1899.4436001125757,540.5424682012131,18508.934243997333,17968.39177579612,15376.662139152977,16.52546974813461,,
5-497,SENSOR_DATA_LOGGING,172.82827477171583,0.1,10000,FogNode_1,256,1.0,1597.9384595498836,963.5414330157565,18516.864556562683,17553.323123546925,17429.74852203379,14.276926833396143,,
7-268,AUGMENTED_REALITY,795.4630037623025,30.0,150,FogNode_3,208,1.0,1899.4436001125757,522.1741326092443,18520.414330345437,17998.24019773619,15173.349834444032,37.7669031185658,,
4-481,VIDEO_SURVEILLANCE,884.7401218124916,60.0,800,FogNode_6,187,1.0,816.2509881302752,997.8011133103062,18526.149518700095,17528.34840538979,11636.336322966796,119.21455758288128,,
1-58,AUGMENTED_REALITY,203.6320582531205,30.0,150,FogNode_2,10,1.0,681.967788340379,102.28404650145907,18535.45572226656,18433.1716757651,15720.875322955515,24.994618326663975,,
5-495,SMART_HOME_CONTROL,933.1028244417797,0.1,150,FogNode_1,255,1.0,1597.9384595498836,957.618065904996,18541.020708237273,17583.402642332276,16980.049011561732,77.08137323124375,,
1-293,AUGMENTED_REALITY,766.2804969539302,30.0,150,FogNode_3,195,1.0,1899.4436001125757,517.2744939307208,18554.745745354674,18037.471251423955,15222.718118089364,36.38137933911167,,
2-469,GPS_TRACKING,487.53593147183597,0.2,200,FogNode_1,255,1.0,1597.9384595498836,956.8187419150412,18573.806461986595,17616.987720071553,17290.6635891512,40.274167126119806,,
6-245,CLOUD_GAMING,120.67976554684036,50.0,150,FogNode_3,205,1.0,1899.4436001125757,520.4429852633892,18583.948601928805,18063.505616665418,13986.256577872886,5.729620349685893,,
8-396,CLOUD_GAMING,215.73538705991965,50.0,150,FogNode_9,181,1.0,1349.236560939329,780.8505477354176,18594.01478837335,17813.164240637932,13643.105743959586,21.698587042486814,,
8-337,CLOUD_GAMING,964.8486827796348,50.0,150,FogNode_9,110,1.0,1349.236560939329,662.8542702370111,18604.82270978968,17941.96843955267,13216.527594067215,97.04413082823451,,
2-338,CLOUD_GAMING,920.9210878392445,50.0,150,FogNode_9,144,1.0,1349.236560939329,674.926317045876,18628.981513536386,17954.05519649051,13265.767565301103,92.62590924960948,,
5-238,BATCH_DATA_PROCESSING,102.54275090043234,200.0,30000,FogNode_6,179,1.0,816.2509881302752,448.1752789123758,18651.77601397126,18203.600735058884,2064.0204220666164,13.817151930312791,,
5-288,AUGMENTED_REALITY,748.9761936318235,30.0,150,FogNode_3,225,1.0,1899.4436001125757,543.0480215365696,18652.04451779342,18108.99649625685,15309.655879189564,35.559807570205656,,
3-322,VOICE_ASSISTANT,893.5885574980166,2.0,150,FogNode_4,109,1.0,1758.3565909566523,611.4988634533275,18660.910089601162,18049.411226147833,17373.801277587496,74.43914348006345,,
9-207,BATCH_DATA_PROCESSING,783.3701539583299,200.0,30000,FogNode_6,131,1.0,816.2509881302752,373.27381260968764,18664.62891352976,18291.35510092007,1321.1331675551683,105.55543263535688,,
9-285,AUGMENTED_REALITY,580.5039739306509,30.0,150,FogNode_3,225,1.0,1899.4436001125757,543.1445811037728,18670.635314450807,18127.490733347033,15410.923427154417,27.56110245189045,,
7-275,CLOUD_GAMING,56.91604595483802,50.0,150,FogNode_3,216,1.0,1899.4436001125757,532.5545078048191,18682.009106345282,18149.454598540462,14105.414870500668,2.702253635054692,,
6-320,CLOUD_GAMING,946.3096196511797,50.0,150,FogNode_9,154,1.0,1349.236560939329,684.4213243070735,18684.135212564168,17999.713888257094,13288.969750274568,95.17947857780324,,
3-325,VOICE_ASSISTANT,527.6297389201188,2.0,150,FogNode_4,115,1.0,1758.3565909566523,613.6356067027538,18720.114794154506,18106.47918745175,17632.758516689846,43.95345655476382,,
6-121,E_COMMERCE_TRANSACTION,552.649781098555,0.5,300,FogNode_5,48,1.0,782.8923712617282,289.92242698983927,18722.833218862892,18432.91079187305,17678.71050771688,82.14574025547674,,
1-434,CLOUD_GAMING,189.25224666232205,50.0,150,FogNode_9,181,1.0,1349.236560939329,781.2835577559983,18734.28095973367,17952.99740197767,13798.423772824277,19.034922379461158,,
9-281,CLOUD_GAMING,300.68015958268836,50.0,150,FogNode_3,221,1.0,1899.4436001125757,538.8315455194789,18742.247674122824,18203.416128603345,14038.666175012633,14.275658833817474,,
7-411,CLOUD_GAMING,475.80091636046353,50.0,150,FogNode_9,181,1.0,1349.236560939329,778.1347473097904,18742.808084224613,17964.67333691482,13602.573294248137,47.8558837251628,,
8-244,BATCH_DATA_PROCESSING,65.17769660909872,200.0,30000,FogNode_6,179,1.0,816.2509881302752,456.3928723081383,18744.478981164466,18288.08610885633,2195.441165359178,8.78238713714821,,
6-39,AUGMENTED_REALITY,743.1553439126136,30.0,150,FogNode_2,7,1.0,681.967788340379,92.16430041765513,18752.593338010345,18660.42903759269,15163.947202927422,91.21787766554598,,
6-417,SENSOR_DATA_LOGGING,184.21914913259604,0.1,10000,FogNode_4,245,1.0,1758.3565909566523,852.1541933652211,18765.677888169466,17913.523694804244,17789.639983063647,15.346118254302915,,
2-472,SENSOR_DATA_LOGGING,706.5569937599338,0.1,10000,FogNode_1,255,1.0,1597.9384595498836,958.8254975871464,18770.92830910619,17812.102811519046,17350.657632048256,58.36696869687073,,
6-169,BATCH_DATA_PROCESSING,718.2446586256327,200.0,30000,FogNode_6,139,1.0,816.2509881302752,379.600786251667,18776.57022278145,18396.969436529784,1509.1695002794731,96.78007937394014,,
5-337,VOICE_ASSISTANT,699.3820256211297,2.0,150,FogNode_4,124,1.0,1758.3565909566523,616.8638747453975,18797.790605542028,18180.92673079663,17614.158347838387,58.26104029169402,,
4-152,SENSOR_DATA_LOGGING,796.3301612082313,0.1,10000,FogNode_0,84,1.0,1189.2931772946604,301.79913705512615,18805.8889982681,18504.089861212975,17821.39884790321,50.70567494238865,,
0-147,SMART_HOME_CONTROL,837.046481691292,0.1,150,FogNode_0,80,1.0,1189.2931772946604,297.1661723071221,18827.720517768987,18530.554345461864,17809.03278917633,53.29825351323137,,
4-256,CLOUD_GAMING,519.4164541191235,50.0,150,FogNode_3,213,1.0,1899.4436001125757,526.8236386341031,18828.202906224487,18301.379267590386,14017.021973219547,24.66079604975284,,
3-517,SENSOR_DATA_LOGGING,499.0969450224524,0.1,10000,FogNode_1,257,1.0,1597.9384595498836,965.9526394204831,18829.202583124134,17863.24994370365,17535.87898166781,41.229194564772826,,
0-334,CLOUD_GAMING,954.9008283490117,50.0,150,FogNode_9,156,1.0,1349.236560939329,688.3451199969785,18832.789518117508,18144.44439812053,13430.369451845614,96.04357923495832,,
0-142,E_COMMERCE_TRANSACTION,533.0954118783633,0.5,300,FogNode_5,48,1.0,782.8923712617282,288.1970008126039,18848.751183785625,18560.55418297302,17828.4101423522,79.2391831740127,,
5-464,AUGMENTED_REALITY,772.0913066166564,30.0,150,FogNode_3,297,1.0,1899.4436001125757,894.4311547897886,18852.56697303998,17958.13581825019,15137.895073975062,36.657264307406415,,
4-145,GPS_TRACKING,738.994626679719,0.2,200,FogNode_0,69,1.0,1189.2931772946604,289.0971861424168,18868.13535234015,18579.038166197734,17931.65106615858,47.05488144231596,,
7-284,AUGMENTED_REALITY,834.2353637702985,30.0,150,FogNode_3,231,1.0,1899.4436001125757,551.2167554693627,18875.318978627187,18324.102223157824,15478.357422325273,39.60773287076594,,
6-124,SENSOR_DATA_LOGGING,85.71928718461413,0.1,10000,FogNode_0,77,1.0,1189.2931772946604,295.78138056023283,18877.964823490274,18582.18344293004,18490.710358461114,5.458105851072689,,
0-388,CLOUD_GAMING,258.1230118536051,50.0,150,FogNode_9,187,1.0,1349.236560939329,802.4345700016246,18925.591378770863,18123.15680876924,13924.428915961642,25.961918981880686,,
8-487,SMART_HOME_CONTROL,641.9367171036416,0.1,150,FogNode_1,256,1.0,1597.9384595498836,965.4917998039238,18942.748768080368,17977.256968276444,17559.56590293652,53.02884353769576,,
2-109,HEALTH_MONITORING,174.66670617787426,1.0,100,FogNode_5,40,1.0,782.8923712617282,262.9054205524175,18945.93758491563,18683.032164363212,18374.04940973224,25.962420266314385,,
6-483,SMART_HOME_CONTROL,777.1130800631561,0.1,150,FogNode_1,257,1.0,1597.9384595498836,965.7932216296413,18949.820655392257,17984.027433762618,17484.347489233896,64.19543677093114,,
8-233,BATCH_DATA_PROCESSING,369.2538691258262,200.0,30000,FogNode_6,170,1.0,816.2509881302752,437.67866607234936,18950.498789575628,18512.82012350328,2048.5146349905917,49.75521688043446,,
3-464,SENSOR_DATA_LOGGING,918.9477744003639,0.1,10000,FogNode_4,245,1.0,1758.3565909566523,852.3790722534595,18953.46166405742,18101.082591803963,17561.862204829158,76.55165753331113,,
7-500,CLOUD_GAMING,298.0307650871723,50.0,150,FogNode_9,253,1.0,1349.236560939329,937.7491137956011,18963.69652863475,18025.94741483915,13797.969611472148,29.9758263385265,,
5-204,BATCH_DATA_PROCESSING,612.6701602988433,200.0,30000,FogNode_6,149,1.0,816.2509881302752,400.71812730347756,18965.20748026047,18564.489352956993,1800.0306571798938,82.55441378043348,,
4-144,E_COMMERCE_TRANSACTION,530.3444627028387,0.5,300,FogNode_5,48,1.0,782.8923712617282,287.5169267925046,18975.967306333016,18688.45037954051,17958.27639683219,78.8302827018557,,
6-250,CLOUD_GAMING,946.6247464605319,50.0,150,FogNode_3,213,1.0,1899.4436001125757,527.076142241025,19007.30373830842,18480.227596067394,13975.494295456072,44.94374335464989,,
3-294,CLOUD_GAMING,632.0091076751825,50.0,150,FogNode_3,230,1.0,1899.4436001125757,549.2719292251641,19014.74291725587,18465.470988030705,14123.275911281315,30.006457404965996,,
6-329,CLOUD_GAMING,934.2939710347888,50.0,150,FogNode_9,163,1.0,1349.236560939329,702.6657991791034,19021.90481459936,18319.239015420255,13613.606029016768,93.9709489947438,,
3-54,AUGMENTED_REALITY,966.4794595288471,30.0,150,FogNode_2,7,1.0,681.967788340379,90.66684193591182,19030.47858565076,18939.811743714847,15114.983385133892,118.62957836165677,,
6-375,CLOUD_GAMING,793.2630924866888,50.0,150,FogNode_9,181,1.0,1349.236560939329,785.5933492014273,19052.479238760498,18266.88588955907,13669.41761047568,79.78611434355889,,
5-412,CLOUD_GAMING,591.195986643123,50.0,150,FogNode_9,183,1.0,1349.236560939329,792.7099310136471,19067.152256724323,18274.442325710676,13822.609397022967,59.46227807207965,,
7-451,SMART_HOME_CONTROL,614.9967091075115,0.1,150,FogNode_4,245,1.0,1758.3565909566523,851.7557234903782,19069.87132947304,18218.11560598266,17846.119683876575,51.231439665253895,,
7-289,CLOUD_GAMING,375.9454735556087,50.0,150,FogNode_3,239,1.0,1899.4436001125757,559.7485189273178,19073.24297780954,18513.49445888222,14306.537594850854,17.84909695420694,,
4-268,CLOUD_GAMING,629.3412430036284,50.0,150,FogNode_3,227,1.0,1899.4436001125757,547.7238566721986,19073.57693442112,18525.85307774892,14180.662058435048,29.879792825837267,,
9-62,AUGMENTED_REALITY,696.8188102398211,30.0,150,FogNode_2,7,1.0,681.967788340379,89.57420404511426,19105.243738463607,19015.669534418492,15581.574619665636,85.53034504584213,,
6-487,CLOUD_GAMING,191.57315166022192,50.0,150,FogNode_9,278,1.0,1349.236560939329,973.1620502409057,19105.682861651734,18132.520811410828,13978.889103029593,19.268358162994833,,
0-277,CLOUD_GAMING,490.63245109074705,50.0,150,FogNode_3,237,1.0,1899.4436001125757,556.1798449703782,19110.870220928817,18554.69037595844,14289.153741534054,23.294192387991544,,
3-466,SMART_HOME_CONTROL,555.22494376899,0.1,150,FogNode_4,245,1.0,1758.3565909566523,855.6698750380561,19113.55416944286,18257.884294404805,17923.133403213444,46.252236452817094,,
0-52,AUGMENTED_REALITY,394.73942476174153,30.0,150,FogNode_2,12,1.0,681.967788340379,111.0230821319973,19114.279871310857,19003.25678917886,16015.036574640822,48.45190558424965,,
1-311,CLOUD_GAMING,845.1139955938365,50.0,150,FogNode_3,227,1.0,1899.4436001125757,544.6949086700721,19115.562447609038,18570.867538938965,14118.995008945822,40.124227330217735,,
5-183,SENSOR_DATA_LOGGING,730.5092438467143,0.1,10000,FogNode_8,28,1.0,770.9711269175084,366.97212871990257,19116.217900349326,18749.245771629423,17782.893590077285,69.43831356634064,,
8-222,BATCH_DATA_PROCESSING,569.9498775684923,200.0,30000,FogNode_6,161,1.0,816.2509881302752,422.414190807886,19123.630824285578,18701.216633477692,1996.0814342415106,76.79805721882413,,
3-230,BATCH_DATA_PROCESSING,666.8653121671739,200.0,30000,FogNode_6,157,1.0,816.2509881302752,412.6568118541021,19128.539107094923,18715.88229524082,1887.3280228701697,89.8569548247848,,
7-515,CLOUD_GAMING,151.38648837182637,50.0,150,FogNode_9,280,1.0,1349.236560939329,977.8118004224787,19134.106405302202,18156.294604879724,14032.377358415895,15.226398134118497,,
7-458,SMART_HOME_CONTROL,661.8341008834398,0.1,150,FogNode_4,245,1.0,1758.3565909566523,857.6766129478773,19142.07145036686,18284.394837418982,17891.60716453715,55.13316300021054,,
2-422,SENSOR_DATA_LOGGING,129.34446393307314,0.1,10000,FogNode_4,245,1.0,1758.3565909566523,855.6964282744044,19143.431189059145,18287.73476078474,18193.507953114335,10.7748594454079,,
0-206,BATCH_DATA_PROCESSING,946.7443771240745,200.0,30000,FogNode_6,143,1.0,816.2509881302752,390.4198826190584,19145.128572932837,18754.70869031378,1589.3619123513636,127.56933847614901,,
6-479,GPS_TRACKING,920.1459342915871,0.2,200,FogNode_1,255,1.0,1597.9384595498836,959.6231715127922,19149.639610498947,18190.016438986157,17591.89728431543,76.01103579423007,,
8-403,CLOUD_GAMING,748.0906576913965,50.0,150,FogNode_9,182,1.0,1349.236560939329,789.4916712887102,19159.27748766094,18369.78581637223,13802.44467196803,75.24268722348948,,
6-482,GPS_TRACKING,335.74054406873427,0.2,200,FogNode_1,256,1.0,1597.9384595498836,964.2220906817057,19159.929212491075,18195.70712180937,17963.669594368737,27.734716376734823,,
8-190,SENSOR_DATA_LOGGING,635.8741362357824,0.1,10000,FogNode_8,30,1.0,770.9711269175084,370.623974775807,19160.54298886388,18789.91901408807,17949.459088853757,60.44280484140086,,
6-261,CLOUD_GAMING,285.25746096138795,50.0,150,FogNode_3,242,1.0,1899.4436001125757,565.1933065460128,19164.92240189257,18599.729095346556,14435.146877542902,13.54342168148909,,
2-419,GPS_TRACKING,408.8431495475402,0.2,200,FogNode_4,245,1.0,1758.3565909566523,851.6596795207145,19185.976019592723,18334.316340072008,18077.89243786029,34.05810606530504,,
3-304,CLOUD_GAMING,358.51301393214476,50.0,150,FogNode_3,239,1.0,1899.4436001125757,559.9342867213429,19196.05007113499,18636.115784413647,14436.613678191032,17.021440594824064,,
9-474,SENSOR_DATA_LOGGING,116.25995867067768,0.1,10000,FogNode_4,245,1.0,1758.3565909566523,864.156500429781,19208.18998358624,18344.033483156458,18264.596014885916,9.684873056906877,,
5-503,SENSOR_DATA_LOGGING,497.4492481910837,0.1,10000,FogNode_1,257,1.0,1597.9384595498836,970.3936425232549,19254.055655537853,18283.6620130146,17957.302435630285,41.09308230457615,,
5-491,CLOUD_GAMING,577.3451560812234,50.0,150,FogNode_9,267,1.0,1349.236560939329,952.2149567385438,19260.69458146628,18308.479624727737,13869.755612562429,58.06916655405762,,
7-508,SENSOR_DATA_LOGGING,794.4234075398074,0.1,10000,FogNode_1,255,1.0,1597.9384595498836,960.9879035398911,19268.083504784743,18307.09560124485,17788.200485649097,65.62540116288447,,
1-530,SENSOR_DATA_LOGGING,223.9099183149466,0.1,10000,FogNode_1,257,1.0,1597.9384595498836,972.3180082285025,19289.763854318713,18317.44584609021,18162.74237827717,18.496658172840604,,
6-218,BATCH_DATA_PROCESSING,522.1612431926144,200.0,30000,FogNode_6,179,1.0,816.2509881302752,451.87484260911424,19291.48273504818,18839.607892439064,2187.5646314539263,70.35876418332893,,
1-155,HEALTH_MONITORING,348.99148237454983,1.0,100,FogNode_5,41,1.0,782.8923712617282,266.4305548836828,19294.523163671067,19028.092608787385,18495.70977656783,51.87401613645282,,
5-438,GPS_TRACKING,192.6866373347475,0.2,200,FogNode_4,245,1.0,1758.3565909566523,856.0189737011351,19295.559387565834,18439.5404138647,18307.27362447504,16.05149050186227,,
8-193,SENSOR_DATA_LOGGING,127.70108731219061,0.1,10000,FogNode_8,30,1.0,770.9711269175084,371.7343829780255,19326.1796552106,18954.445272232573,18773.013363416347,12.138584443987142,,
9-290,CLOUD_GAMING,954.1629074824557,50.0,150,FogNode_3,232,1.0,1899.4436001125757,553.4835920321625,19330.541015882445,18777.05742385028,14266.523747463765,45.30163931670046,,
3-515,GPS_TRACKING,806.5658611861843,0.2,200,FogNode_1,256,1.0,1597.9384595498836,963.3836114228342,19333.956603134004,18370.57299171117,17844.55682458088,66.62845996513316,,
0-119,HEALTH_MONITORING,559.2206488200067,1.0,100,FogNode_0,28,1.0,1189.2931772946604,228.2005264713883,19338.347962230077,19110.14743575869,18551.54306790282,35.607919706464884,,
5-440,SENSOR_DATA_LOGGING,353.75388337319043,0.1,10000,FogNode_4,245,1.0,1758.3565909566523,861.1571949265194,19344.615570653055,18483.458375726535,18265.369440030205,29.468971888782278,,
6-331,VIDEO_SURVEILLANCE,301.8552504894293,60.0,800,FogNode_9,167,1.0,1349.236560939329,706.7521665876632,19357.829404832602,18651.07723824494,13617.687266825078,30.360491694194575,,
8-153,SENSOR_DATA_LOGGING,636.4347797296134,0.1,10000,FogNode_0,77,1.0,1189.2931772946604,294.78519108419874,19362.857515004052,19068.072323919852,18512.251965867792,40.524466653426224,,
4-432,CLOUD_GAMING,380.36935863625274,50.0,150,FogNode_3,298,1.0,1899.4436001125757,874.0981208049785,19365.175443685286,18491.07732288031,14278.907494314166,18.059133673021176,,
2-48,AUGMENTED_REALITY,683.6556611470543,30.0,150,FogNode_2,12,1.0,681.967788340379,107.84583682016532,19365.635224272675,19257.78938745251,15843.867707777457,83.91464715243029,,
9-313,CLOUD_GAMING,588.7232672759766,50.0,150,FogNode_3,260,1.0,1899.4436001125757,590.3895466640588,19383.18809396939,18792.798547305334,14470.775144810099,27.95133713786303,,
6-384,CLOUD_GAMING,963.6905888998702,50.0,150,FogNode_9,185,1.0,1349.236560939329,799.3340139858051,19398.384008363886,18599.04999437808,13875.01425148419,96.92765016553052,,
2-363,VIDEO_SURVEILLANCE,192.16606088088568,60.0,800,FogNode_9,167,1.0,1349.236560939329,711.3870583673424,19403.120355006762,18691.73329663942,13739.065909784946,19.327992757523788,,
7-363,VIDEO_SURVEILLANCE,443.115055141991,60.0,800,FogNode_9,156,1.0,1349.236560939329,689.2854471462394,19434.10196025183,18744.816513105594,13602.814665018177,44.568351649997574,,
6-114,HEALTH_MONITORING,113.10743650676187,1.0,100,FogNode_5,42,1.0,782.8923712617282,275.14376854129017,19438.996964487997,19163.853195946707,18925.962644849827,16.81226414634254,,
5-515,CLOUD_GAMING,508.44012468909517,50.0,150,FogNode_9,285,1.0,1349.236560939329,993.5325555165894,19443.987675663106,18450.455120146515,14063.325301688012,51.13872346957602,,
8-485,CLOUD_GAMING,719.2409280285507,50.0,150,FogNode_9,275,1.0,1349.236560939329,963.0179091667759,19458.663894629623,18495.64598546285,13953.238467238305,72.3409918698774,,
0-413,CLOUD_GAMING,705.6627880657811,50.0,150,FogNode_3,298,1.0,1899.4436001125757,849.8307242756426,19482.380482156874,18632.549757881232,14253.960314488992,33.50337856720871,,
8-147,AUGMENTED_REALITY,83.10923140445996,30.0,150,FogNode_2,62,1.0,681.967788340379,283.4680262440619,19487.502023299523,19204.03399705546,16673.033426540856,10.201161527301114,,
5-139,HEALTH_MONITORING,405.2475967292986,1.0,100,FogNode_5,42,1.0,782.8923712617282,276.57358625123493,19493.59605276746,19217.022466516228,18608.806853552283,60.23591243247883,,
4-426,SENSOR_DATA_LOGGING,506.25096922785394,0.1,10000,FogNode_4,245,1.0,1758.3565909566523,858.4340863049175,19496.101418520164,18637.667332215246,18327.61311117211,42.17252808248616,,
3-412,VIDEO_SURVEILLANCE,190.1882230432734,60.0,800,FogNode_9,181,1.0,1349.236560939329,780.7138823235684,19498.78928432984,18718.07540200627,13771.31241760364,19.129062544635563,,
4-418,CLOUD_GAMING,811.4098577359869,50.0,150,FogNode_3,298,1.0,1899.4436001125757,844.6951690190554,19500.759851401595,18656.06468238254,14222.916013903172,38.52402605982332,,
1-398,VIDEO_SURVEILLANCE,466.396149366864,60.0,800,FogNode_9,166,1.0,1349.236560939329,705.2772490470954,19504.95159913192,18799.674350084824,13640.96697217498,46.909955669473696,,
3-149,HEALTH_MONITORING,66.49623201005363,1.0,100,FogNode_5,44,1.0,782.8923712617282,282.11308149125375,19523.933584706796,19241.820503215542,19070.40480847936,9.88398510139221,,
2-424,CLOUD_GAMING,778.4013950103679,50.0,150,FogNode_3,298,1.0,1899.4436001125757,862.2299361635265,19525.367400472198,18663.13746430867,14240.027115404475,36.956853975194534,,
6-125,SENSOR_DATA_LOGGING,210.80990446482144,0.1,10000,FogNode_0,78,1.0,1189.2931772946604,295.9600420582766,19540.113980011578,19244.153937953302,19045.459972761226,13.423149104651484,,
9-169,SENSOR_DATA_LOGGING,799.5472383460371,0.1,10000,FogNode_0,83,1.0,1189.2931772946604,301.4661727942321,19550.25257693119,19248.786404136958,18561.02498236195,50.910519711004056,,
4-188,SENSOR_DATA_LOGGING,172.81626245582976,0.1,10000,FogNode_8,31,1.0,770.9711269175084,371.88669972677405,19550.333655823804,19178.446956097032,18938.607272844805,16.426992434183283,,
2-120,AUGMENTED_REALITY,305.9139823305384,30.0,150,FogNode_2,59,1.0,681.967788340379,281.1935738039626,19562.855284344667,19281.661710540706,16426.13634210954,37.54911331121145,,
9-451,VIDEO_SURVEILLANCE,168.3893873639663,60.0,800,FogNode_9,198,1.0,1349.236560939329,835.546773293503,19568.791132846873,18733.24435955337,13800.542438901473,16.936543552464205,,
5-152,SENSOR_DATA_LOGGING,274.2705389130888,0.1,10000,FogNode_0,81,1.0,1189.2931772946604,297.33058099001073,19568.96438562282,19271.63380463281,19021.359831654427,17.463953357361653,,
1-371,VIDEO_SURVEILLANCE,90.43690703462693,60.0,800,FogNode_3,280,1.0,1899.4436001125757,652.355570088758,19572.97971548343,18920.62414539467,14067.48159677412,4.293753311172359,,
3-417,VIDEO_SURVEILLANCE,232.86428792928643,60.0,800,FogNode_9,182,1.0,1349.236560939329,790.9057969599738,19575.710021393483,18784.80422443351,13800.914032742907,23.421405683977707,,
5-57,AUGMENTED_REALITY,973.7205892571974,30.0,150,FogNode_2,10,1.0,681.967788340379,97.57178289497647,19576.15394183032,19478.58215893534,15644.702665403604,119.51838376571057,,
9-470,GPS_TRACKING,515.703674942735,0.2,200,FogNode_4,245,1.0,1758.3565909566523,858.5893525406973,19588.846697770736,18730.25734523004,18413.703128210982,42.959972495332075,,
7-511,GPS_TRACKING,699.3804536244586,0.2,200,FogNode_1,256,1.0,1597.9384595498836,964.729901718132,19597.605926162178,18632.876024444045,18171.88864736614,57.77413202956935,,
6-419,SENSOR_DATA_LOGGING,889.5992243163172,0.1,10000,FogNode_4,245,1.0,1758.3565909566523,856.0278783762523,19619.480685652135,18763.452807275884,18236.393140834414,74.106817665671,,
9-423,VIDEO_SURVEILLANCE,295.82419127561377,60.0,800,FogNode_9,183,1.0,1349.236560939329,793.7801502526138,19653.35498069301,18859.574830440397,13825.577118492361,29.7538899442785,,
7-465,SMART_HOME_CONTROL,116.62127858591343,0.1,150,FogNode_4,245,1.0,1758.3565909566523,864.5750796249898,19655.1707182713,18790.59563864631,18704.46500610154,9.71497230648517,,
2-481,SENSOR_DATA_LOGGING,658.6472231321916,0.1,10000,FogNode_1,257,1.0,1597.9384595498836,972.7067613419284,19666.241255800407,18693.53449445848,18265.26306480249,54.409258126881234,,
4-151,SENSOR_DATA_LOGGING,164.23882598775424,0.1,10000,FogNode_0,84,1.0,1189.2931772946604,301.7972948946004,19688.350422881467,19386.553127986866,19232.25316723477,10.457773583282579,,
0-258,VIDEO_SURVEILLANCE,948.6728557452261,60.0,800,FogNode_3,192,1.0,1899.4436001125757,516.4657708593276,19695.49783346339,19179.032062604063,13867.298212178648,45.04098325715376,,
5-506,CLOUD_GAMING,882.4706524450285,50.0,150,FogNode_9,282,1.0,1349.236560939329,979.8780412488998,19706.53107666108,18726.65303541218,14061.156802108608,88.75857839307649,,
1-476,SENSOR_DATA_LOGGING,162.1317251320332,0.1,10000,FogNode_4,245,1.0,1758.3565909566523,866.8680758471517,19711.687082219185,18844.819006372032,18735.043239277224,13.506156327209256,,
1-370,VIDEO_SURVEILLANCE,312.0938624416158,60.0,800,FogNode_3,280,1.0,1899.4436001125757,652.2212939313404,19737.287759388033,19085.066465456694,14106.133374584253,14.817557335769699,,
2-268,VIDEO_SURVEILLANCE,805.8088264153449,60.0,800,FogNode_3,213,1.0,1899.4436001125757,526.6469255845575,19754.7751581163,19228.12823253174,13991.676205616024,38.25810092408445,,
2-478,SMART_HOME_CONTROL,788.8429499787849,0.1,150,FogNode_1,257,1.0,1597.9384595498836,968.3815339496649,19761.746414807567,18793.364880857902,18278.016778272242,65.16441302653452,,
8-319,VIDEO_SURVEILLANCE,496.40072591525336,60.0,800,FogNode_3,271,1.0,1899.4436001125757,637.3833950451,19762.099922718182,19124.71652767308,14055.383606255951,23.56805789201628,,
5-289,VIDEO_SURVEILLANCE,724.1344327816665,60.0,800,FogNode_3,227,1.0,1899.4436001125757,545.4994584778631,19764.423121289365,19218.923662811503,14029.575090722763,34.38037323965217,,
8-138,HEALTH_MONITORING,651.1299266875953,1.0,100,FogNode_5,42,1.0,782.8923712617282,275.6421710394757,19777.635466500833,19501.993295461358,18579.04373137202,96.78380714079807,,
5-502,GPS_TRACKING,298.9428932683724,0.2,200,FogNode_1,257,1.0,1597.9384595498836,970.138491390504,19784.68628052863,18814.547789138123,18605.993696300717,24.69495121787087,,
0-466,GPS_TRACKING,806.6388929282713,0.2,200,FogNode_1,256,1.0,1597.9384595498836,965.6991010862288,19794.56357805494,18828.86447696871,18298.602476395517,66.63449294115904,,
8-404,VIDEO_SURVEILLANCE,535.2359778166681,60.0,800,FogNode_9,182,1.0,1349.236560939329,791.0312933041128,19795.079438440316,19004.048145136203,13801.824561125452,53.833840665647536,,
8-426,VIDEO_SURVEILLANCE,240.24668946506952,60.0,800,FogNode_3,299,1.0,1899.4436001125757,825.769785359626,19821.98049894018,18996.210713580553,14056.020367073357,11.406405329561647,,
2-428,SENSOR_DATA_LOGGING,893.5777459062846,0.1,10000,FogNode_4,245,1.0,1758.3565909566523,866.0966387527749,19852.804723241337,18986.708084488564,18462.49681044797,74.43824283555381,,
9-167,SENSOR_DATA_LOGGING,352.355076024591,0.1,10000,FogNode_0,81,1.0,1189.2931772946604,297.9903169629558,19865.237064850757,19567.246747887802,19250.747844779748,22.43592271087129,,
5-507,SENSOR_DATA_LOGGING,114.86035944172362,0.1,10000,FogNode_1,269,1.0,1597.9384595498836,981.7736308768091,19866.443917848548,18884.670286971737,18798.583040617883,9.48833719466972,,
4-427,SENSOR_DATA_LOGGING,659.8180468251619,0.1,10000,FogNode_4,245,1.0,1758.3565909566523,861.5897462715628,19871.348424854743,19009.75867858318,18611.77943355999,54.965218439989336,,
4-267,VIDEO_SURVEILLANCE,965.4873069246108,60.0,800,FogNode_3,227,1.0,1899.4436001125757,544.8302184849482,19873.47550948739,19328.64529100244,14012.873051376126,45.83929788106484,,
8-139,AUGMENTED_REALITY,528.2617106813669,30.0,150,FogNode_2,53,1.0,681.967788340379,275.65974389264187,19879.857612774198,19604.197868881558,16421.403974205292,64.84096830499438,,
7-446,VIDEO_SURVEILLANCE,594.7536828847781,60.0,800,FogNode_9,198,1.0,1349.236560939329,842.1047827971112,19899.47145951707,19057.366676719957,13804.740065790513,59.82010987066557,,
1-522,GPS_TRACKING,987.2560412079262,0.2,200,FogNode_1,255,1.0,1597.9384595498836,960.8699972040077,19951.78768123824,18990.91768403423,18342.539379715712,81.55483982451118,,
3-299,VIDEO_SURVEILLANCE,895.6561848790782,60.0,800,FogNode_3,232,1.0,1899.4436001125757,553.2099436363894,19953.916559788235,19400.706616151845,14118.37854381621,42.52386371444651,,
0-423,SMART_HOME_CONTROL,589.1923025930691,0.1,150,FogNode_4,246,1.0,1758.3565909566523,868.993497761273,19990.251955844684,19121.258458083412,18769.950436895706,49.08183971477475,,
1-533,SENSOR_DATA_LOGGING,101.50568889645692,0.1,10000,FogNode_1,267,1.0,1597.9384595498836,980.3682632832308,20015.3105836941,19034.942320410868,18954.564680336054,8.385140078857939,,
5-505,SENSOR_DATA_LOGGING,409.0234285828942,0.1,10000,FogNode_1,267,1.0,1597.9384595498836,979.4664419033966,20040.655730502385,19061.189288598987,18789.059550249134,33.788438672643,,
6-486,SMART_HOME_CONTROL,610.185732678269,0.1,150,FogNode_1,257,1.0,1597.9384595498836,971.5640336605577,20048.099348664728,19076.53531500417,18673.893861528337,50.405971313066395,,
4-431,SMART_HOME_CONTROL,591.7898366805563,0.1,150,FogNode_4,246,1.0,1758.3565909566523,872.9111970201155,20048.245570823925,19175.33437380381,18825.05799398153,49.298223654576084,,
7-450,VIDEO_SURVEILLANCE,746.964853515022,60.0,800,FogNode_9,198,1.0,1349.236560939329,851.5042790521513,20052.409661319172,19200.90538226702,13834.903171653663,75.12945424744984,,
4-433,SENSOR_DATA_LOGGING,323.8136561127515,0.1,10000,FogNode_4,248,1.0,1758.3565909566523,874.454914470926,20055.505414272106,19181.05049980118,18983.284016061647,26.974843182495135,,
0-144,AUGMENTED_REALITY,344.5348363751642,30.0,150,FogNode_2,70,1.0,681.967788340379,295.6995255145615,20068.06219039754,19772.362664882978,16854.60805966532,42.28959236237984,,
2-479,SENSOR_DATA_LOGGING,499.1563461630329,0.1,10000,FogNode_1,257,1.0,1597.9384595498836,971.4023253475816,20074.121614978692,19102.71928963111,18767.964603521188,41.234101549691864,,
5-151,SMART_HOME_CONTROL,699.2506467835296,0.1,150,FogNode_0,77,1.0,1189.2931772946604,294.7787905839475,20128.068792275906,19833.29000169196,19222.7014698638,44.524215867028225,,
6-159,SMART_HOME_CONTROL,473.8746368937302,0.1,150,FogNode_8,32,1.0,770.9711269175084,372.49713626712247,20164.98006779564,19792.482931528517,19161.875459859435,45.04399623267088,,
2-490,SMART_HOME_CONTROL,248.7376312394738,0.1,150,FogNode_1,268,1.0,1597.9384595498836,981.1789540392297,20170.972167375825,19189.793213336594,19017.91674859689,20.547615641068763,,
0-141,AUGMENTED_REALITY,481.5311650251382,30.0,150,FogNode_2,60,1.0,681.967788340379,282.2472157468735,20193.592799517828,19911.345583770955,16790.927187802357,59.10507306878206,,
9-479,SENSOR_DATA_LOGGING,261.4743966429869,0.1,10000,FogNode_4,249,1.0,1758.3565909566523,874.9797268516115,20204.209265349735,19329.229538498123,19166.431548000895,21.781758466746624,,
5-144,HEALTH_MONITORING,538.7330945101721,1.0,100,FogNode_5,43,1.0,782.8923712617282,280.65637829624075,20212.065330890422,19931.40895259418,19151.250322883116,80.07716706354725,,
7-83,AUGMENTED_REALITY,996.8185926104871,30.0,150,FogNode_2,17,1.0,681.967788340379,175.65044249765262,20214.273214469496,20038.622771971844,16166.492708784768,122.3535256528777,,
9-160,HEALTH_MONITORING,358.37319383191567,1.0,100,FogNode_5,48,1.0,782.8923712617282,287.1964596844999,20235.390845128873,19948.194385444374,19402.71222982762,53.26851163592931,,
8-491,GPS_TRACKING,592.7353335242216,0.2,200,FogNode_1,257,1.0,1597.9384595498836,973.6471704089652,20237.38144049331,19263.734270084347,18869.54412836943,48.9644359377641,,
1-165,HEALTH_MONITORING,593.6562140935117,1.0,100,FogNode_5,43,1.0,782.8923712617282,278.2229744945126,20251.881911571734,19973.65893707722,19124.75183655583,88.24092731392709,,
5-442,GPS_TRACKING,711.6142176210159,0.2,200,FogNode_4,245,1.0,1758.3565909566523,863.1783216351496,20257.50887783711,19394.33055620196,18965.022753295594,59.28002591736575,,
5-121,HEALTH_MONITORING,503.56039682417014,1.0,100,FogNode_0,28,1.0,1189.2931772946604,227.66260864010192,20288.648555337604,20060.985946697503,19546.858049823713,32.0637984582753,,
2-133,AUGMENTED_REALITY,296.33874853752695,30.0,150,FogNode_2,71,1.0,681.967788340379,301.78680008839547,20314.392430406406,20012.60563031801,17169.013557883576,36.373810580894784,,
7-139,SMART_HOME_CONTROL,264.8092762971005,0.1,150,FogNode_0,81,1.0,1189.2931772946604,299.4200483552639,20350.729849576743,20051.30980122148,19809.5949777568,16.861515160090573,,
3-155,HEALTH_MONITORING,96.25525684910247,1.0,100,FogNode_5,48,1.0,782.8923712617282,288.5956422115142,20358.339107728465,20069.74346551695,19853.85554864222,14.307359919030725,,
1-535,SENSOR_DATA_LOGGING,227.9613190883428,0.1,10000,FogNode_1,273,1.0,1597.9384595498836,985.8156220602237,20380.04107655499,19394.225454494765,19236.78525418268,18.83133461679021,,
9-201,GPS_TRACKING,978.7552790287639,0.2,200,FogNode_8,27,1.0,770.9711269175084,363.931598584501,20385.727541964592,20021.79594338009,18728.78890338204,93.03525799623078,,
3-471,SMART_HOME_CONTROL,613.4194456581663,0.1,150,FogNode_4,247,1.0,1758.3565909566523,871.5087059448603,20397.105096140363,19525.596390195504,19159.218020995286,51.100047942266286,,
7-130,AUGMENTED_REALITY,936.12019769745,30.0,150,FogNode_2,53,1.0,681.967788340379,274.178852540297,20403.15367925829,20128.974826717993,16348.322940129478,114.90316038668449,,
2-430,SMART_HOME_CONTROL,756.7817072552253,0.1,150,FogNode_4,245,1.0,1758.3565909566523,868.0799590571922,20420.64344250183,19552.56348344464,19101.28677924974,63.04264039278964,,
2-493,SENSOR_DATA_LOGGING,629.9078013995467,0.1,10000,FogNode_1,271,1.0,1597.9384595498836,983.7224873006911,20442.29963693927,19458.57714963858,19050.070724876332,52.03516383095047,,
9-163,HEALTH_MONITORING,152.09429734955262,1.0,100,FogNode_5,53,1.0,782.8923712617282,293.0956407064514,20446.15420612026,20153.05856541381,19865.67435005998,22.607262450335675,,
4-148,GPS_TRACKING,916.5757672931434,0.2,200,FogNode_0,74,1.0,1189.2931772946604,291.95462038360006,20459.039925513713,20167.085305130113,19370.010778125707,58.36221605109309,,
9-473,GPS_TRACKING,132.0526716591612,0.2,200,FogNode_4,245,1.0,1758.3565909566523,863.1900846421112,20495.74349464047,19632.553409998356,19529.48926513201,11.000462897695316,,
3-524,SENSOR_DATA_LOGGING,815.8537919314734,0.1,10000,FogNode_1,271,1.0,1597.9384595498836,983.075607184131,20584.688080824497,19601.612473640365,19074.75367903248,67.39571351701463,,
7-513,GPS_TRACKING,974.6765601580389,0.2,200,FogNode_1,257,1.0,1597.9384595498836,969.8995356736015,20650.614489760606,19680.714954087005,19043.03917556219,80.51567924278021,,
4-122,VOICE_ASSISTANT,230.22013382726243,2.0,150,FogNode_5,38,1.0,782.8923712617282,253.65013543333333,20652.402688213013,20398.75255277968,19938.643624008433,34.21986936711164,,
3-136,VOICE_ASSISTANT,166.74108283101037,2.0,150,FogNode_5,37,1.0,782.8923712617282,252.78308859514,20659.13505630058,20406.35196770544,20022.411547348922,24.784357378964543,,
3-525,SENSOR_DATA_LOGGING,789.2943689822162,0.1,10000,FogNode_1,271,1.0,1597.9384595498836,983.1972733864411,20664.91757826765,19681.720304881208,19171.046762094014,65.20170366136672,,
8-441,SMART_HOME_CONTROL,720.4968855246678,0.1,150,FogNode_4,249,1.0,1758.3565909566523,875.3105354728916,20667.264719871786,19791.954184398895,19366.836962003457,60.0199841285777,,
4-436,SMART_HOME_CONTROL,814.5373916359889,0.1,150,FogNode_4,250,1.0,1758.3565909566523,875.7993366138,20667.447152263692,19791.647815649892,19314.630704947864,67.8538968041817,,
2-483,GPS_TRACKING,377.226558550812,0.2,200,FogNode_1,257,1.0,1597.9384595498836,973.1981531633056,20678.3704044312,19705.172251267893,19440.739680021146,31.16177594874166,,
4-190,SMART_HOME_CONTROL,415.4683552802778,0.1,150,FogNode_8,32,1.0,770.9711269175084,374.22472583612813,20703.869710707953,20329.644984871826,19776.457200533565,39.49220653106114,,
7-140,AUGMENTED_REALITY,769.8276987137418,30.0,150,FogNode_2,71,1.0,681.967788340379,300.0728105204901,20704.98687481558,20404.914064295088,16867.12845465054,94.49174983403763,,
0-427,SMART_HOME_CONTROL,642.9610879525695,0.1,150,FogNode_4,246,1.0,1758.3565909566523,873.4401708406001,20762.765333238665,19889.325162398065,19506.432947337176,53.56097308610093,,
8-121,HEALTH_MONITORING,538.7875215280018,1.0,100,FogNode_0,29,1.0,1189.2931772946604,233.7885613987879,20803.761559347084,20569.972997948295,20031.81969604097,34.306856955114526,,
7-141,SMART_HOME_CONTROL,651.137428587294,0.1,150,FogNode_0,85,1.0,1189.2931772946604,303.19389534289564,20836.14806262349,20532.954167280597,19970.159897422465,41.46064585407149,,
0-181,GPS_TRACKING,361.81009642809727,0.2,200,FogNode_8,27,1.0,770.9711269175084,359.4456232638187,20855.018912024952,20495.573288761134,19997.186249870498,34.39173855617072,,
2-121,HEALTH_MONITORING,509.4301098470907,1.0,100,FogNode_5,44,1.0,782.8923712617282,282.02894668158973,20862.767941552065,20580.738994870477,19835.659455162924,75.72157795599553,,
7-468,SMART_HOME_CONTROL,366.0279972513641,0.1,150,FogNode_4,246,1.0,1758.3565909566523,869.8803898157289,20875.42954783323,20005.549158017504,19775.78632763235,30.491449757821055,,
5-511,SMART_HOME_CONTROL,385.8953076324349,0.1,150,FogNode_1,276,1.0,1597.9384595498836,988.162410088638,20892.110215285065,19903.94780519643,19648.613960822204,31.877880397153675,,
7-143,SMART_HOME_CONTROL,92.16665797288431,0.1,150,FogNode_0,88,1.0,1189.2931772946604,305.75048068802494,20913.645066501493,20607.89458581347,20516.43719555597,5.868636938991126,,
6-491,GPS_TRACKING,561.9894686091044,0.2,200,FogNode_1,267,1.0,1597.9384595498836,980.6820982887787,20936.38464664056,19955.70254835178,19582.844590890047,46.42459421104192,,
8-114,HEALTH_MONITORING,569.854583802073,1.0,100,FogNode_0,29,1.0,1189.2931772946604,229.0572649897973,20938.19392612637,20709.13666113657,20140.001322326647,36.28502686229714,,
6-427,SENSOR_DATA_LOGGING,783.2630623871586,0.1,10000,FogNode_4,247,1.0,1758.3565909566523,872.4018182264568,20941.195268424883,20068.793450198427,19604.45296356694,65.24863259990994,,
7-514,GPS_TRACKING,993.4003972471168,0.2,200,FogNode_1,261,1.0,1597.9384595498836,977.3137547163379,21001.717331551034,20024.403576834695,19379.434679343907,82.06241025374638,,
5-171,AUGMENTED_REALITY,228.42608619043742,30.0,150,FogNode_2,81,1.0,681.967788340379,335.79389579455113,21039.938305214262,20704.14440941971,17961.02161317597,28.037937096754455,,
9-166,GPS_TRACKING,289.9464929820425,0.2,200,FogNode_0,79,1.0,1189.2931772946604,296.67426096003635,21047.558882427333,20750.884621467296,20484.234340494488,18.462106975235653,,
2-467,E_COMMERCE_TRANSACTION,83.75722775657023,0.5,300,FogNode_1,255,1.0,1597.9384595498836,954.3854112633808,21054.133134710413,20099.74772344703,19997.042591187714,6.918982521975319,,
7-152,AUGMENTED_REALITY,575.7456048704772,30.0,150,FogNode_2,77,1.0,681.967788340379,327.76851742885043,21058.514855664307,20730.746338235458,17474.418119899306,70.66933257190774,,
9-204,SENSOR_DATA_LOGGING,282.1216689898911,0.1,10000,FogNode_8,29,1.0,770.9711269175084,368.129916502617,21069.799975979844,20701.670059477226,20314.369420284074,26.816981551146636,,
9-174,AUGMENTED_REALITY,694.8043837809112,30.0,150,FogNode_2,73,1.0,681.967788340379,304.575979678,21086.885066873525,20782.309087195525,17350.29146958162,85.28308623541943,,
3-526,SMART_HOME_CONTROL,698.5691000656741,0.1,150,FogNode_1,273,1.0,1597.9384595498836,985.7873661588626,21102.08654174729,20116.299175588425,19662.304514375373,57.70710806945586,,
8-503,SMART_HOME_CONTROL,697.3732561338143,0.1,150,FogNode_1,277,1.0,1597.9384595498836,988.8371741579381,21114.791001210786,20125.953827052846,19674.944876627036,57.608322287199606,,
3-161,SENSOR_DATA_LOGGING,215.25118118493202,0.1,10000,FogNode_0,85,1.0,1189.2931772946604,302.47916344879405,21119.184774551628,20816.705611102832,20616.21925458655,13.705943785387227,,
4-437,SENSOR_DATA_LOGGING,824.100640911142,0.1,10000,FogNode_4,251,1.0,1758.3565909566523,876.4409680447515,21136.12378199258,20259.68281394783,19775.43413102874,68.65054989352066,,
5-159,SENSOR_DATA_LOGGING,106.55845600384728,0.1,10000,FogNode_0,91,1.0,1189.2931772946604,307.9490531604719,21137.15702192582,20829.20796876535,20725.416835865173,6.785022966222987,,
4-169,AUGMENTED_REALITY,561.195394989053,30.0,150,FogNode_2,80,1.0,681.967788340379,334.0531521034204,21137.298445300108,20803.245293196687,17572.009432950494,68.88338125520991,,
2-429,GPS_TRACKING,678.1436435361834,0.2,200,FogNode_4,245,1.0,1758.3565909566523,867.0144400410214,21148.434342030127,20281.419901989106,19870.633532479827,56.49180661245766,,
8-492,GPS_TRACKING,443.17248130135096,0.2,200,FogNode_1,257,1.0,1597.9384595498836,973.9109784969039,21169.450358550774,20195.53938005387,19888.028942851455,36.609409533661996,,
9-520,SENSOR_DATA_LOGGING,446.6485794891441,0.1,10000,FogNode_1,275,1.0,1597.9384595498836,987.860463683586,21215.9001541495,20228.039690465917,19932.301929203757,36.896561618923364,,
3-137,VOICE_ASSISTANT,476.97421885743717,2.0,150,FogNode_5,39,1.0,782.8923712617282,258.14335514763707,21261.64890948955,21003.505554341915,20224.318865701323,70.89734155496691,,
5-446,GPS_TRACKING,629.1473664321501,0.2,200,FogNode_4,246,1.0,1758.3565909566523,871.1583047936555,21298.999464495177,20427.841159701522,20044.895414171177,52.410240358355104,,
8-501,GPS_TRACKING,146.85100503652427,0.2,200,FogNode_1,274,1.0,1597.9384595498836,986.611113579569,21307.80044239833,20321.18932881876,20208.259502404046,12.131007250326736,,
2-491,SENSOR_DATA_LOGGING,416.3415792710782,0.1,10000,FogNode_1,270,1.0,1597.9384595498836,982.3516698379902,21314.68232969528,20332.33065985729,20049.309931125885,34.39297344607042,,
6-130,SENSOR_DATA_LOGGING,215.90725465744703,0.1,10000,FogNode_0,85,1.0,1189.2931772946604,303.1853096713105,21318.699520259648,21015.51421058834,20813.546538499788,13.747718729821324,,
9-481,SMART_HOME_CONTROL,801.5696404060636,0.1,150,FogNode_4,251,1.0,1758.3565909566523,877.0129646236089,21331.2925078998,20454.279543276192,19980.96525926021,66.7736364468636,,
2-140,AUGMENTED_REALITY,786.1082036466136,30.0,150,FogNode_2,75,1.0,681.967788340379,314.4390282126352,21346.29856815782,21031.859539945184,17465.249836401228,96.49008452874804,,
9-202,AUGMENTED_REALITY,183.03679798841623,30.0,150,FogNode_2,86,1.0,681.967788340379,365.5011526766994,21405.69352365689,21040.19237098019,18364.813766183088,22.46667319822689,,
9-518,SENSOR_DATA_LOGGING,555.4763373902983,0.1,10000,FogNode_1,271,1.0,1597.9384595498836,984.1790794699475,21449.707148830472,20465.528069360524,20096.439649331805,45.886560153883,,
8-496,GPS_TRACKING,255.81652551143466,0.2,200,FogNode_1,267,1.0,1597.9384595498836,980.2553193254558,21474.77393020879,20494.518610883333,20306.477577409765,21.13238601915433,,
5-453,SENSOR_DATA_LOGGING,575.4465465995615,0.1,10000,FogNode_4,258,1.0,1758.3565909566523,882.6292433137585,21475.698191444473,20593.068948130716,20251.735775403682,47.93676876007542,,
0-135,VOICE_ASSISTANT,641.4416004133361,2.0,150,FogNode_5,41,1.0,782.8923712617282,265.0040738566064,21478.457895504613,21213.453821648007,20222.309191119362,95.34373648329485,,
4-189,AUGMENTED_REALITY,71.16326342731406,30.0,150,FogNode_2,86,1.0,681.967788340379,372.01378748676126,21510.04341326164,21138.029625774878,18618.83659481982,8.734865342443214,,
8-155,SMART_HOME_CONTROL,714.3124539793579,0.1,150,FogNode_0,89,1.0,1189.2931772946604,306.6446924781049,21514.26438192062,21207.619689442516,20593.701870879508,45.48326418256339,,
7-516,GPS_TRACKING,135.95017211974505,0.2,200,FogNode_1,267,1.0,1597.9384595498836,979.4050695751954,21534.78562685774,20555.380557282548,20441.428423789574,11.230515741159607,,
9-172,SENSOR_DATA_LOGGING,298.560013645943,0.1,10000,FogNode_0,85,1.0,1189.2931772946604,303.07249887727136,21569.739397849033,21266.666898971762,20994.757012754635,19.010565893620235,,
6-495,SENSOR_DATA_LOGGING,752.3088157648991,0.1,10000,FogNode_1,277,1.0,1597.9384595498836,990.0027294641045,21585.590618848637,20595.587889384533,20108.33281348776,62.14641633714973,,
3-459,E_COMMERCE_TRANSACTION,816.830682600109,0.5,300,FogNode_4,245,1.0,1758.3565909566523,848.7805719378181,21600.665892962064,20751.885321024245,20239.800754694454,68.04493619662608,,
5-193,AUGMENTED_REALITY,62.28695851802719,30.0,150,FogNode_2,86,1.0,681.967788340379,380.0022172353208,21601.377578280793,21221.375361045473,18721.037486867514,7.645351956083682,,
4-131,VOICE_ASSISTANT,579.386499693349,2.0,150,FogNode_5,42,1.0,782.8923712617282,269.7406341064404,21602.826883191254,21333.086249084812,20423.25245373909,86.11988014675818,,
9-175,SENSOR_DATA_LOGGING,620.9749346638997,0.1,10000,FogNode_0,87,1.0,1189.2931772946604,305.1140920366929,21641.322584234906,21336.208492198213,20796.76338883765,39.54007360045885,,
8-171,AUGMENTED_REALITY,846.0055231059699,30.0,150,FogNode_2,83,1.0,681.967788340379,338.0695551309243,21643.689577830257,21305.62002269933,17659.807727349707,103.84212256990915,,
1-160,VOICE_ASSISTANT,305.48413897869466,2.0,150,FogNode_5,42,1.0,782.8923712617282,273.5294543467458,21651.848316448097,21378.31886210135,20819.470532426098,45.407094313562595,,
6-431,SENSOR_DATA_LOGGING,628.8864109289807,0.1,10000,FogNode_4,255,1.0,1758.3565909566523,880.1148628264519,21688.94829522041,20808.833432393956,20434.346782864435,52.388501825582566,,
4-471,E_COMMERCE_TRANSACTION,258.19414829845323,0.5,300,FogNode_1,255,1.0,1597.9384595498836,958.7438376235406,21696.36515875735,20737.62132113381,20525.74199071629,21.328795701612346,,
4-438,SENSOR_DATA_LOGGING,724.463027552239,0.1,10000,FogNode_4,256,1.0,1758.3565909566523,880.9536902422043,21711.010902492566,20830.05721225036,20402.207731769628,60.35037803635034,,
1-532,GPS_TRACKING,905.8172072021498,0.2,200,FogNode_1,267,1.0,1597.9384595498836,980.3672882044656,21736.316498976048,20755.94921077158,20162.115925106522,74.82737421720044,,
7-162,AUGMENTED_REALITY,489.34897699574776,30.0,150,FogNode_2,83,1.0,681.967788340379,343.2428598835412,21757.49269027784,21414.2498303943,18284.50465368822,60.0646627720503,,
7-185,SENSOR_DATA_LOGGING,573.1524249108951,0.1,10000,FogNode_8,37,1.0,770.9711269175084,376.60076157415006,21813.216175238136,21436.615413663985,20680.04932242186,54.48081340175672,,
3-475,SENSOR_DATA_LOGGING,376.5260748862089,0.1,10000,FogNode_4,253,1.0,1758.3565909566523,877.8300016759415,21814.801112645437,20936.971110969494,20703.14074806287,31.365977414613248,,
7-475,SENSOR_DATA_LOGGING,605.9820929715298,0.1,10000,FogNode_4,257,1.0,1758.3565909566523,881.8626802392486,21820.327998667955,20938.465318428705,20578.243343759477,50.48048969131633,,
5-194,AUGMENTED_REALITY,150.35471290665262,30.0,150,FogNode_2,86,1.0,681.967788340379,383.2564762848651,21864.161446849983,21480.90497056512,18853.219550100686,18.455142549536795,,
7-190,AUGMENTED_REALITY,76.56793319072855,30.0,150,FogNode_2,86,1.0,681.967788340379,380.41150501416536,21869.76768991831,21489.356184904143,18966.48138340207,9.398256259752946,,
8-502,SENSOR_DATA_LOGGING,516.1825337570699,0.1,10000,FogNode_1,275,1.0,1597.9384595498836,987.6870181928076,21908.620914960586,20920.93389676778,20576.28961478916,42.64059383142541,,
1-537,SENSOR_DATA_LOGGING,964.8882389138917,0.1,10000,FogNode_1,278,1.0,1597.9384595498836,990.6321483204686,21911.633608279877,20921.001459959407,20299.620351583857,79.70708963897229,,
1-207,AUGMENTED_REALITY,410.03430879066514,30.0,150,FogNode_2,86,1.0,681.967788340379,362.5484553399087,21947.550292654247,21585.00183731434,18570.000175288445,50.32926120267755,,
0-429,GPS_TRACKING,272.3613012643683,0.2,200,FogNode_4,253,1.0,1758.3565909566523,877.8088737315933,21969.696486351284,21091.887612619692,20915.35408070734,22.688676811173355,,
9-519,GPS_TRACKING,834.6280021967456,0.2,200,FogNode_1,272,1.0,1597.9384595498836,985.3831672127127,21997.08941564485,21011.706248432136,20466.12473525602,68.9466057345417,,
0-173,AUGMENTED_REALITY,644.6293531920347,30.0,150,FogNode_2,84,1.0,681.967788340379,345.4200183539433,22003.763831075285,21658.34381272134,18300.025202976434,79.12440105659181,,
1-215,SENSOR_DATA_LOGGING,886.8372255391483,0.1,10000,FogNode_8,33,1.0,770.9711269175084,375.0709519539036,22005.304823619197,21630.233871665292,20465.36528193652,84.29801794843901,,
1-482,GPS_TRACKING,410.8990100145569,0.2,200,FogNode_4,253,1.0,1758.3565909566523,877.7570111966106,22054.011548482504,21176.254537285895,20920.858770263538,34.22936664266487,,
1-526,E_COMMERCE_TRANSACTION,594.153872154094,0.5,300,FogNode_1,256,1.0,1597.9384595498836,964.4826403003785,22068.19041185343,21103.70777155305,20686.03776435146,49.08161799177572,,
5-156,SENSOR_DATA_LOGGING,678.4614548531813,0.1,10000,FogNode_0,85,1.0,1189.2931772946604,302.1802011665983,22084.73890225421,21782.55870108761,21189.27572802087,43.200480989605275,,
2-432,GPS_TRACKING,829.4255131301668,0.2,200,FogNode_4,249,1.0,1758.3565909566523,874.6696077108362,22160.653248240724,21285.98364052989,20790.583310638463,69.09413091724687,,
0-154,SENSOR_DATA_LOGGING,713.9979342897554,0.1,10000,FogNode_0,90,1.0,1189.2931772946604,307.86316408876735,22170.09425392743,21862.23108983866,21244.42215751925,45.4632373972916,,
4-472,E_COMMERCE_TRANSACTION,708.721941734651,0.5,300,FogNode_1,255,1.0,1597.9384595498836,960.243762405308,22179.839175020963,21219.595412615654,20725.85575729776,58.54580982615916,,
6-157,AUGMENTED_REALITY,773.9117263618151,30.0,150,FogNode_2,86,1.0,681.967788340379,365.9349755798545,22221.706593041483,21855.77161746163,18315.411219435326,94.99303982331942,,
8-445,SENSOR_DATA_LOGGING,923.4702826466134,0.1,10000,FogNode_4,258,1.0,1758.3565909566523,883.2906819926209,22236.20032504547,21352.909643052848,20812.2132057005,76.92839874984476,,
9-173,SENSOR_DATA_LOGGING,221.35948042496668,0.1,10000,FogNode_0,86,1.0,1189.2931772946604,303.64545632500597,22270.865825918652,21967.220369593648,21759.118964961785,14.09488476841631,,
2-475,E_COMMERCE_TRANSACTION,584.7251966421919,0.5,300,FogNode_1,256,1.0,1597.9384595498836,965.232620056669,22274.54564325513,21309.31302319846,20897.81274225981,48.302737854268905,,
2-119,VOICE_ASSISTANT,527.1247630291653,2.0,150,FogNode_5,43,1.0,782.8923712617282,280.35451187647453,22276.131135958003,21995.77662408153,21157.135636917297,78.35170726015646,,
2-114,VOICE_ASSISTANT,642.2342724861136,2.0,150,FogNode_5,42,1.0,782.8923712617282,275.27650497268064,22298.793226465972,22023.51672149329,21034.281287793863,95.46155908347524,,
1-225,AUGMENTED_REALITY,220.8989978409527,30.0,150,FogNode_2,86,1.0,681.967788340379,384.66735391356036,22327.67795373279,21943.01059981923,19204.833804097612,27.11403198073097,,
0-411,E_COMMERCE_TRANSACTION,638.7217893814893,0.5,300,FogNode_4,245,1.0,1758.3565909566523,847.6426778236248,22332.945779848676,21485.303102025053,21069.004316634884,53.20782425497551,,
4-435,GPS_TRACKING,180.46199567005428,0.2,200,FogNode_4,249,1.0,1758.3565909566523,874.8398891323366,22338.831382134904,21463.991493002566,21334.567207900927,15.033133846290971,,
1-484,SENSOR_DATA_LOGGING,543.7620128676822,0.1,10000,FogNode_4,255,1.0,1758.3565909566523,879.3532536601252,22363.25599620391,21483.90274254378,21153.265209496545,45.2973330457573,,
6-496,SENSOR_DATA_LOGGING,777.7342551103815,0.1,10000,FogNode_1,282,1.0,1597.9384595498836,993.0418569191552,22398.344626756432,21405.302769837275,20900.251229422593,64.2467505430074,,
8-142,VOICE_ASSISTANT,588.6757528739271,2.0,150,FogNode_5,43,1.0,782.8923712617282,278.4296219202626,22403.772558506047,22125.342936585785,21204.25635476787,87.50063266858547,,
0-470,GPS_TRACKING,400.1462757028879,0.2,200,FogNode_1,274,1.0,1597.9384595498836,986.4379323967054,22430.25324654635,21443.815314149644,21167.34187915763,33.05511848921742,,
1-136,HEALTH_MONITORING,976.1210899400243,1.0,100,FogNode_0,29,1.0,1189.2931772946604,233.34351607633818,22462.079911843943,22228.736395767606,21315.951865171988,62.15371601122443,,
3-472,GPS_TRACKING,247.00542098828663,0.2,200,FogNode_4,247,1.0,1758.3565909566523,872.2562738569408,22473.420938447707,21601.164664590768,21431.07475608269,20.57644071090442,,
6-158,SENSOR_DATA_LOGGING,536.6513624661079,0.1,10000,FogNode_8,28,1.0,770.9711269175084,366.76764798725173,22509.288108063614,22142.52046007636,21423.453132941406,51.01121703333958,,
5-455,SENSOR_DATA_LOGGING,677.3710729210053,0.1,10000,FogNode_4,258,1.0,1758.3565909566523,884.0323506132572,22545.882886190597,21661.850535577338,21259.251568759893,56.42744869919975,,
0-469,GPS_TRACKING,881.809949998777,0.2,200,FogNode_1,271,1.0,1597.9384595498836,984.1831934581329,22548.931662590436,21564.748469132304,20985.218707125896,72.84419261676034,,
1-211,SMART_HOME_CONTROL,60.74238171849859,0.1,150,FogNode_8,30,1.0,770.9711269175084,370.62744477348883,22588.07495182177,22217.44750704828,22119.202766390597,5.773846921258823,,
9-212,AUGMENTED_REALITY,684.3295508992406,30.0,150,FogNode_2,86,1.0,681.967788340379,380.18508180167197,22604.840736804174,22224.6556550025,18811.547888454308,83.99736309261496,,
8-499,GPS_TRACKING,877.6936566219625,0.2,200,FogNode_1,271,1.0,1597.9384595498836,983.6924786010001,22617.456656355233,21633.764177754234,21056.244235216396,72.50415555139475,,
3-511,E_COMMERCE_TRANSACTION,151.07054810810735,0.5,300,FogNode_1,256,1.0,1597.9384595498836,961.5620770784885,22643.472567595414,21681.910490516926,21535.25937926287,12.479573523888899,,
0-480,SENSOR_DATA_LOGGING,608.8761724768474,0.1,10000,FogNode_1,289,1.0,1597.9384595498836,997.9925086354773,22655.58420505829,21657.591696422813,21261.65722373583,50.29779170412034,,
6-168,AUGMENTED_REALITY,544.4260299984139,30.0,150,FogNode_2,86,1.0,681.967788340379,378.67949263856093,22662.477788628115,22283.798295989556,19071.960644871953,66.82504190964116,,
6-433,GPS_TRACKING,598.1094680832017,0.2,200,FogNode_4,256,1.0,1758.3565909566523,881.3050345043715,22678.98392636815,21797.67889186378,21434.56543355688,49.824671699121104,,
0-153,SENSOR_DATA_LOGGING,297.4740366654445,0.1,10000,FogNode_0,89,1.0,1189.2931772946604,306.5579550661876,22712.206661365977,22405.64870629979,22135.908029758604,18.941417193181053,,
4-439,SENSOR_DATA_LOGGING,512.8243566084828,0.1,10000,FogNode_4,258,1.0,1758.3565909566523,883.6825383860128,22765.07074329729,21881.388204911276,21568.31333318668,42.72011491343969,,
2-482,E_COMMERCE_TRANSACTION,183.83038213462763,0.5,300,FogNode_1,257,1.0,1597.9384595498836,973.0177024577623,22770.626421506608,21797.608719048847,21633.164250419937,15.185784380235273,,
5-198,AUGMENTED_REALITY,384.52340161424854,30.0,150,FogNode_2,86,1.0,681.967788340379,390.3485784153804,22785.550528471358,22395.201950055976,19420.277342201232,47.1979497897718,,
6-128,GPS_TRACKING,748.0737502327945,0.2,200,FogNode_0,81,1.0,1189.2931772946604,299.22969152428794,22799.10126793761,22499.871576413323,21844.400717012435,47.63298724574998,,
0-201,AUGMENTED_REALITY,638.5092735012573,30.0,150,FogNode_2,86,1.0,681.967788340379,387.3139242525283,22806.042517583,22418.72859333047,19077.118531870005,78.37319784570248,,
1-141,HEALTH_MONITORING,640.0245210162692,1.0,100,FogNode_0,31,1.0,1189.2931772946604,237.4600791924576,22809.02120529463,22571.561126102173,21944.80051834221,40.75304050843665,,
2-426,E_COMMERCE_TRANSACTION,230.52355598232214,0.5,300,FogNode_4,245,1.0,1758.3565909566523,863.7936811441695,22810.085636435335,21946.291955291166,21769.90593173467,19.203442026327206,,
3-528,SMART_HOME_CONTROL,660.1783966017127,0.1,150,FogNode_1,281,1.0,1597.9384595498836,991.9381219738641,22843.397064855642,21851.458942881778,21417.051252251596,54.53574467326646,,
9-471,E_COMMERCE_TRANSACTION,170.05044197721833,0.5,300,FogNode_4,245,1.0,1758.3565909566523,859.778656043305,22861.78061594303,22002.001959899724,21855.682095893895,14.165813945327356,,
0-202,AUGMENTED_REALITY,626.0718692831312,30.0,150,FogNode_2,86,1.0,681.967788340379,387.72564061773613,22865.587595862842,22477.861955245105,19148.795781106193,76.84658079889108,,
1-483,GPS_TRACKING,906.4873698331882,0.2,200,FogNode_4,255,1.0,1758.3565909566523,879.2285455589587,22878.78701789502,21999.558472336063,21458.572941633454,75.51366097929002,,
2-437,GPS_TRACKING,614.1505839706779,0.2,200,FogNode_4,258,1.0,1758.3565909566523,883.9490656846003,22895.15821926541,22011.20915358081,21638.16370772816,51.160954395568695,,
2-480,E_COMMERCE_TRANSACTION,227.81669461259406,0.5,300,FogNode_1,257,1.0,1597.9384595498836,971.5127321786172,22913.195550656154,21941.682818477537,21747.28330705469,18.819387537752874,,
8-188,GPS_TRACKING,703.9509595650526,0.2,200,FogNode_8,27,1.0,770.9711269175084,363.0899717886502,22918.375281107772,22555.285309319122,21615.314684987963,66.91382467414941,,
0-149,GPS_TRACKING,138.58030649227788,0.2,200,FogNode_0,81,1.0,1189.2931772946604,299.12347519953863,22925.544455522562,22626.420980323022,22481.124356361805,8.823988235925428,,
6-116,VOICE_ASSISTANT,498.06480713602457,2.0,150,FogNode_5,43,1.0,782.8923712617282,280.5040681902138,22934.978767951492,22654.47469976128,21843.76269639541,74.03224189478824,,
0-473,SENSOR_DATA_LOGGING,892.4067444583417,0.1,10000,FogNode_1,278,1.0,1597.9384595498836,990.5015785823499,22956.818414733047,21966.316836150698,21385.31146658407,73.71956824246497,,
1-471,E_COMMERCE_TRANSACTION,369.8769127412124,0.5,300,FogNode_4,245,1.0,1758.3565909566523,860.1529767288906,23020.439392120337,22160.286415391445,21899.66356081827,30.812078273022347,,
0-146,GPS_TRACKING,374.20415659818,0.2,200,FogNode_0,79,1.0,1189.2931772946604,296.4396666894293,23026.85082459022,22730.41115790079,22385.268173732056,23.827145135089836,,
3-522,E_COMMERCE_TRANSACTION,124.71806277881677,0.5,300,FogNode_1,259,1.0,1597.9384595498836,976.7527554463335,23034.867767656157,22058.115012209822,21925.83167683064,10.30265828579269,,
4-429,E_COMMERCE_TRANSACTION,90.5413000562798,0.5,300,FogNode_4,245,1.0,1758.3565909566523,868.3593880455712,23071.931393527753,22203.572005482183,22104.013815904807,7.5424162151671785,,
1-167,VOICE_ASSISTANT,656.7829436734239,2.0,150,FogNode_5,43,1.0,782.8923712617282,279.60498685326496,23115.049699712734,22835.44471285947,21826.17611483719,97.62407032529549,,
2-458,HEALTH_MONITORING,322.75281985369617,1.0,100,FogNode_1,256,1.0,1597.9384595498836,942.7324384376445,23115.176307752776,22172.44386931513,21884.65020964722,26.661831812010973,,
3-523,E_COMMERCE_TRANSACTION,179.32383172006743,0.5,300,FogNode_1,270,1.0,1597.9384595498836,982.509433874433,23147.08975633686,22164.580322462425,22002.643155820624,14.81350912247047,,
9-513,E_COMMERCE_TRANSACTION,817.6244093351929,0.5,300,FogNode_1,256,1.0,1597.9384595498836,965.7133115650109,23155.14709701722,22189.43378545221,21626.339460290725,67.54197994914925,,
8-440,E_COMMERCE_TRANSACTION,167.74004541299087,0.5,300,FogNode_4,245,1.0,1758.3565909566523,866.2157972626172,23167.327313943264,22301.11151668065,22152.839404103714,13.973349594819203,,
8-149,VOICE_ASSISTANT,602.5467902342792,2.0,150,FogNode_5,48,1.0,782.8923712617282,288.69959719221913,23173.414481652137,22884.714884459918,21940.612737363972,89.56242056943746,,
4-440,GPS_TRACKING,523.3463269678418,0.2,200,FogNode_4,258,1.0,1758.3565909566523,883.6966173918466,23176.420802566143,22292.724185174295,21965.114191506127,43.59663292019029,,
9-512,E_COMMERCE_TRANSACTION,914.448001995984,0.5,300,FogNode_1,256,1.0,1597.9384595498836,962.1824603317682,23189.724002779556,22227.541542447787,21602.03646222423,75.54034335346239,,
8-494,E_COMMERCE_TRANSACTION,658.3161409101308,0.5,300,FogNode_1,258,1.0,1597.9384595498836,975.1792698862985,23255.37547176849,22280.19620188219,21816.283295644786,54.38190822324745,,
5-488,HEALTH_MONITORING,205.92207436002468,1.0,100,FogNode_1,255,1.0,1597.9384595498836,945.8851899070116,23275.95709357964,22330.07190367263,22109.984293719353,17.0107257791152,,
4-149,GPS_TRACKING,488.134879571082,0.2,200,FogNode_0,81,1.0,1189.2931772946604,299.0310082179902,23335.985622503325,23036.954614285336,22597.60732821944,31.08159120084007,,
6-160,SENSOR_DATA_LOGGING,341.6306151439765,0.1,10000,FogNode_8,32,1.0,770.9711269175084,373.71783925212475,23361.49254350109,22987.774704248965,22528.164977316454,32.47358466446322,,
5-125,HEALTH_MONITORING,668.9464145665003,1.0,100,FogNode_0,31,1.0,1189.2931772946604,236.92156784704946,23361.5752040012,23124.65363615415,22471.991496354625,42.5946185429184,,
2-427,E_COMMERCE_TRANSACTION,903.7341861362593,0.5,300,FogNode_4,245,1.0,1758.3565909566523,865.5760282188267,23375.74586666875,22510.16983844992,21951.141777223915,75.28431086673207,,
6-156,GPS_TRACKING,608.5081728715685,0.2,200,FogNode_8,27,1.0,770.9711269175084,365.5667771700256,23377.349869683483,23011.78309251346,22197.928551765825,57.84154228225382,,
1-478,E_COMMERCE_TRANSACTION,887.3240448300668,0.5,300,FogNode_4,245,1.0,1758.3565909566523,868.3206861663441,23399.790811649476,22531.47012548313,21978.93962455706,73.91728702452885,,
4-459,SENSOR_DATA_LOGGING,190.20349235205404,0.1,10000,FogNode_5,120,1.0,782.8923712617282,925.8668215471815,23416.364214379148,22490.497392831967,22233.262081108314,28.271804699493874,,
5-203,AUGMENTED_REALITY,743.5840901149691,30.0,150,FogNode_2,86,1.0,681.967788340379,400.4398696062888,23418.02870464514,23017.588835038852,19519.221994569103,91.27050369986894,,
5-510,E_COMMERCE_TRANSACTION,522.3454840035674,0.5,300,FogNode_1,274,1.0,1597.9384595498836,986.4499079925719,23442.06341712913,22455.613509136558,22081.31328304149,43.149700283268004,,
6-122,VOICE_ASSISTANT,398.3307418428366,2.0,150,FogNode_5,50,1.0,782.8923712617282,290.8117001073392,23443.772513381504,23152.960813274163,22469.99616954258,59.207792664189604,,
8-464,SENSOR_DATA_LOGGING,267.2539587993941,0.1,10000,FogNode_5,120,1.0,782.8923712617282,923.9475680424068,23456.417132337836,22532.46956429543,22175.977703819175,39.72456885469725,,
4-428,E_COMMERCE_TRANSACTION,557.8789959746184,0.5,300,FogNode_4,245,1.0,1758.3565909566523,866.4572685925583,23484.60027145588,22618.143002863322,22247.992302765484,46.47332855530722,,
8-208,AUGMENTED_REALITY,638.506749127008,30.0,150,FogNode_2,86,1.0,681.967788340379,399.182668109631,23541.111862865513,23141.92919475588,19795.260529385356,78.37288799384802,,
1-500,GPS_TRACKING,91.24736575308006,0.2,200,FogNode_5,120,1.0,782.8923712617282,924.9817377012231,23572.96874160441,22647.98700390319,22505.80625239508,13.562988102970584,,
5-210,AUGMENTED_REALITY,625.91485827779,30.0,150,FogNode_2,87,1.0,681.967788340379,406.3057046612312,23580.28485954711,23173.97915488588,19850.038478970426,76.82730863622056,,
8-442,E_COMMERCE_TRANSACTION,732.8946799959418,0.5,300,FogNode_4,250,1.0,1758.3565909566523,875.674514264205,23593.22742971178,22717.552915447573,22253.414894776586,61.05276503623335,,
8-504,E_COMMERCE_TRANSACTION,666.7033071637209,0.5,300,FogNode_1,277,1.0,1597.9384595498836,989.2927584673952,23606.95115140925,22617.658392941852,22151.12458402104,55.074751793549815,,
5-494,HEALTH_MONITORING,589.4769884662618,1.0,100,FogNode_1,255,1.0,1597.9384595498836,955.0019885291699,23624.273901456643,22669.271912927474,22213.437921788893,48.69527191323226,,
7-142,GPS_TRACKING,758.9918874619216,0.2,200,FogNode_0,87,1.0,1189.2931772946604,304.94634376259324,23665.038196679947,23360.091852917354,22698.73659442689,48.32819074837325,,
4-458,GPS_TRACKING,93.81967569909577,0.2,200,FogNode_5,120,1.0,782.8923712617282,922.7901625818427,23692.806000393757,22770.015837811916,22620.278200521596,13.945335679878974,,
9-507,SENSOR_DATA_LOGGING,218.22228728882035,0.1,10000,FogNode_5,120,1.0,782.8923712617282,927.1650705908182,23695.10276810541,22767.937697514593,22473.57226236521,32.43651213242167,,
6-426,E_COMMERCE_TRANSACTION,524.5564299952932,0.5,300,FogNode_4,246,1.0,1758.3565909566523,869.9159401778089,23698.112797470283,22828.196857292474,22475.46508183212,43.69743885837097,,
1-481,E_COMMERCE_TRANSACTION,381.4483306959,0.5,300,FogNode_4,253,1.0,1758.3565909566523,877.6615135322792,23701.53484130236,22823.87332777008,22557.51983518604,31.77601904214828,,
4-480,E_COMMERCE_TRANSACTION,975.9969712584352,0.5,300,FogNode_1,281,1.0,1597.9384595498836,991.9536837082752,23765.932177897845,22773.97849418957,22116.754586736835,80.62475521831294,,
5-161,SENSOR_DATA_LOGGING,128.77663440366547,0.1,10000,FogNode_0,106,1.0,1189.2931772946604,314.3476355667741,23773.31817075379,23458.970535187018,23336.153953329438,8.199747394146032,,
8-443,E_COMMERCE_TRANSACTION,332.63694263253757,0.5,300,FogNode_4,254,1.0,1758.3565909566523,878.1829521116864,23782.40233561159,22904.219383499905,22665.78631196213,27.709854710676574,,
3-470,E_COMMERCE_TRANSACTION,736.8388774253443,0.5,300,FogNode_4,246,1.0,1758.3565909566523,871.079965756573,23794.795609601984,22923.71564384541,22452.26821541702,61.38133087998481,,
7-509,HEALTH_MONITORING,874.2676917417921,1.0,100,FogNode_1,256,1.0,1597.9384595498836,962.8229567710829,23823.079347579373,22860.25639080829,22224.62913040501,72.22114485773028,,
8-465,GPS_TRACKING,313.64345367699354,0.2,200,FogNode_5,120,1.0,782.8923712617282,925.1546590660107,23844.39393363052,22919.23927456451,22496.49021939778,46.61989303129089,,
5-457,AUGMENTED_REALITY,186.5701710234131,30.0,150,FogNode_2,97,1.0,681.967788340379,885.0916140152286,23853.861081493673,22968.769467478443,20289.82515785648,22.900373624245738,,
6-481,HEALTH_MONITORING,401.4872440347455,1.0,100,FogNode_1,256,1.0,1597.9384595498836,963.6699762726412,23858.204409402573,22894.53443312993,22553.68454451215,33.165892648047155,,
6-469,SENSOR_DATA_LOGGING,130.74013417002607,0.1,10000,FogNode_5,120,1.0,782.8923712617282,937.177985326446,23859.802306615675,22922.62432128923,22739.633318414013,19.433184395999792,,
9-225,AUGMENTED_REALITY,337.7453048151366,30.0,150,FogNode_2,89,1.0,681.967788340379,408.30566118582306,23913.279815606063,23504.97415442024,20598.617312753388,41.45621793491722,,
0-150,GPS_TRACKING,694.2591071839228,0.2,200,FogNode_0,83,1.0,1189.2931772946604,300.9113942746797,23919.743370751057,23618.831976476376,23007.521749733296,44.20638364525765,,
5-184,SENSOR_DATA_LOGGING,441.3707407723993,0.1,10000,FogNode_8,29,1.0,770.9711269175084,368.03341110936896,23933.979275315658,23565.94586420629,22971.020762672968,41.95434918164145,,
1-240,AUGMENTED_REALITY,288.2196626228209,30.0,150,FogNode_2,96,1.0,681.967788340379,417.723192921293,23963.741300135895,23546.0181072146,20709.275510653744,35.37724130128156,,
2-485,HEALTH_MONITORING,317.3762687553984,1.0,100,FogNode_1,257,1.0,1597.9384595498836,973.3586758490326,23964.548255293466,22991.189579444435,22706.20982684069,26.217687896625577,,
6-429,E_COMMERCE_TRANSACTION,470.76086440835365,0.5,300,FogNode_4,250,1.0,1758.3565909566523,876.1664824343806,23969.2625973386,23093.09611490422,22772.030877371733,39.21607459769863,,
5-484,SENSOR_DATA_LOGGING,101.05872355646494,0.1,10000,FogNode_5,120,1.0,782.8923712617282,938.1784166762582,23973.4777352693,23035.299318593043,22888.565823456356,15.021346139534558,,
0-187,SMART_HOME_CONTROL,463.9407078948252,0.1,150,FogNode_8,30,1.0,770.9711269175084,371.4268786279042,23979.111325718484,23607.68444709058,22986.4987466728,44.099729910811064,,
8-489,HEALTH_MONITORING,53.436769395711195,1.0,100,FogNode_1,257,1.0,1597.9384595498836,970.6988117542909,23997.989323737846,23027.290511983556,22902.42753501036,4.414282604413784,,
0-414,HEALTH_MONITORING,101.9589387603412,1.0,100,FogNode_4,245,1.0,1758.3565909566523,853.3563446822455,24027.24795667056,23173.891611988314,23023.347495304206,8.493546619158545,,
8-438,HEALTH_MONITORING,443.690689246546,1.0,100,FogNode_4,245,1.0,1758.3565909566523,855.39541847415,24047.12820898966,23191.73279051551,22851.88431098301,36.961031562521086,,
5-462,AUGMENTED_REALITY,137.53250744880302,30.0,150,FogNode_2,96,1.0,681.967788340379,888.6517333948958,24055.531174715376,23166.87944132048,20559.093539628375,16.88129344996798,,
3-514,HEALTH_MONITORING,984.9317576449192,1.0,100,FogNode_1,256,1.0,1597.9384595498836,963.2343092018885,24058.439943871195,23095.205634669306,22389.127989049557,81.36283636666872,,
6-485,HEALTH_MONITORING,103.50488702857965,1.0,100,FogNode_1,257,1.0,1597.9384595498836,970.8416997235407,24062.763337036038,23091.9216373125,22934.208172122286,8.550289013518539,,
3-152,E_COMMERCE_TRANSACTION,844.541345679558,0.5,300,FogNode_0,64,1.0,1189.2931772946604,282.98286749764674,24071.6956030778,23788.712735580153,23032.89583458103,53.77548287818451,,
7-454,HEALTH_MONITORING,544.3518459812927,1.0,100,FogNode_4,245,1.0,1758.3565909566523,852.9958069511201,24091.982229008034,23238.986422056914,22841.345251397106,45.34646826733655,,
2-436,AUGMENTED_REALITY,106.36017904004594,30.0,150,FogNode_2,97,1.0,681.967788340379,883.1997431601864,24119.702008043936,23236.50226488375,20666.856077523396,13.055076411186132,,
8-209,AUGMENTED_REALITY,912.7507769390323,30.0,150,FogNode_2,86,1.0,681.967788340379,399.533979886554,24123.957990736228,23724.424010849674,19972.9963688495,112.03470363491999,,
2-166,SMART_HOME_CONTROL,160.94156174413058,0.1,150,FogNode_8,30,1.0,770.9711269175084,369.4421240228969,24142.731012086406,23773.288888063507,23542.829520776377,15.298246701708425,,
4-150,GPS_TRACKING,443.1291761674243,0.2,200,FogNode_0,82,1.0,1189.2931772946604,300.06813819335116,24145.916941710697,23845.848803517347,23444.27701913709,28.21588966333081,,
0-426,E_COMMERCE_TRANSACTION,795.1926032578997,0.5,300,FogNode_4,246,1.0,1758.3565909566523,873.34380507689,24150.349054522823,23277.005249445934,22770.06512022612,66.24240629707408,,
4-469,SENSOR_DATA_LOGGING,142.74196936070086,0.1,10000,FogNode_5,127,1.0,782.8923712617282,955.311649016749,24155.804163013967,23200.49251399722,23003.445968679942,21.217134503068404,,
6-422,HEALTH_MONITORING,235.29239890856357,1.0,100,FogNode_4,245,1.0,1758.3565909566523,863.1915786964847,24180.942021340743,23317.750442644257,23096.60204888692,19.60070380843229,,
5-207,AUGMENTED_REALITY,944.0501672013987,30.0,150,FogNode_2,86,1.0,681.967788340379,403.5806138437928,24190.34568166472,23786.76506782093,19988.746559986055,115.87651675696146,,
2-484,HEALTH_MONITORING,603.028593412684,1.0,100,FogNode_1,257,1.0,1597.9384595498836,973.2366268688188,24200.458457399753,23227.221830530932,22762.947201071536,49.81473730482235,,
4-473,HEALTH_MONITORING,972.2746213614272,1.0,100,FogNode_1,257,1.0,1597.9384595498836,966.6213445889676,24232.729512216087,23266.10816762712,22567.774639312265,80.3172608734317,,
0-456,SMART_HOME_CONTROL,421.3845801847937,0.1,150,FogNode_5,120,1.0,782.8923712617282,938.4922602335901,24233.3435220748,23294.85126184121,22739.68350980975,62.63451005574583,,
4-140,E_COMMERCE_TRANSACTION,387.29228215821564,0.5,300,FogNode_0,65,1.0,1189.2931772946604,284.1020380521081,24245.392495417866,23961.290457365758,23590.252578231768,24.66052087869526,,
2-477,HEALTH_MONITORING,683.5833592208787,1.0,100,FogNode_1,257,1.0,1597.9384595498836,966.6013337268968,24285.99520142934,23319.393867702445,22798.04813049304,56.46917217113147,,
3-164,SENSOR_DATA_LOGGING,258.9432547747147,0.1,10000,FogNode_0,90,1.0,1189.2931772946604,307.86695492076353,24289.42430086092,23981.557345940157,23742.02309098109,16.488001013561377,,
1-474,HEALTH_MONITORING,486.77404329063774,1.0,100,FogNode_4,245,1.0,1758.3565909566523,862.9744169496565,24304.08261341433,23441.108196464676,23078.915064739067,40.55003004104921,,
6-489,HEALTH_MONITORING,397.69673218294065,1.0,100,FogNode_1,265,1.0,1597.9384595498836,978.6667724429291,24311.64446872553,23332.977696282604,22992.13603522328,32.85276760851979,,
2-193,AUGMENTED_REALITY,992.6713944342491,30.0,150,FogNode_2,94,1.0,681.967788340379,413.1014471932076,24321.18624935642,23908.084802163212,20047.226853518237,121.84448185874558,,
6-490,HEALTH_MONITORING,266.77255477559737,1.0,100,FogNode_1,267,1.0,1597.9384595498836,980.4009899769122,24367.406410358308,23387.005420381396,23127.59217380925,22.037437165418485,,
4-161,SENSOR_DATA_LOGGING,371.30930139553607,0.1,10000,FogNode_0,106,1.0,1189.2931772946604,314.42305343361517,24458.12700772669,24143.703954293072,23816.022630577972,23.642817585963936,,
7-525,HEALTH_MONITORING,384.28195081654826,1.0,100,FogNode_1,275,1.0,1597.9384595498836,987.1671726598037,24473.21558883558,23486.048416175778,23156.711947791347,31.74460488279123,,
2-462,SENSOR_DATA_LOGGING,482.34211829217554,0.1,10000,FogNode_5,124,1.0,782.8923712617282,949.2283165337988,24475.90502519859,23526.676708664792,22896.977848035138,71.695224930234,,
2-497,AUGMENTED_REALITY,242.16988490908864,30.0,150,FogNode_2,138,1.0,681.967788340379,996.3723234012483,24479.062570526465,23482.690247125218,20721.462505995783,29.72490626201317,,
9-177,GPS_TRACKING,235.27395589305624,0.2,200,FogNode_0,93,1.0,1189.2931772946604,308.3586082501608,24487.251010359283,24178.892402109122,23958.846838945727,14.980877669913731,,
7-462,HEALTH_MONITORING,735.5357535466845,1.0,100,FogNode_4,245,1.0,1758.3565909566523,861.1561716983273,24510.29086863756,23649.134696939233,23140.803963701255,61.27277597005238,,
4-468,VOICE_ASSISTANT,234.04547937669074,2.0,150,FogNode_1,255,1.0,1597.9384595498836,954.7689384908657,24513.873552429985,23559.10461393912,23240.737677221914,19.3339324202696,,
2-134,GPS_TRACKING,89.15830831927812,0.2,200,FogNode_0,85,1.0,1189.2931772946604,302.91556968290666,24533.094484225705,24230.178914542797,24127.50642880332,5.677082723064705,,
1-469,HEALTH_MONITORING,702.7934702211263,1.0,100,FogNode_4,245,1.0,1758.3565909566523,858.2314932555253,24550.036736666276,23691.805243410752,23198.144695134517,58.545225907011734,,
4-153,GPS_TRACKING,389.01420778347483,0.2,200,FogNode_0,86,1.0,1189.2931772946604,304.53200400974237,24572.489476389692,24267.95747237995,23915.45094162091,24.77016309153935,,
2-167,SMART_HOME_CONTROL,337.60864474266015,0.1,150,FogNode_8,33,1.0,770.9711269175084,374.6065265385434,24580.631515692145,24206.0249891536,23750.30770915151,32.09127760369213,,
8-484,VOICE_ASSISTANT,138.22864745749882,2.0,150,FogNode_1,256,1.0,1597.9384595498836,962.4131371048987,24600.37791474218,23637.964777637284,23384.803187635367,11.418735092025521,,
7-145,SMART_HOME_CONTROL,80.70475336814685,0.1,150,FogNode_0,93,1.0,1189.2931772946604,308.66531790082036,24600.95391107597,24292.288593175148,24201.837334060387,5.138809491256779,,
2-454,AUGMENTED_REALITY,397.13194003203785,30.0,150,FogNode_2,122,1.0,681.967788340379,930.0579470218526,24637.86357636515,23707.8056293433,20719.76711841137,48.745572536962165,,
6-421,HEALTH_MONITORING,811.1037886807258,1.0,100,FogNode_4,245,1.0,1758.3565909566523,861.2675835194987,24642.22717410912,23780.95959058962,23226.709410786752,67.56786531810712,,
6-129,GPS_TRACKING,218.91403328289647,0.2,200,FogNode_0,83,1.0,1189.2931772946604,300.91415551771644,24671.321715095746,24370.40755957803,24156.36835584962,13.939172911808404,,
8-495,HEALTH_MONITORING,986.8003740088216,1.0,100,FogNode_1,258,1.0,1597.9384595498836,975.6528816641112,24675.985862558697,23700.332980894585,22990.923363947506,81.5171982564831,,
3-510,VOICE_ASSISTANT,354.2927662054807,2.0,150,FogNode_1,255,1.0,1597.9384595498836,959.3549082425347,24694.934243949047,23735.579335706512,23346.398646921443,29.267270690507257,,
1-507,AUGMENTED_REALITY,418.90587145525524,30.0,150,FogNode_2,123,1.0,681.967788340379,931.3037367976694,24733.96250335955,23802.658766561883,20773.894889795687,51.418192506838324,,
4-474,SENSOR_DATA_LOGGING,411.18693340156403,0.1,10000,FogNode_5,130,1.0,782.8923712617282,969.4770794963322,24758.558671047173,23789.08159155084,23249.018082413677,61.11873411133648,,
6-423,HEALTH_MONITORING,372.80017258844833,1.0,100,FogNode_4,245,1.0,1758.3565909566523,863.3357604365879,24762.052987809977,23898.71722737339,23593.729253405014,31.055596341122037,,
6-424,HEALTH_MONITORING,839.8130071476701,1.0,100,FogNode_4,245,1.0,1758.3565909566523,865.8418076393244,24781.695067831646,23915.85326019232,23349.296468370376,69.95944656064793,,
6-502,HEALTH_MONITORING,815.1585948507364,1.0,100,FogNode_1,289,1.0,1597.9384595498836,997.7428565540589,24796.1266085427,23798.383751988644,23197.658707844468,67.33828496332697,,
8-3,CLOUD_GAMING,419.6681778620379,50.0,150,FogNode_2,0,0.0,681.967788340379,3.770921836166572,24805.723981105126,24801.95305926896,20179.94697106919,51.51176106303206,,
4-159,GPS_TRACKING,228.63141577958098,0.2,200,FogNode_0,101,1.0,1189.2931772946604,313.2426493002529,24863.563140628565,24550.32049132831,24336.040010254335,14.557919334046327,,
5-447,HEALTH_MONITORING,404.68679076071163,1.0,100,FogNode_4,246,1.0,1758.3565909566523,873.8989612960886,24872.377754965157,23998.47879366907,23681.728599710397,33.71186641676518,,
0-421,HEALTH_MONITORING,637.0211947314341,1.0,100,FogNode_4,245,1.0,1758.3565909566523,867.4012413261069,24872.573012093373,24005.171770767265,23555.085124247493,53.06615859901486,,
9-515,SMART_HOME_CONTROL,315.52606244863574,0.1,150,FogNode_5,130,1.0,782.8923712617282,969.5924413299717,24878.931129463886,23909.338688133914,23488.936539800558,46.899723579401474,,
5-460,AUGMENTED_REALITY,659.0663270134592,30.0,150,FogNode_2,96,1.0,681.967788340379,888.2806327736236,24879.69837419715,23991.417741423524,20618.08597380679,80.89645332357819,,
6-472,VOICE_ASSISTANT,915.6785444027907,2.0,150,FogNode_1,256,1.0,1597.9384595498836,941.1372788564796,24884.681896375107,23943.544617518626,23202.74843299381,75.64199549302448,,
7-519,VOICE_ASSISTANT,258.63240852011927,2.0,150,FogNode_1,270,1.0,1597.9384595498836,981.9973375182718,24957.98040646241,23975.98306894414,23644.759775369745,21.364999321228286,,
2-473,VOICE_ASSISTANT,431.498527143996,2.0,150,FogNode_1,255,1.0,1597.9384595498836,960.8874726863769,24964.96875282841,24004.081280142032,23559.417903975904,35.64505234395374,,
7-146,GPS_TRACKING,479.7059234518464,0.2,200,FogNode_0,93,1.0,1189.2931772946604,308.7191246516771,24975.843277294407,24667.12415264273,24241.092779539074,30.544884279633976,,
3-474,HEALTH_MONITORING,421.27591238944166,1.0,100,FogNode_4,251,1.0,1758.3565909566523,876.5672364293325,25001.638015418193,24125.070778988862,23798.727488310455,35.0937999641092,,
9-30,AUGMENTED_REALITY,66.3711897142365,30.0,150,FogNode_1,7,1.0,1597.9384595498836,42.088761173927765,25006.504263359227,24964.4155021853,22517.04381015182,5.482763862841525,,
6-484,VOICE_ASSISTANT,654.5766705779514,2.0,150,FogNode_1,257,1.0,1597.9384595498836,966.2505933237763,25010.016137457176,24043.7655441334,23467.237188658084,54.07299960051948,,
1-525,VOICE_ASSISTANT,557.2005244022498,2.0,150,FogNode_1,256,1.0,1597.9384595498836,963.9413317779647,25024.685476784896,24060.74414500693,23541.594386237997,46.028991083366265,,
9-39,AUGMENTED_REALITY,53.9507157664408,30.0,150,FogNode_1,13,1.0,1597.9384595498836,50.41471819088802,25058.44817612041,25008.033457929523,22568.197330436844,4.456738474212219,,
1-518,SENSOR_DATA_LOGGING,721.9452420368395,0.1,10000,FogNode_5,125,1.0,782.8923712617282,950.7360679824217,25077.955493819933,24127.21942583751,23183.36539726019,107.30977982683683,,
8-478,E_COMMERCE_TRANSACTION,166.28336354992243,0.5,300,FogNode_5,123,1.0,782.8923712617282,946.7689068693596,25091.327328039606,24144.558421170248,23883.47246175431,24.716322087066963,,
7-18,AUGMENTED_REALITY,176.49824997947317,30.0,150,FogNode_1,8,1.0,1597.9384595498836,43.839909388810625,25120.469859203877,25076.629949815066,22553.73869873979,14.580094631551495,,
3-11,CLOUD_GAMING,219.63950209422893,50.0,150,FogNode_2,0,0.0,681.967788340379,12.63325388320955,25127.79124857642,25115.15799469321,20783.077996891625,26.959436404064526,,
8-488,GPS_TRACKING,290.99133554262903,0.2,200,FogNode_5,130,1.0,782.8923712617282,965.860334528587,25130.246205916952,24164.385871388364,23767.995627769673,43.25288724183226,,
9-44,AUGMENTED_REALITY,176.92353939532362,30.0,150,FogNode_1,14,1.0,1597.9384595498836,55.567977231923095,25169.16804667485,25113.600069442928,22595.219562432638,14.615226764190872,,
4-1,CLOUD_GAMING,380.5187665261439,50.0,150,FogNode_2,0,0.0,681.967788340379,9.557711070816524,25195.83533548909,25186.27762441827,20615.637202280308,46.706404762807914,,
8-2,CLOUD_GAMING,596.5580935593151,50.0,150,FogNode_2,0,0.0,681.967788340379,3.0899339228199834,25195.94617755051,25192.85624362769,20306.941416522397,73.22394119133686,,
5-35,AUGMENTED_REALITY,121.26604368581246,30.0,150,FogNode_1,17,1.0,1597.9384595498836,59.90537273492582,25196.358916733647,25136.45354399872,22645.847524831777,10.017495316461387,,
2-138,GPS_TRACKING,454.16908611529993,0.2,200,FogNode_0,101,1.0,1189.2931772946604,312.9558651140637,25245.44466049772,24932.488795383655,24525.153173406652,28.918846944718833,,
6-432,HEALTH_MONITORING,821.2205905978273,1.0,100,FogNode_4,255,1.0,1758.3565909566523,880.2719205741195,25248.73377591931,24368.46185534519,23815.156302456577,68.41063133513748,,
0-191,SENSOR_DATA_LOGGING,999.2867459193614,0.1,10000,FogNode_8,32,1.0,770.9711269175084,373.9194339971022,25275.251623364522,24901.33218936742,23587.69539391957,94.98686976286491,,
7-471,HEALTH_MONITORING,708.7483449484627,1.0,100,FogNode_4,250,1.0,1758.3565909566523,875.7106727011422,25275.6473080545,24399.93663535336,23903.875152455472,59.041288407493084,,
6-492,SENSOR_DATA_LOGGING,155.6020336633734,0.1,10000,FogNode_5,133,1.0,782.8923712617282,984.3579915658173,25290.08010603973,24305.722114473916,24090.49616050414,23.128651594011895,,
4-275,AUGMENTED_REALITY,158.2043514843676,30.0,150,FogNode_1,124,1.0,1597.9384595498836,562.1106572329983,25295.364201035354,24733.253543802355,22228.828189398082,13.068879810613288,,
5-8,CLOUD_GAMING,387.1794918342326,50.0,150,FogNode_2,0,0.0,681.967788340379,12.904140539921022,25301.70118318263,25288.79704264271,20711.49001366641,47.523968992539785,,
9-37,AUGMENTED_REALITY,523.8722760021783,30.0,150,FogNode_1,13,1.0,1597.9384595498836,50.1560199405355,25334.3468488301,25284.190828889565,22551.227233049405,43.27582488691156,,
7-524,VOICE_ASSISTANT,735.0564788542532,2.0,150,FogNode_1,274,1.0,1597.9384595498836,986.4091907487418,25344.684892398687,24358.275701649945,23732.422050706984,60.72124240595279,,
0-428,HEALTH_MONITORING,839.3611797162489,1.0,100,FogNode_4,252,1.0,1758.3565909566523,877.2308054907305,25349.733249313198,24472.50244382247,23905.301436581176,69.92180770917253,,
2-288,AUGMENTED_REALITY,87.99768045806755,30.0,150,FogNode_1,150,1.0,1597.9384595498836,572.6926138062897,25399.754397692937,24827.06178388665,22361.304730984557,7.269276089620547,,
7-470,HEALTH_MONITORING,279.2146583256647,1.0,100,FogNode_4,249,1.0,1758.3565909566523,875.1517830294117,25407.526741897706,24532.374958868295,24278.714060224804,23.25958612433013,,
0-156,GPS_TRACKING,997.6306971793823,0.2,200,FogNode_0,96,1.0,1189.2931772946604,310.42697967745676,25439.797281428717,25129.37030175126,24266.860587671385,63.52332274715735,,
3-527,SENSOR_DATA_LOGGING,164.08724867162846,0.1,10000,FogNode_5,135,1.0,782.8923712617282,991.4653750681455,25499.67117461431,24508.205799546162,24284.45915501256,24.3898920611563,,
5-302,AUGMENTED_REALITY,292.8271520486044,30.0,150,FogNode_1,147,1.0,1597.9384595498836,571.7222085973528,25517.59993363982,24945.87772504247,22356.449881501572,24.18974458983536,,
7-476,HEALTH_MONITORING,932.008194419919,1.0,100,FogNode_4,258,1.0,1758.3565909566523,882.4214364523554,25531.683058166236,24649.261621713882,24032.18038867903,77.63963753438418,,
1-319,AUGMENTED_REALITY,622.3188295885828,30.0,150,FogNode_1,116,1.0,1597.9384595498836,558.0872650279039,25558.619108365852,25000.531843337947,22202.67819751846,51.408257177921904,,
7-522,VOICE_ASSISTANT,993.5766911704422,2.0,150,FogNode_1,272,1.0,1597.9384595498836,984.8454864422117,25579.766987311286,24594.921500869073,23801.95560744539,82.07697346944597,,
1-10,CLOUD_GAMING,759.9985588229257,50.0,150,FogNode_2,0,0.0,681.967788340379,13.816026441303755,25593.48259419421,25579.666567752905,20459.819442979584,93.28528164745694,,
8-191,SMART_HOME_CONTROL,784.3673751469058,0.1,150,FogNode_8,30,1.0,770.9711269175084,371.0790763024298,25598.007326227304,25226.928249924873,24187.751257898617,74.55778035039764,,
9-459,VOICE_ASSISTANT,165.2077904068988,2.0,150,FogNode_4,245,1.0,1758.3565909566523,846.5516192071946,25625.638852603253,24779.087233396058,24512.28208834826,13.76240363748244,,
5-449,HEALTH_MONITORING,658.3933900834904,1.0,100,FogNode_4,251,1.0,1758.3565909566523,876.8299653247335,25650.08409378366,24773.254128458924,24304.056837781172,54.84653940508757,,
0-284,AUGMENTED_REALITY,288.3808489203391,30.0,150,FogNode_1,176,1.0,1597.9384595498836,585.357461356118,25698.070493814943,25112.713032458825,22525.978255002592,23.822446215045748,,
9-516,GPS_TRACKING,525.4030941998972,0.2,200,FogNode_5,132,1.0,782.8923712617282,975.6245088593987,25749.06063353811,24773.43612467871,24079.655078856853,78.09579878920064,,
6-120,E_COMMERCE_TRANSACTION,604.5321000837685,0.5,300,FogNode_0,69,1.0,1189.2931772946604,288.7738383163065,25753.756750086028,25464.982911769723,24904.834210676334,38.49308949014134,,
6-105,HEALTH_MONITORING,954.7362022855301,1.0,100,FogNode_0,47,1.0,1189.2931772946604,254.800111040332,25778.619430822262,25523.81931978193,24635.497698780546,60.79205069335795,,
1-335,AUGMENTED_REALITY,327.3021762813282,30.0,150,FogNode_1,188,1.0,1597.9384595498836,599.2829450717188,25784.594760449385,25185.311815377667,22568.539484215737,27.03764317124681,,
2-294,AUGMENTED_REALITY,619.2797707570169,30.0,150,FogNode_1,168,1.0,1597.9384595498836,581.4768881826801,25787.303597135488,25205.82670895281,22413.075522728388,51.15720785952789,,
0-430,HEALTH_MONITORING,777.6049892557254,1.0,100,FogNode_4,256,1.0,1758.3565909566523,881.3844185239069,25791.967204163426,24910.58278563952,24376.116671025116,64.77729474076062,,
3-465,VOICE_ASSISTANT,93.2845894863487,2.0,150,FogNode_4,245,1.0,1758.3565909566523,854.2724660989289,25845.019349539463,24990.746883440534,24764.119282423682,7.770942099679406,,
5-452,HEALTH_MONITORING,771.2167433862279,1.0,100,FogNode_4,258,1.0,1758.3565909566523,882.5729580287098,25846.127619189974,24963.554661161266,24433.17747070885,64.24513086413612,,
6-20,CLOUD_GAMING,125.66635489402346,50.0,150,FogNode_1,4,1.0,1597.9384595498836,38.820395987555635,25865.946397265237,25827.12600127768,21742.239325712457,10.380994409690098,,
5-308,AUGMENTED_REALITY,503.6900614578997,30.0,150,FogNode_1,168,1.0,1597.9384595498836,581.490464217949,25873.83153625859,25292.34107204064,22562.441046733962,41.60862083268395,,
5-513,SENSOR_DATA_LOGGING,108.23783963258813,0.1,10000,FogNode_5,135,1.0,782.8923712617282,991.7970622403078,25887.31442627612,24895.51736403581,24739.070576909246,16.088448352586852,,
7-287,AUGMENTED_REALITY,948.2055560505669,30.0,150,FogNode_1,112,1.0,1597.9384595498836,557.4492698822776,25888.75723841031,25331.307968528035,22323.69178060874,78.32897345434313,,
2-127,E_COMMERCE_TRANSACTION,571.8632341069173,0.5,300,FogNode_0,76,1.0,1189.2931772946604,293.5332963431995,25920.640226654185,25627.106930310983,25098.153196408643,36.412926035770404,,
8-192,SENSOR_DATA_LOGGING,253.3195525325528,0.1,10000,FogNode_8,30,1.0,770.9711269175084,371.37929981699034,25926.57936179156,25555.200061974567,25204.9958522422,24.07920593668969,,
5-441,VOICE_ASSISTANT,514.2884652258699,2.0,150,FogNode_4,245,1.0,1758.3565909566523,861.3050996551709,25942.566556027603,25081.26145637243,24622.30528921138,42.84208043160302,,
3-13,CLOUD_GAMING,747.4945415055087,50.0,150,FogNode_2,0,0.0,681.967788340379,12.732536315416693,25975.78319562925,25963.050659313834,20855.80363048531,91.75048824076089,,
9-42,CLOUD_GAMING,191.9716950542868,50.0,150,FogNode_1,14,1.0,1597.9384595498836,54.35702378829616,25986.083498858225,25931.72647506993,21805.482808057448,15.858318599738915,,
6-34,CLOUD_GAMING,227.07039221477677,50.0,150,FogNode_1,18,1.0,1597.9384595498836,79.42335298314573,26030.85932679658,25951.435973813434,21803.5488280107,18.75773729711199,,
4-11,CLOUD_GAMING,569.7620819111754,50.0,150,FogNode_2,0,0.3333333333333333,681.967788340379,24.219298086925857,26031.413910268115,26007.19461218119,21165.82017289277,69.93489088379852,,
2-431,VOICE_ASSISTANT,335.6357158339065,2.0,150,FogNode_4,245,1.0,1758.3565909566523,868.1564258571976,26037.007965963832,25168.851540106636,24808.779951282697,27.959663313000096,,
9-476,VOICE_ASSISTANT,340.88151013165844,2.0,150,FogNode_4,245,1.0,1758.3565909566523,866.7905955531725,26038.883046974235,25172.092451421064,24807.779359775195,28.39665686122838,,
0-28,CLOUD_GAMING,275.4401720308012,50.0,150,FogNode_1,14,1.0,1597.9384595498836,54.76239600300398,26046.203738945536,25991.441342942533,21810.054897947142,22.753448116380536,,
3-485,AUGMENTED_REALITY,562.6863250653205,30.0,150,FogNode_1,257,1.0,1597.9384595498836,900.0025882537319,26050.203156811127,25150.200568557397,22388.6147883873,46.48215984173469,,
2-421,VOICE_ASSISTANT,895.143925067994,2.0,150,FogNode_4,245,1.0,1758.3565909566523,855.5226454851182,26134.71871141675,25279.196065931632,24600.576794563538,74.56871119748136,,
3-160,E_COMMERCE_TRANSACTION,434.72829966299764,0.5,300,FogNode_0,83,1.0,1189.2931772946604,300.8290894578221,26144.154446041885,25843.325356584064,25431.478312006024,27.680970688745816,,
0-468,SENSOR_DATA_LOGGING,796.1588506691584,0.1,10000,FogNode_5,132,1.0,782.8923712617282,982.239910260264,26147.19167619411,25164.951765933845,24128.09615839362,118.34087406886077,,
7-467,VOICE_ASSISTANT,220.18499769659564,2.0,150,FogNode_4,245,1.0,1758.3565909566523,867.6135251333446,26164.105086024232,25296.49156089089,24999.49615557042,18.34220290553654,,
6-154,GPS_TRACKING,703.4879734428949,0.2,200,FogNode_8,27,1.0,770.9711269175084,363.37542656912194,26187.721557557226,25824.346130988106,24882.323687838165,66.86981568206883,,
1-538,SMART_HOME_CONTROL,557.7124009788548,0.1,150,FogNode_5,135,1.0,782.8923712617282,993.6836863192308,26212.045469538185,25218.361783218956,24491.975380178726,82.89824694583072,,
6-493,GPS_TRACKING,52.473624190916475,0.2,200,FogNode_5,133,1.0,782.8923712617282,985.9818790891011,26214.217012136967,25228.235133047867,25130.564483833296,7.799667801337335,,
0-425,VOICE_ASSISTANT,153.1360845337192,2.0,150,FogNode_4,247,1.0,1758.3565909566523,872.4993415827361,26221.80917152098,25349.309829938244,25093.664763950754,12.756787083865442,,
0-424,VOICE_ASSISTANT,506.1523892976935,2.0,150,FogNode_4,247,1.0,1758.3565909566523,872.1579162851956,26230.42192728783,25358.264011002633,24904.300468420035,42.16431601944676,,
5-9,CLOUD_GAMING,770.0269406336272,50.0,150,FogNode_2,0,0.0,681.967788340379,13.125928110944646,26256.91633893816,26243.790410827216,21100.007928977066,94.51620558911338,,
6-466,HEALTH_MONITORING,312.0124081084568,1.0,100,FogNode_5,120,1.0,782.8923712617282,925.2995516880918,26285.85248790726,25360.55293621917,24870.81480140249,46.37745478160674,,
2-289,CLOUD_GAMING,441.72447149425864,50.0,150,FogNode_1,158,1.0,1597.9384595498836,576.0175771088101,26307.29329636177,25731.27571925296,21444.623128889296,36.489792936798985,,
5-450,VOICE_ASSISTANT,255.52768103722877,2.0,150,FogNode_4,251,1.0,1758.3565909566523,876.9196931205288,26309.42696348153,25432.507270361,25121.939864657008,21.28637565046303,,
7-119,HEALTH_MONITORING,680.9486474176748,1.0,100,FogNode_0,40,1.0,1189.2931772946604,251.969830772952,26326.32259038342,26074.35275961047,25409.295591416332,43.35885095201256,,
9-304,CLOUD_GAMING,592.6666353159086,50.0,150,FogNode_1,158,1.0,1597.9384595498836,576.416572693415,26356.978029729493,25780.561457036078,21403.119701019525,48.95876094450872,,
9-16,CLOUD_GAMING,727.4626912233763,50.0,150,FogNode_2,0,0.3333333333333333,681.967788340379,25.443474525733734,26368.412402775146,26342.96892824941,21267.92554428839,89.29169832097134,,
1-498,AUGMENTED_REALITY,970.0731671024113,30.0,150,FogNode_1,256,1.0,1597.9384595498836,922.5347657343508,26391.672687202376,25469.137921468024,22450.473378110673,80.13540404806818,,
9-477,VOICE_ASSISTANT,156.49572793819812,2.0,150,FogNode_4,246,1.0,1758.3565909566523,869.5175594258538,26398.428095983927,25528.910536558073,25265.902441350063,13.036657473128354,,
6-265,CLOUD_GAMING,606.3572838001278,50.0,150,FogNode_1,168,1.0,1597.9384595498836,581.3395427138639,26429.66538214046,25848.325839426598,21456.135269307157,50.08971238731586,,
8-10,CLOUD_GAMING,848.617648623874,50.0,150,FogNode_2,0,0.0,681.967788340379,20.98611019356877,26440.201511036837,26419.21540084327,21166.104572270917,104.16274536821231,,
9-308,CLOUD_GAMING,629.8252081824583,50.0,150,FogNode_1,168,1.0,1597.9384595498836,581.446649233687,26440.352339862166,25858.90569062848,21456.124814226903,52.02834100454163,,
9-525,SENSOR_DATA_LOGGING,199.27187955386603,0.1,10000,FogNode_5,136,1.0,782.8923712617282,997.2602317494341,26468.74992990281,25471.489698153375,25196.662529394755,29.61972775147694,,
5-445,VOICE_ASSISTANT,832.6078611573829,2.0,150,FogNode_4,245,1.0,1758.3565909566523,868.2619329721907,26510.522761221826,25642.260828249637,24998.700880801523,69.35923196337565,,
9-478,VOICE_ASSISTANT,511.85100540837664,2.0,150,FogNode_4,247,1.0,1758.3565909566523,871.4252662953006,26521.518174795794,25650.092908500494,25187.33309965325,42.6390312547097,,
1-337,CLOUD_GAMING,181.52932022878832,50.0,150,FogNode_1,197,1.0,1597.9384595498836,603.380846353091,26553.954537208316,25950.573690855224,21826.90496125863,14.995699207469553,,
8-306,CLOUD_GAMING,231.21617223848793,50.0,150,FogNode_1,188,1.0,1597.9384595498836,599.6651848295903,26574.36192590074,25974.696741071148,21821.901750122473,19.10021018324165,,
3-141,HEALTH_MONITORING,305.2694559448612,1.0,100,FogNode_0,55,1.0,1189.2931772946604,260.67490137564266,26583.004005675208,26322.329104299566,25976.174129867602,19.437784171699114,,
6-428,VOICE_ASSISTANT,345.7980121076389,2.0,150,FogNode_4,250,1.0,1758.3565909566523,876.0532334326111,26595.087871302596,25719.034637869983,25352.74506986068,28.80621917370331,,
2-130,E_COMMERCE_TRANSACTION,541.9559144191132,0.5,300,FogNode_0,80,1.0,1189.2931772946604,296.835329862223,26599.85025323715,26303.014923374925,25794.45446333359,34.50860179394208,,
5-329,CLOUD_GAMING,51.88546056021606,50.0,150,FogNode_1,197,1.0,1597.9384595498836,604.6127221838677,26606.83217545893,26002.219453275062,21955.39955532286,4.286132724021704,,
9-480,VOICE_ASSISTANT,682.9341502933229,2.0,150,FogNode_4,250,1.0,1758.3565909566523,875.9191904760164,26610.2026030955,25734.283412619483,25178.8876044064,56.89087306965959,,
8-189,GPS_TRACKING,558.1968290714058,0.2,200,FogNode_8,29,1.0,770.9711269175084,367.5103919208797,26650.597174628707,26283.086782707825,25533.319592290976,53.05921420609777,,
1-152,HEALTH_MONITORING,901.799822902069,1.0,100,FogNode_0,50,1.0,1189.2931772946604,258.7528662293516,26678.905589744416,26420.152723515064,25572.79432773873,57.421369817008646,,
7-526,GPS_TRACKING,330.2638476023317,0.2,200,FogNode_5,134,1.0,782.8923712617282,989.6030542714087,26707.703383031032,25718.100328759625,25267.066381100507,49.09034467902448,,
2-495,GPS_TRACKING,99.38320742285478,0.2,200,FogNode_5,135,1.0,782.8923712617282,991.6380492196892,26834.647023141722,25843.008973922035,25687.504295583727,14.7722977949721,,
9-322,CLOUD_GAMING,473.1114114602821,50.0,150,FogNode_1,201,1.0,1597.9384595498836,609.2299788739527,26850.03065242589,26240.800673551938,21935.948954490657,39.08259232689305,,
8-444,VOICE_ASSISTANT,598.72404096481,2.0,150,FogNode_4,255,1.0,1758.3565909566523,879.585419707212,26851.02482095424,25971.43940124703,25463.428310800777,49.875867832430025,,
1-332,CLOUD_GAMING,909.5553305240576,50.0,150,FogNode_1,184,1.0,1597.9384595498836,592.0170395126781,26876.498778017347,26284.48173850467,21707.801518183715,75.13617156665953,,
1-542,GPS_TRACKING,525.6196042215876,0.2,200,FogNode_5,135,1.0,782.8923712617282,995.364462204203,26883.427160707924,25888.06269850372,25194.887933856204,78.12798079055624,,
7-7,CLOUD_GAMING,882.6311660106865,50.0,150,FogNode_2,0,0.3333333333333333,681.967788340379,24.99132370613761,26887.72431807187,26862.73299436573,21557.120064946204,108.33770137623911,,
5-323,AUGMENTED_REALITY,657.0843528428737,30.0,150,FogNode_4,79,1.0,1758.3565909566523,596.9549522819547,26895.21049421627,26298.255541934315,23510.644768709502,54.737491890817864,,
1-343,AUGMENTED_REALITY,508.9561911253745,30.0,150,FogNode_4,111,1.0,1758.3565909566523,612.0504288445961,26899.652532502863,26287.602103658268,23589.934381679974,42.397882804505855,,
9-324,AUGMENTED_REALITY,545.1019493081124,30.0,150,FogNode_4,108,1.0,1758.3565909566523,610.6870780645917,26905.09435810488,26294.40728004029,23577.964574427446,45.40895457459896,,
0-288,CLOUD_GAMING,874.8717424360108,50.0,150,FogNode_1,187,1.0,1597.9384595498836,594.9941541693514,26939.17295994908,26344.178805779728,21785.292833122472,72.27104402831687,,
4-297,CLOUD_GAMING,938.0819627753071,50.0,150,FogNode_1,188,1.0,1597.9384595498836,597.1452687207711,26944.03565836905,26346.89038964828,21752.21691375116,77.4926878368835,,
1-344,CLOUD_GAMING,582.0123656703088,50.0,150,FogNode_1,205,1.0,1597.9384595498836,613.0112991317501,26971.059196964034,26358.047897832283,21986.647328884974,48.078637432343704,,
6-23,VIDEO_SURVEILLANCE,123.84840636979904,60.0,800,FogNode_1,14,1.0,1597.9384595498836,55.42961719776673,27021.54077480807,26966.111157610303,22083.243249965446,10.230818067876147,,
2-110,HEALTH_MONITORING,544.9701586897954,1.0,100,FogNode_0,57,1.0,1189.2931772946604,265.566984805992,27058.080544215078,26792.513559409086,26246.417868690587,34.70053134481363,,
5-338,CLOUD_GAMING,333.0691725285117,50.0,150,FogNode_1,213,1.0,1597.9384595498836,618.2838552554498,27084.93557390142,26466.65171864597,22247.0120076253,27.51404081843887,,
0-452,HEALTH_MONITORING,201.62291063244766,1.0,100,FogNode_5,120,1.0,782.8923712617282,925.9066006966119,27092.1829476616,26166.276346964987,25814.391551869034,29.969184486861547,,
3-468,CLOUD_GAMING,123.87136453484354,50.0,150,FogNode_1,257,1.0,1597.9384595498836,858.8959510258055,27099.060258612055,26240.16430758625,22154.26372564934,10.23271458650426,,
0-27,VIDEO_SURVEILLANCE,69.93843880932593,60.0,800,FogNode_1,14,1.0,1597.9384595498836,54.61110146338585,27142.828176200714,27088.217074737327,22230.143035537676,5.777445704654514,,
2-18,VIDEO_SURVEILLANCE,325.61374720929615,60.0,800,FogNode_1,13,1.0,1597.9384595498836,49.80867316289508,27142.944103489248,27093.135430326354,22081.960870087183,26.898166118914826,,
4-185,GPS_TRACKING,744.8862047076539,0.2,200,FogNode_8,28,1.0,770.9711269175084,366.33120937578144,27153.887706587804,26787.556497212023,25794.439502972837,70.80491080628249,,
0-31,VIDEO_SURVEILLANCE,132.9072911035159,60.0,800,FogNode_1,17,1.0,1597.9384595498836,62.100687192612334,27168.10979773289,27106.00911054028,22217.641806987973,10.979150681311522,,
8-310,AUGMENTED_REALITY,576.6430808429726,30.0,150,FogNode_4,125,1.0,1758.3565909566523,617.2099281224786,27178.969154776336,26561.759226653856,23824.346760333632,48.03644436970215,,
3-328,CLOUD_GAMING,526.931797001722,50.0,150,FogNode_1,215,1.0,1597.9384595498836,619.8379447445838,27179.787905499423,26559.94996075484,22223.078737182514,43.528564535637564,,
3-21,CLOUD_GAMING,822.048679995619,50.0,150,FogNode_2,0,0.6666666666666666,681.967788340379,28.69153026458595,27181.19009907866,27152.498568814073,21937.813926267936,100.90156323464633,,
6-280,AUGMENTED_REALITY,549.0018210408912,30.0,150,FogNode_4,137,1.0,1758.3565909566523,620.6010663674467,27207.4348882126,26586.833821845154,23868.450319529817,45.73382792826297,,
5-24,CLOUD_GAMING,808.2977471842022,50.0,150,FogNode_2,0,0.8333333333333334,681.967788340379,40.49989912093012,27216.657203285307,27176.15730416438,21982.980268639218,99.21371840213114,,
2-31,VIDEO_SURVEILLANCE,143.196979045673,60.0,800,FogNode_1,18,1.0,1597.9384595498836,77.97633097636218,27232.557679149733,27154.58134817337,22254.656972059416,11.829156978502757,,
9-330,AUGMENTED_REALITY,581.6269515304161,30.0,150,FogNode_4,133,1.0,1758.3565909566523,618.9376627731139,27235.87308326323,26616.935420490114,23873.15777836648,48.45161873834833,,
5-28,VIDEO_SURVEILLANCE,436.86850050685507,60.0,800,FogNode_1,11,1.0,1597.9384595498836,48.47633393752446,27244.454269155933,27195.97793521841,22109.62782984178,36.08865288848323,,
4-460,HEALTH_MONITORING,291.12263699503524,1.0,100,FogNode_5,120,1.0,782.8923712617282,932.0088330486755,27255.282408864008,26323.273575815332,25860.341687244327,43.27240386044575,,
4-21,CLOUD_GAMING,565.0250055957501,50.0,150,FogNode_2,1,1.0,681.967788340379,45.8171113925832,27268.72305597781,27222.90594458523,22384.020195245062,69.35344307295746,,
5-341,AUGMENTED_REALITY,128.03307527648207,30.0,150,FogNode_4,154,1.0,1758.3565909566523,627.7056196482226,27280.248944209525,26652.543324561302,24174.119735054628,10.665616049723159,,
2-132,E_COMMERCE_TRANSACTION,874.1224786819778,0.5,300,FogNode_0,82,1.0,1189.2931772946604,299.76610654625694,27317.99727341629,27018.231166870035,26232.696226756012,55.65903744827952,,
5-444,CLOUD_GAMING,292.00624921245344,50.0,150,FogNode_1,257,1.0,1597.9384595498836,864.1528546582033,27325.567534820762,26461.414680162557,22267.186875070314,24.121931786956115,,
9-31,CLOUD_GAMING,665.0089265363968,50.0,150,FogNode_2,0,1.0,681.967788340379,42.10755751719208,27343.54486197054,27301.437304453346,22318.88548841965,81.62587190441583,,
4-311,AUGMENTED_REALITY,808.0256544375147,30.0,150,FogNode_4,143,1.0,1758.3565909566523,622.8961137177338,27359.187110752377,26736.290997034645,23871.50879814338,67.31144565532313,,
0-299,VIDEO_SURVEILLANCE,225.08279900847927,60.0,800,FogNode_1,210,1.0,1597.9384595498836,616.4681081427533,27373.41591912969,26756.947810986938,21810.47978100242,18.59354701737711,,
8-195,SENSOR_DATA_LOGGING,178.70073746078427,0.1,10000,FogNode_8,42,1.0,770.9711269175084,379.687314305279,27385.674256332233,27005.986942026953,26759.943670692905,16.986339251501676,,
1-340,VIDEO_SURVEILLANCE,362.5118880254565,60.0,800,FogNode_1,197,1.0,1597.9384595498836,605.7052968240746,27406.650139059762,26800.944842235687,21767.220538608242,29.94623251555331,,
3-163,E_COMMERCE_TRANSACTION,871.5509946568328,0.5,300,FogNode_0,90,1.0,1189.2931772946604,307.59500100975305,27411.7366622638,27104.14166125405,26324.30120975681,55.49530029571367,,
8-452,CLOUD_GAMING,405.24934377189055,50.0,150,FogNode_1,257,1.0,1597.9384595498836,897.5040173481336,27421.7174015489,26524.213384200768,22261.317236524017,33.47667063132624,,
8-315,AUGMENTED_REALITY,270.6527040450881,30.0,150,FogNode_4,150,1.0,1758.3565909566523,625.9922462353072,27434.172616709788,26808.18037047448,24239.823037303096,22.546344512389506,,
4-17,CLOUD_GAMING,820.860830313329,50.0,150,FogNode_2,0,0.6666666666666666,681.967788340379,36.631608122405005,27460.58144504377,27423.94983692136,22207.49091328421,100.75576178426086,,
8-311,VIDEO_SURVEILLANCE,253.58444454063888,60.0,800,FogNode_1,215,1.0,1597.9384595498836,620.4039487178857,27484.26228493778,26863.858336219895,21899.953883637354,20.947999195017136,,
1-346,VIDEO_SURVEILLANCE,385.9242266740557,60.0,800,FogNode_1,208,1.0,1597.9384595498836,615.3837226646281,27485.968092399642,26870.584369735014,21821.740409736547,31.88026932941524,,
4-306,VIDEO_SURVEILLANCE,278.0748142063976,60.0,800,FogNode_1,206,1.0,1597.9384595498836,614.6259973207369,27547.43689756257,26932.81090024183,21947.485569876077,22.971089550473735,,
2-312,VIDEO_SURVEILLANCE,176.76068810310562,60.0,800,FogNode_1,215,1.0,1597.9384595498836,620.4927737641101,27594.880242123,26974.387468358887,22050.650784928766,14.601774011816925,,
5-500,E_COMMERCE_TRANSACTION,893.941316135063,0.5,300,FogNode_5,130,1.0,782.8923712617282,969.0971989321065,27610.59438892387,26641.497189991762,25448.80514119364,132.87523793621912,,
7-19,CLOUD_GAMING,496.9978377514476,50.0,150,FogNode_2,1,1.0,681.967788340379,45.7147222408521,27616.49457122551,27570.779848984657,22827.301320848233,61.00351472327339,,
4-308,AUGMENTED_REALITY,779.8252749413123,30.0,150,FogNode_4,133,1.0,1758.3565909566523,618.9650325172327,27622.46581464158,27003.500782124345,24146.15086800294,64.96225253070692,,
6-289,AUGMENTED_REALITY,763.2351057638547,30.0,150,FogNode_4,163,1.0,1758.3565909566523,630.5008048369078,27669.93470062186,27039.43389578495,24198.459412387972,63.58023171878305,,
4-305,VIDEO_SURVEILLANCE,493.907666255716,60.0,800,FogNode_1,206,1.0,1597.9384595498836,613.7909268450661,27715.74068213039,27101.94975528532,21978.291653173867,40.80052076490615,,
6-161,SENSOR_DATA_LOGGING,868.6597265468209,0.1,10000,FogNode_8,37,1.0,770.9711269175084,376.4723010506222,27777.305680587797,27400.833379537176,26256.89611054155,82.57016181860484,,
2-36,CLOUD_GAMING,221.8080980599607,50.0,150,FogNode_2,7,1.0,681.967788340379,88.00974684434019,27785.828622186473,27697.81887534213,23363.30963857423,27.22561860019414,,
1-354,AUGMENTED_REALITY,834.1056658529246,30.0,150,FogNode_4,166,1.0,1758.3565909566523,631.5465318366352,27833.5537267976,27202.007194960963,24318.280029248068,69.48400448614466,,
6-408,VIDEO_SURVEILLANCE,382.44080211227396,60.0,800,FogNode_1,257,1.0,1597.9384595498836,836.0631206138917,27834.21411623227,26998.150995618376,21953.52753654779,31.59251203007343,,
4-465,HEALTH_MONITORING,464.7656361812172,1.0,100,FogNode_5,124,1.0,782.8923712617282,947.8226691705142,27848.93442699798,26901.111757827468,26221.27063205941,69.08266054773888,,
6-110,HEALTH_MONITORING,963.6346790239537,1.0,100,FogNode_0,55,1.0,1189.2931772946604,261.82198706735136,27868.338853453828,27606.516866386475,26702.8554222,61.35865395788372,,
3-504,HEALTH_MONITORING,632.2916051860883,1.0,100,FogNode_5,123,1.0,782.8923712617282,945.7373995739118,27899.81836268943,26954.08096311552,26059.385416881218,93.98368323260459,,
8-25,BATCH_DATA_PROCESSING,310.7237752960458,200.0,30000,FogNode_1,7,1.0,1597.9384595498836,42.41713268511833,27910.193587021087,27867.77645433597,11665.870845137919,25.668141460984323,,
4-312,VIDEO_SURVEILLANCE,689.3534516600445,60.0,800,FogNode_1,217,1.0,1597.9384595498836,624.19440511807,27917.369844788922,27293.175439670853,22049.450665177195,56.945825587273674,,
3-61,CLOUD_GAMING,93.32052281910273,50.0,150,FogNode_2,10,1.0,681.967788340379,102.73704061837375,27922.668696475328,27819.931655856955,23676.19184341262,11.454536529846546,,
7-321,VIDEO_SURVEILLANCE,822.0026035805862,60.0,800,FogNode_1,220,1.0,1597.9384595498836,626.3225648831649,27936.131832635398,27309.809267752233,21989.426322708045,67.90365201343641,,
5-31,BATCH_DATA_PROCESSING,164.02615308356513,200.0,30000,FogNode_1,13,1.0,1597.9384595498836,50.91288003198813,27936.862720816058,27885.94984078407,11772.513037814528,13.549804795718181,,
1-356,AUGMENTED_REALITY,566.5085907798909,30.0,150,FogNode_4,172,1.0,1758.3565909566523,638.2850017496601,27944.646533668358,27306.361531918697,24577.28556576238,47.19220486643983,,
3-506,HEALTH_MONITORING,78.87946697692004,1.0,100,FogNode_5,124,1.0,782.8923712617282,950.0443756004878,27949.68833631223,26999.643960711743,26805.132507940223,11.72462638616518,,
0-311,AUGMENTED_REALITY,907.0680000161327,30.0,150,FogNode_4,172,1.0,1758.3565909566523,635.7707454834431,27950.03385025095,27314.26310476751,24391.261133184416,75.56202956361712,,
3-162,E_COMMERCE_TRANSACTION,735.8255796156411,0.5,300,FogNode_0,87,1.0,1189.2931772946604,305.0925952286611,28030.444978819905,27725.352383591246,27054.295527591847,46.85309494955715,,
9-46,BATCH_DATA_PROCESSING,196.32310350687177,200.0,30000,FogNode_1,17,1.0,1597.9384595498836,58.97361493912822,28033.05382756012,27974.080212620993,11837.91071662635,16.217777954302488,,
3-342,AUGMENTED_REALITY,418.6517709113305,30.0,150,FogNode_4,175,1.0,1758.3565909566523,641.2856617624607,28071.646371409326,27430.360709646866,24782.16410102072,34.87519953289057,,
5-160,E_COMMERCE_TRANSACTION,949.5048732173982,0.5,300,FogNode_0,93,1.0,1189.2931772946604,309.1980926706908,28116.37473941444,27807.176646743752,26962.439999909704,60.45895007232546,,
4-411,VIDEO_SURVEILLANCE,914.4047003751151,60.0,800,FogNode_1,257,1.0,1597.9384595498836,824.8078943526265,28119.677145558533,27294.869251205906,21911.15381784836,75.53676631102688,,
9-524,E_COMMERCE_TRANSACTION,439.77977483641166,0.5,300,FogNode_5,135,1.0,782.8923712617282,995.256015533218,28172.33159697413,27177.075581440913,26568.90772505009,65.36876768776192,,
0-475,E_COMMERCE_TRANSACTION,215.68906442497203,0.5,300,FogNode_5,135,1.0,782.8923712617282,993.6369130337882,28175.32119340084,27181.68428036705,26854.94890682218,32.05997445069262,,
6-297,AUGMENTED_REALITY,918.3687207937198,30.0,150,FogNode_4,174,1.0,1758.3565909566523,640.8944363306857,28192.2227993596,27551.32836302891,24620.902667431266,76.50342028346505,,
1-372,AUGMENTED_REALITY,535.0143905534514,30.0,150,FogNode_4,183,1.0,1758.3565909566523,653.849612747887,28248.916096113808,27595.06648336592,24881.341652994222,44.56862461826619,,
7-25,CLOUD_GAMING,713.0926130509387,50.0,150,FogNode_2,4,1.0,681.967788340379,58.2540122741721,28262.296931792578,28204.042919518404,23143.57350124986,87.52785709515639,,
3-381,AUGMENTED_REALITY,98.23363405216267,30.0,150,FogNode_4,219,1.0,1758.3565909566523,719.0277539191451,28304.782826762974,27585.75507284383,25119.88568885119,8.183215327030656,,
2-486,HEALTH_MONITORING,195.80965848514452,1.0,100,FogNode_5,132,1.0,782.8923712617282,973.3741049058806,28422.44216858383,27449.06806367795,27113.10738857324,29.10510398368517,,
7-339,AUGMENTED_REALITY,832.6939579234647,30.0,150,FogNode_4,182,1.0,1758.3565909566523,651.116676869885,28423.59760984674,27772.480932976854,24884.696421372842,69.36640413391181,,
0-345,AUGMENTED_REALITY,662.2090006864801,30.0,150,FogNode_4,219,1.0,1758.3565909566523,710.8026585380046,28448.253143944698,27737.450485406694,24950.71283233635,55.16439350332632,,
6-48,CLOUD_GAMING,368.26319538723993,50.0,150,FogNode_2,13,1.0,681.967788340379,111.18207970975912,28462.669561154635,28351.487481444874,23803.79169936972,45.20210663990914,,
1-180,E_COMMERCE_TRANSACTION,711.6879530914844,0.5,300,FogNode_0,87,1.0,1189.2931772946604,305.16249583343773,28466.75139518756,28161.588899354123,27510.6465264677,45.31615122440968,,
6-132,E_COMMERCE_TRANSACTION,420.52481660739113,0.5,300,FogNode_0,90,1.0,1189.2931772946604,307.33324081489786,28469.966960942173,28162.633720127276,27757.2594470804,26.776575464314543,,
3-55,CLOUD_GAMING,590.8034524268726,50.0,150,FogNode_2,7,1.0,681.967788340379,91.52825125472896,28482.816210645808,28391.28795939108,23516.30411339836,72.51759337976816,,
2-494,HEALTH_MONITORING,63.135144250299184,1.0,100,FogNode_5,134,1.0,782.8923712617282,988.8907356798669,28503.08562171718,27514.194886037312,27348.192669847114,9.384393766098777,,
0-462,HEALTH_MONITORING,462.7518589873508,1.0,100,FogNode_5,125,1.0,782.8923712617282,951.2006044900709,28540.768127065036,27589.567522574966,26903.94736020517,68.7833331545914,,
0-30,CLOUD_GAMING,932.0610866751906,50.0,150,FogNode_2,6,1.0,681.967788340379,61.125871144950786,28547.913135871106,28486.787264726154,23112.66148478163,114.40492876432954,,
4-156,E_COMMERCE_TRANSACTION,654.9568848831597,0.5,300,FogNode_0,91,1.0,1189.2931772946604,307.9988577457084,28581.15602079613,28273.157163050422,27672.00725143334,41.703846625345776,,
4-154,E_COMMERCE_TRANSACTION,144.5601614123499,0.5,300,FogNode_0,89,1.0,1189.2931772946604,306.24900198961353,28591.518285857015,28285.2692838674,28110.246153816865,9.204750631411953,,
0-348,AUGMENTED_REALITY,506.76997517194644,30.0,150,FogNode_4,219,1.0,1758.3565909566523,723.9206222459941,28592.989427050026,27869.068804804032,25173.64117487438,42.215763145888815,,
5-48,CLOUD_GAMING,868.0531401802243,50.0,150,FogNode_2,7,1.0,681.967788340379,85.40069866188728,28616.410171771604,28531.009473109716,23247.872620041104,106.54833581801387,,
1-44,CLOUD_GAMING,933.1721866960092,50.0,150,FogNode_2,6,1.0,681.967788340379,80.87334015841638,28637.075348638078,28556.20200847966,23180.781859016326,114.54130965239477,,
9-384,AUGMENTED_REALITY,378.60028847631867,30.0,150,FogNode_4,219,1.0,1758.3565909566523,728.4572343387086,28638.91246146642,27910.455227127713,25286.255988089135,31.53876687319225,,
7-374,AUGMENTED_REALITY,795.8705517637875,30.0,150,FogNode_4,219,1.0,1758.3565909566523,717.6195050877849,28644.844614443642,27927.22510935586,25065.21960389616,66.298881848018,,
0-478,HEALTH_MONITORING,84.45227011754878,1.0,100,FogNode_5,135,1.0,782.8923712617282,995.0725819289761,28648.640260218464,27653.567678289488,27457.725033500206,12.552966602594863,,
2-169,SENSOR_DATA_LOGGING,985.5728443511157,0.1,10000,FogNode_8,39,1.0,770.9711269175084,377.75813356692333,28664.026726277025,28286.2685927101,26991.1011851567,93.6832994037832,,
4-477,HEALTH_MONITORING,404.80266183437067,1.0,100,FogNode_5,132,1.0,782.8923712617282,983.5842550787955,28692.38161791613,27708.797362837333,27104.405929590754,60.169777408889935,,
0-138,CLOUD_GAMING,133.6800232721082,50.0,150,FogNode_2,43,1.0,681.967788340379,270.040314476776,28743.934158502438,28473.89384402566,24269.341575652517,16.408424038186528,,
8-137,CLOUD_GAMING,131.500219962652,50.0,150,FogNode_2,46,1.0,681.967788340379,270.5842094945008,28829.9000277665,28559.315818272,24353.967979347442,16.140866207585358,,
1-158,HEALTH_MONITORING,444.1208572848047,1.0,100,FogNode_0,58,1.0,1189.2931772946604,269.57743825205966,28840.18400689653,28570.606568644467,28107.118033406467,28.279034151426178,,
1-214,SMART_HOME_CONTROL,870.1745755673317,0.1,150,FogNode_8,33,1.0,770.9711269175084,374.58302449232804,28905.97904485042,28531.396020358094,27382.275723236737,82.71415528915695,,
3-167,E_COMMERCE_TRANSACTION,79.55512262824867,0.5,300,FogNode_0,110,1.0,1189.2931772946604,315.62432445208617,28907.076783334727,28591.452458882643,28472.118068183623,5.065607689490775,,
6-341,AUGMENTED_REALITY,814.6707758248239,30.0,150,FogNode_4,219,1.0,1758.3565909566523,728.7586307973811,28911.56688816173,28182.80825736435,25309.004261699985,67.8650081872532,,
9-213,SENSOR_DATA_LOGGING,210.8153972938689,0.1,10000,FogNode_8,46,1.0,770.9711269175084,381.8404383619251,28937.468091243245,28555.62765288132,28268.39152453685,20.038987576420098,,
6-49,CLOUD_GAMING,326.56786932639574,50.0,150,FogNode_2,13,1.0,681.967788340379,112.63711274414182,28941.530696401394,28828.893583657253,24339.890369591314,40.084254520567626,,
0-157,E_COMMERCE_TRANSACTION,426.837930901784,0.5,300,FogNode_0,103,1.0,1189.2931772946604,313.63636744027434,28950.418798405764,28636.78243096549,28226.67454347061,27.17855787924649,,
0-357,AUGMENTED_REALITY,561.0673464552574,30.0,150,FogNode_4,220,1.0,1758.3565909566523,730.9621705923254,28957.99867488915,28227.036504296826,25497.14345030003,46.73892962741309,,
7-132,CLOUD_GAMING,172.08458658090893,50.0,150,FogNode_2,56,1.0,681.967788340379,279.218026530613,28996.26951733176,28717.051490801146,24457.848958746537,21.1223546939995,,
0-477,HEALTH_MONITORING,390.79893375537824,1.0,100,FogNode_5,135,1.0,782.8923712617282,994.787703266703,29002.258877327728,28007.471174061026,27420.411079691516,58.088266389201145,,
0-363,AUGMENTED_REALITY,160.3129306593474,30.0,150,FogNode_4,220,1.0,1758.3565909566523,737.9213882007062,29002.738912928406,28264.8175247277,25763.343583120695,13.35464420054093,,
3-65,CLOUD_GAMING,505.3005556666401,50.0,150,FogNode_2,13,1.0,681.967788340379,111.66554216719497,29003.24183315856,28891.576290991365,24142.36805310349,62.022623733634774,,
0-155,E_COMMERCE_TRANSACTION,536.0380061284254,0.5,300,FogNode_0,93,1.0,1189.2931772946604,308.5604003223166,29031.875840233566,28723.31543991125,28219.68627648288,34.13178379966794,,
6-339,AUGMENTED_REALITY,840.6276781904082,30.0,150,FogNode_4,219,1.0,1758.3565909566523,726.336365159718,29071.065195363357,28344.72883020364,25451.78286283698,70.02731159107002,,
1-508,VOICE_ASSISTANT,336.1807284649903,2.0,150,FogNode_5,120,1.0,782.8923712617282,936.7241234393789,29078.04887474257,28141.32475130319,27546.12076273281,49.96982853134845,,
1-414,AUGMENTED_REALITY,825.5508070850678,30.0,150,FogNode_4,220,1.0,1758.3565909566523,735.5306354367092,29114.345972320043,28378.815336883334,25499.834089371703,68.77135395595523,,
7-384,AUGMENTED_REALITY,497.05084329311654,30.0,150,FogNode_4,220,1.0,1758.3565909566523,737.7356776410943,29285.418117959674,28547.682440318582,25851.757778766896,41.40612447453476,,
6-346,AUGMENTED_REALITY,675.3262806685623,30.0,150,FogNode_4,221,1.0,1758.3565909566523,739.6641793008895,29342.06541319571,28602.40123389482,25809.586797612403,56.257110143956034,,
6-478,VOICE_ASSISTANT,301.91175858453994,2.0,150,FogNode_5,129,1.0,782.8923712617282,958.7025450011618,29387.89522999517,28429.19268499401,27873.46515673481,44.876096488197206,,
7-127,CLOUD_GAMING,656.5941952855056,50.0,150,FogNode_2,35,1.0,681.967788340379,263.7122588407641,29445.609771443418,29181.897512602653,24211.96459508089,80.59301392644443,,
3-168,E_COMMERCE_TRANSACTION,737.7811835376383,0.5,300,FogNode_0,111,1.0,1189.2931772946604,316.69466686842105,29527.42944121838,29210.73477434996,28536.88412571766,46.97761643777305,,
2-375,AUGMENTED_REALITY,733.9594107271536,30.0,150,FogNode_4,221,1.0,1758.3565909566523,739.9363466985748,29531.75812552148,28791.821778822905,25961.457169997386,61.141460938842286,,
4-143,CLOUD_GAMING,505.37035036233374,50.0,150,FogNode_2,63,1.0,681.967788340379,287.35070577484873,29570.947272229747,29283.596566454897,24536.26769050293,62.03119061546593,,
6-127,CLOUD_GAMING,406.3449340215619,50.0,150,FogNode_2,70,1.0,681.967788340379,296.49802072345585,29599.08366171535,29302.585640991896,24699.367617208776,49.87641249600125,,
5-391,AUGMENTED_REALITY,931.0025753055106,30.0,150,FogNode_4,221,1.0,1758.3565909566523,739.406723973445,29600.53832959206,28861.13160561861,25919.409956545056,77.55586584223836,,
3-156,HEALTH_MONITORING,756.501067853312,1.0,100,FogNode_0,77,1.0,1189.2931772946604,293.7554168916279,29667.9688426118,29374.213425720172,28652.414170367083,48.169589836883645,,
6-477,VOICE_ASSISTANT,785.6726384364895,2.0,150,FogNode_5,127,1.0,782.8923712617282,954.9980767011776,29695.932894281592,28740.934817580415,27569.155828983476,116.7822058203792,,
7-393,AUGMENTED_REALITY,304.4790649255456,30.0,150,FogNode_4,227,1.0,1758.3565909566523,754.825780632771,29704.91928435098,28950.09350371821,26370.93361491261,25.364202138094804,,
6-362,AUGMENTED_REALITY,78.6655309123929,30.0,150,FogNode_4,229,1.0,1758.3565909566523,760.5500280289993,29749.657383162663,28989.107355133663,26534.513977189137,6.553121896411457,,
1-164,CLOUD_GAMING,782.7524152782079,50.0,150,FogNode_2,53,1.0,681.967788340379,276.98498881127387,29764.19519719501,29487.210208383738,24333.311525093995,96.07818155937818,,
5-149,HEALTH_MONITORING,981.7894387716904,1.0,100,FogNode_0,76,1.0,1189.2931772946604,292.6083565997844,29775.942275304045,29483.333918704262,28571.83409146848,62.51464351004282,,
6-353,AUGMENTED_REALITY,890.6274569013194,30.0,150,FogNode_4,223,1.0,1758.3565909566523,746.3580643557398,29791.929403259754,29045.571338904014,26126.433464613874,74.19247314131871,,
6-171,SENSOR_DATA_LOGGING,692.2707382636488,0.1,10000,FogNode_8,46,1.0,770.9711269175084,381.9075876441666,29835.38853741025,29453.480949766083,28541.684509338236,65.80356511743213,,
6-359,AUGMENTED_REALITY,884.9002535617283,30.0,150,FogNode_4,225,1.0,1758.3565909566523,753.446176915493,29845.319564323432,29091.87338740794,26181.722606082636,73.71537648698263,,
9-164,CLOUD_GAMING,621.8772328064321,50.0,150,FogNode_2,68,1.0,681.967788340379,293.6600528515324,29908.156036664026,29614.495983812492,24696.909574303005,76.33171423684969,,
3-208,SMART_HOME_CONTROL,792.8721772790483,0.1,150,FogNode_8,46,1.0,770.9711269175084,382.05350738593575,29934.386140261508,29552.332632875572,28510.327968656333,75.3662014925609,,
6-85,VOICE_ASSISTANT,257.1365574313188,2.0,150,FogNode_0,24,1.0,1189.2931772946604,216.76856869712944,29992.151837706682,29775.38326900955,29388.381080863775,16.372961030554183,,
1-423,AUGMENTED_REALITY,746.9954364772321,30.0,150,FogNode_4,223,1.0,1758.3565909566523,747.46674931318,30025.36423823828,29277.8974889251,26439.238520297153,62.227408809456165,,
2-125,HEALTH_MONITORING,426.6101015680802,1.0,100,FogNode_0,76,1.0,1189.2931772946604,292.71300105974456,30026.677788154153,29733.96478709441,29282.060328203574,27.164051031835868,,
9-406,AUGMENTED_REALITY,62.08641642862598,30.0,150,FogNode_4,235,1.0,1758.3565909566523,774.9351002950887,30060.67358148978,29285.73848119469,26838.23727849766,5.172021980265471,,
5-150,HEALTH_MONITORING,50.69691848932142,1.0,100,FogNode_0,77,1.0,1189.2931772946604,294.4827384434773,30069.305560226843,29774.822821783368,29637.7238432923,3.228085026441836,,
8-490,VOICE_ASSISTANT,794.1772150237394,2.0,150,FogNode_5,132,1.0,782.8923712617282,973.5940675397393,30092.46317251357,29118.86910497383,27935.909092828286,118.04632418830897,,
4-383,AUGMENTED_REALITY,438.7542047140918,30.0,150,FogNode_4,231,1.0,1758.3565909566523,768.2957225741455,30094.844721490434,29326.54899891629,26670.523401410668,36.54980463116092,,
0-108,VOICE_ASSISTANT,130.6339654966119,2.0,150,FogNode_0,23,1.0,1189.2931772946604,214.5895988214371,30101.993521818393,29887.403922996957,29604.5529590938,8.318011439948897,,
1-178,CLOUD_GAMING,469.2483041043239,50.0,150,FogNode_2,70,1.0,681.967788340379,295.3399370931923,30133.689636984098,29838.349699890907,25135.684092058913,57.59742528822664,,
8-151,HEALTH_MONITORING,733.5783775705327,1.0,100,FogNode_0,77,1.0,1189.2931772946604,294.29648614678797,30144.248230374506,29849.951744227717,29143.098958990613,46.710006188161685,,
5-154,CLOUD_GAMING,162.9675020670656,50.0,150,FogNode_2,71,1.0,681.967788340379,300.5253452194696,30147.12260495849,29846.59725973902,25593.84843209586,20.003287049983477,,
1-531,VOICE_ASSISTANT,597.1937112864315,2.0,150,FogNode_5,132,1.0,782.8923712617282,975.4764525342797,30150.699586261893,29175.223133727613,28245.268604845955,88.76674010803772,,
0-148,CLOUD_GAMING,270.49928097994024,50.0,150,FogNode_2,70,1.0,681.967788340379,298.30151180947047,30160.84044291581,29862.53893110634,25452.580376486407,33.202170344546104,,
5-398,AUGMENTED_REALITY,781.4663542251375,30.0,150,FogNode_4,228,1.0,1758.3565909566523,757.9636318543481,30194.087345915537,29436.12371406119,26578.593491392956,65.09896034242382,,
3-401,AUGMENTED_REALITY,796.7974745409733,30.0,150,FogNode_4,230,1.0,1758.3565909566523,763.3654073594639,30245.07837124438,29481.71296388492,26618.10325026684,66.37609785199086,,
0-145,HEALTH_MONITORING,215.71394378445265,1.0,100,FogNode_0,78,1.0,1189.2931772946604,296.14681922405777,30250.685515903664,29954.538696679607,29679.603823010853,13.735409817304424,,
5-416,AUGMENTED_REALITY,335.92097490424635,30.0,150,FogNode_4,245,1.0,1758.3565909566523,807.5153824099327,30251.71615876444,29444.200776354508,26846.72054466931,27.983426420403205,,
0-392,AUGMENTED_REALITY,420.7803832626312,30.0,150,FogNode_4,245,1.0,1758.3565909566523,813.1871714306994,30334.147935313347,29520.96076388265,26873.127567382762,35.05252060409538,,
7-517,VOICE_ASSISTANT,500.656425102764,2.0,150,FogNode_5,132,1.0,782.8923712617282,980.1732952244637,30335.428747710197,29355.255452485733,28544.82364783531,74.41745941159249,,
3-159,HEALTH_MONITORING,297.94477907130977,1.0,100,FogNode_0,82,1.0,1189.2931772946604,300.3174323051383,30352.51608829696,30052.198655991822,29711.09563092614,18.971391332773088,,
2-124,CLOUD_GAMING,971.4503352408459,50.0,150,FogNode_2,64,1.0,681.967788340379,290.18863153811327,30366.01195761308,30075.823326074966,24646.003143431823,119.23972365133534,,
5-153,CLOUD_GAMING,560.516344087004,50.0,150,FogNode_2,70,1.0,681.967788340379,297.5775393419839,30420.99395377044,30123.41641442846,25288.320642596074,68.80003181472055,,
1-458,AUGMENTED_REALITY,190.39582398139973,30.0,150,FogNode_4,245,1.0,1758.3565909566523,831.4011244649164,30442.42848828003,29611.027363815116,27093.09081220378,15.860657503313854,,
0-474,VOICE_ASSISTANT,245.0401717844322,2.0,150,FogNode_5,135,1.0,782.8923712617282,993.0539353299172,30463.69302032681,29470.639084996892,28983.804649512538,36.42271650510566,,
9-449,AUGMENTED_REALITY,388.72704381546725,30.0,150,FogNode_4,245,1.0,1758.3565909566523,829.0930907978643,30472.790226342495,29643.69713554463,27014.800647691205,32.38236204610835,,
7-187,SENSOR_DATA_LOGGING,549.01098294183,0.1,10000,FogNode_8,40,1.0,770.9711269175084,378.41870502710884,30547.49170674278,30169.07300171567,29438.86859634614,52.186056652938206,,
3-442,AUGMENTED_REALITY,661.7996175298542,30.0,150,FogNode_4,245,1.0,1758.3565909566523,821.5514676194495,30570.461296986403,29748.909829366952,26964.03986540057,55.13029041272754,,
0-152,CLOUD_GAMING,313.86833764541603,50.0,150,FogNode_2,73,1.0,681.967788340379,305.15599597817413,30593.928878502,30288.772882523826,25819.212323697175,38.52546289406006,,
5-158,HEALTH_MONITORING,296.06056866664255,1.0,100,FogNode_0,87,1.0,1189.2931772946604,305.41015462072704,30601.454343656424,30296.044189035696,29958.775855918215,18.851415768671426,,
5-514,VOICE_ASSISTANT,434.69745210210976,2.0,150,FogNode_5,135,1.0,782.8923712617282,991.8946373915425,30647.708654598853,29655.81401720731,28925.60495545738,64.6133323695816,,
5-155,CLOUD_GAMING,748.446762798646,50.0,150,FogNode_2,71,1.0,681.967788340379,300.9809678236539,30668.428378514913,30367.44741069126,25260.984819114303,91.86736771439911,,
4-57,AUGMENTED_REALITY,275.9756219544705,30.0,150,FogNode_5,20,1.0,782.8923712617282,120.21660644041741,30687.936489623306,30567.719883182886,27809.714599690356,41.02095492167174,,
9-457,AUGMENTED_REALITY,533.0555901949019,30.0,150,FogNode_4,245,1.0,1758.3565909566523,844.6385625056621,30745.5840557778,29900.94549327214,27190.36073194039,44.40544949732784,,
0-397,AUGMENTED_REALITY,886.2001907534403,30.0,150,FogNode_4,245,1.0,1758.3565909566523,823.8762133756968,30749.07181336598,29925.195599990282,27009.811757925163,73.82366593442124,,
1-217,CLOUD_GAMING,113.7473965902392,50.0,150,FogNode_2,86,1.0,681.967788340379,378.7836979248671,30760.72179531564,30381.938097390772,26204.974770481997,13.961813222408656,,
1-127,VOICE_ASSISTANT,758.1782043703686,2.0,150,FogNode_0,24,1.0,1189.2931772946604,217.54929259579538,30781.75142878268,30564.202136186886,29752.147836678043,48.27638013971339,,
6-415,AUGMENTED_REALITY,87.08284173386853,30.0,150,FogNode_4,245,1.0,1758.3565909566523,851.4686177337835,30798.596945060963,29947.12832732718,27487.125098129287,7.254314187537575,,
1-221,SENSOR_DATA_LOGGING,729.7346036660061,0.1,10000,FogNode_8,48,1.0,770.9711269175084,382.77092650604334,30880.89967129817,30498.128744792128,29537.267518570574,69.36468040122715,,
7-191,CLOUD_GAMING,352.58570748402815,50.0,150,FogNode_2,86,1.0,681.967788340379,381.74342030712063,30938.00621375133,30556.26279344421,26032.58125161083,43.27778868220041,,
0-192,SENSOR_DATA_LOGGING,61.93099467547153,0.1,10000,FogNode_8,34,1.0,770.9711269175084,375.3078759294356,30961.228223838243,30585.920347908806,30483.311623910482,5.886830131136755,,
8-435,AUGMENTED_REALITY,692.3563701852953,30.0,150,FogNode_4,245,1.0,1758.3565909566523,848.793171545941,30964.21326615246,30115.420094606518,27315.33726792362,57.675777903717744,,
7-445,AUGMENTED_REALITY,901.5317850069184,30.0,150,FogNode_4,245,1.0,1758.3565909566523,841.1628311254273,30985.502943230273,30144.340112104845,27218.68725006618,75.1008429246999,,
5-80,AUGMENTED_REALITY,247.53434057916263,30.0,150,FogNode_5,22,1.0,782.8923712617282,129.21847680532136,31004.115762363224,30874.8972855579,28150.247698842515,36.79344919870769,,
1-183,CLOUD_GAMING,598.2506761784325,50.0,150,FogNode_2,75,1.0,681.967788340379,311.4357215210524,31024.364443072755,30712.928721551703,25824.36353965701,73.43169559363534,,
1-475,AUGMENTED_REALITY,398.48101349505913,30.0,150,FogNode_4,245,1.0,1758.3565909566523,865.2402428402137,31025.218220599992,30159.97797775978,27525.024996323107,33.1949028316711,,
8-157,HEALTH_MONITORING,971.6714106638619,1.0,100,FogNode_0,93,1.0,1189.2931772946604,308.29494870063235,31067.701394927008,30759.406446226374,29857.384657016744,61.870386304570296,,
0-417,AUGMENTED_REALITY,266.4613804905665,30.0,150,FogNode_4,245,1.0,1758.3565909566523,860.8835683081295,31115.753279060533,30254.869710752402,27688.794586775213,22.197192172838545,,
1-477,AUGMENTED_REALITY,277.4781085687664,30.0,150,FogNode_4,245,1.0,1758.3565909566523,867.6678542998403,31143.308311035562,30275.64045673572,27707.83238244787,23.114925278542266,,
3-212,CLOUD_GAMING,165.43405829794926,50.0,150,FogNode_2,86,1.0,681.967788340379,387.68520652132986,31180.58960423748,30792.90439771615,26535.88214567907,20.306042088168862,,
2-160,CLOUD_GAMING,705.6143948297531,50.0,150,FogNode_2,86,1.0,681.967788340379,362.2990397617724,31195.51452414613,30833.215484384356,25790.139125780148,86.60995049535325,,
1-182,HEALTH_MONITORING,495.1925645358713,1.0,100,FogNode_0,96,1.0,1189.2931772946604,310.8397183973391,31198.126948284364,30887.287229887024,30385.520510928767,31.530983547260075,,
8-58,AUGMENTED_REALITY,471.8839033449086,30.0,150,FogNode_5,20,1.0,782.8923712617282,123.50839979182521,31250.452940616622,31126.944540824796,28116.076300362518,70.14071819201288,,
6-413,AUGMENTED_REALITY,977.4087641621502,30.0,150,FogNode_4,245,1.0,1758.3565909566523,847.0057911763938,31301.448986241296,30454.4431950649,27489.68650359515,81.42166842182206,,
7-474,AUGMENTED_REALITY,503.56453359354293,30.0,150,FogNode_4,256,1.0,1758.3565909566523,880.6099001861535,31311.601845049896,30430.99194486374,27734.806332309596,41.94873832381652,,
1-133,VOICE_ASSISTANT,879.0900365412336,2.0,150,FogNode_0,28,1.0,1189.2931772946604,228.04768254400892,31340.62451071392,31112.57682816991,30206.094610190536,55.97534265225015,,
6-465,AUGMENTED_REALITY,135.25524619202378,30.0,150,FogNode_4,308,1.0,1758.3565909566523,924.2075828191628,31378.37038369142,30454.16280087226,27963.222432963386,11.267248884553574,,
6-163,CLOUD_GAMING,510.67634545564505,50.0,150,FogNode_2,86,1.0,681.967788340379,377.7305690994076,31417.256041912937,31039.52547281353,26277.45181340548,62.68246980666094,,
1-72,AUGMENTED_REALITY,747.6397896170425,30.0,150,FogNode_5,20,1.0,782.8923712617282,125.2410860460163,31418.66437662209,31293.423290576076,27932.459200687594,111.1290116508497,,
9-86,AUGMENTED_REALITY,138.23721648421775,30.0,150,FogNode_5,23,1.0,782.8923712617282,137.87039959929166,31427.025380914427,31289.154981315136,28706.038795979515,20.547549039791612,,
9-209,SMART_HOME_CONTROL,716.8273512496374,0.1,150,FogNode_8,39,1.0,770.9711269175084,378.03891344430144,31477.263686811155,31099.224773366852,30150.03033453527,68.13778580938296,,
2-438,AUGMENTED_REALITY,661.8239512152016,30.0,150,FogNode_4,262,1.0,1758.3565909566523,886.4640039120753,31492.141069011108,30605.677065099033,27823.416610576398,55.13231749631066,,
2-492,AUGMENTED_REALITY,293.4068960783418,30.0,150,FogNode_4,333,1.0,1758.3565909566523,983.0233771219656,31545.234657745586,30562.211280623622,27990.189582564162,24.441850616763553,,
7-197,CLOUD_GAMING,554.5022009990125,50.0,150,FogNode_2,86,1.0,681.967788340379,384.19146334071655,31573.813279223457,31189.62181588274,26368.309086970534,68.06183168878833,,
0-185,CLOUD_GAMING,826.7521987094032,50.0,150,FogNode_2,86,1.0,681.967788340379,366.9996391715296,31578.315841820524,31211.316202648995,25990.27116270634,101.47889205041278,,
8-156,HEALTH_MONITORING,616.1286813179406,1.0,100,FogNode_0,91,1.0,1189.2931772946604,307.92289386522765,31585.764302442778,31277.84140857755,30671.01558590415,39.23149236265187,,
7-492,AUGMENTED_REALITY,937.3128809410192,30.0,150,FogNode_4,304,1.0,1758.3565909566523,916.4774968674627,31676.370197209097,30759.892700341636,27818.84158217443,78.08153701681103,,
8-471,AUGMENTED_REALITY,690.2433992252231,30.0,150,FogNode_4,313,1.0,1758.3565909566523,932.2759305544976,31704.152140465052,30771.876209910555,27967.956123519165,57.499759816706415,,
8-498,AUGMENTED_REALITY,308.7399221951354,30.0,150,FogNode_4,333,1.0,1758.3565909566523,982.5238733267176,31720.819020885014,30738.295147558296,28152.819872223776,25.719146886410666,,
6-55,AUGMENTED_REALITY,596.7153769451774,30.0,150,FogNode_5,22,1.0,782.8923712617282,132.74773629555975,31766.309135104228,31633.561398808666,28465.24101847623,88.69564059819294,,
4-110,VOICE_ASSISTANT,685.1458909552501,2.0,150,FogNode_0,29,1.0,1189.2931772946604,230.64569719658732,31774.221980220715,31543.576283024126,30800.287141024914,43.626107018450426,,
0-123,VOICE_ASSISTANT,522.6406979761905,2.0,150,FogNode_0,29,1.0,1189.2931772946604,232.36051493445677,31780.079396989368,31547.71888205491,30941.711383125876,33.27872110612443,,
6-176,CLOUD_GAMING,518.8223552414972,50.0,150,FogNode_2,86,1.0,681.967788340379,391.5781659517016,31785.13696651421,31393.558800562507,26621.543623014302,63.68234383057106,,
3-220,CLOUD_GAMING,465.14746959499445,50.0,150,FogNode_2,86,1.0,681.967788340379,398.9004410023523,31862.65623193989,31463.75579093754,26774.788695991843,57.094072357156755,,
3-73,AUGMENTED_REALITY,371.3403993005526,30.0,150,FogNode_5,22,1.0,782.8923712617282,134.67946902262318,31892.982958500837,31758.303489478214,28869.67687419366,55.195954165895834,,
9-178,HEALTH_MONITORING,379.4978022674463,1.0,100,FogNode_0,102,1.0,1189.2931772946604,313.49914970839274,31904.859551211215,31591.36040150282,31186.440177175773,24.164213714984815,,
2-316,CLOUD_GAMING,421.0602331938849,50.0,150,FogNode_4,150,1.0,1758.3565909566523,626.2129192320698,31960.28138896179,31334.068469729722,27088.555938181067,35.0758331107414,,
8-197,SMART_HOME_CONTROL,780.4755540628204,0.1,150,FogNode_8,49,1.0,770.9711269175084,382.8676720654507,31973.556087766574,31590.688415701123,30563.540756686725,74.18784458975237,,
5-504,AUGMENTED_REALITY,901.1742595798089,30.0,150,FogNode_4,333,1.0,1758.3565909566523,977.9477845487188,32004.65045659188,31026.70267204316,28100.235322348482,75.07105976964151,,
7-326,CLOUD_GAMING,226.687151819897,50.0,150,FogNode_4,172,1.0,1758.3565909566523,636.0415138968717,32133.570354288266,31497.528840391395,27357.393090118858,18.88385574973714,,
2-314,CLOUD_GAMING,350.46719131511554,50.0,150,FogNode_4,147,1.0,1758.3565909566523,624.1622175422277,32159.596586526146,31535.43436898392,27327.74926645124,29.195178609276944,,
9-89,AUGMENTED_REALITY,577.8198378984468,30.0,150,FogNode_5,24,1.0,782.8923712617282,143.2313286070448,32165.083202281647,32021.8518736746,28872.721838762278,85.88701188683343,,
9-521,AUGMENTED_REALITY,817.0254052641931,30.0,150,FogNode_4,332,1.0,1758.3565909566523,989.7990429731157,32168.804992717098,31179.005949743983,28304.00494002984,68.06115729548523,,
4-479,AUGMENTED_REALITY,985.3185277066128,30.0,150,FogNode_4,332,1.0,1758.3565909566523,989.2521503879962,32236.733511894054,31247.481361506056,28277.7508882616,82.0805801977609,,
6-186,CLOUD_GAMING,712.0859467995962,50.0,150,FogNode_2,86,1.0,681.967788340379,404.0180206641727,32239.678132712615,31835.66011204844,26777.84861113181,87.40429482823984,,
2-137,HEALTH_MONITORING,551.799663306716,1.0,100,FogNode_0,100,1.0,1189.2931772946604,311.9160915937524,32244.05217833662,31932.136086742867,31376.839178108443,35.13539449328173,,
1-366,CLOUD_GAMING,145.34615858423174,50.0,150,FogNode_4,179,1.0,1758.3565909566523,646.8405203035488,32251.465221780847,31604.6247014773,27515.97502344628,12.107858210966066,,
4-111,VOICE_ASSISTANT,648.5498669287357,2.0,150,FogNode_0,29,1.0,1189.2931772946604,232.39140013946945,32319.545773638936,32087.154373499467,31374.313088587303,41.2958849712824,,
2-218,CLOUD_GAMING,327.7906600698671,50.0,150,FogNode_2,103,1.0,681.967788340379,459.81931494439704,32343.31040017791,31883.491085233512,27394.918302725106,40.234344777419295,,
8-242,CLOUD_GAMING,550.3829925907007,50.0,150,FogNode_2,103,1.0,681.967788340379,450.0456373097611,32385.367145416694,31935.321508106932,27122.852215479354,67.55622347141345,,
6-223,CLOUD_GAMING,63.364508867362886,50.0,150,FogNode_2,103,1.0,681.967788340379,463.44973865885083,32436.224625674637,31972.774887015785,27873.907223701986,7.777614822453823,,
8-110,VOICE_ASSISTANT,765.7634225302054,2.0,150,FogNode_8,15,1.0,770.9711269175084,227.0425170756593,32470.508953455414,32243.466436379753,31079.48429832833,72.78938781292707,,
7-337,CLOUD_GAMING,470.70415045711917,50.0,150,FogNode_4,179,1.0,1758.3565909566523,649.3161600469157,32504.429013977067,31855.11285393015,27579.203200218126,39.211350121408245,,
0-77,AUGMENTED_REALITY,590.443585841875,30.0,150,FogNode_5,25,1.0,782.8923712617282,153.18612053068244,32520.49145634757,32367.305335816887,29202.919714722833,87.7634029668229,,
1-360,CLOUD_GAMING,636.098971086329,50.0,150,FogNode_4,174,1.0,1758.3565909566523,640.5313329459827,32521.354249538206,31880.822916592224,27508.407403034857,52.98933404965974,,
6-304,CLOUD_GAMING,503.95747112010855,50.0,150,FogNode_4,182,1.0,1758.3565909566523,651.9382747966781,32538.072314854002,31886.134040057324,27589.55088421476,41.98147143423214,,
6-91,VOICE_ASSISTANT,859.4250632834537,2.0,150,FogNode_0,29,1.0,1189.2931772946604,231.04336633234783,32627.49470938006,32396.45134304771,31500.045699361643,54.72319148388694,,
7-76,AUGMENTED_REALITY,585.5314926358768,30.0,150,FogNode_5,28,1.0,782.8923712617282,160.77840071011488,32640.89099047236,32480.112589762244,29326.00435149183,87.03327052777891,,
8-82,AUGMENTED_REALITY,390.65326588202845,30.0,150,FogNode_5,28,1.0,782.8923712617282,160.21534192311918,32664.070394164028,32503.85505224091,29597.857962451428,58.06661434898143,,
0-215,CLOUD_GAMING,745.318927043779,50.0,150,FogNode_2,95,1.0,681.967788340379,414.94849424742085,32666.707899448218,32251.7594052008,27148.964989412067,91.48344456618727,,
6-295,CLOUD_GAMING,989.8197898393944,50.0,150,FogNode_4,172,1.0,1758.3565909566523,635.0549888595301,32696.493594619667,32061.438605760137,27483.921543346838,82.45555153656326,,
6-219,CLOUD_GAMING,392.042406761475,50.0,150,FogNode_2,103,1.0,681.967788340379,454.85481349190326,32814.54752312113,32359.692709629227,27771.171398163802,48.12086274102007,,
8-333,CLOUD_GAMING,217.19500854225717,50.0,150,FogNode_4,192,1.0,1758.3565909566523,659.2639352437973,32820.0151883961,32160.751253152303,28025.679358361263,18.093126045950488,,
9-223,CLOUD_GAMING,997.2187912364165,50.0,150,FogNode_2,86,1.0,681.967788340379,404.5595169563739,32879.522747593015,32474.96323063664,26998.456832061915,122.4026476427833,,
1-306,CLOUD_GAMING,159.43295813994786,50.0,150,FogNode_2,100,1.0,681.967788340379,537.0280357670457,32900.49160722119,32363.463571454147,28124.36368239359,19.56944290395358,,
8-332,CLOUD_GAMING,645.9186553941796,50.0,150,FogNode_4,185,1.0,1758.3565909566523,655.5432587444823,32905.414558581004,32249.871299836523,27867.670525727648,53.807349100308635,,
1-377,CLOUD_GAMING,687.7432775312622,50.0,150,FogNode_4,195,1.0,1758.3565909566523,662.7413836268287,32912.48269360261,32249.74130997578,27852.21981174493,57.29149067994008,,
8-334,CLOUD_GAMING,803.7610095060911,50.0,150,FogNode_4,195,1.0,1758.3565909566523,661.6206524887579,32961.53823382467,32299.917581335914,27835.589235973384,66.9561853811421,,
7-346,CLOUD_GAMING,118.17502060332765,50.0,150,FogNode_4,195,1.0,1758.3565909566523,663.9058105007402,32979.69034716453,32315.78453666379,28236.308732008794,9.844404609523089,,
5-14,VIDEO_SURVEILLANCE,54.78424214436513,60.0,800,FogNode_2,0,0.0,681.967788340379,19.998225664841815,32980.82420222203,32960.825976557186,28070.503921560306,6.724438354455232,,
7-122,VOICE_ASSISTANT,890.191405796223,2.0,150,FogNode_0,47,1.0,1189.2931772946604,255.02504354955516,32992.556771477546,32737.53172792799,31821.211649346224,56.68221330500159,,
1-379,CLOUD_GAMING,315.566400063135,50.0,150,FogNode_4,195,1.0,1758.3565909566523,665.7367435574491,32999.481857265266,32333.745113707817,28148.596654676196,26.287817066009097,,
6-107,VOICE_ASSISTANT,898.8174956431005,2.0,150,FogNode_0,51,1.0,1189.2931772946604,259.02741988576855,33075.30348990506,32816.276070019296,31893.090790973754,57.23147255588314,,
9-356,CLOUD_GAMING,192.2023834487358,50.0,150,FogNode_4,197,1.0,1758.3565909566523,670.2611989208547,33088.99831372674,32418.737114805885,28303.152647808,16.011150409994336,,
5-118,VOICE_ASSISTANT,897.8183251977365,2.0,150,FogNode_8,15,1.0,770.9711269175084,223.06912199464938,33138.08520416473,32915.01608217008,31575.51320701837,85.3418227295819,,
8-134,VOICE_ASSISTANT,243.82718127554853,2.0,150,FogNode_0,57,1.0,1189.2931772946604,265.95983442548464,33197.57533706807,32931.615502642584,32561.28777404096,15.525497335324387,,
3-83,AUGMENTED_REALITY,426.4593170195012,30.0,150,FogNode_5,29,1.0,782.8923712617282,164.5670638605602,33208.79318451669,33044.22612065613,30089.31539203613,63.388817807501624,,
4-222,CLOUD_GAMING,975.4471638297366,50.0,150,FogNode_2,103,1.0,681.967788340379,451.0744213872155,33215.478957011386,32764.40453562417,27324.502264777853,119.73031047716923,,
9-153,VOICE_ASSISTANT,752.0760906180257,2.0,150,FogNode_0,48,1.0,1189.2931772946604,256.20767835546087,33259.86703352709,33003.65935517163,32199.185264659467,47.88783301257917,,
0-3,VIDEO_SURVEILLANCE,190.49668966830043,60.0,800,FogNode_2,0,0.0,681.967788340379,17.31546545894664,33260.15805482508,33242.84258936613,28149.858031055617,23.38233032459739,,
9-349,CLOUD_GAMING,776.7974266703072,50.0,150,FogNode_4,194,1.0,1758.3565909566523,660.265201371484,33347.18924220629,32686.924040834805,28232.593763596324,64.71002187042151,,
0-190,GPS_TRACKING,683.4864713338084,0.2,200,FogNode_8,32,1.0,770.9711269175084,373.4962850230698,33357.03563061714,32983.539345594065,32072.297282132367,64.968579541736,,
9-355,CLOUD_GAMING,686.7154549445585,50.0,150,FogNode_4,195,1.0,1758.3565909566523,667.4211904678259,33390.025765410166,32722.60457494234,28319.768239688532,57.205869358626494,,
7-75,AUGMENTED_REALITY,685.685388125656,30.0,150,FogNode_5,26,1.0,782.8923712617282,158.8090928704256,33396.327539691425,33237.518446821,29951.44234340553,101.92012322520246,,
3-284,CLOUD_GAMING,672.5671804534547,50.0,150,FogNode_2,101,1.0,681.967788340379,512.3968930418993,33422.440092082805,32910.043199040905,27912.733301083652,82.55360240762595,,
6-313,CLOUD_GAMING,270.72943275081724,50.0,150,FogNode_4,199,1.0,1758.3565909566523,677.3149352775565,33501.15655130798,32823.84161603042,28656.574307648036,22.55273628977619,,
3-357,CLOUD_GAMING,970.9838685857759,50.0,150,FogNode_4,197,1.0,1758.3565909566523,669.8021305785386,33513.74924357071,32843.94711299217,28285.271313800567,80.88645149268719,,
4-129,VOICE_ASSISTANT,526.1957380533443,2.0,150,FogNode_0,57,1.0,1189.2931772946604,265.36934357618406,33517.747580310344,33252.37823673416,32640.326887638075,33.50508538986049,,
3-8,VIDEO_SURVEILLANCE,543.2517102960066,60.0,800,FogNode_2,0,0.0,681.967788340379,10.993659649218447,33611.141907172685,33600.148247523466,27996.09256468518,66.68090118343652,,
3-360,CLOUD_GAMING,969.2962256753392,50.0,150,FogNode_4,197,1.0,1758.3565909566523,670.9136494951231,33640.249539252036,32969.33588975691,28403.3292398866,80.745864763259,,
7-234,CLOUD_GAMING,871.7452288549331,50.0,150,FogNode_2,103,1.0,681.967788340379,461.3669369441632,33663.64633067908,33202.27939373492,27909.809646255686,107.00151764038604,,
5-381,CLOUD_GAMING,548.0350545592648,50.0,150,FogNode_4,219,1.0,1758.3565909566523,714.8112562471797,33701.70034687893,32986.889090631754,28669.061829433034,45.653292800285286,,
4-142,VOICE_ASSISTANT,605.6781155357647,2.0,150,FogNode_0,67,1.0,1189.2931772946604,287.34296746487195,33706.8510372058,33419.50806974093,32738.497598127575,38.56606109139239,,
7-198,SMART_HOME_CONTROL,499.83558849525986,0.1,150,FogNode_8,54,1.0,770.9711269175084,384.6772474529554,33786.40466911499,33401.727421662035,32739.104191640137,47.51170586533074,,
2-364,CLOUD_GAMING,623.6414567469767,50.0,150,FogNode_4,219,1.0,1758.3565909566523,718.9840813697557,33855.8294657523,33136.84538438254,28775.29458490108,51.95157826202024,,
0-86,AUGMENTED_REALITY,965.4357999754238,30.0,150,FogNode_5,28,1.0,782.8923712617282,162.89948931873926,33874.05641066863,33711.15692134989,30070.099234114132,143.5021620753645,,
9-170,VOICE_ASSISTANT,808.4759536686518,2.0,150,FogNode_0,85,1.0,1189.2931772946604,302.0976356657775,33939.6623683559,33637.56473269012,32792.707009270256,51.4790483927693,,
2-135,VOICE_ASSISTANT,313.00086798582583,2.0,150,FogNode_0,87,1.0,1189.2931772946604,305.2824490904366,33970.033298704875,33664.75084961444,33234.34800685441,19.930075541399365,,
7-382,CLOUD_GAMING,600.6001482608382,50.0,150,FogNode_4,220,1.0,1758.3565909566523,734.3791501373843,33981.81856532431,33247.43941518693,28899.56714351753,50.03215432359109,,
6-66,AUGMENTED_REALITY,499.2236586824634,30.0,150,FogNode_5,29,1.0,782.8923712617282,170.8955024006939,34033.993299389535,33863.09779698884,30813.340975160685,74.20449333029806,,
7-385,CLOUD_GAMING,608.8074018900271,50.0,150,FogNode_4,221,1.0,1758.3565909566523,739.3190615331963,34047.93694360861,33308.617882075414,28949.974813804758,50.71584809445926,,
6-173,SMART_HOME_CONTROL,535.3705597486999,0.1,150,FogNode_8,54,1.0,770.9711269175084,385.22527593544237,34051.44627850899,33666.22100257355,32957.99983856356,50.889470756400385,,
5-382,CLOUD_GAMING,950.2439585695771,50.0,150,FogNode_4,219,1.0,1758.3565909566523,715.9461881081709,34054.16519984303,33338.21901173486,28782.937772611534,79.15874233112169,,
1-6,VIDEO_SURVEILLANCE,813.7699103302186,60.0,800,FogNode_2,0,0.0,681.967788340379,8.878683936631186,34072.79011922444,34063.91143528781,28057.294901375477,99.88539372884176,,
2-376,CLOUD_GAMING,243.0895105544366,50.0,150,FogNode_4,223,1.0,1758.3565909566523,746.0129344187505,34120.06669531379,33374.05376089504,29223.137338019536,20.250231275706852,,
1-179,VOICE_ASSISTANT,770.58037884245,2.0,150,FogNode_0,81,1.0,1189.2931772946604,299.29988446438733,34165.67896809088,33866.37908362649,33049.56337660109,49.06607850603674,,
5-190,GPS_TRACKING,298.2530384833709,0.2,200,FogNode_8,33,1.0,770.9711269175084,374.5432123735771,34173.258376173835,33798.71516380026,33387.32484395675,28.350343521002554,,
3-87,AUGMENTED_REALITY,816.4351468716427,30.0,150,FogNode_5,29,1.0,782.8923712617282,172.9884644802238,34251.63786769562,34078.6494032154,30630.78689966356,121.35473821602734,,
8-486,SENSOR_DATA_LOGGING,403.9419377620303,0.1,10000,FogNode_0,206,1.0,1189.2931772946604,964.2546902595168,34309.68204593884,33345.42735567932,32988.18824600705,25.720674149379914,,
4-197,SENSOR_DATA_LOGGING,130.6621404650237,0.1,10000,FogNode_8,55,1.0,770.9711269175084,385.2880232041274,34342.73572221588,33957.447699011755,33773.92859859098,12.420046368042094,,
9-387,CLOUD_GAMING,863.2418639761702,50.0,150,FogNode_4,221,1.0,1758.3565909566523,738.8883036986615,34346.766212266564,33607.877908567905,29102.732964737104,71.91115467104912,,
8-9,VIDEO_SURVEILLANCE,781.9218307272247,60.0,800,FogNode_2,0,0.0,681.967788340379,18.58255440241483,34362.04605900031,34343.4635045979,28384.029179474088,95.97623226898675,,
8-14,VIDEO_SURVEILLANCE,514.1149381722622,60.0,800,FogNode_2,0,0.5,681.967788340379,27.082682771879675,34365.011733522406,34337.92905075053,28769.556885455255,63.10453651496803,,
9-401,CLOUD_GAMING,674.0414215376248,50.0,150,FogNode_4,230,1.0,1758.3565909566523,765.2369885183665,34437.50122224273,33672.26423372437,29279.906111861827,56.15007675325627,,
1-181,VOICE_ASSISTANT,704.6528123872616,2.0,150,FogNode_0,95,1.0,1189.2931772946604,310.11551128170515,34532.159513584775,34222.04400230307,33458.3003329878,44.868194365434185,,
7-392,CLOUD_GAMING,961.5060060707393,50.0,150,FogNode_4,226,1.0,1758.3565909566523,753.9161227519053,34594.75777108799,33840.841648336085,29284.247453105876,80.09691142783169,,
1-102,AUGMENTED_REALITY,568.7180049040792,30.0,150,FogNode_5,33,1.0,782.8923712617282,182.41276954011053,34600.48832619173,34418.075556651616,31282.05524860555,84.53411745970126,,
6-10,VIDEO_SURVEILLANCE,915.958719951816,60.0,800,FogNode_2,0,0.3333333333333333,681.967788340379,25.863885922421517,34603.269468020815,34577.40558209839,28422.733918005288,112.42845947035208,,
8-88,AUGMENTED_REALITY,302.99153201897377,30.0,150,FogNode_5,33,1.0,782.8923712617282,191.76292802539209,34638.653430934115,34446.890502908725,31652.66970934528,45.036593770768185,,
9-403,CLOUD_GAMING,957.4295025553771,50.0,150,FogNode_4,231,1.0,1758.3565909566523,769.2483724972,34664.56916283346,33895.32079033626,29341.452277958422,79.7573240108591,,
4-14,VIDEO_SURVEILLANCE,863.0665389764721,60.0,800,FogNode_2,0,0.6666666666666666,681.967788340379,33.52639063474162,34687.99332455557,34654.466933920834,28582.816203592763,105.93626031819183,,
2-488,SMART_HOME_CONTROL,637.365002811073,0.1,150,FogNode_0,206,1.0,1189.2931772946604,975.5233283557561,34701.59812997568,33726.07480161993,33176.7912999709,40.58369785110036,,
6-166,SMART_HOME_CONTROL,502.95401589166363,0.1,150,FogNode_8,39,1.0,770.9711269175084,378.0470487993849,34703.81054784625,34325.763499046865,33652.231266975105,47.808126945843156,,
6-488,SENSOR_DATA_LOGGING,534.7577744159769,0.1,10000,FogNode_0,206,1.0,1189.2931772946604,973.8649641373784,34759.32540102174,33785.460436884365,33313.23081438705,34.050266087260994,,
6-72,AUGMENTED_REALITY,130.47379309892645,30.0,150,FogNode_5,33,1.0,782.8923712617282,185.89994388194063,34767.144431025976,34581.24448714404,32001.22470453469,19.393595518569274,,
4-392,CLOUD_GAMING,833.4198896499014,50.0,150,FogNode_4,237,1.0,1758.3565909566523,777.3014674411057,34820.74281856829,34043.441351127185,29557.79818617368,69.42687685985209,,
5-59,VIDEO_SURVEILLANCE,107.81315332379842,60.0,800,FogNode_2,10,1.0,681.967788340379,99.93085858471831,34846.08459391914,34746.153735334425,29779.799598586334,13.233420322122338,,
2-170,SENSOR_DATA_LOGGING,394.3798988140814,0.1,10000,FogNode_8,39,1.0,770.9711269175084,378.08266903193777,34854.27225717133,34476.189588139394,33943.07380372541,37.48765030529881,,
4-476,GPS_TRACKING,413.93580599803255,0.2,200,FogNode_0,206,1.0,1189.2931772946604,976.0887416285626,34880.21146065777,33904.122719029205,33531.492812032535,26.35702557605818,,
7-418,CLOUD_GAMING,869.3200458228899,50.0,150,FogNode_4,245,1.0,1758.3565909566523,801.1705403239246,34931.89470891879,34130.72416859487,29622.97593223516,72.41748909844235,,
8-93,AUGMENTED_REALITY,312.11190393831623,30.0,150,FogNode_5,33,1.0,782.8923712617282,195.9101840322144,35037.31858005967,34841.40839602746,32036.758019856767,46.392243819575576,,
5-26,VIDEO_SURVEILLANCE,937.1222836099149,60.0,800,FogNode_2,0,1.0,681.967788340379,42.57867718043204,35037.79082787077,34995.212150690335,28809.37562900785,115.0261604443741,,
3-435,CLOUD_GAMING,421.2100441608471,50.0,150,FogNode_4,245,1.0,1758.3565909566523,816.2209058798876,35060.29038606805,34244.06948018816,29991.465204029264,35.08831290356217,,
2-410,CLOUD_GAMING,710.0209646291821,50.0,150,FogNode_4,245,1.0,1758.3565909566523,815.9684196425495,35068.36721396875,34252.3987943262,29836.803721817072,59.14730220793148,,
7-518,GPS_TRACKING,394.5742112071038,0.2,200,FogNode_0,206,1.0,1189.2931772946604,981.3218772946863,35091.09743061049,34109.775553315805,33750.44590210459,25.12419178467506,,
0-393,CLOUD_GAMING,941.5158911671647,50.0,150,FogNode_4,245,1.0,1758.3565909566523,813.428890903021,35130.20996321412,34316.781072311096,29772.00063550663,78.43166289817665,,
3-94,AUGMENTED_REALITY,899.0119725553601,30.0,150,FogNode_5,33,1.0,782.8923712617282,187.25311574226828,35182.31458282022,34995.06146707795,31437.073667249544,133.62893917608662,,
4-409,CLOUD_GAMING,124.4795289469403,50.0,150,FogNode_4,245,1.0,1758.3565909566523,824.4133299103654,35201.00307172643,34376.58974181607,30290.857459370163,10.369592848812378,,
1-113,AUGMENTED_REALITY,135.13511508113942,30.0,150,FogNode_5,33,1.0,782.8923712617282,200.39596466507393,35209.92866037422,35009.532695709146,32428.12112219443,20.08645337881644,,
6-30,VIDEO_SURVEILLANCE,582.2172349601221,60.0,800,FogNode_2,6,1.0,681.967788340379,73.39726826369771,35218.74301660396,35145.34574834027,29481.040247555746,71.4636864935332,,
5-508,SENSOR_DATA_LOGGING,634.2377978291576,0.1,10000,FogNode_0,207,1.0,1189.2931772946604,983.6830057312973,35234.88782669444,34251.20482096314,33695.17569390055,40.38457561887115,,
5-421,CLOUD_GAMING,303.1982573226463,50.0,150,FogNode_4,245,1.0,1758.3565909566523,827.0237571764853,35240.79996104748,34413.77620387099,30229.977477020242,25.25750625426486,,
9-54,VIDEO_SURVEILLANCE,898.0623443944969,60.0,800,FogNode_2,6,1.0,681.967788340379,71.9830225629829,35389.65927308873,35317.67625052574,29192.174795756273,110.2317863122887,,
6-402,CLOUD_GAMING,892.3035571536668,50.0,150,FogNode_4,245,1.0,1758.3565909566523,830.0142734425294,35439.35921398156,34609.34494053903,30096.301310170355,74.33209832577812,,
0-400,CLOUD_GAMING,690.2200095187955,50.0,150,FogNode_4,245,1.0,1758.3565909566523,828.5074737063353,35452.82737945645,34624.31990575012,30222.264557771283,57.49781136996533,,
6-42,VIDEO_SURVEILLANCE,67.58242953021501,60.0,800,FogNode_2,11,1.0,681.967788340379,103.59213430862683,35488.758425109794,35385.166290801164,30471.837799834553,8.295339379208494,,
4-95,AUGMENTED_REALITY,574.2720213226273,30.0,150,FogNode_5,33,1.0,782.8923712617282,191.08701498988145,35500.6705738304,35309.58355884052,32162.39171207669,85.35966522194916,,
3-448,CLOUD_GAMING,570.1044437206631,50.0,150,FogNode_4,245,1.0,1758.3565909566523,830.1032835435727,35525.22879855155,34695.125515007974,30356.19468274557,47.491752360356735,,
9-65,VIDEO_SURVEILLANCE,632.1348996532749,60.0,800,FogNode_2,8,1.0,681.967788340379,94.95643940852928,35530.19726499437,35435.24082558584,29696.179009522144,77.59078154657662,,
6-172,SENSOR_DATA_LOGGING,668.9816527517726,0.1,10000,FogNode_8,51,1.0,770.9711269175084,383.85507561262915,35571.5235261863,35187.66845057367,34304.14039881772,63.589828828577836,,
0-476,SENSOR_DATA_LOGGING,573.5132680211465,0.1,10000,FogNode_0,208,1.0,1189.2931772946604,994.0921963268434,35573.32778303355,34579.23558670671,34079.85575494021,36.517990602421854,,
5-62,VIDEO_SURVEILLANCE,259.5158563216955,60.0,800,FogNode_2,11,1.0,681.967788340379,103.36413269327151,35599.28277340574,35495.91864071247,30303.14985181651,31.85402060030861,,
7-442,CLOUD_GAMING,685.5783374393741,50.0,150,FogNode_4,245,1.0,1758.3565909566523,834.8691711945503,35630.69717584757,34795.82800465302,30394.777681836764,57.11114337717579,,
9-53,VIDEO_SURVEILLANCE,876.1638806299743,60.0,800,FogNode_2,6,1.0,681.967788340379,70.76889015323344,35646.804511833085,35576.035621679854,29480.938899972432,107.54388074167291,,
3-529,SENSOR_DATA_LOGGING,960.1942487129479,0.1,10000,FogNode_0,208,1.0,1189.2931772946604,994.9278182984282,35687.57693373409,34692.64911543566,33869.565656281404,61.13958735773495,,
7-459,CLOUD_GAMING,486.0669893493541,50.0,150,FogNode_4,245,1.0,1758.3565909566523,859.8169034357337,35729.25992553341,34869.44302209768,30583.201300448214,40.49112990256632,,
8-99,AUGMENTED_REALITY,415.0233367148189,30.0,150,FogNode_5,33,1.0,782.8923712617282,211.80703124783048,35740.04410401555,35528.23707276772,32587.579205880964,61.68897624453601,,
8-101,AUGMENTED_REALITY,246.33238699013265,30.0,150,FogNode_5,33,1.0,782.8923712617282,215.150550988475,35815.31457348151,35600.16402249304,32876.457319634435,36.614791085196224,,
7-460,CLOUD_GAMING,761.0078122416821,50.0,150,FogNode_4,245,1.0,1758.3565909566523,860.477272088333,35872.15414087841,35011.67686879008,30570.49238986087,63.39469015082313,,
2-319,VIDEO_SURVEILLANCE,674.1866681743113,60.0,800,FogNode_4,169,1.0,1758.3565909566523,634.0415342755543,35908.64742458094,35274.605890305385,30077.344212972803,56.162176320934904,,
9-124,AUGMENTED_REALITY,588.1814120695517,30.0,150,FogNode_5,33,1.0,782.8923712617282,206.38920348002145,35933.60739606046,35727.21819258044,32562.49792129785,87.42715396163081,,
8-200,SENSOR_DATA_LOGGING,293.83122880546216,0.1,10000,FogNode_8,57,1.0,770.9711269175084,386.3132720108193,35952.641856752394,35566.328584741575,35171.587331198476,27.930029870584548,,
9-211,SENSOR_DATA_LOGGING,861.9666693514804,0.1,10000,FogNode_8,39,1.0,770.9711269175084,378.26464439652176,35972.2994299888,35594.03478559228,34454.48394826699,81.93395548971542,,
3-530,SMART_HOME_CONTROL,514.0691373404985,0.1,150,FogNode_0,208,1.0,1189.2931772946604,997.0495859827539,36005.575396283864,35008.52581030111,34559.4199446729,32.732933958387946,,
5-517,SENSOR_DATA_LOGGING,928.7510076723959,0.1,10000,FogNode_0,207,1.0,1189.2931772946604,996.4093468724216,36015.81470444301,35019.405357570584,34221.86610819254,59.137464573739955,,
7-336,VIDEO_SURVEILLANCE,512.8732249101882,60.0,800,FogNode_4,179,1.0,1758.3565909566523,649.0082174359908,36020.93752241446,35371.92930497847,30270.280039131467,42.72418581888242,,
0-455,CLOUD_GAMING,303.88941728574497,50.0,150,FogNode_2,123,1.0,681.967788340379,931.7346620977643,36092.411214204294,35160.67655210653,30702.346213709436,37.30061004995573,,
6-306,VIDEO_SURVEILLANCE,130.23703231510382,60.0,800,FogNode_4,185,1.0,1758.3565909566523,655.3928403567243,36095.00499711494,35439.612156758216,30552.18143566448,10.84921360459922,,
8-49,VIDEO_SURVEILLANCE,867.5180056468915,60.0,800,FogNode_2,10,1.0,681.967788340379,102.95596424381715,36118.16521191734,36015.20924767352,29937.594328798885,106.48265125179765,,
6-299,VIDEO_SURVEILLANCE,934.3248836322963,60.0,800,FogNode_4,179,1.0,1758.3565909566523,646.4095806489635,36162.05974953575,35515.65016888679,30178.391990903005,77.83262608513478,,
4-181,E_COMMERCE_TRANSACTION,182.6975941030368,0.5,300,FogNode_8,27,1.0,770.9711269175084,352.79351739475703,36189.61259109558,35836.819073700826,35552.58765811518,17.366259132245418,,
7-494,CLOUD_GAMING,413.6710564961837,50.0,150,FogNode_2,119,1.0,681.967788340379,922.9082956805697,36205.867224414615,35282.95892873404,30669.12102864219,50.77565025177717,,
0-115,AUGMENTED_REALITY,346.5240221803433,30.0,150,FogNode_5,33,1.0,782.8923712617282,225.11103548644783,36257.93482998226,36032.82379449581,33178.13603395349,51.50725340327828,,
1-540,SMART_HOME_CONTROL,743.8949360784926,0.1,150,FogNode_0,208,1.0,1189.2931772946604,995.0785695646125,36313.070252186204,35317.99168262159,34673.202278492885,47.36690465529379,,
7-47,VIDEO_SURVEILLANCE,877.0009585955318,60.0,800,FogNode_2,10,1.0,681.967788340379,98.31364678276006,36323.77672572348,36225.463078940724,30127.7187489582,107.64662705990125,,
3-206,GPS_TRACKING,107.41972543445283,0.2,200,FogNode_8,34,1.0,770.9711269175084,375.49079021760485,36328.9430039788,35953.45221376119,35788.88795839004,10.210746326288671,,
9-347,VIDEO_SURVEILLANCE,818.0098549096522,60.0,800,FogNode_4,185,1.0,1758.3565909566523,655.8226435947429,36373.860146003164,35718.03750240842,30440.00538009772,68.14316549466406,,
8-140,VIDEO_SURVEILLANCE,180.26816720983632,60.0,800,FogNode_2,53,1.0,681.967788340379,275.8783601113635,36382.50052260486,36106.6221624935,31034.080694143166,22.126840314388726,,
6-301,VIDEO_SURVEILLANCE,927.8208834844032,60.0,800,FogNode_4,179,1.0,1758.3565909566523,647.7699514987053,36399.81780606228,35752.04785456358,30411.956958087896,77.29081946044057,,
7-344,VIDEO_SURVEILLANCE,566.3647359842121,60.0,800,FogNode_4,194,1.0,1758.3565909566523,659.682631282215,36484.15865649073,35824.47602520851,30689.95312585884,47.180221244127324,,
2-498,GPS_TRACKING,293.0337606804444,0.2,200,FogNode_0,208,1.0,1189.2931772946604,996.5306829163432,36559.463459744176,35562.93277682783,35289.50527370201,18.658686233439045,,
4-475,E_COMMERCE_TRANSACTION,66.00162566237857,0.5,300,FogNode_0,206,1.0,1189.2931772946604,975.8955596982629,36614.959973911115,35639.06441421285,35535.68800649897,4.2025998003492315,,
7-341,VIDEO_SURVEILLANCE,951.6441203092846,60.0,800,FogNode_4,190,1.0,1758.3565909566523,657.9888490177502,36636.21724337014,35978.228394352394,30623.499002860393,79.27538084418548,,
3-150,VIDEO_SURVEILLANCE,307.3230941712969,60.0,800,FogNode_2,60,1.0,681.967788340379,282.5140390702302,36656.50888143362,36373.99484236339,31116.72542606223,37.722073369374606,,
4-108,AUGMENTED_REALITY,742.975047050942,30.0,150,FogNode_5,33,1.0,782.8923712617282,225.51660516841878,36689.057115668154,36463.54051049973,33107.05974781329,110.43564535577606,,
6-499,SENSOR_DATA_LOGGING,838.5678768954493,0.1,10000,FogNode_0,208,1.0,1189.2931772946604,995.2837357223905,36710.67309036379,35715.3893546414,34990.637892247556,53.395127114708266,,
0-323,VIDEO_SURVEILLANCE,660.4834366317391,60.0,800,FogNode_4,199,1.0,1758.3565909566523,673.8996107179048,36775.4432281346,36101.5436174167,30915.976211634923,55.02064780607326,,
3-372,VIDEO_SURVEILLANCE,259.4443047966512,60.0,800,FogNode_4,211,1.0,1758.3565909566523,693.7654854106044,36783.76655511441,36090.0010697038,31131.34134148426,21.612644508248525,,
9-368,VIDEO_SURVEILLANCE,528.6385988437926,60.0,800,FogNode_4,211,1.0,1758.3565909566523,692.891028983785,36784.802224219035,36091.91119523525,30980.85445931132,44.03749821798734,,
2-501,SENSOR_DATA_LOGGING,916.9423208499402,0.1,10000,FogNode_0,208,1.0,1189.2931772946604,999.6701475616328,36786.81241834207,35787.14227078044,34997.54768918505,58.38555605051207,,
4-51,VIDEO_SURVEILLANCE,877.7285781161571,60.0,800,FogNode_2,13,1.0,681.967788340379,112.3531376866458,36817.250104032675,36704.89696634603,30604.338311485677,107.73593800809417,,
4-332,VIDEO_SURVEILLANCE,831.6280412924075,60.0,800,FogNode_4,197,1.0,1758.3565909566523,670.3388485842524,36846.81770510666,36176.47885652241,30898.459619561338,69.27760944157687,,
3-64,VIDEO_SURVEILLANCE,932.9848594810406,60.0,800,FogNode_2,12,1.0,681.967788340379,110.6929724020536,36856.836031460574,36746.14305905852,30570.67651351754,114.51831635615005,,
4-367,VIDEO_SURVEILLANCE,55.79473895299217,60.0,800,FogNode_4,220,1.0,1758.3565909566523,737.1533967590819,36878.54889048734,36141.39549372826,31300.656507631855,4.647902598465947,,
0-124,AUGMENTED_REALITY,760.3353874089111,30.0,150,FogNode_5,33,1.0,782.8923712617282,232.94774287377277,36904.7950271055,36671.84728423173,33295.63653837205,113.01608247629322,,
5-516,GPS_TRACKING,360.98327298875006,0.2,200,FogNode_0,208,1.0,1189.2931772946604,995.7075000640406,36918.487548003395,35922.780047939355,35588.9764906994,22.98531613073091,,
9-135,AUGMENTED_REALITY,536.7581880652133,30.0,150,FogNode_5,33,1.0,782.8923712617282,232.41647486281184,36943.54399896696,36711.12752410415,33619.51435732494,79.7836174098516,,
0-197,SENSOR_DATA_LOGGING,774.8115593428164,0.1,10000,FogNode_8,52,1.0,770.9711269175084,384.4163214852623,36977.28072214258,36592.86440065732,35572.11536658793,73.64945545269683,,
8-371,VIDEO_SURVEILLANCE,361.79421428966776,60.0,800,FogNode_4,220,1.0,1758.3565909566523,733.1898002458339,36989.52357627291,36256.33377602708,31241.612617294348,30.138760396811794,,
8-199,SENSOR_DATA_LOGGING,582.9980727736212,0.1,10000,FogNode_8,52,1.0,770.9711269175084,384.2536608552403,37085.12965276364,36700.8759919084,35928.071472404845,55.41668818953586,,
5-189,GPS_TRACKING,123.91673283199407,0.2,200,FogNode_8,32,1.0,770.9711269175084,373.28049276853096,37138.00883309978,36764.728340331254,36575.81508796354,11.778863885684098,,
5-124,AUGMENTED_REALITY,371.5793500321826,30.0,150,FogNode_5,33,1.0,782.8923712617282,236.69733559843743,37163.680912849035,36926.9835772506,34042.47689173876,55.231471749373966,,
3-382,VIDEO_SURVEILLANCE,729.081371425413,60.0,800,FogNode_4,219,1.0,1758.3565909566523,721.5894985276353,37190.08117766948,36468.49167914185,31242.562399933224,60.735102705585184,,
3-390,VIDEO_SURVEILLANCE,766.84726654706,60.0,800,FogNode_4,220,1.0,1758.3565909566523,733.4667755478209,37220.91812385566,36487.45134830784,31239.154983157798,63.88113771467778,,
6-348,VIDEO_SURVEILLANCE,526.7742380387681,60.0,800,FogNode_4,221,1.0,1758.3565909566523,741.7690307462248,37289.106858041814,36547.33782729559,31441.323665092532,43.8821902518106,,
9-517,E_COMMERCE_TRANSACTION,648.83827065574,0.5,300,FogNode_0,206,1.0,1189.2931772946604,980.5429198905534,37332.37871187087,36351.83579198032,35753.32858228449,41.31424884388954,,
9-165,VIDEO_SURVEILLANCE,474.2883963017761,60.0,800,FogNode_2,70,1.0,681.967788340379,294.25321870715203,37351.97926054931,37057.72604184216,31552.66162847785,58.216066487884525,,
7-391,VIDEO_SURVEILLANCE,236.31895889848818,60.0,800,FogNode_4,225,1.0,1758.3565909566523,753.4693657214345,37355.31575407123,36601.84638834979,31661.810525089186,19.686219950889225,,
1-163,VIDEO_SURVEILLANCE,870.3447565918086,60.0,800,FogNode_2,53,1.0,681.967788340379,276.66779331708767,37368.636824082234,37091.96903076515,31008.790595391132,106.8296180387508,,
0-367,VIDEO_SURVEILLANCE,50.71666630192547,60.0,800,FogNode_4,227,1.0,1758.3565909566523,755.0401975352015,37384.15897424782,36629.11877671262,31792.29185198949,4.224880867152228,,
9-523,E_COMMERCE_TRANSACTION,564.8745836610068,0.5,300,FogNode_0,208,1.0,1189.2931772946604,993.5390966706611,37393.45418738659,36399.91509071593,35876.03403825449,35.96792940615806,,
0-362,VIDEO_SURVEILLANCE,923.0931507409987,60.0,800,FogNode_4,220,1.0,1758.3565909566523,736.655156563709,37403.523833276835,36666.86867671313,31331.6277372189,76.89698230454965,,
4-373,VIDEO_SURVEILLANCE,414.1532609081537,60.0,800,FogNode_4,223,1.0,1758.3565909566523,745.8845904490491,37425.61546180626,36679.730871357206,31638.99727406972,34.50045745639109,,
6-356,VIDEO_SURVEILLANCE,287.17765766934974,60.0,800,FogNode_4,223,1.0,1758.3565909566523,748.2692504253329,37452.42848412513,36704.15923369979,31728.993680938464,23.92293263397648,,
5-187,GPS_TRACKING,297.59366292922834,0.2,200,FogNode_8,31,1.0,770.9711269175084,372.11791488473443,37471.12810658261,37099.010191697875,36683.23615703933,28.287666796687017,,
0-375,VIDEO_SURVEILLANCE,79.66529696687012,60.0,800,FogNode_4,230,1.0,1758.3565909566523,764.8330405885827,37497.73516274572,36732.90212215713,31874.023449431872,6.636406007595807,,
6-118,VIDEO_SURVEILLANCE,780.0365751474159,60.0,800,FogNode_2,59,1.0,681.967788340379,281.3574496036247,37526.30318965706,37244.94574005344,31286.729859300423,95.74482841210012,,
2-499,GPS_TRACKING,973.1658046613597,0.2,200,FogNode_0,208,1.0,1189.2931772946604,996.9912794463597,37528.94550900749,36531.95422956113,35682.69536621475,61.96554062618737,,
2-98,AUGMENTED_REALITY,488.28097135345325,30.0,150,FogNode_5,33,1.0,782.8923712617282,239.62229129292376,37567.23250236434,37327.61021107142,34293.31849217582,72.57797472526227,,
4-192,SENSOR_DATA_LOGGING,385.08184784865887,0.1,10000,FogNode_8,42,1.0,770.9711269175084,379.99594147784353,37637.48518753641,37257.48924605857,36735.460959137425,36.60382715873188,,
6-370,VIDEO_SURVEILLANCE,253.8316823941115,60.0,800,FogNode_4,232,1.0,1758.3565909566523,770.3490818838662,37642.09250396967,36871.7434220858,31917.556904545076,21.1450928584245,,
4-385,VIDEO_SURVEILLANCE,485.3250517501366,60.0,800,FogNode_4,231,1.0,1758.3565909566523,768.9511050047959,37660.16957087321,36891.21846586841,31808.519670738897,40.42932382980724,,
0-151,VIDEO_SURVEILLANCE,569.4356110398174,60.0,800,FogNode_2,72,1.0,681.967788340379,302.4937940892185,37691.82504527541,37389.33125118619,31746.156738210186,69.89481853519895,,
9-136,AUGMENTED_REALITY,617.5773836837037,30.0,150,FogNode_5,33,1.0,782.8923712617282,232.59580528728344,37693.63574947504,37461.03994418776,34257.28697098576,91.79656462885926,,
2-115,VIDEO_SURVEILLANCE,957.3181989870596,60.0,800,FogNode_2,53,1.0,681.967788340379,275.7024319359462,37727.53540077288,37451.832968836934,31233.098495042996,117.50508837418892,,
2-496,HEALTH_MONITORING,278.3933499123224,1.0,100,FogNode_0,208,1.0,1189.2931772946604,995.8787949913853,37763.028538513805,36767.14974352242,36448.036642494706,17.72646999249558,,
8-506,E_COMMERCE_TRANSACTION,558.6419476186438,0.5,300,FogNode_0,208,1.0,1189.2931772946604,998.019134637367,37802.10472920952,36804.08559457215,36284.793861591344,35.57107137842899,,
2-489,HEALTH_MONITORING,508.16251512417733,1.0,100,FogNode_0,206,1.0,1189.2931772946604,979.4429086808692,37820.735302611785,36841.29239393092,36321.248715298854,32.35683459571423,,
4-388,VIDEO_SURVEILLANCE,360.8887723187109,60.0,800,FogNode_4,233,1.0,1758.3565909566523,772.6929968546168,37847.33458863827,37074.64159178365,32054.921272568925,30.063333821322004,,
7-409,VIDEO_SURVEILLANCE,752.6189375544976,60.0,800,FogNode_4,231,1.0,1758.3565909566523,768.9558575193995,37853.63952781498,37084.68367029558,31848.607618521408,62.695866692044696,,
4-381,VIDEO_SURVEILLANCE,805.9101713798257,60.0,800,FogNode_4,230,1.0,1758.3565909566523,766.3325621678607,37861.855309113234,37095.522746945375,31827.637532482688,67.13521830153753,,
5-417,VIDEO_SURVEILLANCE,376.04332730812513,60.0,800,FogNode_4,245,1.0,1758.3565909566523,812.30099907006,37874.030245802365,37061.729246732306,32039.137374178674,31.32576280361795,,
4-155,VIDEO_SURVEILLANCE,365.5250834944968,60.0,800,FogNode_2,74,1.0,681.967788340379,307.77344452709724,37904.622672305406,37596.84922777831,32250.23938452817,44.866019766938756,,
7-138,VIDEO_SURVEILLANCE,790.9879522390207,60.0,800,FogNode_2,70,1.0,681.967788340379,295.8892123403007,37977.11126721745,37681.22205487715,31709.881721261918,97.08904450903604,,
9-144,AUGMENTED_REALITY,326.32158094414496,30.0,150,FogNode_5,35,1.0,782.8923712617282,244.85370107072518,37984.047882003615,37739.19418093289,34916.54002616862,48.50436704183533,,
3-444,VIDEO_SURVEILLANCE,376.89494650921887,60.0,800,FogNode_4,245,1.0,1758.3565909566523,822.7009226549314,38067.98452953284,37245.28360687791,32216.53084950983,31.39670574863293,,
6-418,VIDEO_SURVEILLANCE,378.1946871336271,60.0,800,FogNode_4,245,1.0,1758.3565909566523,852.2114585916896,38089.11442672375,37236.90296813206,32213.329982847565,31.50497882130755,,
7-144,VIDEO_SURVEILLANCE,395.47452286090027,60.0,800,FogNode_2,74,1.0,681.967788340379,308.0045192732302,38106.205246062564,37798.200726789335,32405.885493697562,48.54213448326853,,
3-534,HEALTH_MONITORING,372.1713125632533,1.0,100,FogNode_0,208,1.0,1189.2931772946604,999.1102798458348,38115.03960487226,37115.92932502642,36713.80419606554,23.697705445543008,,
1-143,AUGMENTED_REALITY,749.9217415872747,30.0,150,FogNode_5,33,1.0,782.8923712617282,240.3145374546212,38121.567040132,37881.25250267738,34513.26910268435,111.46820048296965,,
9-146,AUGMENTED_REALITY,133.77157246818868,30.0,150,FogNode_5,35,1.0,782.8923712617282,246.6367111519782,38154.9162891802,37908.27957802822,35329.00512465791,19.883776708813834,,
8-507,HEALTH_MONITORING,552.4324229085335,1.0,100,FogNode_0,208,1.0,1189.2931772946604,998.4720617562356,38227.533366638,37229.06130488177,36675.2497580521,35.17568494597254,,
6-97,AUGMENTED_REALITY,438.0157101149938,30.0,150,FogNode_5,35,1.0,782.8923712617282,245.0452524282974,38253.11969157691,38008.074439148615,35042.2699068098,65.10655750084862,,
3-210,SMART_HOME_CONTROL,483.8340765484764,0.1,150,FogNode_8,54,1.0,770.9711269175084,384.77401016175224,38265.049644435,37880.27563427325,37234.6161391177,45.99068746144939,,
6-394,VIDEO_SURVEILLANCE,749.4321364942296,60.0,800,FogNode_4,245,1.0,1758.3565909566523,819.2979548086646,38273.54627991216,37454.248325103494,32220.604314959317,62.43039469223314,,
5-218,VIDEO_SURVEILLANCE,294.3694329110517,60.0,800,FogNode_2,96,1.0,681.967788340379,417.85108008982945,38336.26979397874,37918.41871388891,32674.7183056759,36.132088855589146,,
5-196,SMART_HOME_CONTROL,670.1153997714159,0.1,150,FogNode_8,58,1.0,770.9711269175084,386.5354049202392,38340.31162899371,37953.776224073474,37068.50067577685,63.69759677500429,,
7-439,VIDEO_SURVEILLANCE,889.999809156269,60.0,800,FogNode_4,245,1.0,1758.3565909566523,829.0735227381434,38368.0096430712,37538.936120333055,32218.420174400395,74.14018782481963,,
6-131,VIDEO_SURVEILLANCE,701.4090132845798,60.0,800,FogNode_2,73,1.0,681.967788340379,303.71395817090314,38380.48680192676,38076.772843755854,32235.352312605293,86.0937650403649,,
4-217,VIDEO_SURVEILLANCE,292.5286069947704,60.0,800,FogNode_2,102,1.0,681.967788340379,438.2711069983167,38406.05910316533,37967.78799616701,32731.780221132285,35.90613847440658,,
2-500,HEALTH_MONITORING,732.2957161456324,1.0,100,FogNode_0,208,1.0,1189.2931772946604,997.1580107334532,38436.475584424734,37439.31757369128,36732.19221597635,46.62833376579173,,
1-227,VIDEO_SURVEILLANCE,523.3942274058705,60.0,800,FogNode_2,86,1.0,681.967788340379,389.6654324407099,38459.30151022632,38069.63607778562,32492.89746535908,64.24351381906453,,
1-220,SENSOR_DATA_LOGGING,272.99828254728476,0.1,10000,FogNode_8,46,1.0,770.9711269175084,381.5855361533168,38619.14628050331,38237.56074434999,37861.90089784611,25.94976108278863,,
1-223,SMART_HOME_CONTROL,70.56971631125465,0.1,150,FogNode_8,50,1.0,770.9711269175084,383.196989249621,38710.679820278536,38327.482831028916,38215.554264899845,6.707980947242937,,
6-222,VIDEO_SURVEILLANCE,211.7176343995134,60.0,800,FogNode_2,103,1.0,681.967788340379,462.60884944304826,38716.510180209225,38253.90133076617,33129.01663600466,25.98707448245776,,
6-501,HEALTH_MONITORING,809.068020061316,1.0,100,FogNode_0,208,1.0,1189.2931772946604,996.7946375298817,38795.33277018053,37798.53813265065,37025.159519218825,51.5167477384844,,
2-157,E_COMMERCE_TRANSACTION,371.3126367056788,0.5,300,FogNode_8,27,1.0,770.9711269175084,356.79147999416915,38821.92841559149,38465.136935597315,37937.14086530082,35.2949993663925,,
3-533,HEALTH_MONITORING,766.9287650306871,1.0,100,FogNode_0,208,1.0,1189.2931772946604,998.6957850474452,38872.39434765805,37873.69856261061,37135.53393372693,48.83356496834346,,
7-230,VIDEO_SURVEILLANCE,575.6689607380896,60.0,800,FogNode_2,103,1.0,681.967788340379,448.6288474460779,38950.33450052343,38501.705653077355,32848.00303249723,70.65992496265191,,
2-106,AUGMENTED_REALITY,630.574180287333,30.0,150,FogNode_5,38,1.0,782.8923712617282,256.0580973410307,38960.35801199464,38704.29991465361,35488.92192227369,93.72840557853404,,
8-219,VIDEO_SURVEILLANCE,879.2627829887812,60.0,800,FogNode_2,97,1.0,681.967788340379,419.23332524688533,39016.837913327814,38597.604588080925,32498.610110151996,107.92425248841279,,
3-269,VIDEO_SURVEILLANCE,80.2243223829345,60.0,800,FogNode_2,103,1.0,681.967788340379,476.06235313023853,39067.97102787052,38591.908674740276,33663.67699867945,9.84705618397375,,
1-539,VOICE_ASSISTANT,830.9995947450961,2.0,150,FogNode_0,208,1.0,1189.2931772946604,994.289939526179,39135.20959771102,38140.919658184845,37276.84604679976,52.91322290803369,,
2-103,AUGMENTED_REALITY,811.3755190028285,30.0,150,FogNode_5,34,1.0,782.8923712617282,243.3420748107122,39157.948985833165,38914.606911022456,35466.03310221294,120.60267625759356,,
9-179,AUGMENTED_REALITY,245.60101057151078,30.0,150,FogNode_0,115,1.0,1189.2931772946604,317.5833692553376,39341.719662058815,39024.13629280348,36411.35612464644,15.638444472160048,,
0-244,VIDEO_SURVEILLANCE,191.2432929697264,60.0,800,FogNode_2,102,1.0,681.967788340379,484.07889328833016,39348.39965842964,38864.32076514131,33774.26615679082,23.473971418444084,,
4-124,AUGMENTED_REALITY,922.1461932671823,30.0,150,FogNode_5,38,1.0,782.8923712617282,255.98393565200507,39430.99065713637,39175.006721484366,35585.6097772548,137.06760458517925,,
8-249,VIDEO_SURVEILLANCE,512.7759730737957,60.0,800,FogNode_2,103,1.0,681.967788340379,466.0082185682188,39468.41662189275,39002.40840332453,33437.45827185865,62.9401865502523,,
2-141,AUGMENTED_REALITY,167.27112413739337,30.0,150,FogNode_0,123,1.0,1189.2931772946604,319.0445447253019,39482.36717213526,39163.32262740996,36612.41227242326,10.65085270020404,,
2-223,VIDEO_SURVEILLANCE,767.1195350024603,60.0,800,FogNode_2,103,1.0,681.967788340379,468.3618219408935,39505.34863281954,39036.98681087865,33104.498854330006,94.1593389213833,,
3-532,VOICE_ASSISTANT,910.5563532885259,2.0,150,FogNode_0,208,1.0,1189.2931772946604,998.6061554446029,39560.960935440686,38562.35477999608,37629.86527873395,57.97893476309227,,
2-224,VIDEO_SURVEILLANCE,779.4645933734864,60.0,800,FogNode_2,103,1.0,681.967788340379,468.87288609671555,39602.2654547117,39133.39256861498,33181.23698837284,95.67462106728509,,
4-202,SENSOR_DATA_LOGGING,622.4252832862651,0.1,10000,FogNode_8,73,1.0,770.9711269175084,390.753294892827,39629.25473632524,39238.50144143241,38417.73547386921,59.16442859074776,,
1-543,VOICE_ASSISTANT,906.3696888722847,2.0,150,FogNode_0,208,1.0,1189.2931772946604,998.449323868301,39634.50221658071,38636.05289271241,37701.77440722133,57.71235231359582,,
1-279,VIDEO_SURVEILLANCE,137.67503804851754,60.0,800,FogNode_2,101,1.0,681.967788340379,495.31750218540515,39670.29571413486,39174.978211949456,34160.00632661756,16.898788229376958,,
7-194,GPS_TRACKING,744.0137912583849,0.2,200,FogNode_8,46,1.0,770.9711269175084,382.21330111145187,39675.714391979156,39293.50109086771,38306.8668982648,70.72198383559717,,
8-196,SENSOR_DATA_LOGGING,84.06549362843697,0.1,10000,FogNode_8,48,1.0,770.9711269175084,382.7322776988635,39738.29318237515,39355.560904676284,39224.9600492136,7.990817578080497,,
0-238,VIDEO_SURVEILLANCE,973.4249166446276,60.0,800,FogNode_2,103,1.0,681.967788340379,467.2925388676585,39763.64647259509,39296.35393372743,33060.341204698954,119.48209171933915,,
2-111,AUGMENTED_REALITY,504.3385230260581,30.0,150,FogNode_5,41,1.0,782.8923712617282,265.61144272276516,39802.14803737489,39536.53659465213,36485.67959356345,74.96476562602889,,
9-182,AUGMENTED_REALITY,389.9051513254362,30.0,150,FogNode_0,129,1.0,1189.2931772946604,322.7954905121667,39810.213290123065,39487.4177996109,36751.46702235155,24.82689319650256,,
8-169,CLOUD_GAMING,265.14549752427797,50.0,150,FogNode_0,155,1.0,1189.2931772946604,331.31029032322,39857.44598064687,39526.13569032365,35288.28925740538,16.882923773106214,,
0-132,AUGMENTED_REALITY,702.3612275980983,30.0,150,FogNode_5,41,1.0,782.8923712617282,260.8370688813299,39857.49439163027,39596.65732274894,36290.690867061676,104.39881628669664,,
1-197,CLOUD_GAMING,57.86277170640977,50.0,150,FogNode_0,161,1.0,1189.2931772946604,342.8500613314719,39906.09905695396,39563.24899562248,35501.0402097312,3.6843648982970727,,
3-292,VIDEO_SURVEILLANCE,123.14476296458268,60.0,800,FogNode_2,100,1.0,681.967788340379,541.6184785487906,39944.21916982506,39402.60069127627,34414.9793105848,15.11528378994854,,
8-154,AUGMENTED_REALITY,433.34969838548085,30.0,150,FogNode_5,66,1.0,782.8923712617282,300.15399083386006,39984.51463347437,39684.36064264051,36719.66952567801,64.41300255760831,,
2-237,VIDEO_SURVEILLANCE,698.0248225137075,60.0,800,FogNode_2,102,1.0,681.967788340379,482.19735379357076,40040.38306377019,39558.18570997662,33727.786802995826,85.67837584581366,,
3-213,SMART_HOME_CONTROL,308.86569781862397,0.1,150,FogNode_8,64,1.0,770.9711269175084,389.38072616942,40138.91220302969,39749.53147686028,39332.952073651104,29.35912632957258,,
2-172,SMART_HOME_CONTROL,360.5480346896355,0.1,150,FogNode_8,52,1.0,770.9711269175084,384.5225746158072,40143.3687853819,39758.84621076609,39271.22651260836,34.271773696761244,,
3-178,CLOUD_GAMING,780.2348452614968,50.0,150,FogNode_0,151,1.0,1189.2931772946604,330.05834104814596,40217.01014194192,39886.951800893774,35224.94976420312,49.680818798233695,,
8-265,VIDEO_SURVEILLANCE,595.507439771692,60.0,800,FogNode_2,101,1.0,681.967788340379,491.99394205883294,40221.61896578271,39729.62502372388,34049.43526247591,73.09497971719382,,
4-175,CLOUD_GAMING,514.576573966129,50.0,150,FogNode_0,161,1.0,1189.2931772946604,342.49085499082514,40242.887574134904,39900.396719144075,35459.02619658946,32.765244572560896,,
3-288,VIDEO_SURVEILLANCE,456.861007022826,60.0,800,FogNode_2,100,1.0,681.967788340379,527.428251146969,40272.18127014139,39744.753018994415,34261.51018853874,56.07695859301612,,
7-173,CLOUD_GAMING,104.69647874273741,50.0,150,FogNode_0,170,1.0,1189.2931772946604,355.4058718938874,40305.042664739114,39949.636792845224,35851.34443486965,6.666463079443477,,
3-189,CLOUD_GAMING,508.0155863015964,50.0,150,FogNode_0,161,1.0,1189.2931772946604,344.45059786385195,40333.256629199685,39988.80603133583,35549.00048137468,32.34747902251058,,
2-267,VIDEO_SURVEILLANCE,651.6607175585671,60.0,800,FogNode_2,100,1.0,681.967788340379,526.3763407252401,40460.90801362906,39934.53167290382,34165.303803681956,79.98745901595656,,
7-183,CLOUD_GAMING,258.2290689035045,50.0,150,FogNode_0,181,1.0,1189.2931772946604,373.2686994065729,40522.170849642105,40148.90215023553,35919.993325747564,16.442525809433622,,
4-278,VIDEO_SURVEILLANCE,342.9165709537858,60.0,800,FogNode_2,100,1.0,681.967788340379,566.2664493561176,40543.21703454805,39976.95058519193,34667.48016004226,42.090959952013925,,
9-456,VIDEO_SURVEILLANCE,205.58119440645686,60.0,800,FogNode_2,98,1.0,681.967788340379,841.827130432085,40573.63420959291,39731.80707916082,34622.786804273506,25.233863142226298,,
1-504,VIDEO_SURVEILLANCE,150.28460026503433,60.0,800,FogNode_2,122,1.0,681.967788340379,929.5782735288848,40681.27707333313,39751.698799804246,34716.373341010556,18.446536641743315,,
4-446,CLOUD_GAMING,191.45623801233273,50.0,150,FogNode_0,208,1.0,1189.2931772946604,889.6668695354493,40683.15406359432,39793.487194058864,35626.765010960524,12.190820143766256,,
6-1,BATCH_DATA_PROCESSING,87.60149780166782,200.0,30000,FogNode_2,0,0.0,681.967788340379,3.3484044991900124,40702.088220617174,40698.73981611798,24558.441417545324,10.75256038356734,,
0-264,VIDEO_SURVEILLANCE,729.5386108984981,60.0,800,FogNode_2,100,1.0,681.967788340379,530.1645820502104,40740.05094799112,40209.88636594091,34329.08633733678,89.54650505622509,,
5-468,AUGMENTED_REALITY,771.9580700846111,30.0,150,FogNode_5,120,1.0,782.8923712617282,907.7704028447097,40788.18149282996,39880.411089985246,36480.74180705928,114.74367543806376,,
1-472,CLOUD_GAMING,634.8543645079675,50.0,150,FogNode_0,208,1.0,1189.2931772946604,860.1957980035204,40867.06475710982,40006.8689591063,35464.0679402204,40.42383500036765,,
8-0,BATCH_DATA_PROCESSING,225.05712404249047,200.0,30000,FogNode_2,0,0.0,681.967788340379,1.8786081987527694,40873.22840442548,40871.34979622673,24534.72857838636,27.624417124667143,,
6-170,GPS_TRACKING,585.7224040650417,0.2,200,FogNode_8,45,1.0,770.9711269175084,381.48214842712633,40903.089070117945,40521.60692169082,39737.65200664567,55.675648595671326,,
6-51,CLOUD_GAMING,862.7133813073283,50.0,150,FogNode_5,20,1.0,782.8923712617282,119.28401520615911,40959.450947825804,40840.16693261964,35727.029683537956,128.2335246653392,,
0-183,CLOUD_GAMING,859.2407326562612,50.0,150,FogNode_0,179,1.0,1189.2931772946604,365.5146093390752,40965.367740556794,40599.85313121772,35867.808613216475,54.71145438121313,,
3-309,VIDEO_SURVEILLANCE,539.6794144087551,60.0,800,FogNode_2,100,1.0,681.967788340379,571.3649153687146,41012.97513191793,40441.61021654921,34837.54399092811,66.24242320989083,,
8-64,CLOUD_GAMING,826.6871992558492,50.0,150,FogNode_5,22,1.0,782.8923712617282,131.39142477612768,41040.454414728774,40909.06298995265,35844.29823245146,122.87860099683678,,
3-2,BATCH_DATA_PROCESSING,271.03980325065163,200.0,30000,FogNode_2,0,0.0,681.967788340379,2.3580862693216615,41078.714911138115,41076.356824868795,24664.56780961041,33.268516223330565,,
2-439,CLOUD_GAMING,616.5517035605958,50.0,150,FogNode_0,208,1.0,1189.2931772946604,888.1426285582946,41201.57266325626,40313.430034697965,35780.268695913575,39.25842795968732,,
4-166,VIDEO_SURVEILLANCE,430.06051985835603,60.0,800,FogNode_0,152,1.0,1189.2931772946604,330.6058580993654,41228.67493706279,40898.069078963425,35728.27032056493,27.38375360843619,,
4-74,CLOUD_GAMING,272.5803631763218,50.0,150,FogNode_5,24,1.0,782.8923712617282,149.88190775501343,41307.621875506484,41157.73996775147,36801.58539702115,40.51628441382222,,
9-280,VIDEO_SURVEILLANCE,954.8220067177056,60.0,800,FogNode_2,100,1.0,681.967788340379,537.4057436214338,41344.3175660284,40806.91182240697,34594.65125169791,117.19869568937442,,
1-3,BATCH_DATA_PROCESSING,466.34856895457284,200.0,30000,FogNode_2,0,0.0,681.967788340379,4.450084723836425,41385.916074260334,41381.4659895365,24685.112500349096,57.241500126254614,,
3-211,SENSOR_DATA_LOGGING,976.4634659019873,0.1,10000,FogNode_8,57,1.0,770.9711269175084,386.0243790004922,41405.44921305506,41019.42483405457,39733.370158875936,92.81741046059308,,
8-175,VIDEO_SURVEILLANCE,351.11834815773943,60.0,800,FogNode_0,161,1.0,1189.2931772946604,343.32330016790723,41523.90773151675,41180.58443134885,36072.47774668047,22.35717507042825,,
6-4,BATCH_DATA_PROCESSING,232.4015642094629,200.0,30000,FogNode_2,0,0.0,681.967788340379,19.81151798416446,41685.098418412985,41665.28690042882,25318.369389594503,28.525903267719883,,
7-169,VIDEO_SURVEILLANCE,602.9180611871351,60.0,800,FogNode_0,166,1.0,1189.2931772946604,350.1602034590596,41708.52761153791,41358.36740807885,36045.974142772386,38.39031687694169,,
4-173,VIDEO_SURVEILLANCE,902.597982352328,60.0,800,FogNode_0,158,1.0,1189.2931772946604,339.9013738640551,41724.30422449888,41384.402850634826,35815.22913010179,57.47219197044262,,
5-18,BATCH_DATA_PROCESSING,312.120779747895,200.0,30000,FogNode_2,0,0.3333333333333333,681.967788340379,23.75643812478023,41843.59279313802,41819.83635501324,25353.382017781765,38.31096060484787,,
1-13,BATCH_DATA_PROCESSING,685.1176334826656,200.0,30000,FogNode_2,0,0.0,681.967788340379,14.74807466508539,41877.84716383925,41863.09908917417,24852.33195146112,84.09409552046341,,
1-8,BATCH_DATA_PROCESSING,562.2820249410107,200.0,30000,FogNode_2,0,0.0,681.967788340379,10.900780319961136,41903.21430033854,41892.31352001858,25053.14946798225,69.01675858854581,,
0-71,CLOUD_GAMING,884.219880360648,50.0,150,FogNode_5,24,1.0,782.8923712617282,142.64711790272867,41917.60861821581,41774.96150031308,36634.732194717915,131.43024588999413,,
4-6,BATCH_DATA_PROCESSING,656.2088603195888,200.0,30000,FogNode_2,0,0.0,681.967788340379,15.530541247130458,41975.20365874692,41959.67311749979,24987.93543409383,80.5457163619861,,
1-9,BATCH_DATA_PROCESSING,880.8021175572917,200.0,30000,FogNode_2,0,0.0,681.967788340379,11.54202172148497,42031.61065596617,42020.068634244686,24721.98340183978,108.11319660824844,,
7-201,SENSOR_DATA_LOGGING,883.0365487477145,0.1,10000,FogNode_8,61,1.0,770.9711269175084,387.79164803015533,42048.445255216946,41660.65360718679,40497.34198460004,83.93674587826207,,
4-176,VIDEO_SURVEILLANCE,635.6309119413029,60.0,800,FogNode_0,162,1.0,1189.2931772946604,344.6399197317973,42058.36880812631,41713.728888394515,36366.576849260644,40.47328102621239,,
4-83,CLOUD_GAMING,591.5426949365947,50.0,150,FogNode_5,29,1.0,782.8923712617282,171.38330057985732,42063.20810504561,41891.82480446575,37127.935883935636,87.92677429762811,,
0-178,VIDEO_SURVEILLANCE,61.93802753299375,60.0,800,FogNode_0,168,1.0,1189.2931772946604,353.96758428424187,42110.44850446653,41756.480920182286,36889.67841262647,3.943853496514074,,
3-80,CLOUD_GAMING,854.084140777724,50.0,150,FogNode_5,24,1.0,782.8923712617282,146.78883392762697,42131.38871442218,41984.599880494556,36880.32606273754,126.95087627681028,,
0-12,BATCH_DATA_PROCESSING,220.2069342172925,200.0,30000,FogNode_2,0,0.5,681.967788340379,27.91147083649347,42200.74648251995,42172.835011683455,25835.0368985326,27.029085306422683,,
2-10,BATCH_DATA_PROCESSING,251.25389583052768,200.0,30000,FogNode_2,0,0.6666666666666666,681.967788340379,30.365930009517204,42212.017666169006,42181.65173615949,25803.822238875357,30.839914320196144,,
9-198,VIDEO_SURVEILLANCE,660.3821299740562,60.0,800,FogNode_0,171,1.0,1189.2931772946604,357.18061788322524,42279.57700549327,41922.396387610046,36558.4117739009,42.0492946913143,,
4-87,CLOUD_GAMING,186.24982542674653,50.0,150,FogNode_5,33,1.0,782.8923712617282,181.40714143089647,42301.107760558385,42119.700619127485,37867.0644833498,27.68413252914145,,
2-83,CLOUD_GAMING,340.4658004142857,50.0,150,FogNode_5,32,1.0,782.8923712617282,180.25975158945528,42352.490618490745,42172.23086690129,37729.9010126956,50.606760670583434,,
1-106,CLOUD_GAMING,270.4055201971469,50.0,150,FogNode_5,33,1.0,782.8923712617282,190.876083004004,42476.78168301294,42285.90560000893,37933.7451362383,40.193016238254295,,
6-164,GPS_TRACKING,834.8502373240165,0.2,200,FogNode_8,39,1.0,770.9711269175084,377.7592841179965,42488.30459917297,42110.54531505497,40999.70147887524,79.35641204891195,,
4-179,VIDEO_SURVEILLANCE,957.221264839671,60.0,800,FogNode_0,167,1.0,1189.2931772946604,350.3605048407444,42513.39329404111,42163.03278920037,36543.29255823765,60.95028502908948,,
4-196,VIDEO_SURVEILLANCE,281.48715211890703,60.0,800,FogNode_0,184,1.0,1189.2931772946604,385.0679158466988,42516.261413924185,42131.19349807749,37079.76900268236,17.923465330189572,,
0-11,BATCH_DATA_PROCESSING,569.7555530792695,200.0,30000,FogNode_2,0,0.3333333333333333,681.967788340379,26.73594391257238,42520.55657761111,42493.82063369854,25647.17384367506,69.93408950869575,,
1-103,CLOUD_GAMING,193.27979517907477,50.0,150,FogNode_5,33,1.0,782.8923712617282,184.78258932071336,42547.98690036604,42363.20431104533,38101.77821545477,28.729065665875346,,
6-18,BATCH_DATA_PROCESSING,427.11334647447364,200.0,30000,FogNode_2,0,0.6666666666666666,681.967788340379,37.41700665940063,42601.49914333848,42564.08213667908,25925.45176892815,52.42561102085243,,
7-96,CLOUD_GAMING,109.9543308898727,50.0,150,FogNode_5,33,1.0,782.8923712617282,199.51133386595055,42688.43319276338,42488.92185889743,38337.67764975417,16.343587230397333,,
5-202,VIDEO_SURVEILLANCE,216.43121933938076,60.0,800,FogNode_0,194,1.0,1189.2931772946604,395.72262389339073,42695.37636051401,42299.653736620625,37309.21844243805,13.781081754528456,,
2-190,VIDEO_SURVEILLANCE,82.38169561190622,60.0,800,FogNode_0,202,1.0,1189.2931772946604,410.09655588624344,42764.64582004232,42354.54926415608,37474.17248300687,5.24558742389242,,
7-91,CLOUD_GAMING,325.2215199392576,50.0,150,FogNode_5,33,1.0,782.8923712617282,191.6625006054784,42767.9008739453,42576.23837333982,38150.201351949734,48.34085421931501,,
7-188,VIDEO_SURVEILLANCE,818.3430320479466,60.0,800,FogNode_0,181,1.0,1189.2931772946604,378.5286782814444,42798.54042971365,42420.011751432205,36918.2209570328,52.10732657850635,,
0-18,BATCH_DATA_PROCESSING,675.0246235015569,200.0,30000,FogNode_2,0,0.6666666666666666,681.967788340379,36.72145358175037,42893.03322586915,42856.3117722874,25860.357264196515,82.85523885708164,,
8-185,E_COMMERCE_TRANSACTION,318.78843747095067,0.5,300,FogNode_8,27,1.0,770.9711269175084,359.9328240510224,42901.79406244966,42541.86123839864,42082.289320522854,30.302329051809455,,
2-90,CLOUD_GAMING,177.56407373501364,50.0,150,FogNode_5,33,1.0,782.8923712617282,201.65824809563998,42915.23840923119,42713.58016113555,38477.85615808285,26.393084334072288,,
9-32,BATCH_DATA_PROCESSING,658.544786046835,200.0,30000,FogNode_2,1,1.0,681.967788340379,45.18775249758842,42997.26445561183,42952.076703114246,25971.971461938854,80.83243728644574,,
9-210,GPS_TRACKING,849.3293363567939,0.2,200,FogNode_8,39,1.0,770.9711269175084,378.15817567390786,43150.08098021819,42771.92280454428,41642.65771695598,80.732717998857,,
3-33,BATCH_DATA_PROCESSING,671.7585194301056,200.0,30000,FogNode_2,2,1.0,681.967788340379,50.75534521219104,43197.047356596,43146.292011383804,26148.085840718548,82.45434409924536,,
1-233,VIDEO_SURVEILLANCE,826.2871406097779,60.0,800,FogNode_0,199,1.0,1189.2931772946604,399.7180499517394,43211.033028177764,42811.31497822602,37307.50266284994,52.61316122607527,,
5-221,VIDEO_SURVEILLANCE,579.3324514527156,60.0,800,FogNode_0,202,1.0,1189.2931772946604,421.74560865141405,43251.76914885057,42830.02354019916,37530.57226284398,36.88852237163626,,
9-114,CLOUD_GAMING,623.2398524017476,50.0,150,FogNode_5,33,1.0,782.8923712617282,197.9989731932166,43272.8551603893,43074.856187196085,38268.63170275055,92.63823271672601,,
7-189,GPS_TRACKING,98.7274332035679,0.2,200,FogNode_8,42,1.0,770.9711269175084,380.40346112886164,43278.13692129902,42897.73346017016,42743.43141255684,9.384503375056276,,
5-220,VIDEO_SURVEILLANCE,584.4452024257895,60.0,800,FogNode_0,202,1.0,1189.2931772946604,421.1979123338202,43289.96274137212,42868.7648290383,37564.03882986875,37.21407262896762,,
7-22,BATCH_DATA_PROCESSING,771.4548827191724,200.0,30000,FogNode_2,2,1.0,681.967788340379,51.10269586805805,43331.96542850062,43280.86273263256,26140.053742775763,94.69147694730206,,
8-96,CLOUD_GAMING,426.74377320507483,50.0,150,FogNode_5,33,1.0,782.8923712617282,204.92511071417042,43460.32453967505,43255.39942896088,38696.694523693746,63.431099311508994,,
4-102,CLOUD_GAMING,559.9844712102878,50.0,150,FogNode_5,33,1.0,782.8923712617282,211.62619721609022,43483.177317765796,43271.5511205497,38549.745712165546,83.23596695849858,,
1-487,VIDEO_SURVEILLANCE,325.527698159821,60.0,800,FogNode_0,208,1.0,1189.2931772946604,894.2255310599108,43525.48441466948,42631.25888360957,37544.62327839796,20.727711258094285,,
4-29,BATCH_DATA_PROCESSING,411.1174666138267,200.0,30000,FogNode_2,6,1.0,681.967788340379,66.46680830262513,43600.104463076575,43533.63765477395,26919.588364843417,50.46221235295179,,
9-483,VIDEO_SURVEILLANCE,575.946649000014,60.0,800,FogNode_0,208,1.0,1189.2931772946604,884.580883254094,43695.30945386966,42810.72857061557,37516.83613927856,36.67293415590756,,
9-49,BATCH_DATA_PROCESSING,613.1251652576556,200.0,30000,FogNode_2,6,1.0,681.967788340379,65.07717648415661,43792.08619543791,43727.00901895375,26815.811183489954,75.25745024409993,,
5-181,E_COMMERCE_TRANSACTION,716.3971650942309,0.5,300,FogNode_8,27,1.0,770.9711269175084,357.2668522036607,43831.008062925306,43473.741210721644,42495.400842577044,68.09689460724879,,
4-168,BATCH_DATA_PROCESSING,666.072340975261,200.0,30000,FogNode_0,156,1.0,1189.2931772946604,333.1438516906241,43850.02005414541,43516.87620245478,26946.485712369966,42.41161424598611,,
2-37,BATCH_DATA_PROCESSING,208.99211483047097,200.0,30000,FogNode_2,7,1.0,681.967788340379,88.18704905543571,43906.55898835418,43818.37193929875,27505.336049808255,25.65253324197494,,
1-36,BATCH_DATA_PROCESSING,948.9597318978537,200.0,30000,FogNode_2,6,1.0,681.967788340379,66.99063370000282,43912.05885693023,43845.06822323023,26445.346594668656,116.47913648585217,,
2-29,BATCH_DATA_PROCESSING,922.6230458963093,200.0,30000,FogNode_2,6,1.0,681.967788340379,70.33537109956335,43954.38275700824,43884.04738590868,26525.499783941388,113.24646565668667,,
1-200,BATCH_DATA_PROCESSING,137.3403366487521,200.0,30000,FogNode_0,163,1.0,1189.2931772946604,347.38945236171867,43965.500693630085,43618.111241268365,27497.142131796438,8.745034165256062,,
1-57,BATCH_DATA_PROCESSING,61.77603046814031,200.0,30000,FogNode_2,10,1.0,681.967788340379,102.00904788625289,44002.64382520047,43900.63477731421,27803.913840406283,7.582638591062173,,
9-191,BATCH_DATA_PROCESSING,641.6085357357985,200.0,30000,FogNode_0,158,1.0,1189.2931772946604,339.29232996160295,44064.97168995621,43725.67935999461,27175.3369121028,40.85390135659358,,
5-175,BATCH_DATA_PROCESSING,590.2206753468687,200.0,30000,FogNode_0,161,1.0,1189.2931772946604,342.5325110261331,44191.58798856156,43849.055477535425,27344.451114445073,37.58182116699924,,
4-112,CLOUD_GAMING,563.3320599928559,50.0,150,FogNode_5,33,1.0,782.8923712617282,232.42752916514843,44202.729686228624,43970.302157063474,39240.02379768239,83.73355180883247,,
7-101,CLOUD_GAMING,758.9375316935167,50.0,150,FogNode_5,33,1.0,782.8923712617282,214.44638314129637,44242.257289663336,44027.81090652204,39053.29539512501,112.80830551439311,,
3-197,BATCH_DATA_PROCESSING,244.17605505230065,200.0,30000,FogNode_0,177,1.0,1189.2931772946604,360.7279544423271,44270.28360102572,43909.555646583394,27697.730408603828,15.54771158913725,,
3-195,BATCH_DATA_PROCESSING,94.48215218723664,200.0,30000,FogNode_0,172,1.0,1189.2931772946604,357.58365021799375,44271.03194232421,43913.448292106215,27823.376646289238,6.016074148685398,,
2-165,BATCH_DATA_PROCESSING,64.55993684664047,200.0,30000,FogNode_0,179,1.0,1189.2931772946604,366.96040313810096,44325.31623326204,43958.35583012394,27896.778141911647,4.110801438287974,,
2-173,GPS_TRACKING,840.3148794993259,0.2,200,FogNode_8,54,1.0,770.9711269175084,384.63596118201616,44368.0803058964,43983.444344714386,42871.423613946616,79.87585179603802,,
6-147,BATCH_DATA_PROCESSING,488.6191918374867,200.0,30000,FogNode_0,164,1.0,1189.2931772946604,348.2101267529852,44376.34908758873,44028.13896083574,27610.033340839713,31.11242939025847,,
5-58,BATCH_DATA_PROCESSING,300.5587722584985,200.0,30000,FogNode_2,10,1.0,681.967788340379,98.09936896932575,44395.105584973375,44297.00621600405,27845.097663579218,36.89179327546658,,
1-42,BATCH_DATA_PROCESSING,737.3126799780362,200.0,30000,FogNode_2,6,1.0,681.967788340379,80.66826809729436,44413.12012903617,44332.451860938876,27241.171446838285,90.50072558100436,,
7-45,BATCH_DATA_PROCESSING,469.8601901698356,200.0,30000,FogNode_2,8,1.0,681.967788340379,94.47290325571963,44481.063297000546,44386.590393744824,27688.405903363826,57.6725306463813,,
1-188,CLOUD_GAMING,187.0272199750752,50.0,150,FogNode_5,92,1.0,782.8923712617282,320.80730202101205,44481.1499227256,44160.342620704585,39909.1164956781,27.79968428149371,,
4-31,BATCH_DATA_PROCESSING,880.1565332051415,200.0,30000,FogNode_2,6,1.0,681.967788340379,70.73202884265254,44487.66041523777,44416.92838639512,27116.849127839632,108.03395498677644,,
7-193,GPS_TRACKING,514.6895035338644,0.2,200,FogNode_8,46,1.0,770.9711269175084,381.92804596433047,44498.594027644496,44116.66598168017,43424.16606459851,48.92363982623053,,
1-60,BATCH_DATA_PROCESSING,95.5301533963333,200.0,30000,FogNode_2,12,1.0,681.967788340379,104.54925169480914,44535.185739827626,44430.63648813282,28279.828314488426,11.725755479331175,,
9-181,CLOUD_GAMING,301.4558884733932,50.0,150,FogNode_5,92,1.0,782.8923712617282,321.07468188067656,44587.78374926357,44266.70906738289,39874.52009247481,44.808336056507436,,
3-204,BATCH_DATA_PROCESSING,315.71344854130905,200.0,30000,FogNode_0,181,1.0,1189.2931772946604,370.9885235743804,44590.77932896354,44219.79080538916,27949.262204592862,20.102796900706778,,
1-208,BATCH_DATA_PROCESSING,273.1881062209512,200.0,30000,FogNode_0,178,1.0,1189.2931772946604,362.91983331121713,44606.05536307782,44243.13552976661,27999.89472555441,17.395030336599426,,
4-195,GPS_TRACKING,266.4189433425121,0.2,200,FogNode_8,54,1.0,770.9711269175084,384.81897620258155,44713.64310849798,44328.8241322954,43961.12440151816,25.32436417972605,,
1-209,CLOUD_GAMING,109.8508224022332,50.0,150,FogNode_5,103,1.0,782.8923712617282,366.0878581787481,44728.097828739395,44362.00997056065,40216.13349034914,16.328201751870644,,
8-113,CLOUD_GAMING,998.4544415333014,50.0,150,FogNode_5,33,1.0,782.8923712617282,228.9414983850565,44735.66515887685,44506.72366049179,39220.03060296076,148.41004559539508,,
0-46,BATCH_DATA_PROCESSING,261.6062196754869,200.0,30000,FogNode_2,12,1.0,681.967788340379,104.89044272700825,44796.725079516495,44691.834636789485,28297.24489374106,32.110600210809416,,
8-201,SENSOR_DATA_LOGGING,243.78627760764715,0.1,10000,FogNode_8,61,1.0,770.9711269175084,388.41166629521496,44814.80078182263,44426.38911552742,44090.68003623853,23.173023654773715,,
0-179,CLOUD_GAMING,302.33689501839183,50.0,150,FogNode_5,103,1.0,782.8923712617282,356.1370255741634,44867.32930844517,44511.19228287101,40115.32750517223,44.9392886729456,,
7-53,BATCH_DATA_PROCESSING,312.08197874793376,200.0,30000,FogNode_2,12,1.0,681.967788340379,108.6606081883037,44945.28023846638,44836.61963027808,28368.412050384126,38.30619801396192,,
3-200,BATCH_DATA_PROCESSING,503.1444813105953,200.0,30000,FogNode_0,179,1.0,1189.2931772946604,366.50597515565767,45013.841102894774,44647.33512773912,28213.629616123668,32.03731537643042,,
4-187,BATCH_DATA_PROCESSING,896.8036546679442,200.0,30000,FogNode_0,179,1.0,1189.2931772946604,368.042767310757,45024.34800817884,44656.30524086808,27897.177015031597,57.10324287070204,,
6-174,SMART_HOME_CONTROL,239.57522360213557,0.1,150,FogNode_8,58,1.0,770.9711269175084,387.0245078180806,45024.387850081235,44637.363342263154,44305.45240334856,22.77274331480191,,
4-52,BATCH_DATA_PROCESSING,96.27831242202396,200.0,30000,FogNode_2,13,1.0,681.967788340379,113.46505691641543,45086.45745250508,44972.99239558866,28821.83110501498,11.81758752903497,,
0-186,BATCH_DATA_PROCESSING,593.7279809678207,200.0,30000,FogNode_0,180,1.0,1189.2931772946604,368.60447284665173,45105.282965071136,44736.678492224484,28226.768387966677,37.8051459980841,,
4-48,BATCH_DATA_PROCESSING,217.0045407134522,200.0,30000,FogNode_2,12,1.0,681.967788340379,108.93171832647835,45114.928584760564,45005.996866434085,28676.815268694405,26.636010640051726,,
8-43,BATCH_DATA_PROCESSING,837.3796551162301,200.0,30000,FogNode_2,10,1.0,681.967788340379,97.57453447141646,45134.446389244564,45036.87185477315,27799.716189037244,102.78334881891293,,
7-181,CLOUD_GAMING,358.124465212654,50.0,150,FogNode_5,108,1.0,782.8923712617282,371.62954581697585,45193.102832762335,44821.47328694536,40358.44237560572,53.231540669413484,,
0-47,BATCH_DATA_PROCESSING,821.0534917241705,200.0,30000,FogNode_2,12,1.0,681.967788340379,104.99169942823303,45206.59143938657,45101.599739958336,27890.07197267478,100.77940982117394,,
2-117,BATCH_DATA_PROCESSING,72.69013005590648,200.0,30000,FogNode_2,56,1.0,681.967788340379,278.7744254633709,45241.03519196911,44962.26076650574,28847.913649479982,8.922279097157363,,
6-153,E_COMMERCE_TRANSACTION,336.21334371090364,0.5,300,FogNode_8,27,1.0,770.9711269175084,359.31946345120923,45250.89148868885,44891.57202523764,44406.562711726336,31.95864772750828,,
6-44,BATCH_DATA_PROCESSING,525.9662893087855,200.0,30000,FogNode_2,12,1.0,681.967788340379,105.48369491917512,45252.31129184905,45146.82759692988,28363.995326800512,64.55921904803198,,
0-189,CLOUD_GAMING,346.37774770322,50.0,150,FogNode_5,109,1.0,782.8923712617282,373.2675088859852,45309.76272639378,44936.4952175078,40488.34595539875,51.485511197608915,,
1-222,GPS_TRACKING,328.01825970985266,0.2,200,FogNode_8,49,1.0,770.9711269175084,383.03450382836843,45449.84899675391,45066.81449292554,44616.07389797369,31.17966673943623,,
2-163,CLOUD_GAMING,577.8237735538701,50.0,150,FogNode_5,103,1.0,782.8923712617282,365.5365156208982,45466.16067717747,45100.62416155657,40353.02805166837,85.88759688177814,,
7-55,BATCH_DATA_PROCESSING,807.5843006276368,200.0,30000,FogNode_2,12,1.0,681.967788340379,110.40139071295584,45719.382874113035,45608.98148340008,28415.317020132607,99.12614710058462,,
6-117,BATCH_DATA_PROCESSING,470.12968401263385,200.0,30000,FogNode_2,59,1.0,681.967788340379,281.3297492398196,45930.4074644583,45649.07771521848,28944.731710241802,57.70560940519713,,
0-200,GPS_TRACKING,392.0601886004734,0.2,200,FogNode_8,58,1.0,770.9711269175084,386.86821715562826,45958.3767157724,45571.50849861677,45039.23176339566,37.26715102133716,,
1-166,BATCH_DATA_PROCESSING,552.3254474282664,200.0,30000,FogNode_2,56,1.0,681.967788340379,279.1013295433511,46016.491051760335,45737.38972221698,28917.835202991555,67.7946481953898,,
2-174,CLOUD_GAMING,601.7001387629564,50.0,150,FogNode_5,112,1.0,782.8923712617282,385.2566729602126,46078.32320909876,45693.06653613855,40910.76784080042,89.4365744834914,,
8-136,BATCH_DATA_PROCESSING,763.9925029152441,200.0,30000,FogNode_2,39,1.0,681.967788340379,268.9868735151949,46206.73397579143,45937.74710227623,28808.221897709704,93.7755144185732,,
6-126,BATCH_DATA_PROCESSING,241.76048419256102,200.0,30000,FogNode_2,70,1.0,681.967788340379,296.26441494366827,46284.91172158884,45988.64730664517,29625.66379881115,29.674654770474685,,
1-162,BATCH_DATA_PROCESSING,861.5898704227942,200.0,30000,FogNode_2,52,1.0,681.967788340379,274.66214012308046,46378.31651180553,46103.65437168245,28834.645482666478,105.75500807720978,,
7-182,CLOUD_GAMING,948.7250958891731,50.0,150,FogNode_5,108,1.0,782.8923712617282,372.61048449068863,46404.923423580185,46032.3129390895,40813.84122931279,141.01828674544652,,
4-208,CLOUD_GAMING,744.9319356596691,50.0,150,FogNode_5,113,1.0,782.8923712617282,403.08150166966755,46417.67325158041,46014.591749910745,41051.60709021073,110.7265168423111,,
8-150,BATCH_DATA_PROCESSING,796.5947089111668,200.0,30000,FogNode_2,64,1.0,681.967788340379,289.685238887088,46420.39389418096,46130.70865529387,28952.1124341374,97.77724038680185,,
2-179,SENSOR_DATA_LOGGING,386.55410535900666,0.1,10000,FogNode_8,76,1.0,770.9711269175084,391.9141721714323,46459.762684536916,46067.84851236548,45547.17046325435,36.743772107430416,,
0-180,E_COMMERCE_TRANSACTION,972.5857231344784,0.5,300,FogNode_8,27,1.0,770.9711269175084,356.9388555719583,46512.3988126052,46155.45995703324,44841.0241973319,92.4488129096545,,
8-158,BATCH_DATA_PROCESSING,228.7223932586483,200.0,30000,FogNode_2,74,1.0,681.967788340379,308.71068170134237,46620.29764035087,46311.58695864953,29971.123166168683,28.074307018764564,,
7-147,BATCH_DATA_PROCESSING,185.2356276552519,200.0,30000,FogNode_2,75,1.0,681.967788340379,309.41955122918824,46649.93583286765,46340.51628163846,30055.367643874713,22.73656640050248,,
9-168,BATCH_DATA_PROCESSING,831.3164973346242,200.0,30000,FogNode_2,70,1.0,681.967788340379,298.4738640310875,46938.37959440931,46639.90573037822,29415.567764889733,102.03913243223178,,
4-199,GPS_TRACKING,353.61981274568046,0.2,200,FogNode_8,61,1.0,770.9711269175084,387.6662497007496,46971.0668487994,46583.40059909865,46099.89600090868,33.61321386079222,,
9-233,CLOUD_GAMING,501.3651471350093,50.0,150,FogNode_5,116,1.0,782.8923712617282,428.74076675409617,47058.07436613846,46629.333599384365,41975.43361275653,74.5228036964639,,
0-217,CLOUD_GAMING,551.3894378451396,50.0,150,FogNode_5,113,1.0,782.8923712617282,416.39659678411147,47109.22130421543,46692.82470743132,41979.8238923104,81.95840311526834,,
6-190,CLOUD_GAMING,831.9830840091968,50.0,150,FogNode_5,113,1.0,782.8923712617282,409.40647229670816,47141.02750224234,46731.62102994563,41661.80116734024,123.66578012591683,,
5-157,BATCH_DATA_PROCESSING,758.7049138507299,200.0,30000,FogNode_2,72,1.0,681.967788340379,302.3473200488007,47319.25706972978,47016.90974968098,29898.37631399997,93.12649445742595,,
9-171,BATCH_DATA_PROCESSING,993.1933959154123,200.0,30000,FogNode_2,72,1.0,681.967788340379,302.3116822126317,47472.85513947249,47170.54345725986,29708.520078848975,121.90855442128583,,
4-200,GPS_TRACKING,996.7239953293331,0.2,200,FogNode_8,64,1.0,770.9711269175084,389.47793247819993,47752.578926974464,47363.100994496264,46048.45529187918,94.74326835663815,,
8-236,CLOUD_GAMING,544.0989511536025,50.0,150,FogNode_5,119,1.0,782.8923712617282,443.08795501329814,47804.2069384179,47361.1189834046,42657.27370651897,80.87474679876973,,
3-245,CLOUD_GAMING,674.8961885274842,50.0,150,FogNode_5,116,1.0,782.8923712617282,436.1954168792784,47920.129245329335,47483.933828450055,42611.27822166266,100.31641900226013,,
2-162,E_COMMERCE_TRANSACTION,882.5500870749798,0.5,300,FogNode_8,27,1.0,770.9711269175084,363.8715023487055,48115.79206127731,47751.92055892861,46558.11036162237,83.89050542551779,,
6-211,CLOUD_GAMING,769.1053433460929,50.0,150,FogNode_5,119,1.0,782.8923712617282,443.01697293587307,48123.41712765992,47680.40015472405,42684.60199400943,114.31964677163354,,
4-55,VIDEO_SURVEILLANCE,197.7973710591981,60.0,800,FogNode_5,19,1.0,782.8923712617282,117.75195608674599,48172.77875159598,48055.026795509235,42996.275490058004,29.400557137554472,,
9-78,VIDEO_SURVEILLANCE,299.9492296178966,60.0,800,FogNode_5,21,1.0,782.8923712617282,127.47603739229265,48506.54671306448,48379.07067567219,43190.67837705027,44.584386620118956,,
4-60,VIDEO_SURVEILLANCE,97.8048877851464,60.0,800,FogNode_5,20,1.0,782.8923712617282,124.56345346221701,48631.47434216824,48506.91088870603,43570.08248492364,14.537696715891622,,
7-472,CLOUD_GAMING,657.878000195445,50.0,150,FogNode_5,122,1.0,782.8923712617282,876.675747987151,48644.52423405739,47767.84848607024,42921.32961382273,97.78683928259825,,
5-79,VIDEO_SURVEILLANCE,524.9812534641792,60.0,800,FogNode_5,21,1.0,782.8923712617282,127.7590323256667,48843.34506790598,48715.586035580316,43239.66192713562,78.03309647628814,,
0-198,GPS_TRACKING,845.8646781619295,0.2,200,FogNode_8,54,1.0,770.9711269175084,385.1639826598912,48849.72076358754,48464.55678092765,47338.298495016024,80.40338606478272,,
8-69,VIDEO_SURVEILLANCE,274.9495538627749,60.0,800,FogNode_5,23,1.0,782.8923712617282,136.71665647661882,48995.721364027704,48859.00470755109,43701.28428891208,40.868440389272365,,
9-215,GPS_TRACKING,915.5884916664653,0.2,200,FogNode_8,61,1.0,770.9711269175084,387.59315783387535,49303.370246373765,48915.777088539886,47701.41409971873,87.03096000166354,,
9-203,E_COMMERCE_TRANSACTION,375.69502316316033,0.5,300,FogNode_8,28,1.0,770.9711269175084,366.7936839077674,49337.02179218152,48970.22810827375,48431.95306313423,35.71156565568554,,
5-185,E_COMMERCE_TRANSACTION,128.81616130708923,0.5,300,FogNode_8,30,1.0,770.9711269175084,369.58490896816966,49504.10478246433,49134.51987349616,48918.374158566454,12.24457743224793,,
8-59,VIDEO_SURVEILLANCE,531.725401568724,60.0,800,FogNode_5,22,1.0,782.8923712617282,129.2717684751574,49522.5257842946,49393.254015819446,43899.77988510896,79.03554514701621,,
0-203,GPS_TRACKING,207.59017728408998,0.2,200,FogNode_8,64,1.0,770.9711269175084,389.33064357480805,49572.62828994548,49183.29764637067,48885.358035730664,19.732415359509922,,
8-65,VIDEO_SURVEILLANCE,599.134610648813,60.0,800,FogNode_5,22,1.0,782.8923712617282,134.02521200691515,49761.004859744025,49626.97964773711,44048.624967228425,89.05523495656057,,
3-72,VIDEO_SURVEILLANCE,972.2653357537737,60.0,800,FogNode_5,22,1.0,782.8923712617282,132.58083772502428,49873.36322938124,49740.78239165622,43689.60019003771,144.51730275089074,,
0-74,VIDEO_SURVEILLANCE,390.9784969092927,60.0,800,FogNode_5,24,1.0,782.8923712617282,145.11170772059216,50021.92839857628,49876.81669085569,44563.779086917195,58.114956616367415,,
0-88,VIDEO_SURVEILLANCE,260.1097048450621,60.0,800,FogNode_5,29,1.0,782.8923712617282,164.7842941423426,50205.60520081068,50040.820906668334,44901.17264117439,38.662648539655876,,
1-213,E_COMMERCE_TRANSACTION,495.8122752949577,0.5,300,FogNode_8,32,1.0,770.9711269175084,374.1004843593452,50215.72925441001,49841.628770050665,49151.49456013452,47.129271165248014,,
0-89,VIDEO_SURVEILLANCE,170.71560163218047,60.0,800,FogNode_5,29,1.0,782.8923712617282,167.56861483071506,50423.66276261454,50256.09414778383,45226.40071093081,25.37512896749649,,
3-201,E_COMMERCE_TRANSACTION,759.5229060624795,0.5,300,FogNode_8,28,1.0,770.9711269175084,366.53269171450336,50489.255690902624,50122.72299918812,49085.10488946939,72.19619759260895,,
7-71,VIDEO_SURVEILLANCE,856.5740873923994,60.0,800,FogNode_5,25,1.0,782.8923712617282,150.98458214874384,50855.11960505943,50704.13502291068,44800.86652998557,127.32098138651023,,
7-78,VIDEO_SURVEILLANCE,671.2951144975176,60.0,800,FogNode_5,29,1.0,782.8923712617282,164.97825365974074,50879.38357267083,50714.405319011086,45043.13554814419,99.78115616126458,,
2-76,VIDEO_SURVEILLANCE,432.1795065631272,60.0,800,FogNode_5,29,1.0,782.8923712617282,171.98968106667823,50975.692035637876,50803.7023545712,45444.368219848126,64.23906550601468,,
4-186,E_COMMERCE_TRANSACTION,907.5577214625079,0.5,300,FogNode_8,29,1.0,770.9711269175084,367.8310491451512,51392.89100505961,51025.05995591446,49794.26459375272,86.2675978070044,,
3-207,E_COMMERCE_TRANSACTION,131.0289585303752,0.5,300,FogNode_8,42,1.0,770.9711269175084,379.7477085830698,51562.84413813511,51183.09642955204,50966.896581593945,12.454914137421097,,
3-96,VIDEO_SURVEILLANCE,572.8953443792374,60.0,800,FogNode_5,33,1.0,782.8923712617282,188.17637509307033,51611.15126566283,51422.97489056976,45885.3382699791,85.15503626799823,,
6-68,VIDEO_SURVEILLANCE,599.613575341823,60.0,800,FogNode_5,30,1.0,782.8923712617282,174.27113275740152,51621.01488945909,51446.74375670169,45871.38583578923,89.12642816174981,,
1-120,VIDEO_SURVEILLANCE,74.97040157945241,60.0,800,FogNode_5,33,1.0,782.8923712617282,205.50724927593578,51716.775691749994,51511.26844247406,46609.01202312503,11.143583776967471,,
5-192,E_COMMERCE_TRANSACTION,140.7595180267057,0.5,300,FogNode_8,41,1.0,770.9711269175084,379.44256494721697,51745.41844359515,51365.97587864793,51136.44513810917,13.379849238754202,,
5-191,E_COMMERCE_TRANSACTION,971.8540503145138,0.5,300,FogNode_8,39,1.0,770.9711269175084,378.256133959882,51749.81398729457,51371.557853334685,50063.87477608892,92.37926399274671,,
1-116,VIDEO_SURVEILLANCE,151.12650641185704,60.0,800,FogNode_5,33,1.0,782.8923712617282,203.29461667235057,51909.811812626096,51706.51719595375,46700.7200068359,22.46341022111464,,
8-92,VIDEO_SURVEILLANCE,991.0314447447169,60.0,800,FogNode_5,33,1.0,782.8923712617282,195.6316906168564,52241.551151300926,52045.91946068407,45974.77115516146,147.306693007613,,
8-98,VIDEO_SURVEILLANCE,94.31605219555428,60.0,800,FogNode_5,33,1.0,782.8923712617282,208.00718750433649,52362.02243912757,52154.015251623234,47223.413007531846,14.019116971651048,,
4-104,VIDEO_SURVEILLANCE,253.24822166353871,60.0,800,FogNode_5,33,1.0,782.8923712617282,215.02166434750373,52685.5001366499,52470.47847230239,47337.614372168304,37.64275920924425,,
9-120,VIDEO_SURVEILLANCE,937.5379544103334,60.0,800,FogNode_5,33,1.0,782.8923712617282,204.5468631330872,52808.68235528039,52604.1354921473,46599.62682069937,139.35543253007833,,
1-128,VIDEO_SURVEILLANCE,98.66189302145727,60.0,800,FogNode_5,33,1.0,782.8923712617282,222.65926444195017,52811.52243121186,52588.86316676991,47657.36203458245,14.665081783157254,,
3-205,E_COMMERCE_TRANSACTION,842.2631800954557,0.5,300,FogNode_8,32,1.0,770.9711269175084,374.17410921009264,52837.888901552484,52463.71479234239,51318.92753551344,80.06104686215814,,
1-216,E_COMMERCE_TRANSACTION,870.2685470814008,0.5,300,FogNode_8,37,1.0,770.9711269175084,376.82788897138425,52878.60923875996,52501.78134978857,51322.71037823982,82.72308772021816,,
7-97,VIDEO_SURVEILLANCE,900.276229919072,60.0,800,FogNode_5,33,1.0,782.8923712617282,207.39295423228666,53059.74795067808,52852.35499644579,46892.146894267906,133.81685810877693,,
9-208,E_COMMERCE_TRANSACTION,244.24388216682758,0.5,300,FogNode_8,34,1.0,770.9711269175084,375.96603379842423,53154.68919878717,52778.72316498875,52408.546297048546,23.21652110417276,,
8-112,VIDEO_SURVEILLANCE,369.2186152698835,60.0,800,FogNode_5,33,1.0,782.8923712617282,228.40649174720352,53283.13082698003,53054.72433523282,47775.92712529522,54.88057266060492,,
5-197,E_COMMERCE_TRANSACTION,134.87761300901127,0.5,300,FogNode_8,61,1.0,770.9711269175084,388.4233487861933,53329.63428855762,52941.21093977143,52721.091754552996,12.820746710721306,,
0-193,E_COMMERCE_TRANSACTION,498.1077494994396,0.5,300,FogNode_8,45,1.0,770.9711269175084,381.33751935979643,53524.687583471736,53143.35006411194,52447.959741190985,47.34746670341112,,
7-107,VIDEO_SURVEILLANCE,382.0664937361229,60.0,800,FogNode_5,33,1.0,782.8923712617282,231.337012615161,53547.76713155268,53316.43011893752,48018.903829887124,56.79027845153768,,
4-116,VIDEO_SURVEILLANCE,356.6190568997734,60.0,800,FogNode_5,34,1.0,782.8923712617282,244.54924812349128,53738.64562057169,53494.0963724482,48232.40054742164,53.00777711340066,,
7-195,E_COMMERCE_TRANSACTION,282.1097077524174,0.5,300,FogNode_8,51,1.0,770.9711269175084,383.6914326504662,53890.60233423594,53506.91090158548,53086.53977943361,26.815844579690996,,
6-87,VIDEO_SURVEILLANCE,952.5375305075735,60.0,800,FogNode_5,33,1.0,782.8923712617282,219.80200510253664,54025.3726251989,53805.57062009636,47775.37458200424,141.58496617718643,,
7-120,VIDEO_SURVEILLANCE,322.52721465553094,60.0,800,FogNode_5,37,1.0,782.8923712617282,252.48461088864522,54150.614400055056,53898.12978916641,48680.63294148779,47.94037328260675,,
8-198,E_COMMERCE_TRANSACTION,798.1097472690636,0.5,300,FogNode_8,52,1.0,770.9711269175084,384.24287950828125,54364.83485496542,53980.59197545714,52894.009198722866,75.86405696852619,,
9-199,HEALTH_MONITORING,431.64128759809597,1.0,100,FogNode_8,27,1.0,770.9711269175084,359.97402192952853,54450.46932863803,54090.4953067085,53445.120882814015,41.029519241381216,,
0-126,VIDEO_SURVEILLANCE,713.8547566240098,60.0,800,FogNode_5,34,1.0,782.8923712617282,242.73841668756322,54459.584365732066,54216.8459490445,48496.84927012664,106.10721187875596,,
6-104,VIDEO_SURVEILLANCE,357.990365359923,60.0,800,FogNode_5,38,1.0,782.8923712617282,254.79905525746662,54916.85075189314,54662.051696635666,49389.93557592863,53.21160809719959,,
2-108,VIDEO_SURVEILLANCE,700.2760489523696,60.0,800,FogNode_5,41,1.0,782.8923712617282,260.90271106552706,55045.08735017946,54784.18463911393,49083.049080814264,104.08887579766252,,
1-149,VIDEO_SURVEILLANCE,886.3141800122731,60.0,800,FogNode_5,37,1.0,782.8923712617282,250.12294382966863,55157.47483049165,54907.351886661985,48964.09788298504,131.7415421233113,,
6-151,HEALTH_MONITORING,717.9996213875337,1.0,100,FogNode_8,27,1.0,770.9711269175084,357.71525205838935,55296.12734610998,54938.412094051586,53916.27343949436,68.24921555802113,,
7-176,HEALTH_MONITORING,791.6471790212086,1.0,100,FogNode_8,27,1.0,770.9711269175084,360.25449718998095,55477.287521151105,55117.03302396112,54000.855159104576,75.2497596899929,,
2-164,HEALTH_MONITORING,65.56365905389215,1.0,100,FogNode_8,28,1.0,770.9711269175084,366.8899556774427,55562.327877092874,55195.43792141543,55024.96633841794,6.232131837192889,,
1-204,HEALTH_MONITORING,224.98689347453487,1.0,100,FogNode_8,27,1.0,770.9711269175084,357.17365773052046,55587.9500689324,55230.77641120188,54844.97965635247,21.38605443941488,,
6-135,VIDEO_SURVEILLANCE,580.0468094290677,60.0,800,FogNode_5,89,1.0,782.8923712617282,315.66304249766944,55785.98971520602,55470.326672708354,49917.4525883686,86.21802843866683,,
1-210,HEALTH_MONITORING,194.3277257921913,1.0,100,FogNode_8,29,1.0,770.9711269175084,367.960906949725,55814.38365325294,55446.422746303215,55108.735979914745,18.471757437505467,,
5-136,VIDEO_SURVEILLANCE,922.917804717842,60.0,800,FogNode_5,41,1.0,782.8923712617282,261.78987565541814,56095.70730816593,55833.91743251051,49840.745827552135,137.18229673918327,,
1-195,VIDEO_SURVEILLANCE,268.3420443159463,60.0,800,FogNode_5,96,1.0,782.8923712617282,328.4986723925139,56128.74697554754,55800.24830315503,50651.913699322155,39.886301643301216,,
8-161,VIDEO_SURVEILLANCE,52.867546365890426,60.0,800,FogNode_5,92,1.0,782.8923712617282,321.6036881923976,56163.23580672658,55841.63211853418,50959.40060761231,7.858220305604973,,
8-167,VIDEO_SURVEILLANCE,58.99549141271726,60.0,800,FogNode_5,95,1.0,782.8923712617282,327.96951738129377,56204.10278891131,55876.133271530016,50992.159117506875,8.769076691209335,,
7-180,HEALTH_MONITORING,323.5186112201714,1.0,100,FogNode_8,29,1.0,770.9711269175084,368.13171207222587,56234.008461400634,55865.87674932841,55358.19204259291,30.751954146616036,,
3-172,VIDEO_SURVEILLANCE,879.3136294154232,60.0,800,FogNode_5,92,1.0,782.8923712617282,320.88151137310575,56280.63512901174,55959.753617638635,50023.732609402905,130.70098184328901,,
7-151,VIDEO_SURVEILLANCE,328.7010052176495,60.0,800,FogNode_5,94,1.0,782.8923712617282,326.2931519087301,56583.09046016752,56256.79730825879,51024.284071354254,48.85804413538334,,
0-182,HEALTH_MONITORING,767.3432057145271,1.0,100,FogNode_8,27,1.0,770.9711269175084,359.86613630877065,56583.24441773962,56223.37828143084,55133.10415788952,72.93955357885513,,
4-184,HEALTH_MONITORING,363.98103324097957,1.0,100,FogNode_8,28,1.0,770.9711269175084,366.17765529620493,56706.11567856225,56339.93802326605,55777.17753645786,34.59809623393512,,
5-188,HEALTH_MONITORING,114.78560584887299,1.0,100,FogNode_8,31,1.0,770.9711269175084,372.18833640009944,56732.12885950569,56359.94052310559,56124.619217180225,10.910907642818156,,
2-158,VIDEO_SURVEILLANCE,532.0505108887194,60.0,800,FogNode_5,103,1.0,782.8923712617282,357.56986351714716,56883.698772240736,56526.128908723585,51039.7381885518,79.08386932386088,,
7-174,VIDEO_SURVEILLANCE,515.7298815456261,60.0,800,FogNode_5,103,1.0,782.8923712617282,358.44541719108855,56939.38453119899,56580.9391140079,51113.26602784011,76.65797461680305,,
9-205,VIDEO_SURVEILLANCE,322.9783073501118,60.0,800,FogNode_5,108,1.0,782.8923712617282,369.074546049338,56995.63542701858,56626.56088096924,51400.578979553815,48.007423600163236,,
9-206,HEALTH_MONITORING,453.24633792982894,1.0,100,FogNode_8,30,1.0,770.9711269175084,370.3046152860986,57294.00583696805,56923.70122168195,56246.437647320294,43.0831801254675,,
1-212,HEALTH_MONITORING,474.7506112284018,1.0,100,FogNode_8,30,1.0,770.9711269175084,371.4131115764971,57347.91146750886,56976.49835593236,56270.59227670938,45.12726168213555,,
1-242,VIDEO_SURVEILLANCE,468.0171188019614,60.0,800,FogNode_5,115,1.0,782.8923712617282,425.3203379702178,57593.44061197356,57168.12027400334,51762.96798178646,69.56596019960504,,
1-235,VIDEO_SURVEILLANCE,682.7827835477574,60.0,800,FogNode_5,113,1.0,782.8923712617282,401.32621680279914,57755.82731584548,57354.50109904268,51674.98998775251,101.48868072784644,,
3-229,VIDEO_SURVEILLANCE,761.9627823878104,60.0,800,FogNode_5,113,1.0,782.8923712617282,412.48293762736614,57912.65085790979,57500.16792028243,51715.87630637096,113.25797810314754,,
6-200,VIDEO_SURVEILLANCE,482.07215106161624,60.0,800,FogNode_5,114,1.0,782.8923712617282,421.02902164961944,58209.19849742172,57788.1694757721,52359.70291397269,71.65509706126981,,
5-225,VIDEO_SURVEILLANCE,371.0633280238642,60.0,800,FogNode_5,115,1.0,782.8923712617282,427.57388711707864,58229.79199048633,57802.218103369254,52519.48362311703,55.15477035309878,,
2-411,VIDEO_SURVEILLANCE,57.774900367975405,60.0,800,FogNode_5,122,1.0,782.8923712617282,817.4031272209147,58303.58872486358,57486.18559764266,52604.15894972558,8.587648310435863,,
3-238,VIDEO_SURVEILLANCE,328.7568375389066,60.0,800,FogNode_5,115,1.0,782.8923712617282,424.47380597560124,58332.5768268001,57908.1030208245,52674.989860253576,48.86634303916781,,
0-188,HEALTH_MONITORING,856.4585755619412,1.0,100,FogNode_8,31,1.0,770.9711269175084,371.93888786617873,58404.888651719135,58032.94976385296,56831.068771189304,81.41038546382934,,
6-162,HEALTH_MONITORING,893.3009114108471,1.0,100,FogNode_8,38,1.0,770.9711269175084,377.44043518375076,58506.58120262908,58129.14076744533,56884.97235761178,84.91242146233559,,
3-249,VIDEO_SURVEILLANCE,260.2647254526844,60.0,800,FogNode_5,119,1.0,782.8923712617282,442.99534265303896,58541.63847896508,58098.643136312035,52959.44019810721,38.68569076821277,,
8-437,VIDEO_SURVEILLANCE,171.87989348144293,60.0,800,FogNode_5,122,1.0,782.8923712617282,850.0535470037257,58552.12155579578,57702.06800879205,52669.012239331554,25.548189048405177,,
8-73,BATCH_DATA_PROCESSING,371.3309356337222,200.0,30000,FogNode_5,23,1.0,782.8923712617282,139.71117413129735,59026.42804959297,58886.71687546167,42406.44753494017,55.19454748856799,,
6-165,HEALTH_MONITORING,639.8941356090553,1.0,100,FogNode_8,39,1.0,770.9711269175084,377.87906167623095,59234.87321698746,58856.99415531122,57941.07211073851,60.82492454675587,,
9-87,BATCH_DATA_PROCESSING,609.5356284988845,200.0,30000,FogNode_5,23,1.0,782.8923712617282,138.1322002025285,59320.2073485487,59182.07514834617,42397.828881313864,90.60123993100602,,
1-457,VIDEO_SURVEILLANCE,888.7577358944205,60.0,800,FogNode_5,122,1.0,782.8923712617282,831.3854129344832,59438.812120209834,58607.42670727535,52657.9369163803,132.10475172487054,,
1-219,HEALTH_MONITORING,738.2658505662141,1.0,100,FogNode_8,45,1.0,770.9711269175084,381.19539740328054,59464.16031913626,59082.96492173298,58036.40302097952,70.17561524203639,,
4-71,BATCH_DATA_PROCESSING,445.35638730253487,200.0,30000,FogNode_5,24,1.0,782.8923712617282,143.62074483351225,59595.28834719019,59451.667602356676,42877.77104953914,66.19767412148386,,
4-194,HEALTH_MONITORING,340.122451138539,1.0,100,FogNode_8,49,1.0,770.9711269175084,383.06124004368775,59676.03429197922,59292.97305193553,58764.166820152044,32.33022663579875,,
1-218,HEALTH_MONITORING,168.45345709803456,1.0,100,FogNode_8,42,1.0,770.9711269175084,379.73604717127694,59682.65547572084,59302.91942854957,58993.09739466089,16.012287419817905,,
8-79,BATCH_DATA_PROCESSING,299.92722512682934,200.0,30000,FogNode_5,25,1.0,782.8923712617282,151.4434475592311,59703.308827291505,59551.86537973228,43162.46645148648,44.58111587747237,,
0-199,HEALTH_MONITORING,63.838344547571836,1.0,100,FogNode_8,56,1.0,770.9711269175084,385.4258025001197,59765.457985852205,59380.03218335209,59208.47178784993,6.068132639784286,,
5-92,BATCH_DATA_PROCESSING,446.2020052184455,200.0,30000,FogNode_5,25,1.0,782.8923712617282,153.56021785406966,60165.22876505291,60011.66854719884,43432.08485496291,66.32336657998387,,
3-209,HEALTH_MONITORING,609.6422338635554,1.0,100,FogNode_8,49,1.0,770.9711269175084,383.01370419421335,60466.78016115466,60083.766456960446,59204.598269914335,57.94934007321711,,
4-198,HEALTH_MONITORING,595.9616543784481,1.0,100,FogNode_8,57,1.0,770.9711269175084,386.1450913265155,60538.459248248655,60152.31415692214,59290.994321112215,56.6489371336816,,
1-85,BATCH_DATA_PROCESSING,902.9930565020471,200.0,30000,FogNode_5,25,1.0,782.8923712617282,150.96814091681043,60592.21850102149,60441.25036010468,43280.436784202495,134.2206866063846,,
2-69,BATCH_DATA_PROCESSING,440.247520936927,200.0,30000,FogNode_5,25,1.0,782.8923712617282,152.73604759154776,60727.56343211246,60574.82738452091,44001.24929753589,65.43829336386382,,
9-96,BATCH_DATA_PROCESSING,831.5233456878128,200.0,30000,FogNode_5,26,1.0,782.8923712617282,157.04240746079617,60765.42588988046,60608.38348241967,43539.34749155415,123.59744472431976,,
0-87,BATCH_DATA_PROCESSING,226.20085271095576,200.0,30000,FogNode_5,28,1.0,782.8923712617282,163.37225606203927,60881.1481943156,60717.775938253566,44415.84349321186,33.62244431803704,,
5-103,BATCH_DATA_PROCESSING,95.69941565399989,200.0,30000,FogNode_5,30,1.0,782.8923712617282,174.0490495742332,60887.66416830406,60713.615118729824,44578.58666752203,14.224739807709181,,
9-214,HEALTH_MONITORING,422.7453582116148,1.0,100,FogNode_8,52,1.0,770.9711269175084,384.5588162830972,61015.10855303858,60630.549736755485,59992.1650567246,40.183919627953024,,
5-100,BATCH_DATA_PROCESSING,335.3542995946392,200.0,30000,FogNode_5,29,1.0,782.8923712617282,170.2801816534367,61155.91643682264,60985.63625516921,44550.96902122941,49.84698832830242,,
7-192,HEALTH_MONITORING,567.7098433859643,1.0,100,FogNode_8,46,1.0,770.9711269175084,381.81620252706676,61274.816063134545,60892.99986060748,60062.98420647185,53.963470622425895,,
1-101,BATCH_DATA_PROCESSING,612.9058292943894,200.0,30000,FogNode_5,33,1.0,782.8923712617282,182.20703184370217,61664.02187119997,61481.814839356266,44686.38035022859,91.10218582590174,,
4-193,HEALTH_MONITORING,607.2958020655867,1.0,100,FogNode_8,47,1.0,770.9711269175084,382.35744386623975,61802.810946633625,61420.453502767385,60539.60232343412,57.72630077792851,,
3-95,BATCH_DATA_PROCESSING,731.7982335099464,200.0,30000,FogNode_5,33,1.0,782.8923712617282,187.6172875753593,61822.40087078407,61634.78358320871,44691.71661274573,108.77432628278652,,
9-126,BATCH_DATA_PROCESSING,230.290948488777,200.0,30000,FogNode_5,33,1.0,782.8923712617282,212.93794728007958,62116.55490388269,61903.61695660261,45600.91750914008,34.230395242611834,,
4-91,BATCH_DATA_PROCESSING,786.2890200513067,200.0,30000,FogNode_5,33,1.0,782.8923712617282,185.454468565503,62160.25502653722,61974.800557971714,44957.64585495265,116.87382464619033,,
0-204,HEALTH_MONITORING,718.7055590254275,1.0,100,FogNode_8,64,1.0,770.9711269175084,389.3823461412883,62207.024201588385,61817.641855447095,60797.393628405975,68.31631822574403,,
5-195,HEALTH_MONITORING,57.688437553651134,1.0,100,FogNode_8,57,1.0,770.9711269175084,386.0949462017016,62281.84987993032,61895.75493372862,61726.629295788,5.483555272906634,,
7-200,HEALTH_MONITORING,513.3480377008176,1.0,100,FogNode_8,61,1.0,770.9711269175084,387.6191509679379,62468.65694238872,62081.03779142078,61324.00118808466,48.79612723698097,,
5-115,BATCH_DATA_PROCESSING,326.61495341170803,200.0,30000,FogNode_5,33,1.0,782.8923712617282,213.78439819602954,62533.74501251196,62319.960614315925,45889.35255100694,48.54797386000983,,
9-131,BATCH_DATA_PROCESSING,230.2568582749411,200.0,30000,FogNode_5,33,1.0,782.8923712617282,225.26626113583225,62827.85550167646,62602.58924054063,46303.018894341294,34.22532808082729,,
5-111,BATCH_DATA_PROCESSING,957.9774759267657,200.0,30000,FogNode_5,33,1.0,782.8923712617282,203.7153781633869,62887.66066382592,62683.94528566253,45453.10651733395,142.3935584515209,,
7-104,BATCH_DATA_PROCESSING,605.7880057730844,200.0,30000,FogNode_5,33,1.0,782.8923712617282,218.09331231053963,62934.037002208766,62715.943689898224,45931.11080780424,90.04419412453315,,
4-180,VOICE_ASSISTANT,768.4589690661882,2.0,150,FogNode_8,27,1.0,770.9711269175084,352.52630636125315,63278.59144681446,62926.06514045321,61754.794328061624,73.04561209369403,,
1-130,BATCH_DATA_PROCESSING,387.80668002211803,200.0,30000,FogNode_5,33,1.0,782.8923712617282,225.0359510697472,63323.20670735639,63098.17075628664,46591.030767923265,57.64349846137845,,
3-199,VOICE_ASSISTANT,701.025961620932,2.0,150,FogNode_8,27,1.0,770.9711269175084,362.29699588595025,63377.93348614694,63015.63649026099,61939.184327267445,66.63578996598443,,
1-138,BATCH_DATA_PROCESSING,368.1228640673413,200.0,30000,FogNode_5,33,1.0,782.8923712617282,234.08360835299962,63793.4154839141,63559.331875561096,47075.31772101315,54.71770044614437,,
9-200,VOICE_ASSISTANT,411.4667341505432,2.0,150,FogNode_8,27,1.0,770.9711269175084,361.66877341543704,63911.63276460847,63549.96399119303,62848.31177378281,39.111833763542116,,
8-118,BATCH_DATA_PROCESSING,806.3101553034412,200.0,30000,FogNode_5,33,1.0,782.8923712617282,232.30879953407884,63963.948883970974,63731.6400844369,46689.515042558225,119.84976172658213,,
5-122,BATCH_DATA_PROCESSING,936.5574038913526,200.0,30000,FogNode_5,33,1.0,782.8923712617282,229.29649783975117,64083.93928176924,63854.64278392949,46649.018582316865,139.20968371953967,,
7-118,BATCH_DATA_PROCESSING,142.6234554169694,200.0,30000,FogNode_5,37,1.0,782.8923712617282,251.13082839078675,64266.11432990148,64014.983501510695,47824.26686888629,21.199518616893503,,
4-183,VOICE_ASSISTANT,893.5712072082298,2.0,150,FogNode_8,27,1.0,770.9711269175084,363.8926447883026,64437.611773270655,64073.71912848235,62748.97818431233,84.93811433958857,,
4-119,BATCH_DATA_PROCESSING,434.1921859408747,200.0,30000,FogNode_5,37,1.0,782.8923712617282,250.15719140548757,64820.71442804922,64570.55723664373,48004.382877045806,64.538229720019,,
1-144,BATCH_DATA_PROCESSING,818.0285176605651,200.0,30000,FogNode_5,35,1.0,782.8923712617282,245.23287477020102,65008.828803214805,64763.59592844461,47704.41216051489,121.5915764948688,,
3-202,VOICE_ASSISTANT,871.3253057914625,2.0,150,FogNode_8,28,1.0,770.9711269175084,366.7666173828354,65041.79870126966,64675.03208388683,63376.7712949549,82.82353756844572,,
9-149,BATCH_DATA_PROCESSING,978.0991250004358,200.0,30000,FogNode_5,37,1.0,782.8923712617282,252.6835373029891,65042.7559563779,64790.07241907491,47533.9033836355,145.38443588393736,,
5-133,BATCH_DATA_PROCESSING,421.1791394243675,200.0,30000,FogNode_5,37,1.0,782.8923712617282,251.37303864136442,65546.80714466369,65295.43410602232,48745.839863661524,62.60397338691677,,
3-203,VOICE_ASSISTANT,923.588864243566,2.0,150,FogNode_8,29,1.0,770.9711269175084,368.4901187215224,65635.56696510287,65267.07684638135,63898.187833397315,87.79143275999712,,
7-196,VOICE_ASSISTANT,185.4607841676182,2.0,150,FogNode_8,51,1.0,770.9711269175084,383.95742893289,65876.12173776877,65492.16430883588,65085.699320773856,17.628913246158394,,
0-195,VOICE_ASSISTANT,709.7355849878204,2.0,150,FogNode_8,47,1.0,770.9711269175084,382.501593936713,65962.37219644773,65579.87060251102,64492.28903158796,67.46368032259383,,
6-102,BATCH_DATA_PROCESSING,929.5745039383825,200.0,30000,FogNode_5,37,1.0,782.8923712617282,253.4033021601927,66008.07368464826,65754.67038248807,48558.60775618869,138.1717470272887,,
0-164,BATCH_DATA_PROCESSING,95.72057632074367,200.0,30000,FogNode_5,95,1.0,782.8923712617282,326.4648675937996,66130.33899190433,65803.87412431053,49675.225252808246,14.227885124496446,,
8-163,BATCH_DATA_PROCESSING,905.224982124402,200.0,30000,FogNode_5,93,1.0,782.8923712617282,322.56218997887254,66199.01320878351,65876.45101880464,48712.393262533195,134.55243953330887,,
2-145,BATCH_DATA_PROCESSING,162.62895268117924,200.0,30000,FogNode_5,97,1.0,782.8923712617282,329.2437454410308,66406.74157433021,66077.49782888919,49856.82084263932,24.17313127024651,,
7-186,VOICE_ASSISTANT,349.0826147444446,2.0,150,FogNode_8,37,1.0,770.9711269175084,376.9489966280982,66415.15518994341,66038.20619331532,65411.60593551525,33.18193201162167,,
2-171,VOICE_ASSISTANT,196.46407714950763,2.0,150,FogNode_8,52,1.0,770.9711269175084,384.056432309209,66669.98195360576,66285.92552129655,65863.00658053474,18.674827606277127,,
0-162,BATCH_DATA_PROCESSING,922.7091263695145,200.0,30000,FogNode_5,92,1.0,782.8923712617282,321.8520984743588,66725.39715299709,66403.54505452274,49215.44671957668,137.15127883601033,,
8-166,BATCH_DATA_PROCESSING,586.5505156248586,200.0,30000,FogNode_5,95,1.0,782.8923712617282,326.9723602837654,66879.54863700479,66552.57627672103,49794.94460099285,87.18473787768151,,
4-191,VOICE_ASSISTANT,223.16125686799384,2.0,150,FogNode_8,40,1.0,770.9711269175084,378.6135648332026,66959.43670628921,66580.82314145601,66117.81738498001,21.212519158087506,,
0-194,VOICE_ASSISTANT,900.0725528041219,2.0,150,FogNode_8,46,1.0,770.9711269175084,381.959778429271,67043.57473487747,66661.6149564482,65325.64785386892,85.55609758606126,,
1-224,VOICE_ASSISTANT,728.3969729233386,2.0,150,FogNode_8,51,1.0,770.9711269175084,383.56796614875674,67988.35327131322,67604.78530516446,66489.55285994479,69.23753235521991,,
7-199,VOICE_ASSISTANT,928.4553268654001,2.0,150,FogNode_8,58,1.0,770.9711269175084,387.30452306840994,68163.70401857825,67776.39949550985,66406.50977597677,88.25401274832741,,
1-226,VOICE_ASSISTANT,250.23003617786586,2.0,150,FogNode_8,61,1.0,770.9711269175084,388.39349671206907,68488.2687492684,68099.87525255633,67602.01687139894,23.785532985646096,,
3-214,VOICE_ASSISTANT,95.39248781776064,2.0,150,FogNode_8,70,1.0,770.9711269175084,390.1272536681097,68611.99904796216,68221.87179429406,67923.7341079045,9.06750124896833,,
6-175,AUGMENTED_REALITY,87.28797423346617,30.0,150,FogNode_8,64,1.0,770.9711269175084,388.60158147027454,68725.21726221938,68336.6156807491,65812.08862224131,8.297129401781968,,
2-175,VOICE_ASSISTANT,759.1438322133943,2.0,150,FogNode_8,63,1.0,770.9711269175084,388.53548416081884,68973.0124961646,68584.47701200379,67433.01967863533,72.16016485377736,,
2-177,AUGMENTED_REALITY,376.39983237547335,30.0,150,FogNode_8,74,1.0,770.9711269175084,390.85444728596025,69213.43247448081,68822.57802719485,65924.4224486465,35.778561061289615,,
9-216,AUGMENTED_REALITY,526.2746493155432,30.0,150,FogNode_8,77,1.0,770.9711269175084,392.8149478818385,69655.62515303503,69262.81020515319,66165.32342035226,50.02486201099564,,
0-209,AUGMENTED_REALITY,361.54762486959004,30.0,150,FogNode_8,96,1.0,770.9711269175084,398.04478173787385,70124.57608030921,69726.53129857134,66846.95873975623,34.36678940934555,,
2-180,AUGMENTED_REALITY,714.1690174713074,30.0,150,FogNode_8,85,1.0,770.9711269175084,394.57770008793534,70139.756421691,69745.17872160306,66404.80882105404,67.88509877493605,,
1-232,AUGMENTED_REALITY,255.15568636028274,30.0,150,FogNode_8,95,1.0,770.9711269175084,397.9049895707337,70455.5297015952,70057.62471202447,67314.5785097397,24.253739027890976,,
2-182,AUGMENTED_REALITY,391.26244744616554,30.0,150,FogNode_8,94,1.0,770.9711269175084,397.6903414529476,70647.24941823227,70249.55907677932,67328.13501080575,37.19132200085016,,
7-512,CLOUD_GAMING,186.4514032458078,50.0,150,FogNode_8,200,1.0,770.9711269175084,969.6399385639459,70697.36937202653,69727.72943346258,65471.967287960266,17.723076213643804,,
7-206,VIDEO_SURVEILLANCE,171.0638193540341,60.0,800,FogNode_8,115,1.0,770.9711269175084,402.9019645855172,70869.13038547158,70466.22842088607,65431.152251804066,16.26041453714138,,
9-514,VIDEO_SURVEILLANCE,157.2379000010227,60.0,800,FogNode_8,200,1.0,770.9711269175084,967.7471218699711,71073.07823061293,70105.33110874296,65089.47504304858,14.94619636473069,,
2-487,VIDEO_SURVEILLANCE,80.8343669173885,60.0,800,FogNode_8,200,1.0,770.9711269175084,974.830995515228,71177.92569389028,70203.09469837506,65288.35962039709,7.683683901642802,,
0-471,VIDEO_SURVEILLANCE,126.1925572698,60.0,800,FogNode_8,199,1.0,770.9711269175084,987.0187222958089,71341.60569806157,70354.58697576576,65379.36877757097,11.995191621801657,,
3-531,VIDEO_SURVEILLANCE,468.29958507620375,60.0,800,FogNode_8,199,1.0,770.9711269175084,998.1865363665697,71949.02090302334,70950.83436665677,65536.6829971106,44.514061533671736,,
3-519,VIDEO_SURVEILLANCE,984.8692576015834,60.0,800,FogNode_8,200,1.0,770.9711269175084,968.2374349527964,71974.80924391808,71006.57180896528,64919.5645740177,93.61642019897275,,
4-482,VIDEO_SURVEILLANCE,75.31196904782189,60.0,800,FogNode_8,199,1.0,770.9711269175084,998.1742553042651,72046.70545490654,71048.53119960226,66142.19791898724,7.158754206180218,,
2-209,BATCH_DATA_PROCESSING,88.49216618321124,200.0,30000,FogNode_8,159,1.0,770.9711269175084,434.8260948485718,72161.4855849187,71726.65949007013,55601.329908960164,8.411593467643955,,
6-207,BATCH_DATA_PROCESSING,732.6031950080755,200.0,30000,FogNode_8,160,1.0,770.9711269175084,436.42559210217826,72925.04352563128,72488.6179335291,55533.005329381944,69.6373533985672,,
1-264,BATCH_DATA_PROCESSING,658.5342111719896,200.0,30000,FogNode_8,176,1.0,770.9711269175084,463.9221650303653,73015.64754790289,72551.72538287252,55692.25472001365,62.59675073888398,,
7-240,BATCH_DATA_PROCESSING,428.3198930175571,200.0,30000,FogNode_8,176,1.0,770.9711269175084,466.2705567492924,73571.20647619903,73104.93591944974,56538.08934521422,40.713805182587734,,
5-249,BATCH_DATA_PROCESSING,203.49596615980144,200.0,30000,FogNode_8,176,1.0,770.9711269175084,467.7090461729639,73835.15406003842,73367.44501386545,57092.098999783106,19.34324148080839,,
4-233,BATCH_DATA_PROCESSING,888.9421177616525,200.0,30000,FogNode_8,173,1.0,770.9711269175084,462.8993238008069,74078.05962017144,73615.16029637062,56449.20528460338,84.49809777959892,,
9-259,BATCH_DATA_PROCESSING,962.660318874384,200.0,30000,FogNode_8,180,1.0,770.9711269175084,473.4694276268772,75083.78748516199,74610.31805753511,57351.33186664847,91.50535690401121,,
3-267,BATCH_DATA_PROCESSING,850.4359655229468,200.0,30000,FogNode_8,180,1.0,770.9711269175084,472.746146963623,75181.1307156133,74708.38456864968,57591.82766863492,80.83790826672596,,
5-251,BATCH_DATA_PROCESSING,388.3588171555336,200.0,30000,FogNode_8,185,1.0,770.9711269175084,475.9398929792482,75587.51428321766,75111.57439023841,58595.53017238522,36.915318387891176,,
3-273,BATCH_DATA_PROCESSING,453.31222309650616,200.0,30000,FogNode_8,188,1.0,770.9711269175084,483.6365208221401,75769.10633139146,75285.46981056932,58692.49105091256,43.08944281810505,,
3-272,BATCH_DATA_PROCESSING,451.3046648471903,200.0,30000,FogNode_8,187,1.0,770.9711269175084,479.4778560616932,76172.88596458216,75693.40810852047,59096.23629507142,42.89861503544124,,
9-266,BATCH_DATA_PROCESSING,360.2720132958536,200.0,30000,FogNode_8,188,1.0,770.9711269175084,484.85370186346665,76236.40270698504,75751.54900512157,59277.27610351126,34.24553657484405,,
9-262,BATCH_DATA_PROCESSING,196.69706391787727,200.0,30000,FogNode_8,188,1.0,770.9711269175084,482.096133265627,76491.53166973143,76009.4355364658,59741.446371748476,18.69697408616788,,
9-264,BATCH_DATA_PROCESSING,451.7419445463423,200.0,30000,FogNode_8,188,1.0,770.9711269175084,482.51890049268167,76758.8248263298,76276.30592583712,59679.64646652115,42.94018051202032,,
6-235,BATCH_DATA_PROCESSING,644.3361451744769,200.0,30000,FogNode_8,188,1.0,770.9711269175084,494.6726223076584,77594.57096866675,77099.8983463591,60251.42767268748,61.24715829077287,,
6-236,BATCH_DATA_PROCESSING,995.4968914679605,200.0,30000,FogNode_8,188,1.0,770.9711269175084,497.25171754709663,77782.7562781654,77285.5045606183,59988.611214296994,94.62662640662563,,
5-264,BATCH_DATA_PROCESSING,380.6261606981226,200.0,30000,FogNode_8,188,1.0,770.9711269175084,498.26058859365554,78088.26800531187,77590.00741671822,61084.85555501311,36.18029329640423,,
4-251,BATCH_DATA_PROCESSING,201.61480472498678,200.0,30000,FogNode_8,188,1.0,770.9711269175084,503.49567653792104,78349.77559967675,77846.27992313883,61574.52567870155,19.164428305369672,,
2-251,BATCH_DATA_PROCESSING,516.9836162998995,200.0,30000,FogNode_8,188,1.0,770.9711269175084,496.91020123633825,78453.31785725708,77956.40765602073,61272.549273427605,49.14170595331422,,
5-275,BATCH_DATA_PROCESSING,124.18166572427349,200.0,30000,FogNode_8,188,1.0,770.9711269175084,515.1554759434084,78614.3896035114,78099.234127568,61924.851266273785,11.804046993773552,,
7-261,BATCH_DATA_PROCESSING,279.9609016147051,200.0,30000,FogNode_8,188,1.0,770.9711269175084,504.2105814249343,78712.9032082735,78208.69262684857,61835.833366020335,26.611590525905118,,
5-280,BATCH_DATA_PROCESSING,404.3117678826314,200.0,30000,FogNode_8,188,1.0,770.9711269175084,523.412566696681,79138.80842253922,78615.39585584254,62081.27821559958,38.431720821162834,,
7-267,BATCH_DATA_PROCESSING,427.5419663526767,200.0,30000,FogNode_8,188,1.0,770.9711269175084,521.7217266623384,79267.45311478178,78745.73138811944,62177.04815382084,40.63985962181272,,
3-287,BATCH_DATA_PROCESSING,420.362180305696,200.0,30000,FogNode_8,188,1.0,770.9711269175084,525.9927056465867,79684.04567673626,79158.05297108968,62600.58498894572,39.95738744357687,,
0-265,BATCH_DATA_PROCESSING,461.0079775906303,200.0,30000,FogNode_8,192,1.0,770.9711269175084,532.4182906691676,79865.41062770944,79332.99233704027,62723.68053927603,43.82096020572718,,
9-286,BATCH_DATA_PROCESSING,238.2170410861322,200.0,30000,FogNode_8,194,1.0,770.9711269175084,543.5545798743694,79993.02876672379,79449.47418684942,63133.91230524568,22.643641726805644,,
0-271,BATCH_DATA_PROCESSING,402.11127260008095,200.0,30000,FogNode_8,194,1.0,770.9711269175084,540.6433920604168,80386.9752603667,79846.33186830628,63314.09954253593,38.22255347288072,,
1-309,BATCH_DATA_PROCESSING,317.0904716654971,200.0,30000,FogNode_8,194,1.0,770.9711269175084,542.7026677054901,80404.31585724466,79861.61318953916,63441.6053342566,30.140929476079034,,
8-286,BATCH_DATA_PROCESSING,175.48761196652129,200.0,30000,FogNode_8,194,1.0,770.9711269175084,548.2600658542361,80614.59417609466,80066.33411024042,63833.328319476175,16.680916674747188,,
2-277,BATCH_DATA_PROCESSING,508.6955065707054,200.0,30000,FogNode_8,194,1.0,770.9711269175084,544.8467779384687,81064.12721568627,80519.2804377478,63849.74587026918,48.353882435548066,,
4-271,BATCH_DATA_PROCESSING,818.7138893525197,200.0,30000,FogNode_8,202,1.0,770.9711269175084,555.0131577389919,81676.51966301385,81121.50650527485,64050.39013247914,77.82257685148151,,
0-276,BATCH_DATA_PROCESSING,869.9834559484161,200.0,30000,FogNode_8,203,1.0,770.9711269175084,555.9656273937098,82192.55268529727,81636.58705790355,64496.38781771662,82.69598847725318,,
3-307,BATCH_DATA_PROCESSING,426.0072516417502,200.0,30000,FogNode_8,205,1.0,770.9711269175084,568.228330461051,82229.0789441182,81660.85061365715,65102.26367962852,40.49397782465567,,
1-327,BATCH_DATA_PROCESSING,337.78857929652685,200.0,30000,FogNode_8,205,1.0,770.9711269175084,576.3473679527518,82667.2128346143,82090.86546666155,65644.07364438895,32.10838122295234,,
9-300,BATCH_DATA_PROCESSING,398.4108890412888,200.0,30000,FogNode_8,205,1.0,770.9711269175084,565.0754633969871,82709.31767834468,82144.24221494769,65614.99240373299,37.87081474262441,,
9-303,BATCH_DATA_PROCESSING,576.0996574758607,200.0,30000,FogNode_8,205,1.0,770.9711269175084,574.7332170161723,83456.55663109149,82881.82341407532,66122.55008485113,54.76096161442185,,
7-300,BATCH_DATA_PROCESSING,257.94779775240306,200.0,30000,FogNode_8,205,1.0,770.9711269175084,582.7971430896991,83791.13180355447,83208.33466046477,66865.30616333742,24.519142248988178,,
6-262,BATCH_DATA_PROCESSING,876.5500367820499,200.0,30000,FogNode_8,205,1.0,770.9711269175084,574.7394735168126,83804.15558924983,83229.41611573302,66081.98558117004,83.3201726375843,,
9-312,BATCH_DATA_PROCESSING,154.43191958899234,200.0,30000,FogNode_8,205,1.0,770.9711269175084,590.2069159682496,84004.46389418784,83414.2569782196,67207.45727683028,14.67947482855194,,
9-311,BATCH_DATA_PROCESSING,546.5302452450092,200.0,30000,FogNode_8,205,1.0,770.9711269175084,586.865782406678,84713.34938440086,84126.48360199419,67407.52487152535,51.950250955038186,,
5-316,BATCH_DATA_PROCESSING,773.4420721374906,200.0,30000,FogNode_8,205,1.0,770.9711269175084,588.6545152983118,84794.33678119074,84205.68226589242,67197.36372633565,73.5192793012114,,
5-315,BATCH_DATA_PROCESSING,111.27313989837953,200.0,30000,FogNode_8,205,1.0,770.9711269175084,586.6400301531089,84857.67792799142,84271.03789783831,68113.33737604703,10.577031358409853,,
9-328,BATCH_DATA_PROCESSING,51.975892727841796,200.0,30000,FogNode_8,205,1.0,770.9711269175084,613.9750072226162,84925.0940618947,84311.11905467209,68237.33259284386,4.940551221667605,,
0-294,BATCH_DATA_PROCESSING,828.6689451923105,200.0,30000,FogNode_8,205,1.0,770.9711269175084,603.3765848790208,85869.17462694184,85265.79804206282,68181.77738248237,78.76885137818535,,
7-322,BATCH_DATA_PROCESSING,818.3994006069828,200.0,30000,FogNode_8,204,1.0,770.9711269175084,626.4574064604609,85986.61163633241,85360.15422987194,68291.94007422694,77.79268322821855,,
9-334,BATCH_DATA_PROCESSING,327.8742700078821,200.0,30000,FogNode_8,204,1.0,770.9711269175084,631.0147658246567,86411.8860189397,85780.87125311504,69349.93890503443,31.16597984613546,,
7-320,BATCH_DATA_PROCESSING,524.0159095843276,200.0,30000,FogNode_8,204,1.0,770.9711269175084,624.5191337415638,86548.85755058055,85924.33841683899,69235.04347912094,49.81015825598906,,
3-331,BATCH_DATA_PROCESSING,206.68063489946329,200.0,30000,FogNode_8,204,1.0,770.9711269175084,624.5960837145931,86679.96432652278,86055.36824280818,69774.29075058889,19.645959110204966,,
1-358,BATCH_DATA_PROCESSING,791.7513369293767,200.0,30000,FogNode_8,203,1.0,770.9711269175084,640.2143548736615,87575.81084271608,86935.59648784241,69895.724046304,75.25966038536224,,
7-332,BATCH_DATA_PROCESSING,903.0287894395877,200.0,30000,FogNode_8,203,1.0,770.9711269175084,645.9912468476698,87851.25175598862,87205.26050914095,70020.83138474244,85.83710167765747,,
7-342,BATCH_DATA_PROCESSING,200.1734245701846,200.0,30000,FogNode_8,203,1.0,770.9711269175084,659.235480741011,88110.88978597622,87451.6543052352,71184.3041778871,19.027418393447935,,
6-300,BATCH_DATA_PROCESSING,437.978897320307,200.0,30000,FogNode_8,203,1.0,770.9711269175084,646.9012639432058,88143.89813162848,87496.99686768527,70916.56080108519,41.631938628759045,,
9-362,BATCH_DATA_PROCESSING,97.29422274554379,200.0,30000,FogNode_8,203,1.0,770.9711269175084,678.2119855754365,88270.09510496331,87591.88311938787,71457.00575753601,9.248270030948559,,
7-362,BATCH_DATA_PROCESSING,181.57018956369276,200.0,30000,FogNode_8,203,1.0,770.9711269175084,688.2557250985902,88505.60352184741,87817.34779674883,71576.62403713903,17.259094068177433,,
2-337,BATCH_DATA_PROCESSING,584.6501294026915,200.0,30000,FogNode_8,203,1.0,770.9711269175084,674.1511086504676,88869.21926031106,88195.0681516606,71426.54143547005,55.573723883751946,,
5-367,BATCH_DATA_PROCESSING,677.3653827934335,200.0,30000,FogNode_8,203,1.0,770.9711269175084,683.6369347754497,89384.1907466397,88700.55381186424,71810.35213059936,64.38674150338932,,
6-321,BATCH_DATA_PROCESSING,887.0791758865481,200.0,30000,FogNode_8,203,1.0,770.9711269175084,689.9601007393164,90019.81899733788,89329.85889659855,72173.35506676373,84.3210164583576,,
4-348,BATCH_DATA_PROCESSING,123.64355828255302,200.0,30000,FogNode_8,203,1.0,770.9711269175084,690.8605036226471,90180.19278302931,89489.33227940666,73317.91121814595,11.752897369610263,,
6-318,BATCH_DATA_PROCESSING,872.7212519978524,200.0,30000,FogNode_8,203,1.0,770.9711269175084,683.9560793955947,90516.16731687413,89832.21123747854,72686.25833184386,82.95622877149007,,
0-340,BATCH_DATA_PROCESSING,977.5042226863367,200.0,30000,FogNode_8,203,1.0,770.9711269175084,698.5273932774786,91448.07972270575,90749.55232942828,73475.40012414068,92.91633925108641,,
4-349,BATCH_DATA_PROCESSING,787.974745465238,200.0,30000,FogNode_8,203,1.0,770.9711269175084,698.0989104425647,91538.22212275994,90840.12321231737,73811.03816501473,74.9006777379724,,
0-343,BATCH_DATA_PROCESSING,122.26259332450506,200.0,30000,FogNode_8,203,1.0,770.9711269175084,700.8920071959225,91696.80470653753,90995.9126993416,74823.94318311736,11.621630204151664,,
9-374,BATCH_DATA_PROCESSING,617.9966582457351,200.0,30000,FogNode_8,203,1.0,770.9711269175084,705.3810382149491,92249.66182697547,91544.28078876052,74733.85591590621,58.743467108299235,,
4-352,BATCH_DATA_PROCESSING,726.6989247273278,200.0,30000,FogNode_8,203,1.0,770.9711269175084,710.8638667037067,92639.3807633515,91928.5168966478,74979.36154389597,69.07612494788245,,
1-404,BATCH_DATA_PROCESSING,884.6896984426667,200.0,30000,FogNode_8,203,1.0,770.9711269175084,713.1275358549481,93397.16225540244,92684.03471954749,75529.49195009703,84.09388547349255,,
9-376,BATCH_DATA_PROCESSING,773.5093336966055,200.0,30000,FogNode_8,203,1.0,770.9711269175084,709.9312418709366,93642.67298363119,92932.74174176026,75918.6989615508,73.525672826375,,
4-354,BATCH_DATA_PROCESSING,925.5488732965968,200.0,30000,FogNode_8,203,1.0,770.9711269175084,715.9221848452589,94597.65970722935,93881.7375223841,76670.79548632177,87.97774076959948,,
9-379,BATCH_DATA_PROCESSING,899.7491208891795,200.0,30000,FogNode_8,203,1.0,770.9711269175084,717.3820770423006,94809.70646838249,94092.32439134018,76915.2359128228,85.52535387280054,,
9-383,BATCH_DATA_PROCESSING,626.2368811640403,200.0,30000,FogNode_8,203,1.0,770.9711269175084,722.3100350576128,95409.92991982195,94687.61988476434,77868.13379797843,59.52673876115991,,
2-367,BATCH_DATA_PROCESSING,944.0533067318975,200.0,30000,FogNode_8,203,1.0,770.9711269175084,724.3195899579515,96034.20538121,95309.88579125205,78076.43173690954,89.73667354433313,,
3-391,BATCH_DATA_PROCESSING,628.3848703641876,200.0,30000,FogNode_8,203,1.0,770.9711269175084,735.042740002044,96224.98621496052,95489.94347495848,78666.5134995862,59.73091516121686,,
9-390,BATCH_DATA_PROCESSING,122.68481044549236,200.0,30000,FogNode_8,203,1.0,770.9711269175084,746.2357429837249,96384.11644197175,95637.88069898802,79473.74014887931,11.661763912365691,,
5-390,BATCH_DATA_PROCESSING,439.67477100543647,200.0,30000,FogNode_8,203,1.0,770.9711269175084,737.6584154911156,96604.49232926128,95866.83391377017,79290.66556478431,41.79313933868686,,
6-351,BATCH_DATA_PROCESSING,671.5088578059464,200.0,30000,FogNode_8,203,1.0,770.9711269175084,743.9773647368996,97255.10737063437,96511.13000589747,79631.79990815968,63.830051465698894,,
3-398,BATCH_DATA_PROCESSING,396.4811033905251,200.0,30000,FogNode_8,203,1.0,770.9711269175084,749.5801285696224,97769.3693054175,97019.78917684787,80496.92726396336,37.68737960848712,,
8-378,BATCH_DATA_PROCESSING,904.4982834917117,200.0,30000,FogNode_8,203,1.0,770.9711269175084,744.0538575902,97777.68578866887,97033.63193107866,79848.76266084582,85.97678394675229,,
0-373,BATCH_DATA_PROCESSING,163.91756709239786,200.0,30000,FogNode_8,203,1.0,770.9711269175084,763.2833901874781,97981.98111585944,97218.69772567195,80995.77890019001,15.58112990173464,,
8-391,BATCH_DATA_PROCESSING,332.21103198234067,200.0,30000,FogNode_8,203,1.0,770.9711269175084,768.1817013658914,98412.880562523,97644.69886115711,81203.0433421362,31.578209315346978,,
5-404,BATCH_DATA_PROCESSING,554.4290296236652,200.0,30000,FogNode_8,203,1.0,770.9711269175084,770.9604645341365,98496.81651907686,97725.85605454273,81001.35808976753,52.70106728090678,,
4-384,BATCH_DATA_PROCESSING,756.225694885756,200.0,30000,FogNode_8,203,1.0,770.9711269175084,768.8869820227458,99477.6907288664,98708.80374684365,81715.28286630045,71.88278227923364,,
9-405,BATCH_DATA_PROCESSING,909.4604552050016,200.0,30000,FogNode_8,203,1.0,770.9711269175084,773.8257176345277,99592.51028334173,98818.68456570721,81631.64588509948,86.44846153098524,,
2-386,BATCH_DATA_PROCESSING,194.96045308707411,200.0,30000,FogNode_8,203,1.0,770.9711269175084,769.0584808489737,99730.56719373034,98961.50871288136,82694.14970091323,18.531901120387154,,
9-413,BATCH_DATA_PROCESSING,386.10720833734035,200.0,30000,FogNode_8,202,1.0,770.9711269175084,783.1170911911302,100093.3165974265,99310.19950623537,82799.86330950026,36.70129245945372,,
9-410,BATCH_DATA_PROCESSING,431.791846615976,200.0,30000,FogNode_8,202,1.0,770.9711269175084,780.3749918339381,100290.62947303042,99510.25448119649,82937.43690435163,41.04383057882404,,
4-397,BATCH_DATA_PROCESSING,356.3558318052686,200.0,30000,FogNode_8,202,1.0,770.9711269175084,785.4107844684712,100555.53342937201,99770.12264490353,83299.6706687796,33.87328524384926,,
0-382,BATCH_DATA_PROCESSING,433.6250154547927,200.0,30000,FogNode_8,202,1.0,770.9711269175084,789.0421414133301,100853.0694922676,100064.02735085427,83494.76859005733,41.21808183398887,,
6-376,BATCH_DATA_PROCESSING,564.9689723280705,200.0,30000,FogNode_8,202,1.0,770.9711269175084,790.883321328624,101288.3351551473,100497.45183381868,83754.03498704357,53.7029380342813,,
2-407,BATCH_DATA_PROCESSING,489.3042479530115,200.0,30000,FogNode_8,201,1.0,770.9711269175084,803.4142188053521,101922.99478229746,101119.58056349211,84478.15417076877,46.51065278762321,,
3-418,BATCH_DATA_PROCESSING,838.2075228406783,200.0,30000,FogNode_8,202,1.0,770.9711269175084,791.4929774967361,101940.27949738414,101148.7865198874,84050.11319574766,79.67553770871893,,
9-428,BATCH_DATA_PROCESSING,409.7702736296795,200.0,30000,FogNode_8,201,1.0,770.9711269175084,800.2110008831961,102454.49364045577,101654.28263957257,85111.92872440282,38.95057727213847,,
7-422,BATCH_DATA_PROCESSING,64.79380007043186,200.0,30000,FogNode_8,201,1.0,770.9711269175084,809.9434480090183,102538.53543892037,101728.59199091136,85635.14443172964,6.158953147195918,,
1-446,BATCH_DATA_PROCESSING,701.143952835221,200.0,30000,FogNode_8,201,1.0,770.9711269175084,809.2217550707802,102849.70908346803,102040.48732839724,85124.15336459676,66.6470055816729,,
3-436,BATCH_DATA_PROCESSING,562.4985664286827,200.0,30000,FogNode_8,201,1.0,770.9711269175084,816.990056749501,103579.30653114115,102762.31647439164,86023.81304312267,53.46811442195502,,
1-448,BATCH_DATA_PROCESSING,996.2378050238523,200.0,30000,FogNode_8,201,1.0,770.9711269175084,815.0389958556596,103830.72106071791,103015.68206486225,85713.90471992375,94.69705369861806,,
8-420,BATCH_DATA_PROCESSING,260.5415002083796,200.0,30000,FogNode_8,201,1.0,770.9711269175084,814.9251595444282,103917.24590540808,103102.32074586366,86750.01576356098,24.765685774553308,,
3-441,BATCH_DATA_PROCESSING,653.1660969420409,200.0,30000,FogNode_8,201,1.0,770.9711269175084,821.4604630518378,104677.92022828406,103856.45976523221,87001.24342115062,62.08648642354655,,
2-413,BATCH_DATA_PROCESSING,977.1496361633596,200.0,30000,FogNode_8,201,1.0,770.9711269175084,825.538635901997,105184.67292316191,104359.13428725992,87085.69452420928,92.88263414690562,,
2-415,BATCH_DATA_PROCESSING,743.9686029858566,200.0,30000,FogNode_8,201,1.0,770.9711269175084,827.6404487104085,105642.89618783833,104815.25573912791,87843.43768595567,70.71768847935935,,
1-461,BATCH_DATA_PROCESSING,662.6273099134515,200.0,30000,FogNode_8,201,1.0,770.9711269175084,834.861357351183,106044.14390304511,105209.28254569393,88344.4659874173,62.98581888040536,,
3-451,BATCH_DATA_PROCESSING,382.1912133668805,200.0,30000,FogNode_8,201,1.0,770.9711269175084,833.2638464068564,106138.62320020383,105305.35935379697,88802.44449699196,36.32905885806748,,
5-423,BATCH_DATA_PROCESSING,495.31716507388825,200.0,30000,FogNode_8,201,1.0,770.9711269175084,833.2861087197226,106781.08197431416,105947.79586559444,89294.38632220477,47.082208627614015,,
8-428,BATCH_DATA_PROCESSING,869.3247261404229,200.0,30000,FogNode_8,201,1.0,770.9711269175084,832.1962983116226,107171.71495699126,106339.51865867963,89201.93922367562,82.6333731341234,,
6-405,BATCH_DATA_PROCESSING,524.1670686946318,200.0,30000,FogNode_8,201,1.0,770.9711269175084,833.9016564671375,107460.96096121002,106627.05930474288,89935.37784016624,49.824526635017975,,
0-405,BATCH_DATA_PROCESSING,303.116732115217,200.0,30000,FogNode_8,201,1.0,770.9711269175084,833.0695977989669,107564.87719294571,106731.80759514675,90325.81625262216,28.812660303909148,,
0-407,BATCH_DATA_PROCESSING,71.32014994599004,200.0,30000,FogNode_8,201,1.0,770.9711269175084,838.1022200723803,107657.38409424972,106819.28187417734,90716.22222960679,6.779313167168163,,
7-444,BATCH_DATA_PROCESSING,91.39907593959032,200.0,30000,FogNode_8,201,1.0,770.9711269175084,839.8412916154205,107775.93467642914,106936.09338481372,90808.71403370888,8.687908809130395,,
9-453,BATCH_DATA_PROCESSING,962.6530409966554,200.0,30000,FogNode_8,201,1.0,770.9711269175084,838.2821682590446,108709.58494644995,107871.3027781909,90614.61343691533,91.50466510776074,,
3-454,BATCH_DATA_PROCESSING,754.6831859823259,200.0,30000,FogNode_8,201,1.0,770.9711269175084,839.4297274828956,108754.80815123707,107915.37842375417,90926.99051112804,71.73615960769669,,
1-462,BATCH_DATA_PROCESSING,673.901781368454,200.0,30000,FogNode_8,201,1.0,770.9711269175084,840.7618414360112,109628.90285834088,108788.14101690488,91904.17970097403,64.0575100202255,,
8-432,BATCH_DATA_PROCESSING,908.6782149774331,200.0,30000,FogNode_8,201,1.0,770.9711269175084,843.845921569696,109888.20005050774,109044.35412893805,91860.30540287418,86.37410594594145,,
4-422,BATCH_DATA_PROCESSING,139.65734564186232,200.0,30000,FogNode_8,201,1.0,770.9711269175084,848.1798530839567,110069.34476626414,109221.16491318018,93030.1292918651,13.275082608752495,,
8-430,BATCH_DATA_PROCESSING,810.0396531856566,200.0,30000,FogNode_8,201,1.0,770.9711269175084,840.9084677046502,110679.57729335423,109838.66882564958,92777.97617940858,76.99805021341817,,
3-462,BATCH_DATA_PROCESSING,759.2127631616025,200.0,30000,FogNode_8,201,1.0,770.9711269175084,851.5431970812596,111054.09339906584,110202.55020198457,93208.23760006236,72.16671706216684,,
9-463,BATCH_DATA_PROCESSING,375.9195210405159,200.0,30000,FogNode_8,201,1.0,770.9711269175084,851.6474360825397,111167.16951038512,110315.52207430259,93816.26953459294,35.732905226860176,,
9-464,BATCH_DATA_PROCESSING,470.97766928569473,200.0,30000,FogNode_8,201,1.0,770.9711269175084,852.3711623908542,111664.98225448738,110812.61109209651,94187.98159214071,44.76862593879338,,
0-419,BATCH_DATA_PROCESSING,636.4828563977318,200.0,30000,FogNode_8,201,1.0,770.9711269175084,864.0245189260189,111992.72942329978,111128.70490437376,94292.77534275095,60.5006665342345,,
8-439,BATCH_DATA_PROCESSING,344.60916434717376,200.0,30000,FogNode_8,201,1.0,770.9711269175084,863.2524256022994,112439.7100589106,111576.4576333083,95114.92759398604,32.75670966977497,,
2-425,BATCH_DATA_PROCESSING,818.1186845852872,200.0,30000,FogNode_8,201,1.0,770.9711269175084,863.6531515472321,112726.13572187633,111862.4825703291,94787.73077611839,77.76599986000411,,
2-435,BATCH_DATA_PROCESSING,404.64790904240084,200.0,30000,FogNode_8,201,1.0,770.9711269175084,881.6440357419981,113250.99053798373,112369.34650224174,95837.93187374822,38.46367260746977,,
1-479,BATCH_DATA_PROCESSING,855.0378220692653,200.0,30000,FogNode_8,201,1.0,770.9711269175084,871.4673226064924,113548.75006341487,112677.28274080838,95556.7371663744,81.27533621242576,,
7-477,BATCH_DATA_PROCESSING,652.8509679877685,200.0,30000,FogNode_8,201,1.0,770.9711269175084,884.6605873625957,114097.78096267575,113213.12037531316,96360.90076686129,62.05653194545484,,
3-480,BATCH_DATA_PROCESSING,311.9173751183699,200.0,30000,FogNode_8,201,1.0,770.9711269175084,889.6464519847673,114502.35820847415,113612.71175648939,97197.3076288783,29.64920250181538,,
7-480,BATCH_DATA_PROCESSING,925.5068441134417,200.0,30000,FogNode_8,201,1.0,770.9711269175084,889.6587739965894,114749.19300064107,113859.53422664448,96651.08088838292,87.97374569955288,,
5-467,BATCH_DATA_PROCESSING,530.2999959331546,200.0,30000,FogNode_8,201,1.0,770.9711269175084,906.9980660288755,115437.02679547253,114530.02872944366,97831.19780348438,50.40748999688538,,
3-481,BATCH_DATA_PROCESSING,823.91685558917,200.0,30000,FogNode_8,201,1.0,770.9711269175084,894.2522163404867,115571.03228305765,114676.78006671715,97593.51557900003,78.31714307916285,,
9-494,BATCH_DATA_PROCESSING,783.4504961945983,200.0,30000,FogNode_8,201,1.0,770.9711269175084,909.6651513456787,116453.2133540107,115543.54820266503,98516.24450159784,74.4706267260883,,
0-447,BATCH_DATA_PROCESSING,804.2333915606599,200.0,30000,FogNode_8,200,1.0,770.9711269175084,916.8777033849886,116614.17561681145,115697.29791342646,98647.04130120986,76.44613794295643,,
0-445,BATCH_DATA_PROCESSING,342.5461207066122,200.0,30000,FogNode_8,200,1.0,770.9711269175084,915.8253963712982,117058.48034982549,116142.6549534542,99685.68672354541,32.5606077416734,,
1-501,BATCH_DATA_PROCESSING,125.55332188282598,200.0,30000,FogNode_8,200,1.0,770.9711269175084,925.2422447587599,117221.3312238716,116296.08897911284,100124.00534726307,11.93442931438763,,
9-499,BATCH_DATA_PROCESSING,706.1441699944596,200.0,30000,FogNode_8,201,1.0,770.9711269175084,914.4842842338794,117369.12854893864,116454.64426470475,99528.40859832276,67.12229956313534,,
8-470,BATCH_DATA_PROCESSING,282.61031778809013,200.0,30000,FogNode_8,200,1.0,770.9711269175084,931.7678620706383,117587.89529860942,116656.12743653878,100281.72095514997,26.863429900375575,,
6-471,BATCH_DATA_PROCESSING,609.5866660738727,200.0,30000,FogNode_8,200,1.0,770.9711269175084,939.7896450338206,118159.80234305479,117220.01269802098,100420.87068885796,57.944058095423294,,
8-477,BATCH_DATA_PROCESSING,849.6779194091928,200.0,30000,FogNode_8,200,1.0,770.9711269175084,945.0107059078422,118689.98315863911,117744.97245273126,100633.40769259451,80.76585244513578,,
7-506,BATCH_DATA_PROCESSING,314.7722934352022,200.0,30000,FogNode_8,200,1.0,770.9711269175084,954.2615036969798,119098.26342030562,118144.00191660864,101727.90661445177,29.920575814282444,,
1-521,BATCH_DATA_PROCESSING,105.12996367087626,200.0,30000,FogNode_8,200,1.0,770.9711269175084,958.9052621835959,119234.62386235123,118275.71860016763,102133.4436952123,9.993093782298672,,
0-464,BATCH_DATA_PROCESSING,982.1342007843726,200.0,30000,FogNode_8,200,1.0,770.9711269175084,955.7766371633775,119433.69466728636,118477.91803012298,101198.04296074956,93.35644028154533,,
5-499,BATCH_DATA_PROCESSING,558.2412150013909,200.0,30000,FogNode_8,200,1.0,770.9711269175084,966.013905648335,119958.69924664396,118992.68534099562,102259.30607208794,53.0634332959316,,
0-465,BATCH_DATA_PROCESSING,698.4540704910012,200.0,30000,FogNode_8,200,1.0,770.9711269175084,963.6196213138708,120339.63529995772,119376.01567864385,102457.12903162402,66.39131970877287,,
2-474,BATCH_DATA_PROCESSING,320.6112984787381,200.0,30000,FogNode_8,200,1.0,770.9711269175084,963.6211627884359,120374.55307992641,119410.93191713798,102981.26085266884,30.4756004995191,,
5-501,BATCH_DATA_PROCESSING,634.1172257528939,200.0,30000,FogNode_8,200,1.0,770.9711269175084,969.1157272289956,121197.04461509999,120227.92888787099,103392.66645388071,60.275802298932824,,
0-467,BATCH_DATA_PROCESSING,851.302116008897,200.0,30000,FogNode_8,200,1.0,770.9711269175084,968.1583316679794,121443.8298492563,120475.67151758833,103362.04212881433,80.92023991351299,,
7-523,BATCH_DATA_PROCESSING,504.94098712980906,200.0,30000,FogNode_8,199,1.0,770.9711269175084,984.9485496953962,121851.9861161503,120867.0375664549,104205.44248394437,47.996997836997274,,
8-500,BATCH_DATA_PROCESSING,245.3947119306012,200.0,30000,FogNode_8,199,1.0,770.9711269175084,985.316445902243,122170.279114893,121184.96266899076,104854.66717448077,23.32591284516921,,
1-536,BATCH_DATA_PROCESSING,781.3741380907005,200.0,30000,FogNode_8,199,1.0,770.9711269175084,987.6395253168324,122457.32323546751,121469.68371015068,104447.60431638011,74.27325919609613,,
0-472,BATCH_DATA_PROCESSING,220.78090529107368,200.0,30000,FogNode_8,199,1.0,770.9711269175084,990.1403471897559,122743.69051639774,121753.55016920799,105459.33184221826,20.98625562947568,,
6-494,BATCH_DATA_PROCESSING,476.266206494067,200.0,30000,FogNode_8,199,1.0,770.9711269175084,988.3347143436712,122788.0275491285,121799.69283478483,105172.70212229417,45.27132608677299,,
6-498,BATCH_DATA_PROCESSING,227.7993160725663,200.0,30000,FogNode_8,199,1.0,770.9711269175084,993.6924503339773,123039.16113536028,122045.4686850263,105740.52851630788,21.65338833544447,,
