task_id,task_type,task_cpu_required,task_data_size_mb,deadline,node_id,node_queue_at_dispatch,node_load_at_dispatch,node_cpu_speed,creation_time,completion_time,latency,waiting_time,energy_consumed,predicted_latency,predicted_energy
1-15,SENSOR_DATA_LOGGING,71.17661786273038,0.1,10000,CloudNode,0,0.0,12000.0,19.16772619128684,132.79119972859667,113.62347353730982,0.0,2.9656924109470992,,
0-13,SENSOR_DATA_LOGGING,55.7851192279966,0.1,10000,FogNode_2,0,0.16666666666666666,681.967788340379,35.22144739699324,135.63903403747523,100.41758664048199,0.0,6.847290035629012,,
9-5,SMART_HOME_CONTROL,109.42230828567722,0.1,150,FogNode_5,0,0.0,782.8923712617282,6.673616644362443,161.093353946997,154.41973730263456,0.0,16.264507509118136,,
2-38,SMART_HOME_CONTROL,77.6528054352398,0.1,150,CloudNode,0,0.0,12000.0,71.7994073722069,169.39519624820008,97.59578887599318,0.0,3.235533559801658,,
3-19,SENSOR_DATA_LOGGING,101.42385767730451,0.1,10000,FogNode_8,0,0.0,770.9711269175084,20.642609281206745,172.73131494082844,152.0887056596217,0.0,9.640811107904849,,
2-21,SENSOR_DATA_LOGGING,83.91399839878653,0.1,10000,FogNode_2,0,0.16666666666666666,681.967788340379,38.61117123364366,183.1960341527123,144.58486291906863,0.0,10.299941866888341,,
1-53,SMART_HOME_CONTROL,219.37437815242754,0.1,150,CloudNode,0,0.0,12000.0,88.32440524779635,193.85198980233022,105.52758455453387,0.0,9.140599089684482,,
6-39,SENSOR_DATA_LOGGING,277.1688693944203,0.1,10000,CloudNode,0,0.0,12000.0,90.073926403969,194.18044944429482,104.10652304032583,0.0,11.548702891434178,,
4-3,SENSOR_DATA_LOGGING,131.8710950918427,0.1,10000,FogNode_5,0,0.0,782.8923712617282,11.451099131622865,196.5582571191509,185.10715798752804,0.0,19.601290175283683,,
3-56,SENSOR_DATA_LOGGING,372.8382008421736,0.1,10000,CloudNode,0,0.0,12000.0,97.23829787889072,198.516039107814,101.27774122892329,0.0,15.534925035090566,,
6-3,GPS_TRACKING,787.6605414894581,0.2,200,CloudNode,0,0.0,12000.0,15.669826711294576,208.2369277488766,192.56710103758203,0.0,32.81918922872742,,
2-22,SENSOR_DATA_LOGGING,988.5508684241146,0.1,10000,CloudNode,0,0.0,12000.0,39.82075649832889,209.021629001554,169.20087250322513,0.0,41.189619517671446,,
2-48,SENSOR_DATA_LOGGING,444.6142659198805,0.1,10000,CloudNode,0,0.0,12000.0,87.20152738333861,209.36928154890018,122.16775416556156,0.0,18.525594413328353,,
8-40,GPS_TRACKING,226.05907802667198,0.2,200,CloudNode,0,0.0,12000.0,97.50850703054027,213.01870594651749,115.51019891597721,13.151505744386014,9.419128251111331,,
0-52,SENSOR_DATA_LOGGING,518.7289292202101,0.1,10000,CloudNode,0,0.0,12000.0,97.83397519052608,216.54950451571995,118.71552932519387,0.0,21.613705384175425,,
5-11,GPS_TRACKING,281.78579105023283,0.2,200,FogNode_1,0,0.0,1597.9384595498836,14.353198182475802,216.92609551789704,202.57289733542123,0.0,23.27764439486968,,
4-26,SENSOR_DATA_LOGGING,879.3913721914382,0.1,10000,CloudNode,0,0.0,12000.0,49.44761056820427,220.87306751009808,171.4254569418938,0.0,36.64130717464326,,
1-14,GPS_TRACKING,123.49679547768663,0.2,200,FogNode_2,0,0.0,681.967788340379,18.79388828724394,220.93314704705705,202.13925875981312,0.0,15.158493677326256,,
7-41,SMART_HOME_CONTROL,273.2685820360681,0.1,150,CloudNode,0,0.0,12000.0,87.85068101278767,221.28842094415302,133.43773993136534,15.142127615729777,11.386190918169504,,
4-39,SENSOR_DATA_LOGGING,700.9119963063471,0.1,10000,CloudNode,0,0.0,12000.0,91.77122195155101,222.7479281922119,130.9767062406609,0.0,29.20466651276446,,
3-51,GPS_TRACKING,702.2981479453307,0.2,200,CloudNode,0,0.0,12000.0,82.28007863158051,223.09658094293644,140.81650231135592,0.0,29.262422831055446,,
2-49,SENSOR_DATA_LOGGING,538.6861300446334,0.1,10000,CloudNode,0,0.0,12000.0,93.71602671832834,223.1882892775904,129.47226255926205,0.0,22.44525541852639,,
2-40,SENSOR_DATA_LOGGING,657.8593211992754,0.1,10000,CloudNode,0,0.0,12000.0,74.85470967587094,223.95810729344822,149.1033976175773,0.0,27.41080504996981,,
8-36,SMART_HOME_CONTROL,609.1999896158222,0.1,150,CloudNode,0,0.0,12000.0,91.33144040825442,226.43846828111526,135.10702787286084,0.0,25.383332900659262,,
5-51,GPS_TRACKING,686.509054323875,0.2,200,CloudNode,0,0.0,12000.0,91.61212753759018,227.27138510150098,135.65925756391078,0.0,28.604543930161462,,
9-26,SENSOR_DATA_LOGGING,117.01410529367247,0.1,10000,FogNode_2,0,0.3333333333333333,681.967788340379,40.136254696403775,227.47012886957728,187.3338741731735,0.0,14.362782195207688,,
9-7,SMART_HOME_CONTROL,274.86991844098975,0.1,150,FogNode_9,0,0.0,1349.236560939329,8.470810893835734,228.81488896926504,220.3440780754293,0.0,27.64631677693428,,
6-36,SENSOR_DATA_LOGGING,789.0795591870566,0.1,10000,CloudNode,0,0.0,12000.0,81.06605400621383,228.8202032622758,147.75414925606196,0.0,32.878314966127355,,
6-33,SMART_HOME_CONTROL,134.43741010533608,0.1,150,CloudNode,0,0.0,12000.0,74.08987506165917,232.49153845293102,158.40166339127185,31.818792642728994,5.6015587543890035,,
1-59,SENSOR_DATA_LOGGING,765.3354538085388,0.1,10000,CloudNode,0,0.0,12000.0,101.25406480168046,235.45908204305394,134.20501724137347,0.0,31.88897724202245,,
3-0,SMART_HOME_CONTROL,410.4513382884708,0.1,150,FogNode_3,0,0.0,1899.4436001125757,2.0311163975688733,236.6014966816271,234.57038028405825,0.0,19.487362523095356,,
2-44,SMART_HOME_CONTROL,824.9691878161321,0.1,150,CloudNode,0,0.0,12000.0,79.18533999044935,237.9543865793102,158.76904658886087,0.0,34.37371615900551,,
2-29,GPS_TRACKING,761.8693047632357,0.2,200,CloudNode,0,0.0,12000.0,51.49061891948595,238.4149362670143,186.92431734752836,0.0,31.74455436513482,,
2-7,SENSOR_DATA_LOGGING,144.73890402645978,0.1,10000,FogNode_2,0,0.0,681.967788340379,13.002742810995871,239.22121741821715,226.21847460722128,0.0,17.765835567325613,,
7-2,SENSOR_DATA_LOGGING,171.49452164707134,0.1,10000,FogNode_5,0,0.0,782.8923712617282,9.141006119848166,242.23528864511204,233.09428252526388,0.0,25.49090746485847,,
5-50,SMART_HOME_CONTROL,427.49581241999505,0.1,150,CloudNode,0,0.0,12000.0,89.49267100958608,243.8615787838762,154.36890777429014,24.313537016916513,17.812325517499794,,
0-4,SMART_HOME_CONTROL,155.71850490556966,0.1,150,FogNode_8,0,0.0,770.9711269175084,20.091362965877387,244.1360704828574,224.04470751698003,0.0,14.801770768534723,,
8-8,GPS_TRACKING,329.2365350182616,0.2,200,FogNode_1,0,0.0,1597.9384595498836,14.199635143113174,244.63537126062528,230.4357361175121,0.0,27.197435879894837,,
5-59,SMART_HOME_CONTROL,783.3347671000505,0.1,150,CloudNode,0,0.0,12000.0,109.48697595238906,245.88306619848976,136.3960902461007,0.0,32.63894862916877,,
0-26,SMART_HOME_CONTROL,953.1820801842555,0.1,150,CloudNode,0,0.0,12000.0,52.68958155244175,246.09055687798764,193.4009753255459,0.0,39.71592000767731,,
5-48,GPS_TRACKING,415.43526745691764,0.2,200,CloudNode,0,0.0,12000.0,87.79956296815062,247.6383115679273,159.8387485997767,26.545955357850204,17.309802810704902,,
8-9,SMART_HOME_CONTROL,360.6748595620956,0.1,150,FogNode_7,0,0.0,1727.0272900361456,18.58255440241483,249.57437953790708,230.99182513549226,0.0,24.720323082101654,,
6-26,SENSOR_DATA_LOGGING,903.5909736990766,0.1,10000,CloudNode,0,0.0,12000.0,64.61406748696349,250.64324335062565,186.02917586366215,0.0,37.64962390412819,,
8-19,SENSOR_DATA_LOGGING,78.60722974948266,0.1,10000,FogNode_2,0,0.3333333333333333,681.967788340379,48.132559200040525,250.90434582115842,202.77178662111788,70.71954500182787,9.648567726317701,,
7-34,SENSOR_DATA_LOGGING,932.1709408701696,0.1,10000,CloudNode,0,0.0,12000.0,81.95341212915079,252.22824154099837,170.27482941184758,0.0,38.8404558695904,,
1-57,GPS_TRACKING,314.9900051601216,0.2,200,CloudNode,0,0.0,12000.0,98.31187452880692,255.0693703589526,156.75749583014567,34.16805180847217,13.1245835483384,,
5-58,SENSOR_DATA_LOGGING,404.1624580007681,0.1,10000,CloudNode,0,0.0,12000.0,108.90039276159628,256.86849411098774,147.96810134939147,31.13689977339496,16.84010241669867,,
0-60,SENSOR_DATA_LOGGING,943.0020172215538,0.1,10000,CloudNode,0,0.0,12000.0,108.08271790168715,257.9771579642524,149.89444006256525,0.0,39.291750717564746,,
2-47,GPS_TRACKING,946.2761760698053,0.2,200,CloudNode,0,0.0,12000.0,87.05425386398386,258.7562542292037,171.70200036521985,0.0,39.42817400290855,,
0-47,SMART_HOME_CONTROL,502.163212721095,0.1,150,CloudNode,0,0.0,12000.0,89.3576899697648,262.72000190352264,173.36231193375784,32.28603365977855,20.923467196712295,,
6-51,SMART_HOME_CONTROL,651.3403633791776,0.1,150,CloudNode,0,0.0,12000.0,111.43343250668812,263.2999926164855,151.86656010979738,23.532129978802544,27.139181807465732,,
1-54,SENSOR_DATA_LOGGING,595.7836747717996,0.1,10000,CloudNode,0,0.0,12000.0,89.7063032531587,266.19814408003657,176.49184082687788,29.826689213779844,24.82431978215832,,
2-50,SENSOR_DATA_LOGGING,374.6566985765581,0.1,10000,CloudNode,0,0.0,12000.0,96.82342693382449,266.68047359110045,169.85704665727596,39.06733783513843,15.610695774023254,,
3-37,GPS_TRACKING,267.21173302000295,0.2,200,FogNode_9,0,0.5,1349.236560939329,51.23728470027607,270.5912499899467,219.3539652896706,0.0,26.87605926281291,,
1-55,SMART_HOME_CONTROL,570.5399049256932,0.1,150,CloudNode,0,0.0,12000.0,92.36334023795789,271.5030993705893,179.13975913263144,31.693819413887866,23.77249603857055,,
2-14,SENSOR_DATA_LOGGING,88.50137684874159,0.1,10000,FogNode_5,0,0.6666666666666666,782.8923712617282,24.34647848934402,274.1374709896892,249.79099250034517,114.86677357840587,13.154824924416854,,
3-59,SENSOR_DATA_LOGGING,778.2326317222042,0.1,10000,CloudNode,0,0.0,12000.0,112.02897217658165,274.2220008590839,162.19302868250224,23.565555657287064,32.426359655091844,,
2-25,GPS_TRACKING,352.85025480620425,0.2,200,FogNode_7,0,0.25,1727.0272900361456,41.01807451930528,276.1199913696824,235.1019168503771,0.0,24.184031870149074,,
3-18,GPS_TRACKING,368.26819014676425,0.2,200,FogNode_1,0,0.0,1597.9384595498836,19.60359412778851,276.2570073425468,256.6534132147583,0.0,30.421746746806186,,
8-37,SENSOR_DATA_LOGGING,991.7170762782899,0.1,10000,CloudNode,0,0.0,12000.0,93.18360635048342,276.4950794921877,183.31147314170428,13.194411040920528,41.321544844928745,,
3-12,SENSOR_DATA_LOGGING,432.81068595008816,0.1,10000,FogNode_4,0,0.0,1758.3565909566523,12.649642861337549,277.4240144018157,264.77437154047817,0.0,36.05468812330311,,
1-4,E_COMMERCE_TRANSACTION,149.90350230203126,0.5,300,FogNode_2,0,0.0,681.967788340379,5.814083227981091,280.22160970017313,274.40752647219205,0.0,18.39975914407401,,
6-60,SENSOR_DATA_LOGGING,675.9709412306415,0.1,10000,CloudNode,0,0.0,12000.0,126.13370364880726,283.6022968707211,157.46859322191384,33.27336958501533,28.165455884610065,,
5-52,E_COMMERCE_TRANSACTION,356.5316462420079,0.5,300,CloudNode,0,0.0,12000.0,93.0533455924782,286.5794646311551,193.52611903867688,56.85071151641594,14.855485260083663,,
8-15,GPS_TRACKING,299.09537157741886,0.2,200,FogNode_9,0,0.375,1349.236560939329,36.749009162647965,286.91139284849476,250.1623836858468,0.0,30.08290407347499,,
4-55,GPS_TRACKING,443.28455443848264,0.2,200,CloudNode,0,0.0,12000.0,113.83184933854464,287.58362288716586,173.7517735486212,51.8375527823988,18.47018976827011,,
0-46,SMART_HOME_CONTROL,355.2804077482383,0.1,150,CloudNode,0,0.0,12000.0,88.94183763448098,288.36295487489025,199.42111724040927,56.99708229387653,14.803350322843263,,
5-2,GPS_TRACKING,307.7101503061318,0.2,200,FogNode_0,0,0.0,1189.2931772946604,1.7674839317784272,288.78320352072285,287.0157195889444,0.0,19.593193398857537,,
9-13,SMART_HOME_CONTROL,307.3372744135336,0.1,150,FogNode_0,0,0.0,1189.2931772946604,16.930599256142372,289.82962237999413,272.89902312385175,0.0,19.569450829851668,,
9-0,SENSOR_DATA_LOGGING,522.3151609875503,0.1,10000,FogNode_3,0,0.0,1899.4436001125757,2.526766878329815,291.4384704797844,288.91170360145463,0.0,24.798420528768464,,
7-12,SENSOR_DATA_LOGGING,190.06308292525935,0.1,10000,FogNode_6,0,0.125,816.2509881302752,43.41484436272361,292.55144191512545,249.13659755240184,0.0,25.610103786584443,,
5-63,SENSOR_DATA_LOGGING,586.6361232061212,0.1,10000,CloudNode,0,0.0,12000.0,116.81956597652278,292.7479223843863,175.92835640786353,46.965955779529565,24.44317180025505,,
1-52,SENSOR_DATA_LOGGING,726.3205705266382,0.1,10000,CloudNode,0,0.0,12000.0,87.23645555748269,293.0182526634842,205.7817971060015,36.29741899356864,30.263357105276594,,
3-9,E_COMMERCE_TRANSACTION,191.8954782409989,0.5,300,FogNode_6,0,0.0,816.2509881302752,11.712209116997156,293.57956347628345,281.8673543592863,0.0,25.857010410910824,,
9-12,SMART_HOME_CONTROL,315.6791094179832,0.1,150,FogNode_0,0,0.0,1189.2931772946604,16.922831056975994,295.5845731951668,278.6617421381908,0.0,20.10061038497501,,
1-60,SENSOR_DATA_LOGGING,880.7362864748,0.1,10000,CloudNode,0,0.0,12000.0,103.31972946941903,296.4912714825031,193.1715420130841,31.69074339077258,36.697345269783334,,
7-55,SMART_HOME_CONTROL,897.7881691524312,0.1,150,CloudNode,0,0.0,12000.0,117.86547148145584,297.5636089549145,179.69813747345867,31.4920172991568,37.4078403813513,,
0-0,GPS_TRACKING,361.788579184197,0.2,200,FogNode_9,0,0.0,1349.236560939329,4.901632971983503,298.00452609309326,293.1028931211098,0.0,36.388564172949245,,
0-53,SENSOR_DATA_LOGGING,744.6028391793694,0.1,10000,CloudNode,0,0.0,12000.0,98.70661678108249,300.4651728652951,201.7585560842126,41.68659772394943,31.025118299140395,,
3-68,SMART_HOME_CONTROL,547.6472806053309,0.1,150,CloudNode,0,0.0,12000.0,126.55977191107455,300.7066437427302,174.14687183165563,55.06134053093882,22.818636691888788,,
8-14,SENSOR_DATA_LOGGING,98.78779329426405,0.1,10000,FogNode_8,0,0.0,770.9711269175084,35.121462931444675,300.8655470089433,265.7440840774986,119.08245863337771,9.390240883431368,,
1-68,SENSOR_DATA_LOGGING,460.8002818780853,0.1,10000,CloudNode,0,0.0,12000.0,114.61865239826614,301.1200253933631,186.50137299509697,60.370875716179825,19.200011744920218,,
0-49,SMART_HOME_CONTROL,923.0697755261148,0.1,150,CloudNode,0,0.0,12000.0,90.34106751278324,303.36094957495817,213.01988206217493,32.84923264124495,38.461240646921446,,
0-20,SMART_HOME_CONTROL,199.77012640738488,0.1,150,FogNode_6,0,0.125,816.2509881302752,42.44302245587431,303.60513968322385,261.16211722734954,0.0,26.91808210205711,,
0-50,E_COMMERCE_TRANSACTION,707.858520668534,0.5,300,CloudNode,0,0.0,12000.0,91.5529635423082,306.6265216236385,215.0735580813303,49.61260054883502,29.494105027855582,,
8-46,GPS_TRACKING,162.92701524748392,0.2,200,CloudNode,0,0.0,12000.0,126.1269184431154,310.0685227531268,183.94160431001137,88.71803426306002,6.78862563531183,,
9-46,E_COMMERCE_TRANSACTION,886.3559480777973,0.5,300,CloudNode,0,0.0,12000.0,74.50770190253827,311.81738225246,237.30968034992173,41.42767911693636,36.931497836574884,,
4-7,SMART_HOME_CONTROL,383.46858709043335,0.1,150,FogNode_9,0,0.0,1349.236560939329,16.40417856259275,315.7616169439335,299.3574383813408,0.0,38.56913151077136,,
1-5,SENSOR_DATA_LOGGING,563.3612390599056,0.1,10000,FogNode_3,0,0.0,1899.4436001125757,6.020435432557274,317.4643450533753,311.44390962081803,0.0,26.747201611765195,,
7-42,GPS_TRACKING,793.2031475768609,0.2,200,CloudNode,0,0.0,12000.0,94.73934919389161,318.3285038390701,223.5891546451785,53.40277013629401,33.05013114903587,,
3-50,E_COMMERCE_TRANSACTION,736.5812590381383,0.5,300,CloudNode,0,0.0,12000.0,81.97297035103448,319.35892955076395,237.38595919972948,57.14200143384795,30.690885793255763,,
9-60,SENSOR_DATA_LOGGING,295.1145442579153,0.1,10000,CloudNode,0,0.0,12000.0,106.36856219490929,322.1564876430741,215.78792544816483,89.46591280641553,12.296439344079806,,
1-19,SENSOR_DATA_LOGGING,492.2420770613298,0.1,10000,FogNode_4,0,0.25,1758.3565909566523,25.527178955513694,322.7099135326033,297.1827345770896,0.0,41.00553693736629,,
1-66,GPS_TRACKING,626.7111830504647,0.2,200,CloudNode,0,0.0,12000.0,109.48512548463837,323.7290312914614,214.24390580682302,68.11046723903462,26.11296596043603,,
2-60,SENSOR_DATA_LOGGING,379.5444288651358,0.1,10000,CloudNode,0,0.0,12000.0,105.87791570159347,324.3766247898143,218.49870908822083,85.08737318886796,15.814351202713992,,
3-61,SENSOR_DATA_LOGGING,967.8529255905772,0.1,10000,CloudNode,0,0.0,12000.0,117.46769610861946,326.5374766643712,209.06978055575172,48.68552483317231,40.32720523294072,,
7-56,GPS_TRACKING,967.582851376854,0.2,200,CloudNode,0,0.0,12000.0,120.6913608236819,326.72246115939214,206.03110033571022,48.549158958323346,40.31595214070225,,
7-8,GPS_TRACKING,369.77892368540296,0.2,200,FogNode_9,0,0.125,1349.236560939329,25.276664849906116,327.83973714471097,302.56307229480484,0.0,37.192230126976156,,
3-54,SENSOR_DATA_LOGGING,105.25896587060328,0.1,10000,FogNode_5,1,1.0,782.8923712617282,93.35806074290473,331.0070903616634,237.64902961875868,90.05226424421112,15.645669220711605,,
4-43,SMART_HOME_CONTROL,789.2067546816672,0.1,150,CloudNode,0,0.0,12000.0,94.71540508802065,331.9653736368422,237.24996854882153,63.50319302767454,32.8836147784028,,
5-62,SENSOR_DATA_LOGGING,67.8125724689219,0.1,10000,FogNode_8,1,1.0,770.9711269175084,115.89911827133228,332.0934142812558,216.1942960099235,109.95047927697578,6.445901554977806,,
5-17,GPS_TRACKING,229.7140585261614,0.2,200,FogNode_6,0,0.0,816.2509881302752,25.26053943062964,333.33902850589396,308.0784890752643,0.0,30.95288569219918,,
1-67,SENSOR_DATA_LOGGING,600.2517186184157,0.1,10000,CloudNode,0,0.0,12000.0,112.42984456730619,336.60044118268974,224.17059661538354,80.35028971537079,25.01048827576732,,
3-25,SENSOR_DATA_LOGGING,234.84075902245291,0.1,10000,FogNode_6,0,0.0,816.2509881302752,34.03666068026766,338.7101476092903,304.6734869290226,0.0,31.64368439846025,,
9-56,E_COMMERCE_TRANSACTION,328.41801661457464,0.5,300,CloudNode,0,0.0,12000.0,92.63177783629267,339.1855503036745,246.55377246738186,102.71169337606051,13.684084025607277,,
9-22,GPS_TRACKING,455.5772543155743,0.2,200,FogNode_1,0,0.0,1597.9384595498836,33.756793084880364,341.93654858458285,308.1797554997025,0.0,37.63413790604714,,
6-64,SMART_HOME_CONTROL,187.84275105657105,0.1,150,CloudNode,0,0.041666666666666664,12000.0,140.04694623638485,342.3760237474397,202.32907751105486,114.57494241487069,7.826781294023792,,
3-67,SENSOR_DATA_LOGGING,957.286543205105,0.1,10000,CloudNode,0,0.0,12000.0,125.6068823204534,343.0738712169109,217.4669888964575,60.8313701263358,39.8869393002127,,
9-64,SMART_HOME_CONTROL,511.8580009606846,0.1,150,CloudNode,0,0.0,12000.0,111.55141938955013,343.1200062786854,231.5685868891353,92.29019338860923,21.32741670669519,,
9-74,SENSOR_DATA_LOGGING,216.6369311530986,0.1,10000,CloudNode,0,0.08333333333333333,12000.0,130.97643961237435,344.59055426046274,213.6141146480884,114.49428290519259,9.026538798045774,,
0-64,SMART_HOME_CONTROL,851.7616129671316,0.1,150,CloudNode,0,0.0,12000.0,119.46515647029503,345.20213527301155,225.73697880271652,70.66141811025608,35.490067206963815,,
4-64,SMART_HOME_CONTROL,942.8148830988291,0.1,150,CloudNode,0,0.08333333333333333,12000.0,131.99644568304748,345.2483805160029,213.2519348329554,63.53691025856301,39.283953462451215,,
2-59,SENSOR_DATA_LOGGING,309.09617509287625,0.1,10000,CloudNode,0,0.0,12000.0,105.26135737588994,347.9145022341471,242.65314485825718,111.6051127160319,12.87900729553651,,
4-63,GPS_TRACKING,726.1413120607442,0.2,200,CloudNode,0,0.08333333333333333,12000.0,129.6093605744588,348.0953988922279,218.48603831776907,80.12758803770433,30.25588800253101,,
2-52,GPS_TRACKING,809.0380277209301,0.2,200,CloudNode,0,0.0,12000.0,98.35366904227426,355.7827905183011,257.42912147602686,80.71400187896666,33.709917821705425,,
6-55,GPS_TRACKING,555.9477775099349,0.2,200,CloudNode,0,0.0,12000.0,120.76929380741605,356.397504212288,235.628210404872,101.05752936128414,23.16449072958062,,
0-25,SENSOR_DATA_LOGGING,92.96380869632975,0.1,10000,FogNode_2,0,0.3333333333333333,681.967788340379,52.154890351564575,357.2501553951556,305.09526504359104,150.65306799395205,11.410752002857388,,
7-51,GPS_TRACKING,454.7185182432488,0.2,200,CloudNode,0,0.0,12000.0,113.4678640147416,357.252139404368,243.7842753896264,108.98184547519338,18.946604926802035,,
9-67,GPS_TRACKING,994.3480888258066,0.2,200,CloudNode,0,0.0,12000.0,122.90014974054694,359.3574202276716,236.45727048712465,71.52730545241727,41.43117036774194,,
5-46,GPS_TRACKING,930.026923065502,0.2,200,CloudNode,0,0.0,12000.0,77.70479288092099,361.1045404595129,283.3997475785919,77.93537469186529,38.751121794395914,,
4-50,GPS_TRACKING,729.7177609836879,0.2,200,CloudNode,0,0.0,12000.0,109.69496362534669,361.5164571580375,251.8214935326908,92.47775976124618,30.40490670765366,,
7-21,SENSOR_DATA_LOGGING,502.7617992559159,0.1,10000,FogNode_7,0,0.25,1727.0272900361456,59.29244780003884,363.93829369275807,304.6458458927192,0.0,34.45883121999313,,
9-79,GPS_TRACKING,195.05343815412272,0.2,200,CloudNode,0,0.041666666666666664,12000.0,140.01897996111234,364.16895541365733,224.149975452545,132.26889335215975,8.127226589755113,,
4-10,SMART_HOME_CONTROL,266.4182017248827,0.1,150,FogNode_6,0,0.0,816.2509881302752,23.018941919225067,365.8274737223426,342.8085318031175,0.0,35.89859583353449,,
9-70,SENSOR_DATA_LOGGING,767.2832895495143,0.1,10000,CloudNode,0,0.0,12000.0,125.5383824769733,367.30122370408435,241.76284122711104,94.56083458639299,31.970137064563094,,
9-59,GPS_TRACKING,810.3006628094514,0.2,200,CloudNode,0,0.0,12000.0,102.25928231484504,368.64508062748405,266.385798312639,92.65488793385515,33.76252761706047,,
3-63,SMART_HOME_CONTROL,612.4473990768944,0.1,150,CloudNode,0,0.0,12000.0,119.640286897353,369.36578709547797,249.72550019812496,108.25958306386269,25.51864162820393,,
1-39,SENSOR_DATA_LOGGING,88.8904474208193,0.1,10000,FogNode_2,0,1.0,681.967788340379,62.04098248735569,369.5652731648105,307.5242906774548,162.04655523543528,10.910771247069706,,
6-45,GPS_TRACKING,926.7871998272701,0.2,200,CloudNode,0,0.0,12000.0,104.45642164386284,370.2505193157567,265.7940976718939,85.25789862268937,38.61613332613626,,
0-79,SENSOR_DATA_LOGGING,380.4855903563017,0.1,10000,CloudNode,0,0.041666666666666664,12000.0,138.6500748685567,370.89268283336634,232.24260796480965,125.4600045469873,15.853566264845906,,
7-60,SENSOR_DATA_LOGGING,805.3589114300776,0.1,10000,CloudNode,0,0.08333333333333333,12000.0,129.5164179166797,373.73976424281165,244.22334632613195,97.69501293341676,33.55662130958657,,
7-17,SENSOR_DATA_LOGGING,537.7309184075516,0.1,10000,FogNode_7,0,0.25,1727.0272900361456,49.588629292324896,374.86167115184764,325.2730418595228,0.0,36.85558247782821,,
2-1,SMART_HOME_CONTROL,634.8925438063061,0.1,150,FogNode_4,0,0.0,1758.3565909566523,4.395565087210451,382.5852020228699,378.18963693565945,0.0,52.88883431447139,,
8-47,SMART_HOME_CONTROL,507.92462867033686,0.1,150,CloudNode,0,0.08333333333333333,12000.0,127.76038252367346,385.4009236061056,257.64054108243215,128.5830076179327,21.163526194597367,,
9-68,GPS_TRACKING,746.504438696913,0.2,200,CloudNode,0,0.0,12000.0,123.3495320630655,385.93773451620416,262.58820245313865,112.1487032087183,31.104351612371374,,
8-11,GPS_TRACKING,274.7501507091621,0.2,200,FogNode_6,0,0.0,816.2509881302752,21.39695343670397,385.9377792233156,364.5408257866116,0.0,37.02128665253921,,
0-66,SMART_HOME_CONTROL,379.0615955519904,0.1,150,CloudNode,0,0.0,12000.0,121.21302692288809,387.3712568143003,266.1582298914122,139.99660595624184,15.7942331479996,,
1-71,SENSOR_DATA_LOGGING,634.5553145621002,0.1,10000,CloudNode,0,0.0,12000.0,120.6927361438963,389.4800507295314,268.7873145856351,123.56191131156959,26.439804773420843,,
7-48,SENSOR_DATA_LOGGING,366.9858617486871,0.1,10000,CloudNode,0,0.0,12000.0,111.58439080872056,389.9395753733955,278.3551845646749,143.36352273912206,15.291077572861964,,
6-41,SMART_HOME_CONTROL,556.2826478820405,0.1,150,CloudNode,0,0.0,12000.0,94.44432525380138,391.5590225965149,297.11469734271355,130.29641504676187,23.178443661751686,,
2-33,SENSOR_DATA_LOGGING,552.6775269638547,0.1,10000,FogNode_7,0,0.25,1727.0272900361456,55.584460165309395,392.38904155640637,336.804581391097,0.0,37.88000927858199,,
6-59,SENSOR_DATA_LOGGING,843.2578926155896,0.1,10000,CloudNode,0,0.0,12000.0,125.31442284281894,394.6481158411134,269.33369299829445,112.7478649373927,35.13574552564957,,
9-77,SENSOR_DATA_LOGGING,256.1894926985728,0.1,10000,CloudNode,0,0.041666666666666664,12000.0,134.63389615786895,395.08888863435936,260.4549924764904,155.12240605989132,10.674562195773866,,
3-35,SENSOR_DATA_LOGGING,271.8855902888192,0.1,10000,FogNode_6,0,0.25,816.2509881302752,50.10243533661638,398.89586843614416,348.79343309952776,0.0,36.63530064968787,,
2-73,GPS_TRACKING,167.99457338144765,0.2,200,CloudNode,0,0.08333333333333333,12000.0,132.65086212621154,401.3708045960876,268.71994246987606,167.74451838482662,6.999773890893652,,
2-62,GPS_TRACKING,77.97737655339583,0.2,200,FogNode_8,1,1.0,770.9711269175084,109.90536020436785,402.0073068374396,292.10194663307175,163.4133529839005,7.412113631421054,,
6-7,E_COMMERCE_TRANSACTION,120.57796633294605,0.5,300,FogNode_2,0,0.0,681.967788340379,25.986996652254106,404.27901690574356,378.29202025348945,152.02129000512718,14.800224841567355,,
1-72,SENSOR_DATA_LOGGING,880.3695593277545,0.1,10000,CloudNode,0,0.08333333333333333,12000.0,128.35515287604042,405.3295035808217,276.9743507047813,119.59480911314657,36.68206497198977,,
3-64,SMART_HOME_CONTROL,721.777191392222,0.1,150,CloudNode,0,0.0,12000.0,120.36067267927133,405.39647979868806,285.03580711941675,130.27060349342997,30.074049641342583,,
8-45,GPS_TRACKING,614.9363613371089,0.2,200,CloudNode,0,0.0,12000.0,122.55880740029008,408.4968361824604,285.93802878217036,141.30613434495467,25.622348389046206,,
9-32,SMART_HOME_CONTROL,88.05994443897904,0.1,150,FogNode_2,0,0.6666666666666666,681.967788340379,59.95608062182343,409.34786162078024,349.3917809989568,197.9829094272044,10.808831968803164,,
4-47,SMART_HOME_CONTROL,490.2347905380626,0.1,150,CloudNode,0,0.0,12000.0,104.79582893805403,411.10341852726197,306.30758958920796,152.14836383312064,20.42644960575261,,
9-16,E_COMMERCE_TRANSACTION,156.36031950148936,0.5,300,FogNode_2,0,0.0,681.967788340379,20.196251638503714,412.4741938763617,392.277942237858,116.33329592073342,19.192294871944952,,
8-56,SMART_HOME_CONTROL,866.3328706962369,0.1,150,CloudNode,0,0.08333333333333333,12000.0,145.05714114150203,414.5704296387928,269.5132884972908,128.4463224364779,36.097202945676536,,
3-76,SENSOR_DATA_LOGGING,878.3345820041116,0.1,10000,CloudNode,0,0.041666666666666664,12000.0,139.0378659343682,417.78510276080533,278.74723682643713,129.70400947185874,36.59727425017131,,
5-1,SENSOR_DATA_LOGGING,761.311635679533,0.1,10000,FogNode_3,0,0.0,1899.4436001125757,0.9553311534482788,420.21391744059196,419.25858628714366,0.0,36.14546830180109,,
8-60,SENSOR_DATA_LOGGING,243.64981239771376,0.1,10000,CloudNode,0,0.125,12000.0,156.40821096493454,421.67495562923045,265.2667446642959,178.96255344367864,10.152075516571408,,
5-3,SENSOR_DATA_LOGGING,679.3372448211742,0.1,10000,FogNode_7,0,0.0,1727.0272900361456,7.287503326250107,421.73599262624833,414.44848929999824,0.0,46.56114982362105,,
2-68,SENSOR_DATA_LOGGING,228.15775213495291,0.1,10000,CloudNode,0,0.0,12000.0,123.0986647119481,424.3426495920678,301.2439848801197,181.98904956833653,9.506573005623038,,
9-63,GPS_TRACKING,984.7942734229337,0.2,200,CloudNode,0,0.0,12000.0,110.92954672794448,425.1861957305965,314.256649002652,128.3879053172756,41.033094725955564,,
1-44,GPS_TRACKING,75.16407529759847,0.2,200,FogNode_6,0,0.875,816.2509881302752,65.08540356840224,425.4235422040289,360.33813863562665,238.4883485922261,10.128004553893922,,
9-75,SMART_HOME_CONTROL,705.7847546678366,0.1,150,CloudNode,0,0.08333333333333333,12000.0,132.22740489618081,427.46047684980374,295.2330719536229,151.2603375966142,29.40769811115986,,
3-60,GPS_TRACKING,742.9977319267665,0.2,200,CloudNode,0,0.0,12000.0,115.24183421991899,429.21770136464824,313.97586714472925,150.0586865510885,30.958238830281935,,
1-61,SENSOR_DATA_LOGGING,874.0897986248002,0.1,10000,CloudNode,0,0.0,12000.0,103.73313313740732,429.23832076435474,325.5051876269474,140.51615698904175,36.42040827603334,,
1-0,SENSOR_DATA_LOGGING,778.6100126319128,0.1,10000,FogNode_3,0,0.0,1899.4436001125757,0.541584524550689,429.9646735062173,429.42308898166664,0.0,36.96675869919106,,
1-75,GPS_TRACKING,989.5045285337512,0.2,200,CloudNode,0,0.08333333333333333,12000.0,130.509954473418,430.55410960337383,300.0441551299558,132.3303956116559,41.22935535557297,,
4-48,SENSOR_DATA_LOGGING,760.1478365480496,0.1,10000,CloudNode,0,0.0,12000.0,106.35583950370123,434.23833587903715,327.8824963753359,152.2935025550318,31.6728265228354,,
5-0,SENSOR_DATA_LOGGING,786.2078199688061,0.1,10000,FogNode_3,0,0.0,1899.4436001125757,0.2707581022814436,434.33299561485745,434.062237512576,0.0,37.3274865422822,,
6-62,SENSOR_DATA_LOGGING,820.4873168658888,0.1,10000,CloudNode,0,0.08333333333333333,12000.0,131.9306928711273,437.73973016763534,305.80903729650805,151.3148287201389,34.1869715360787,,
6-10,GPS_TRACKING,357.57609775670613,0.2,200,FogNode_1,0,0.0,1597.9384595498836,32.615636012612576,440.69948029357244,408.08384428095985,158.33203049128332,29.53849878896825,,
6-61,GPS_TRACKING,965.0321495906652,0.2,200,CloudNode,0,0.08333333333333333,12000.0,130.71676504847832,441.52388625873505,310.8071212102567,144.6053028745257,40.20967289961105,,
4-58,SENSOR_DATA_LOGGING,626.5514152852762,0.1,10000,CloudNode,0,0.0,12000.0,119.3659811093398,442.15219331383514,322.7862122044953,169.8732039951987,26.106308970219843,,
8-41,E_COMMERCE_TRANSACTION,984.4589386187765,0.5,300,CloudNode,0,0.0,12000.0,97.67788377379625,443.55470204293556,345.87681826913933,144.57707673373523,41.01912244244902,,
6-67,SMART_HOME_CONTROL,628.2387088095356,0.1,150,CloudNode,0,0.041666666666666664,12000.0,142.0274702080479,443.9122483306429,301.884778122595,171.25370698987388,26.176612867063984,,
8-43,SENSOR_DATA_LOGGING,969.2933092408997,0.1,10000,CloudNode,0,0.0,12000.0,117.53883102870493,444.943397850399,327.40456682169406,146.94327245431464,40.387221218370826,,
5-53,GPS_TRACKING,476.56856251624237,0.2,200,CloudNode,0,0.0,12000.0,100.91194085031321,448.2108830588139,347.2989422085007,184.84837469739185,19.857023438176764,,
7-6,E_COMMERCE_TRANSACTION,507.8053010334491,0.5,300,FogNode_9,0,0.0,1349.236560939329,18.453222915388565,449.4397714290334,430.98654851364483,0.0,51.07487313636741,,
9-24,SMART_HOME_CONTROL,632.0696883171634,0.1,150,FogNode_1,0,0.0,1597.9384595498836,37.81904868434612,450.62629710527085,412.80724842092474,0.0,52.21375209369659,,
7-54,SENSOR_DATA_LOGGING,245.57657517913594,0.1,10000,CloudNode,0,0.0,12000.0,116.41182140680186,451.01882420163514,334.6070027948333,204.56930479811925,10.232357299130664,,
5-37,SENSOR_DATA_LOGGING,138.02730159518543,0.1,10000,FogNode_2,0,0.6666666666666666,681.967788340379,57.68848393566512,453.2999779243777,395.6114939887126,170.47218352708558,16.942026474744083,,
4-67,SMART_HOME_CONTROL,815.071609362501,0.1,150,CloudNode,0,0.041666666666666664,12000.0,133.39770163476842,453.3235577196474,319.925856084879,166.28065620175727,33.96131705677088,,
9-69,SENSOR_DATA_LOGGING,645.2545905977981,0.1,10000,CloudNode,0,0.0,12000.0,124.44586008126731,459.1676956818379,334.7218356005706,181.93803596643687,26.88560794157492,,
0-2,GPS_TRACKING,568.7468637154723,0.2,200,FogNode_9,0,0.0,1349.236560939329,16.890375356853795,461.43438061034624,444.54400525349246,0.0,57.204353424150554,,
0-62,E_COMMERCE_TRANSACTION,906.2661908120989,0.5,300,CloudNode,0,0.0,12000.0,113.31006836532677,461.4599170838791,348.14984871855233,166.81257989405435,37.76109128383746,,
1-86,GPS_TRACKING,453.151714123869,0.2,200,CloudNode,0,0.041666666666666664,12000.0,138.77580005216836,462.94883857425225,324.17303852208386,200.43541802907473,18.881321421827874,,
2-87,SMART_HOME_CONTROL,433.14096737775105,0.1,150,CloudNode,0,0.125,12000.0,158.8811125037109,465.3334013791673,306.45228887545636,203.2672904886036,18.047540307406294,,
9-62,E_COMMERCE_TRANSACTION,436.2343770958451,0.5,300,CloudNode,0,0.0,12000.0,110.6636301225624,465.57056612263534,354.90693600007296,203.507818142834,18.176432378993546,,
0-72,SENSOR_DATA_LOGGING,924.6953500939244,0.1,10000,CloudNode,0,0.08333333333333333,12000.0,127.3316150489939,466.53799657069175,339.20638152169784,169.47911753014364,38.52897292058018,,
6-71,SENSOR_DATA_LOGGING,691.1948314052803,0.1,10000,CloudNode,0,0.08333333333333333,12000.0,147.03954748675048,468.7029878110353,321.6634403242848,187.37853166884332,28.799784641886678,,
7-46,GPS_TRACKING,152.58617947999397,0.2,200,FogNode_5,1,1.0,782.8923712617282,104.92225302365172,469.03805385535486,364.11580083170315,139.4649248101494,22.68037570054493,,
1-77,GPS_TRACKING,908.2251770963427,0.2,200,CloudNode,0,0.08333333333333333,12000.0,131.31068718250617,470.33354726580865,339.0228600833025,173.0230007793848,37.84271571234761,,
1-1,SENSOR_DATA_LOGGING,850.3240007733999,0.1,10000,FogNode_3,0,0.0,1899.4436001125757,1.901975067753233,471.179457510191,469.27748244243776,0.0,40.371587370764125,,
7-75,SENSOR_DATA_LOGGING,944.307470376726,0.1,10000,CloudNode,0,0.125,12000.0,148.12320734423926,473.78117783241987,325.6579704881806,173.150211590802,39.34614459903025,,
6-77,GPS_TRACKING,123.76735076617265,0.2,200,CloudNode,0,0.125,12000.0,155.03208633612184,475.64734727634834,320.6152609402265,233.88693718027722,5.156972948590528,,
2-51,E_COMMERCE_TRANSACTION,347.8745935287156,0.5,300,CloudNode,0,0.0,12000.0,97.04717807796554,480.00837366236146,382.9611955843959,222.49781850308761,14.494774730363151,,
4-60,SENSOR_DATA_LOGGING,125.04365774824669,0.1,10000,CloudNode,0,0.0,12000.0,121.13842687349376,480.75385207816254,359.6154252046688,236.52538504664165,5.210152406176945,,
0-84,SENSOR_DATA_LOGGING,358.442363523685,0.1,10000,CloudNode,0,0.125,12000.0,150.18231481170014,483.1937546799545,333.01143986825434,224.73305857198795,14.935098480153542,,
8-58,SENSOR_DATA_LOGGING,421.93606498917103,0.1,10000,CloudNode,0,0.125,12000.0,149.21862473966033,483.3722218079115,334.1535970682512,220.51357834468004,17.58066937454879,,
6-47,E_COMMERCE_TRANSACTION,515.8620404202145,0.5,300,CloudNode,0,0.0,12000.0,104.98198304664548,486.54320541128675,381.56122236464125,216.04056646259116,21.494251684175605,,
8-33,E_COMMERCE_TRANSACTION,881.1569293258829,0.5,300,CloudNode,0,0.0,12000.0,84.10866452271839,488.000173749283,403.8915092265646,190.67245934472837,36.71487205524512,,
8-20,SENSOR_DATA_LOGGING,722.1465998230636,0.1,10000,FogNode_7,0,0.25,1727.0272900361456,52.80434556495441,488.82791025111624,436.0235646861618,0.0,49.49526363423694,,
3-74,SMART_HOME_CONTROL,548.4691828031288,0.1,150,CloudNode,0,0.041666666666666664,12000.0,136.56899105289602,489.618013564237,353.049022511341,216.31421738326924,22.852882616797032,,
2-74,GPS_TRACKING,383.3562108356161,0.2,200,CloudNode,0,0.041666666666666664,12000.0,133.76393922817286,493.40626798684707,359.64232875867424,232.46248411046116,15.973175451484002,,
0-56,GPS_TRACKING,837.276706516784,0.2,200,CloudNode,0,0.0,12000.0,100.65518994941347,494.11570846846644,393.460518519053,199.78703552870982,34.88652943819933,,
6-11,GPS_TRACKING,402.9148785318549,0.2,200,FogNode_1,0,0.0,1597.9384595498836,34.440277903025084,496.7820519565454,462.3417740535203,183.66063322168552,33.28382608970759,,
4-72,SMART_HOME_CONTROL,669.0553574060156,0.1,150,CloudNode,0,0.125,12000.0,152.21530516125827,497.27849937590304,345.0631942146448,214.65283730254873,27.87730655858398,,
0-76,GPS_TRACKING,373.65752729858036,0.2,200,CloudNode,0,0.08333333333333333,12000.0,132.60766898971949,497.67612384557344,365.06845485585393,233.10791857659908,15.569063637440848,,
8-59,GPS_TRACKING,200.09281168160055,0.2,200,CloudNode,0,0.125,12000.0,153.66733832995445,500.04662278137823,346.3792844514238,246.84131197906655,8.337200486733357,,
1-48,SENSOR_DATA_LOGGING,249.041197074635,0.1,10000,FogNode_9,0,1.0,1349.236560939329,73.66094470442124,500.34095928050215,426.6800145760809,227.52510454089162,25.0484733428929,,
7-43,E_COMMERCE_TRANSACTION,798.8267297455898,0.5,300,CloudNode,0,0.0,12000.0,96.11738491065293,500.8072300245029,404.68984511384997,208.0868225067249,33.2844470727329,,
0-74,SENSOR_DATA_LOGGING,996.6561351148314,0.1,10000,CloudNode,0,0.08333333333333333,12000.0,130.15564179859848,500.8397806870413,370.6841388884428,193.2927764578489,41.52733896311797,,
0-69,SMART_HOME_CONTROL,675.6311769172635,0.1,150,CloudNode,0,0.0,12000.0,124.72802960512811,501.2459959268376,376.51796632170954,217.33853961121812,28.15129903821931,,
4-62,SENSOR_DATA_LOGGING,904.9017157588087,0.1,10000,CloudNode,0,0.0,12000.0,122.92795041386626,502.86895316303776,379.9410027491715,202.47362132689284,37.70423815661702,,
2-37,SENSOR_DATA_LOGGING,313.96566492450853,0.1,10000,FogNode_9,0,0.75,1349.236560939329,69.58476435763191,503.2900027616088,433.70523840397686,185.47798905910452,31.578552788952152,,
7-50,SMART_HOME_CONTROL,980.8478907026627,0.1,150,CloudNode,0,0.0,12000.0,112.9834767353737,503.4122798544523,390.4288031190786,197.14600239740597,40.86866211261094,,
3-84,SENSOR_DATA_LOGGING,788.6905561534911,0.1,10000,CloudNode,0,0.125,12000.0,155.77537332689693,503.46394318042627,347.6885698535293,210.98745633206235,32.86210650639546,,
5-38,GPS_TRACKING,293.3534099618348,0.2,200,FogNode_9,0,0.625,1349.236560939329,62.506342740172045,504.33316932155765,441.8268265813856,200.55536775119475,29.505379655212703,,
3-65,E_COMMERCE_TRANSACTION,546.098076728221,0.5,300,CloudNode,0,0.0,12000.0,120.97211215761371,504.675868742523,383.7037565849093,230.38893481625948,22.754086530342544,,
5-6,SMART_HOME_CONTROL,516.5734742905533,0.1,150,FogNode_3,0,0.0,1899.4436001125757,11.038861808409003,508.56191406908584,497.5230522606768,210.34565242751808,24.52581737287432,,
0-71,SMART_HOME_CONTROL,821.9017041721603,0.1,150,CloudNode,0,0.0,12000.0,125.41972228154607,510.6440019948485,385.22427971330245,214.7282692726273,34.24590434050668,,
7-5,SENSOR_DATA_LOGGING,267.2990495556666,0.1,10000,FogNode_0,0,0.0,1189.2931772946604,17.438155759695388,513.5377507247217,496.0995949650263,254.27292817307404,17.0200494460927,,
9-38,SMART_HOME_CONTROL,251.90397469335386,0.1,150,FogNode_9,0,0.75,1349.236560939329,67.29946520164818,514.540855381516,447.2413901798679,238.96659833508227,25.33641047824011,,
5-60,E_COMMERCE_TRANSACTION,251.51909579059685,0.5,300,CloudNode,0,0.0,12000.0,109.98897684561543,515.0756331176829,405.08665627206744,254.9035047538104,10.479962324608202,,
1-89,SENSOR_DATA_LOGGING,172.64168850133143,0.1,10000,CloudNode,0,0.125,12000.0,148.03798808828978,515.1940373996139,367.15604931132407,259.4106831131512,7.1934036875554765,,
6-63,GPS_TRACKING,420.69010119594367,0.2,200,CloudNode,0,0.041666666666666664,12000.0,137.18841779509646,515.8113605111579,378.6229427160614,245.4065487241697,17.528754216497653,,
2-39,SENSOR_DATA_LOGGING,174.3349755321983,0.1,10000,FogNode_6,1,1.0,816.2509881302752,74.30416298931108,517.1852493153535,442.88108632604246,210.37145649113435,23.490815513957422,,
0-73,GPS_TRACKING,640.2638592208815,0.2,200,CloudNode,0,0.08333333333333333,12000.0,127.59556053054455,518.9258877243755,391.3303271938309,232.71146842246156,26.677660800870065,,
4-17,GPS_TRACKING,187.4478216725168,0.2,200,FogNode_6,0,0.0,816.2509881302752,36.58723885729743,522.1962746912418,485.60903583394435,226.235095648045,25.25770967047875,,
8-50,E_COMMERCE_TRANSACTION,412.4675242998266,0.5,300,CloudNode,0,0.08333333333333333,12000.0,130.9057073812766,523.9903072558892,393.0845998746126,251.0427359257076,17.18614684582611,,
0-30,SMART_HOME_CONTROL,402.6837057655875,0.1,150,FogNode_9,0,0.625,1349.236560939329,61.16438460182925,527.2678937449746,466.10350914314535,147.9334715722244,40.50178118306987,,
3-80,GPS_TRACKING,138.1733418317301,0.2,200,CloudNode,0,0.08333333333333333,12000.0,147.0337019162116,527.325805663802,380.29210374759043,270.7584360839121,5.757222576322088,,
1-101,SMART_HOME_CONTROL,289.03673416657455,0.1,150,CloudNode,0,0.4166666666666667,12000.0,169.72951970030667,528.7622632564043,359.03274355609756,261.32993126131794,12.043197256940607,,
2-82,SENSOR_DATA_LOGGING,80.07962184369825,0.1,10000,CloudNode,0,0.08333333333333333,12000.0,145.585052735466,530.6636090761974,385.07855634073144,278.53990160215824,3.3366509101540935,,
2-17,GPS_TRACKING,408.5558298269231,0.2,200,FogNode_1,0,0.0,1597.9384595498836,32.212584052361606,531.933831055775,499.72124700341345,215.04890035000824,33.74981146748687,,
7-61,SENSOR_DATA_LOGGING,357.5008116148343,0.1,10000,CloudNode,0,0.08333333333333333,12000.0,129.85607043454772,532.6606874642739,402.80461702972616,260.03349498196457,14.895867150618095,,
0-82,SMART_HOME_CONTROL,684.7367813773353,0.1,150,CloudNode,0,0.041666666666666664,12000.0,142.04930893704883,532.7087457244596,390.65943678741075,241.20735829393465,28.53069922405564,,
5-67,E_COMMERCE_TRANSACTION,271.2155381380287,0.5,300,CloudNode,0,0.0,12000.0,125.23834259052298,533.2452968396842,408.00695424916125,266.6063583207727,11.300647422417864,,
6-69,SENSOR_DATA_LOGGING,604.7261713968139,0.1,10000,CloudNode,0,0.08333333333333333,12000.0,143.09617755857374,533.5876022963557,390.491424737782,247.10450004433716,25.19692380820058,,
9-43,SMART_HOME_CONTROL,321.11935164425665,0.1,150,FogNode_9,0,0.75,1349.236560939329,70.89969672493329,536.0053044152398,465.10560769030656,210.79295079833076,32.29806800654612,,
0-57,SMART_HOME_CONTROL,230.47512477066314,0.1,150,FogNode_5,1,1.0,782.8923712617282,102.7745759708139,536.6245728314221,433.84999686060826,124.09505782445666,34.25777116409137,,
0-89,GPS_TRACKING,636.6633921452068,0.2,200,CloudNode,0,0.125,12000.0,160.70026529489692,539.5984880900539,378.89822279515704,249.51294734899022,26.527641339383617,,
9-11,GPS_TRACKING,298.02710666289505,0.2,200,FogNode_0,0,0.0,1189.2931772946604,16.571562564425026,540.4214128255014,523.8498502610764,250.71213738316538,18.976633475167116,,
4-70,SMART_HOME_CONTROL,936.593679799431,0.1,150,CloudNode,0,0.125,12000.0,148.03944295648446,540.9983118908715,392.95886893438706,232.0036807734273,39.02473665830963,,
3-73,SMART_HOME_CONTROL,296.2307534866303,0.1,150,CloudNode,0,0.041666666666666664,12000.0,135.9800141839644,543.6117838482613,407.63176966429694,273.58948312513735,12.342948061942929,,
6-68,SENSOR_DATA_LOGGING,667.2893010100489,0.1,10000,CloudNode,0,0.08333333333333333,12000.0,143.02876980166084,549.0137097376845,405.9849399360237,254.2889947120374,27.803720875418705,,
7-63,SENSOR_DATA_LOGGING,209.03236260327273,0.1,10000,CloudNode,0,0.041666666666666664,12000.0,132.80163156295131,550.0800510145466,417.27841945159525,285.2643660196594,8.709681775136364,,
5-64,SENSOR_DATA_LOGGING,115.5006360139904,0.1,10000,FogNode_8,1,1.0,770.9711269175084,121.11706052567523,551.8191895155683,430.702128989893,261.0998798127605,10.978874597696597,,
7-70,GPS_TRACKING,998.2082674800141,0.2,200,CloudNode,0,0.041666666666666664,12000.0,140.32379775907546,551.8870101010365,411.56321234196105,235.17414484751973,41.59201114500058,,
9-80,SENSOR_DATA_LOGGING,947.3706890800272,0.1,10000,CloudNode,0,0.125,12000.0,151.0631620488899,552.7287352557555,401.6655732068656,239.46202083678838,39.473778711667805,,
6-65,SENSOR_DATA_LOGGING,600.4925468179738,0.1,10000,CloudNode,0,0.041666666666666664,12000.0,140.25224417604315,553.5049887485908,413.2527445725476,260.3414069766791,25.02052278408224,,
3-21,SENSOR_DATA_LOGGING,307.5197000463223,0.1,10000,FogNode_0,0,0.0,1189.2931772946604,25.706201983972413,554.1580737561062,528.4518717721338,254.3046820798024,19.581066633557146,,
5-22,SENSOR_DATA_LOGGING,900.3194948299582,0.1,10000,FogNode_4,0,0.25,1758.3565909566523,29.041415296093685,554.6602115939772,525.6187962978836,0.0,74.99985478909208,,
9-96,SENSOR_DATA_LOGGING,387.63510601070635,0.1,10000,CloudNode,0,0.9166666666666666,12000.0,179.77960476536177,561.0651887572965,381.2855839919347,282.0735976274357,16.1514627504461,,
0-78,SMART_HOME_CONTROL,878.412797278288,0.1,150,CloudNode,0,0.041666666666666664,12000.0,133.84385601920258,561.2012401891403,427.35738416993775,250.87739543873732,36.60053321992867,,
6-81,SENSOR_DATA_LOGGING,259.72260172583674,0.1,10000,CloudNode,0,0.125,12000.0,162.63543248840824,561.2420382338737,398.60660574546546,289.8990957700821,10.821775071909864,,
1-93,SENSOR_DATA_LOGGING,987.7338919252352,0.1,10000,CloudNode,0,0.125,12000.0,156.18248953664073,562.3195313227977,406.137041786157,245.40721837209793,41.15557883021813,,
1-104,SMART_HOME_CONTROL,573.2472852407585,0.1,150,CloudNode,0,0.6666666666666666,12000.0,174.885568706787,562.9646445030104,388.0790757962234,270.37563970303216,23.88530355169827,,
4-69,GPS_TRACKING,757.5727194174325,0.2,200,CloudNode,0,0.125,12000.0,147.59892659959232,563.970840638494,416.37191403890165,258.87697894984865,31.565529975726356,,
2-81,GPS_TRACKING,53.84924596989947,0.2,200,CloudNode,0,0.08333333333333333,12000.0,145.13586263298382,565.729475398032,420.5936127650482,308.54738527231746,2.2437185820791443,,
6-76,SMART_HOME_CONTROL,56.87865586389357,0.1,150,CloudNode,0,0.125,12000.0,153.1535141114328,565.9411281777981,412.7876140663653,308.58012616400384,2.369943994328899,,
7-58,GPS_TRACKING,854.9714420460988,0.2,200,CloudNode,0,0.0,12000.0,126.5588697275272,568.5261195464112,441.96724981888406,257.15018051308044,35.623810085254114,,
0-97,SENSOR_DATA_LOGGING,87.616258583848,0.1,10000,CloudNode,0,0.8333333333333334,12000.0,176.24704314966738,570.2659993849977,394.01895623533034,310.00985127385087,3.6506774409936664,,
5-68,SENSOR_DATA_LOGGING,694.4989049307541,0.1,10000,CloudNode,0,0.08333333333333333,12000.0,128.6419856462202,572.9505418619124,444.3085562156922,270.36474737580454,28.937454372114754,,
7-68,E_COMMERCE_TRANSACTION,361.96601205354654,0.5,300,CloudNode,0,0.041666666666666664,12000.0,138.97891839951905,573.7756181860568,434.7966997865378,293.43742096939275,15.081917168897773,,
3-83,GPS_TRACKING,876.9598970539604,0.2,200,CloudNode,0,0.125,12000.0,155.03119958448414,576.4922712756157,421.46107169113156,260.3276053935364,36.539995710581685,,
7-79,SENSOR_DATA_LOGGING,532.5156608791708,0.1,10000,CloudNode,0,0.125,12000.0,159.0047982793647,577.0850507977239,418.08025251835915,285.04268317467324,22.188152536632117,,
2-97,SMART_HOME_CONTROL,598.8455009213012,0.1,150,CloudNode,0,0.9166666666666666,12000.0,179.4529629479914,577.2295974072438,397.77663445925236,280.65088503394225,24.951895871720886,,
2-64,GPS_TRACKING,979.4616158848941,0.2,200,CloudNode,0,0.0,12000.0,116.51377146272057,579.2979251693146,462.784153706594,257.44148737847354,40.81090066187058,,
6-73,SENSOR_DATA_LOGGING,367.4548757045594,0.1,10000,CloudNode,0,0.125,12000.0,151.68059860538665,579.6349493797311,427.95435077434445,297.937312448992,15.310619821023309,,
6-18,HEALTH_MONITORING,194.69262137059508,1.0,100,FogNode_5,1,1.0,782.8923712617282,49.31547138547727,579.6908539508063,530.375382565329,193.28691575776014,28.93906783600932,,
2-80,SENSOR_DATA_LOGGING,980.1135236689848,0.1,10000,CloudNode,0,0.041666666666666664,12000.0,141.573934469678,581.7227497537937,440.1488152841157,259.5972532155692,40.8380634862077,,
4-5,E_COMMERCE_TRANSACTION,386.6826083305072,0.5,300,FogNode_1,0,0.0,1597.9384595498836,14.052009695846152,583.9249718680616,569.8729621722155,280.1376458322352,31.942917408470876,,
2-85,SENSOR_DATA_LOGGING,997.3061441282944,0.1,10000,CloudNode,0,0.125,12000.0,156.361265951718,584.3548412708622,427.99357531914416,258.81683111044157,41.554422672012265,,
1-96,SENSOR_DATA_LOGGING,630.8985781428554,0.1,10000,CloudNode,0,0.125,12000.0,161.7116741561542,586.1624838082604,424.45080965210616,284.32841567837204,26.28744075595231,,
7-89,SENSOR_DATA_LOGGING,728.4126765395955,0.1,10000,CloudNode,0,0.8333333333333334,12000.0,178.28848426409962,593.9463532179839,415.65786895388425,284.8519480641847,30.350528189149813,,
6-74,SMART_HOME_CONTROL,778.1280916630941,0.1,150,CloudNode,0,0.125,12000.0,152.28160603102984,595.5076167147886,443.2260106837588,283.3374938306597,32.42200381929559,,
0-27,SENSOR_DATA_LOGGING,598.3272811436547,0.1,10000,FogNode_7,0,0.25,1727.0272900361456,57.199064642210914,596.0236131983272,538.8245485561163,175.09483189669757,41.008801435909746,,
4-53,HEALTH_MONITORING,344.57079835018646,1.0,100,CloudNode,0,0.0,12000.0,111.1257614140167,597.2403527422601,486.1145913282435,314.73944822372016,14.357116597924435,,
9-61,HEALTH_MONITORING,675.5061516814003,1.0,100,CloudNode,0,0.0,12000.0,106.72751065278437,597.2904911976549,490.5629805448705,291.169985926188,28.14608965339168,,
7-90,GPS_TRACKING,329.2814139227729,0.2,200,CloudNode,1,1.0,12000.0,180.91236346178093,597.7061172118955,416.79375375011455,315.9465611778683,13.72005891344887,,
2-76,SENSOR_DATA_LOGGING,604.9509832160304,0.1,10000,CloudNode,0,0.041666666666666664,12000.0,138.75655700962017,600.4926329492158,461.73607593959565,298.82265399790094,25.2062909673346,,
4-71,SENSOR_DATA_LOGGING,245.92174938433965,0.1,10000,CloudNode,0,0.125,12000.0,148.22487922692514,602.2162288691553,453.99134964223015,325.3584940927501,10.246739557680819,,
6-66,SMART_HOME_CONTROL,348.0402429558625,0.1,150,CloudNode,0,0.041666666666666664,12000.0,140.77207945850813,602.7789717657121,462.00689230720394,319.0074957578519,14.501676789827604,,
9-73,GPS_TRACKING,337.7051511676155,0.2,200,CloudNode,0,0.08333333333333333,12000.0,130.3158004609603,605.2271467283584,474.91134626739813,321.6975821321083,14.071047965317312,,
5-76,GPS_TRACKING,480.42550882612585,0.2,200,CloudNode,0,0.125,12000.0,160.54958166901432,605.7649344668758,445.21535279786156,312.1685170768179,20.01772953442191,,
2-13,HEALTH_MONITORING,161.79680122036115,1.0,100,FogNode_2,0,0.0,681.967788340379,24.26845073897612,606.8151902233656,582.5467394843895,257.6313119379746,19.85959051669152,,
2-77,SENSOR_DATA_LOGGING,411.23787589911905,0.1,10000,CloudNode,0,0.041666666666666664,12000.0,139.66384045166166,607.2203648535057,467.556524401844,318.49486553650564,17.13491149579663,,
0-83,GPS_TRACKING,312.13586688259574,0.2,200,CloudNode,0,0.08333333333333333,12000.0,146.53161083694977,610.3661635110784,463.83455267412864,327.0525983331096,13.005661120108156,,
2-86,GPS_TRACKING,373.1109525799835,0.2,200,CloudNode,0,0.125,12000.0,157.4885240021989,610.3905045509798,452.9019805487809,323.59390738495665,15.546289690832646,,
7-88,SENSOR_DATA_LOGGING,409.90945944730515,0.1,10000,CloudNode,0,0.8333333333333334,12000.0,177.5582282966564,611.3887190278525,433.8304907311961,321.8002174004414,17.07956081030438,,
6-75,SENSOR_DATA_LOGGING,388.1621121875848,0.1,10000,CloudNode,0,0.125,12000.0,152.37401045775007,611.9817920620299,459.6077816042798,323.85518532598155,16.173421341149368,,
0-28,SMART_HOME_CONTROL,581.1834173298334,0.1,150,FogNode_7,0,0.25,1727.0272900361456,57.80939254966698,612.6424196387051,554.8330270890381,201.31577290972868,39.83377678110636,,
1-63,HEALTH_MONITORING,736.7580489473206,1.0,100,CloudNode,0,0.0,12000.0,104.25210136955539,614.9014928275342,510.6493914579788,301.516624388845,30.698252039471694,,
0-81,GPS_TRACKING,210.14384730644682,0.2,200,CloudNode,0,0.041666666666666664,12000.0,139.9656574616896,618.004620224753,478.0389627630634,341.5444430519745,8.755993637768617,,
8-70,SENSOR_DATA_LOGGING,692.496599778233,0.1,10000,CloudNode,0,0.6666666666666666,12000.0,174.85777334901354,618.7732387388158,443.9154653898023,308.6772598361295,28.854024990759704,,
9-89,SMART_HOME_CONTROL,642.4525613142517,0.1,150,CloudNode,0,0.375,12000.0,168.61311582940732,619.4788416206524,450.86572579124504,312.24077021897824,26.768856721427156,,
8-74,SMART_HOME_CONTROL,180.8840277587652,0.1,150,CloudNode,0,0.9583333333333334,12000.0,180.42758012173684,620.8386034467729,440.4110233250361,346.0743822229372,7.53683448994855,,
9-83,SMART_HOME_CONTROL,280.08256636771,0.1,150,CloudNode,0,0.125,12000.0,155.64584562030922,621.0463310758713,465.4004854555621,339.0320377546049,11.670106931987917,,
1-105,SMART_HOME_CONTROL,117.38831970265886,0.1,150,CloudNode,0,0.7916666666666666,12000.0,175.58860041402104,621.7641520372514,446.1755516232304,350.7934988635694,4.891179987610785,,
0-16,HEALTH_MONITORING,144.21402130829318,1.0,100,FogNode_2,0,0.16666666666666666,681.967788340379,37.231275450762475,623.941690983885,586.7104155331225,286.3761991912605,17.701409350160297,,
6-92,SENSOR_DATA_LOGGING,262.2747340297897,0.1,10000,CloudNode,2,1.0,12000.0,183.0110844179568,624.0724567049712,441.06137228701436,342.7726747225082,10.928113917907906,,
3-85,SENSOR_DATA_LOGGING,370.4409984791794,0.1,10000,CloudNode,0,0.125,12000.0,156.4920302334906,624.8164364245822,468.3244061910916,336.415887169983,15.435041603299144,,
5-73,SENSOR_DATA_LOGGING,894.630635488308,0.1,10000,CloudNode,0,0.08333333333333333,12000.0,144.51393649724994,626.4395630583955,481.9256265611456,300.47003103223864,37.276276478679506,,
4-76,SENSOR_DATA_LOGGING,69.90577607189294,0.1,10000,CloudNode,0,0.125,12000.0,158.94353595259267,626.8718124151957,467.928276462603,358.56824372595696,2.912740669662206,,
4-59,E_COMMERCE_TRANSACTION,357.8370173994697,0.5,300,CloudNode,0,0.0,12000.0,120.57510856658708,627.1102426476107,506.5351340810236,339.32217821162345,14.909875724977903,,
5-78,SMART_HOME_CONTROL,893.8213585231858,0.1,150,CloudNode,0,0.5416666666666666,12000.0,171.9011381353469,627.213848466021,455.31271033067407,301.00676330669205,37.24255660513275,,
9-90,GPS_TRACKING,296.0352527614614,0.2,200,CloudNode,0,0.4166666666666667,12000.0,169.71486953312132,627.4485761625006,457.73370662937924,343.1809126476843,12.334802198394224,,
9-91,SENSOR_DATA_LOGGING,249.06531721710468,0.1,10000,CloudNode,0,0.5833333333333334,12000.0,172.6464547568573,627.975807954931,455.3293531980737,347.42852469211743,10.377721550712696,,
1-94,GPS_TRACKING,796.4724379550676,0.2,200,CloudNode,0,0.125,12000.0,158.2316605452417,628.6922344857201,470.46057394047835,309.4318076464712,33.186351581461146,,
7-78,GPS_TRACKING,285.2880561756506,0.2,200,CloudNode,0,0.125,12000.0,154.70811834504977,629.0011514096626,474.2930330646128,345.56239716301684,11.887002340652108,,
8-78,SMART_HOME_CONTROL,73.7782663845503,0.1,150,CloudNode,12,1.0,12000.0,191.73468832233087,630.9646252899614,439.2299369676306,361.8124396784264,3.0740944326895963,,
0-80,E_COMMERCE_TRANSACTION,205.4105038845936,0.5,300,CloudNode,0,0.041666666666666664,12000.0,139.34957077675168,632.019034817917,492.6694640411654,353.4494970688289,8.5587709951914,,
6-43,E_COMMERCE_TRANSACTION,128.3770811494411,0.5,300,FogNode_5,1,1.0,782.8923712617282,98.39474110130158,633.0159975189845,534.6212564176828,316.55467317767943,19.081940721835963,,
2-79,GPS_TRACKING,141.47043880957784,0.2,200,CloudNode,0,0.041666666666666664,12000.0,140.4778120615384,633.5533552713829,493.07554320984445,359.0763548267934,5.894601617065743,,
2-27,SENSOR_DATA_LOGGING,987.7396805785364,0.1,10000,FogNode_7,0,0.25,1727.0272900361456,50.823475873848885,636.5921518057266,585.7686759318777,0.0,67.69876906463317,,
1-50,HEALTH_MONITORING,877.5649135268442,1.0,100,CloudNode,0,0.0,12000.0,82.95067390813466,637.1012500990644,554.1505761909298,310.9485298618356,36.565204730285174,,
6-90,GPS_TRACKING,359.8225306377963,0.2,200,CloudNode,0,0.9166666666666666,12000.0,179.6549945523541,640.3757154374629,460.7207208851088,349.6396891133894,14.992605443241514,,
1-21,HEALTH_MONITORING,162.03439976573011,1.0,100,FogNode_2,0,0.0,681.967788340379,26.354449555796716,641.8773353835902,615.5228858277935,288.8301330617728,19.88875431834148,,
1-49,SENSOR_DATA_LOGGING,188.72234078417947,0.1,10000,FogNode_9,0,1.0,1349.236560939329,73.82243249309938,643.1634291478551,569.3409966547557,410.1706793585538,18.981624638288967,,
0-95,SMART_HOME_CONTROL,316.6984819400722,0.1,150,CloudNode,0,0.375,12000.0,168.19699356575597,644.3961603864257,476.1991668206697,356.49661859875374,13.195770080836342,,
9-97,SENSOR_DATA_LOGGING,154.64351385076344,0.1,10000,CloudNode,4,1.0,12000.0,184.3874549404279,644.9059943054807,460.5185393650528,364.94149260863605,6.443479743781809,,
7-74,SENSOR_DATA_LOGGING,226.45005009464654,0.1,10000,CloudNode,0,0.08333333333333333,12000.0,145.50841569523206,652.4241927792701,506.91577708403804,366.38042571257625,9.435418753943607,,
4-11,HEALTH_MONITORING,165.81804785293878,1.0,100,FogNode_2,0,0.0,681.967788340379,24.139859297815487,652.494313239074,628.3544539412585,290.5203063611853,20.353174511475505,,
0-87,GPS_TRACKING,402.01954435196717,0.2,200,CloudNode,0,0.125,12000.0,154.76608134176993,652.9804703166496,498.21438897487974,357.75644339493033,16.750814347998634,,
7-72,SENSOR_DATA_LOGGING,684.907978294446,0.1,10000,CloudNode,0,0.041666666666666664,12000.0,141.809372200965,654.3160176001306,512.5066453991657,339.4333052461983,28.53783242893525,,
2-63,GPS_TRACKING,79.82241964061646,0.2,200,FogNode_8,1,1.0,770.9711269175084,114.81982777666646,655.3540909583264,540.53426318166,410.19217244213667,7.587493589324391,,
3-66,SMART_HOME_CONTROL,250.0483778208383,0.1,150,FogNode_8,1,1.0,770.9711269175084,122.44540985444162,656.4225221955561,533.9771123411144,193.95618889901255,23.768265510848924,,
9-55,HEALTH_MONITORING,848.41981092616,1.0,100,CloudNode,0,0.0,12000.0,89.53630657268265,656.8641347187737,567.3278281460911,328.64065365820835,35.35082545525667,,
1-64,HEALTH_MONITORING,965.2228410371335,1.0,100,CloudNode,0,0.0,12000.0,105.28494119991848,656.9275080287102,551.6425668287918,321.54952082360364,40.217618376547236,,
8-79,SENSOR_DATA_LOGGING,178.76227469078387,0.1,10000,CloudNode,15,1.0,12000.0,194.15273985088174,659.2930166106577,465.14027675977593,376.875684670562,7.4484281121159945,,
2-96,SENSOR_DATA_LOGGING,389.673119911516,0.1,10000,CloudNode,0,0.875,12000.0,178.95763180738845,659.6866084586474,480.7289766512589,361.77568568698604,16.236379996313165,,
9-87,SENSOR_DATA_LOGGING,785.3944716073472,0.1,10000,CloudNode,0,0.125,12000.0,161.55288022243894,660.9571560154009,499.4042757929619,337.8204279591101,32.724769650306136,,
9-3,HEALTH_MONITORING,302.2290579760683,1.0,100,FogNode_6,0,0.0,816.2509881302752,4.703144724350316,663.8444236369573,659.141278912607,201.03343970573064,40.72393977284105,,
6-54,HEALTH_MONITORING,456.8407386112597,1.0,100,CloudNode,0,0.0,12000.0,120.24508767554018,664.5096246093339,544.2645369337937,363.3287031420231,19.035030775469156,,
8-27,E_COMMERCE_TRANSACTION,209.68244251393352,0.5,300,FogNode_2,0,1.0,681.967788340379,60.685161575193554,664.7169391624826,604.0317775872891,245.50557744011957,25.737266839997258,,
4-89,SENSOR_DATA_LOGGING,598.0283384594188,0.1,10000,CloudNode,2,1.0,12000.0,182.91777319861453,668.6089336104341,485.6911604118195,357.2585981844477,24.91784743580912,,
7-84,GPS_TRACKING,459.1890310315208,0.2,200,CloudNode,0,0.5833333333333334,12000.0,172.87706577834012,669.2303778759215,496.35331209758135,364.2846883810432,19.132876292980033,,
2-88,SMART_HOME_CONTROL,530.7975776751339,0.1,150,CloudNode,0,0.20833333333333334,12000.0,163.1621564184778,671.1049438881234,507.9427874696456,363.0838160823497,22.11656573646391,,
0-17,HEALTH_MONITORING,150.48600716165328,1.0,100,FogNode_2,0,0.16666666666666666,681.967788340379,37.74223672564117,673.9643696075575,636.2221328819163,324.78133495438465,18.47125813477606,,
4-94,SENSOR_DATA_LOGGING,201.26878491446925,0.1,10000,CloudNode,10,1.0,12000.0,190.75981727522168,676.06541535353,485.3055980783084,388.67260641968926,8.386199371436218,,
4-74,SMART_HOME_CONTROL,284.3922918620457,0.1,150,CloudNode,0,0.125,12000.0,155.93700039562472,676.1235504344406,520.1865500388159,384.4619561108018,11.849678827585237,,
4-46,HEALTH_MONITORING,823.5790525158716,1.0,100,CloudNode,0,0.0,12000.0,101.21848526675547,678.9977512207344,577.7792659539789,349.93200200794996,34.31579385482798,,
1-82,GPS_TRACKING,661.4329589676214,0.2,200,CloudNode,0,0.041666666666666664,12000.0,135.348345710713,679.1918699522729,543.8435242415599,361.32382821638754,27.55970662365089,,
9-85,SENSOR_DATA_LOGGING,636.1774270854319,0.1,10000,CloudNode,0,0.125,12000.0,159.35656853886232,680.4633617529532,521.1067932140909,361.5126123534213,26.507392795226327,,
6-88,SENSOR_DATA_LOGGING,195.83534251610985,0.1,10000,CloudNode,0,0.5,12000.0,171.66524734370344,680.8292364856763,509.16398914197293,392.32793170615145,8.159805938171242,,
5-57,HEALTH_MONITORING,675.9315558747934,1.0,100,CloudNode,0,0.0,12000.0,108.88490039372314,685.0198641419529,576.1349637482298,362.22011652289007,28.16381482811639,,
1-99,SENSOR_DATA_LOGGING,300.8063085750696,0.1,10000,CloudNode,0,0.3333333333333333,12000.0,167.39493692006462,686.0243483966567,518.629411476592,388.99695453288234,12.5335961906279,,
9-82,GPS_TRACKING,912.6450795911946,0.2,200,CloudNode,0,0.125,12000.0,153.335731922606,687.442475660452,534.106743737846,350.2308475173253,38.02687831629978,,
8-64,SMART_HOME_CONTROL,556.2498477729225,0.1,150,CloudNode,0,0.2916666666666667,12000.0,166.627288165889,691.2601482865575,524.6328601206685,376.99327729487595,23.17707699053844,,
1-113,SENSOR_DATA_LOGGING,83.01779992355759,0.1,10000,CloudNode,14,1.0,12000.0,192.85183153476,691.9380141355826,499.08618260082267,410.31653036707394,3.4590749968148997,,
6-87,SENSOR_DATA_LOGGING,160.64885160668965,0.1,10000,CloudNode,0,0.5,12000.0,171.38844445550362,692.5792742528304,521.1908297973267,404.90523186675364,6.693702150278735,,
9-95,SENSOR_DATA_LOGGING,763.3045649942275,0.1,10000,CloudNode,0,0.875,12000.0,178.99601648328763,692.6098651591816,513.6138486758939,362.3819701814366,31.804356874759478,,
6-100,GPS_TRACKING,169.57415252985624,0.2,200,CloudNode,16,1.0,12000.0,196.27133431590812,693.1289305982224,496.85759628231426,405.05667793528335,7.0655896887440095,,
5-80,SENSOR_DATA_LOGGING,322.4231914114487,0.1,10000,CloudNode,10,1.0,12000.0,190.13786580255078,695.4775328947214,505.33966709217066,396.41949871443467,13.434299642143696,,
3-72,E_COMMERCE_TRANSACTION,469.0035947183762,0.5,300,CloudNode,0,0.041666666666666664,12000.0,134.8620127951111,695.9477676119717,561.0857548168606,387.6423266401267,19.541816446599007,,
8-23,SENSOR_DATA_LOGGING,396.85794760663674,0.1,10000,FogNode_1,0,0.8,1597.9384595498836,56.24577204219807,698.9825120989483,642.7367400567503,373.94041109494555,32.78347763822593,,
1-97,GPS_TRACKING,708.0336752489619,0.2,200,CloudNode,0,0.2916666666666667,12000.0,165.21183590855557,699.3785217082097,534.1666857996541,372.9840968827603,29.501403135373412,,
9-93,GPS_TRACKING,876.3680003236357,0.2,200,CloudNode,0,0.6666666666666666,12000.0,174.7359943017451,700.1409093412469,525.4049150395018,362.19102522311164,36.51533334681815,,
8-63,GPS_TRACKING,989.1888832894123,0.2,200,CloudNode,0,0.2916666666666667,12000.0,165.8652877034377,703.2710103875572,537.4057226841195,359.1061921169719,41.21620347039217,,
9-8,HEALTH_MONITORING,249.14510305373295,1.0,100,FogNode_6,0,0.0,816.2509881302752,13.064597684228227,704.1268656131656,691.0622679289373,294.71150397260647,33.57112727480331,,
7-69,E_COMMERCE_TRANSACTION,922.1885600997284,0.5,300,CloudNode,0,0.041666666666666664,12000.0,139.86548883621646,704.8248546299084,564.9593657936919,361.95719259324505,38.42452333748869,,
9-98,SMART_HOME_CONTROL,837.4311572293091,0.1,150,CloudNode,10,1.0,12000.0,190.46241424431466,706.8871798681735,516.4247656238588,369.9134563041805,34.892964884554544,,
1-102,GPS_TRACKING,653.0258571590417,0.2,200,CloudNode,0,0.4583333333333333,12000.0,170.06804620154315,708.7348390300508,538.6667928285076,386.0240505209546,27.20941071496007,,
8-65,SENSOR_DATA_LOGGING,469.6671302617435,0.1,10000,CloudNode,0,0.375,12000.0,167.91233343939388,715.2624779562526,547.3501445168588,402.54496271111077,19.56946376090598,,
7-39,SENSOR_DATA_LOGGING,237.5137411882696,0.1,10000,FogNode_6,1,1.0,816.2509881302752,87.22088223613757,716.4048024317494,629.1839201956119,321.08051042165175,32.00385613529971,,
2-95,GPS_TRACKING,301.07881118546186,0.2,200,CloudNode,0,0.8333333333333334,12000.0,177.55533825219194,717.0279150677045,539.4725768155125,416.2292654081258,12.54495046606091,,
9-6,VOICE_ASSISTANT,51.923733442211876,2.0,150,FogNode_2,0,0.0,681.967788340379,8.27255468876853,718.0154379889526,709.7428833001841,460.43366154965554,6.373328004524239,,
7-94,SENSOR_DATA_LOGGING,159.12134716377687,0.1,10000,CloudNode,8,1.0,12000.0,188.26725220544662,718.0849668935565,529.8177146881098,425.2296260017016,6.630056131824037,,
9-84,GPS_TRACKING,598.0372035045889,0.2,200,CloudNode,0,0.125,12000.0,156.16803399238125,719.0668115013038,562.8987775089226,396.8624529675416,24.918216812691202,,
6-25,SENSOR_DATA_LOGGING,564.8071525667082,0.1,10000,FogNode_7,0,0.25,1727.0272900361456,60.85347832511557,719.4291270404563,658.5756487153407,315.67738110235376,38.71136265910739,,
6-70,GPS_TRACKING,796.428667151256,0.2,200,CloudNode,0,0.08333333333333333,12000.0,144.16952069451696,723.2965636246482,579.1270429301312,387.3328276979555,33.184527797969004,,
2-70,HEALTH_MONITORING,474.0754971344733,1.0,100,CloudNode,0,0.08333333333333333,12000.0,127.23100072793481,725.5306398245294,598.2996390965947,411.00357132535703,19.753145713936387,,
9-92,GPS_TRACKING,315.75662416738464,0.2,200,CloudNode,0,0.625,12000.0,173.40558948031008,726.4539613551956,553.0483718748856,421.25088333786607,13.15652600697436,,
7-82,SENSOR_DATA_LOGGING,695.854251179749,0.1,10000,CloudNode,0,0.125,12000.0,161.62491949586837,729.0927981531025,567.4678786572342,398.41535480270727,28.99392713248954,,
0-29,SMART_HOME_CONTROL,636.452964041332,0.1,150,FogNode_7,0,0.25,1727.0272900361456,59.36981779498071,732.4634280164962,673.0936102215155,289.06902765068406,43.62190066911006,,
5-87,SENSOR_DATA_LOGGING,981.5391587152159,0.1,10000,CloudNode,26,1.0,12000.0,200.33593237626187,734.7754002095843,534.4394678333224,384.7131105812864,40.89746494646733,,
9-99,GPS_TRACKING,198.8888892955365,0.2,200,CloudNode,14,1.0,12000.0,192.977922154966,735.6408856092652,542.6629634542992,436.4507496566464,8.287037053980686,,
5-66,SMART_HOME_CONTROL,63.776030541199034,0.1,150,FogNode_8,1,1.0,770.9711269175084,123.6711443189816,738.0757757459111,614.4046314269294,512.6504969708005,6.06220940260346,,
8-75,GPS_TRACKING,572.7654403707994,0.2,200,CloudNode,3,1.0,12000.0,183.71826336973714,740.3097276170637,556.5914642473265,416.70662730950164,23.865226682116642,,
4-0,SMART_HOME_CONTROL,804.5389713904411,0.1,150,FogNode_3,0,0.0,1899.4436001125757,4.652588344817224,741.0299467605057,736.3773584156885,290.471964552851,38.197810889886334,,
9-101,SMART_HOME_CONTROL,982.0977519758535,0.1,150,CloudNode,15,1.0,12000.0,195.9907655468539,741.5280877899685,545.5373222431145,388.21584268496247,40.92073966566056,,
0-6,E_COMMERCE_TRANSACTION,483.83747989933494,0.5,300,FogNode_1,0,0.0,1597.9384595498836,25.621133442855736,743.4880370166048,717.8669035737491,368.03483711419096,39.968646964171754,,
6-48,HEALTH_MONITORING,596.942981888615,1.0,100,CloudNode,0,0.0,12000.0,105.7188340304142,745.2227813854394,639.5039473550252,417.88349281402924,24.87262424535896,,
7-20,E_COMMERCE_TRANSACTION,186.2162930648782,0.5,300,FogNode_6,0,0.5,816.2509881302752,55.43169999194166,745.3213199269553,689.8896199350137,410.46732712540324,25.09176700043285,,
2-102,GPS_TRACKING,563.9059995570855,0.2,200,CloudNode,14,1.0,12000.0,192.88868560061462,746.3706883379668,553.4820027373522,420.57226292394193,23.49608331487856,,
2-3,GPS_TRACKING,592.9336589641495,0.2,200,FogNode_3,0,0.0,1899.4436001125757,8.312360603195776,746.4947565268465,738.1823959236507,404.39406643805245,28.15123764137653,,
3-96,SMART_HOME_CONTROL,523.8226320606707,0.1,150,CloudNode,14,1.0,12000.0,192.4893302544303,746.9228963926131,554.4335661381828,423.8585996435957,21.825943002527943,,
8-77,SENSOR_DATA_LOGGING,795.8240178514167,0.1,10000,CloudNode,4,1.0,12000.0,185.46023577809592,747.1479046399611,561.6876688618652,406.17806693356454,33.15933407714236,,
1-112,SENSOR_DATA_LOGGING,837.6174636163911,0.1,10000,CloudNode,14,1.0,12000.0,192.34654616603106,750.2648170543191,557.918270888288,406.01406256286646,34.90072765068297,,
5-35,SMART_HOME_CONTROL,650.3099773400166,0.1,150,FogNode_7,0,0.25,1727.0272900361456,55.31707303139678,751.4104269774757,696.0933539460789,298.229836880678,44.57164761324795,,
8-31,SMART_HOME_CONTROL,407.9865369225504,0.1,150,FogNode_9,0,1.0,1349.236560939329,73.6705542976575,751.8230218788382,678.1524675811806,359.3672905173366,41.035138018956104,,
3-53,HEALTH_MONITORING,673.4338995422936,1.0,100,CloudNode,0,0.0,12000.0,91.3176245121541,752.0672592404961,660.749634728342,417.3869277289429,28.059745814262236,,
8-49,HEALTH_MONITORING,416.8709318055751,1.0,100,CloudNode,0,0.08333333333333333,12000.0,128.13389454145303,752.8242112106877,624.6903166692347,436.9860342193119,17.369622158565626,,
1-80,HEALTH_MONITORING,455.54742027616015,1.0,100,CloudNode,0,0.041666666666666664,12000.0,133.93893381769664,753.224762979266,619.2858291615694,434.56288517150506,18.981142511506672,,
8-53,E_COMMERCE_TRANSACTION,211.22786190741283,0.5,300,CloudNode,0,0.041666666666666664,12000.0,140.82996591972568,753.243207434883,612.4132415151573,451.7807246966381,8.801160912808868,,
6-98,GPS_TRACKING,941.2972115729112,0.2,200,CloudNode,14,1.0,12000.0,192.97294633066053,754.5068496512727,561.5339033206121,402.5238264918696,39.2207171488713,,
6-94,SENSOR_DATA_LOGGING,747.3984790546323,0.1,10000,CloudNode,8,1.0,12000.0,187.7004973812297,754.8930717470677,567.192574365838,415.95181474001197,31.141603293943014,,
4-20,E_COMMERCE_TRANSACTION,347.4912063282459,0.5,300,FogNode_9,0,0.5,1349.236560939329,40.16420622198985,757.8874981071147,717.7232918851248,409.47807988503365,34.95053959282982,,
0-96,SMART_HOME_CONTROL,615.4180835241505,0.1,150,CloudNode,0,0.5416666666666666,12000.0,171.991456020184,758.1720201618526,586.1805641416686,427.02057205830164,25.6424201468396,,
6-99,GPS_TRACKING,70.3134194270863,0.2,200,CloudNode,15,1.0,12000.0,193.66431584632517,759.0842145981899,565.4198987518647,466.8181974252178,2.929725809461929,,
3-99,SENSOR_DATA_LOGGING,508.13929980490417,0.1,10000,CloudNode,36,1.0,12000.0,205.9403078996185,759.3728567181132,553.4325488184948,435.9709585835711,21.172470825204343,,
8-54,E_COMMERCE_TRANSACTION,873.7322620246215,0.5,300,CloudNode,0,0.08333333333333333,12000.0,143.03185217905798,760.2534974958371,617.2216453167791,412.3821776718703,36.40551091769256,,
4-12,SENSOR_DATA_LOGGING,294.808550451809,0.1,10000,FogNode_0,0,0.0,1189.2931772946604,29.668819751761927,761.4232646418398,731.7544448900778,467.8755458134968,18.771694527764293,,
1-107,SENSOR_DATA_LOGGING,421.4175615618343,0.1,10000,CloudNode,6,1.0,12000.0,186.1266390740271,764.2109282832554,578.0842892092282,445.31066586058546,17.559065065076428,,
2-105,SMART_HOME_CONTROL,168.2374736298009,0.1,150,CloudNode,24,1.0,12000.0,199.77974614056666,764.2846065234692,564.5048603829025,464.64086742981846,7.009894734575037,,
6-79,GPS_TRACKING,494.21000620957483,0.2,200,CloudNode,0,0.125,12000.0,159.29931320616825,766.7148070086607,607.4154938024925,442.35385030710313,20.59208359206562,,
5-92,SENSOR_DATA_LOGGING,489.419909232808,0.1,10000,CloudNode,42,1.0,12000.0,208.0035878940702,767.2389537912629,559.2353658971928,442.7404583221952,20.392496218033667,,
0-5,VOICE_ASSISTANT,64.2069903787532,2.0,150,FogNode_2,0,0.0,681.967788340379,22.35829912229265,768.1139635861908,745.7556644638981,483.7760510376614,7.881024393643723,,
5-84,GPS_TRACKING,924.2943925714529,0.2,200,CloudNode,15,1.0,12000.0,195.6717657636853,768.2846810008452,572.61291523716,415.7262584893978,38.51226635714387,,
3-98,SMART_HOME_CONTROL,353.3095257891889,0.1,150,CloudNode,34,1.0,12000.0,204.2245794904787,770.970548272401,566.7459687819222,457.41043910760516,14.721230241216205,,
1-106,SENSOR_DATA_LOGGING,935.2763682139469,0.1,10000,CloudNode,0,0.875,12000.0,179.2359824677089,771.0686279493846,591.8326454816756,416.2924353458758,38.96984867558112,,
3-78,E_COMMERCE_TRANSACTION,82.40277707926424,0.5,300,CloudNode,0,0.041666666666666664,12000.0,142.16626372671115,771.1515046134078,628.9852408866967,474.6644886506616,3.4334490449693433,,
3-45,SENSOR_DATA_LOGGING,424.18494680315104,0.1,10000,FogNode_9,0,1.0,1349.236560939329,76.9586881323392,775.8232424922363,698.864554359897,370.7930022577258,42.66436821403054,,
4-87,GPS_TRACKING,274.7236661506306,0.2,200,CloudNode,0,0.8333333333333334,12000.0,177.24174649777973,776.1368462807689,598.8950997829891,466.5767905295288,11.44681942294294,,
2-89,GPS_TRACKING,407.51335625423076,0.2,200,CloudNode,0,0.20833333333333334,12000.0,163.36317277369756,780.8823427471323,617.5191699734347,462.33101203664125,16.979723177259615,,
0-102,GPS_TRACKING,337.84217641707244,0.2,200,CloudNode,8,1.0,12000.0,187.69172084035364,780.9777259121105,593.2860050717568,466.72616381785735,14.07675735071135,,
4-51,HEALTH_MONITORING,879.1531902389497,1.0,100,CloudNode,0,0.0,12000.0,109.78940868516342,781.9976048832966,672.2081961981332,428.4915437065131,36.631382926622905,,
7-1,HEALTH_MONITORING,363.26179248837076,1.0,100,FogNode_6,0,0.0,816.2509881302752,7.2859693183689584,783.7470269158223,776.4610575974533,243.64294777444445,48.947812821631786,,
5-5,HEALTH_MONITORING,341.61197424280056,1.0,100,FogNode_6,0,0.0,816.2509881302752,9.550479181461759,784.340871207233,774.7903920257712,269.01438583015,46.030601947767465,,
1-37,SENSOR_DATA_LOGGING,627.6364729370638,0.1,10000,FogNode_7,0,0.25,1727.0272900361456,56.95896662448428,785.1561172288698,728.1971506043855,344.48093507194994,43.01762647929655,,
6-50,E_COMMERCE_TRANSACTION,194.8951723789022,0.5,300,FogNode_5,1,1.0,782.8923712617282,106.44345670703632,785.5670578179656,679.1236011109293,383.7640686050642,28.96917497272764,,
1-34,GPS_TRACKING,462.92635973624476,0.2,200,FogNode_1,0,0.6,1597.9384595498836,50.52842414936928,786.4842973525567,735.9558732031875,417.37761356097496,38.24122977524746,,
1-103,E_COMMERCE_TRANSACTION,788.7388605856927,0.5,300,CloudNode,0,0.625,12000.0,174.481454103637,789.0248020067893,614.5433479031523,440.3670949717556,32.86411919107053,,
8-55,HEALTH_MONITORING,288.15783876522084,1.0,100,CloudNode,0,0.08333333333333333,12000.0,143.68782745219445,792.2978342312803,648.6100067790858,478.0094091239769,12.006576615217535,,
4-86,SENSOR_DATA_LOGGING,708.7439152991969,0.1,10000,CloudNode,0,0.8333333333333334,12000.0,176.31394436036086,793.8373931511841,617.5234487908232,450.9158002899842,29.53099647079987,,
8-86,SENSOR_DATA_LOGGING,423.77571690856445,0.1,10000,CloudNode,36,1.0,12000.0,206.02530124958267,794.3988576739035,588.3735564243209,470.1748913208145,17.657321537856852,,
6-82,GPS_TRACKING,584.9679213646572,0.2,200,CloudNode,0,0.16666666666666666,12000.0,163.0357080176259,795.118015118355,632.082307100729,461.92138348539856,24.373663390194046,,
6-57,GPS_TRACKING,107.83909228055018,0.2,200,FogNode_8,1,1.0,770.9711269175084,123.2733635548516,796.2968813193688,673.0235177645172,510.89541122925954,10.25060910256963,,
2-67,HEALTH_MONITORING,601.4948904808998,1.0,100,CloudNode,0,0.0,12000.0,120.18277314489656,797.2724788467027,677.0897057018061,462.5180960391213,25.062287103370824,,
3-86,E_COMMERCE_TRANSACTION,121.9935397018316,0.5,300,CloudNode,0,0.125,12000.0,160.39144104825772,799.1909303152753,638.7994892670176,495.7104416429538,5.083064154242983,,
0-10,SENSOR_DATA_LOGGING,920.1059142001562,0.1,10000,FogNode_4,0,0.25,1758.3565909566523,30.895675115737106,800.7000773644272,769.8044022486902,228.9679356272541,76.64813474757638,,
5-79,SMART_HOME_CONTROL,489.38078745533716,0.1,150,CloudNode,0,0.5833333333333334,12000.0,173.1905820437678,801.0352297837819,627.8446477400141,471.020476389211,20.39086614397238,,
8-90,SENSOR_DATA_LOGGING,677.9035431812397,0.1,10000,CloudNode,47,1.0,12000.0,209.8895215431147,801.7147433172094,591.8252217740946,460.9179171837532,28.245980965884986,,
7-100,GPS_TRACKING,371.96912565147636,0.2,200,CloudNode,35,1.0,12000.0,205.04357840595424,802.1489317510309,597.1053533450767,480.20671605649204,15.498713568811514,,
8-6,HEALTH_MONITORING,342.5160084053018,1.0,100,FogNode_6,0,0.0,816.2509881302752,10.568183541288237,805.5587210489145,794.9905375076263,282.9474686520906,46.152416286312004,,
0-105,SMART_HOME_CONTROL,76.655817909403,0.1,150,CloudNode,27,1.0,12000.0,201.61789631666028,808.102728142993,606.4848318263328,503.6824305082221,3.1939924128917916,,
0-32,GPS_TRACKING,410.97234890483253,0.2,200,FogNode_9,0,0.625,1349.236560939329,64.8106891265455,808.9293838050405,744.118694678495,410.6859488586709,41.33544990599972,,
6-8,SENSOR_DATA_LOGGING,320.96165397852684,0.1,10000,FogNode_0,0,0.0,1189.2931772946604,27.746737799716595,810.2973863080308,782.5506485083142,490.791650054635,20.43697211080642,,
4-49,HEALTH_MONITORING,699.1406886208637,1.0,100,CloudNode,0,0.0,12000.0,109.69458962342567,810.3289832922347,700.634393668809,466.2692851178297,29.13086202586932,,
3-10,SMART_HOME_CONTROL,986.0131964808653,0.1,150,FogNode_3,0,0.0,1899.4436001125757,12.169029173752307,810.5448005768858,798.3757714031335,264.6265902335815,46.81382375923514,,
0-107,GPS_TRACKING,378.23363842719783,0.2,200,CloudNode,30,1.0,12000.0,202.52220138309673,812.4971957810436,609.9749943979468,488.2416357068828,15.759734934466579,,
1-111,SENSOR_DATA_LOGGING,155.93352334788352,0.1,10000,CloudNode,10,1.0,12000.0,189.97032027177298,814.0296900627723,624.0593697909993,503.3702878902991,6.497230139495147,,
7-49,HEALTH_MONITORING,740.0934376278788,1.0,100,CloudNode,0,0.0,12000.0,112.48283733354356,816.5675248827242,704.0846875491807,467.6186060124321,30.83722656782828,,
2-94,E_COMMERCE_TRANSACTION,602.5816878743278,0.5,300,CloudNode,0,0.8333333333333334,12000.0,177.1714541363539,816.9299476648547,639.7584935285008,476.86308721313634,25.107570328096994,,
9-15,SENSOR_DATA_LOGGING,656.9128922235623,0.1,10000,FogNode_3,0,0.14285714285714285,1899.4436001125757,18.653517197577525,817.0243629259814,798.3708457284039,437.6059238472507,31.18883648969505,,
8-61,GPS_TRACKING,949.3933426621749,0.2,200,CloudNode,0,0.125,12000.0,157.8749921127062,819.4258395055782,661.550847392872,456.24765426545383,39.55805594425728,,
7-67,HEALTH_MONITORING,327.56589180467734,1.0,100,CloudNode,0,0.041666666666666664,12000.0,138.11815175499336,819.59499188167,681.4768401266766,498.61147343722473,13.648578825194889,,
0-9,GPS_TRACKING,318.7704513573758,0.2,200,FogNode_0,0,0.6666666666666666,1189.2931772946604,30.687282569309392,822.1916061459057,791.5043235765962,494.08042369673024,20.29744906715777,,
9-72,HEALTH_MONITORING,559.3238136215504,1.0,100,CloudNode,0,0.08333333333333333,12000.0,129.2083030794652,822.7471640825647,693.5388610030996,484.0570477994112,23.305158900897933,,
0-99,SENSOR_DATA_LOGGING,355.76744313711146,0.1,10000,CloudNode,2,1.0,12000.0,181.73525711521515,824.0461446019962,642.310887486781,499.5572439746644,14.823643464046311,,
2-78,E_COMMERCE_TRANSACTION,858.3167324920644,0.5,300,CloudNode,0,0.041666666666666664,12000.0,139.80412697081115,826.0332440256113,686.2291170548002,467.4141421160126,35.76319718716935,,
6-95,SMART_HOME_CONTROL,801.4683470115574,0.1,150,CloudNode,8,1.0,12000.0,188.55408950854803,826.161885635743,637.607796127195,470.39435759463356,33.39451445881489,,
6-96,SENSOR_DATA_LOGGING,164.55948475134386,0.1,10000,CloudNode,9,1.0,12000.0,189.15989489098132,827.7429804587176,638.5830855677364,513.5163610786137,6.856645197972661,,
6-2,SENSOR_DATA_LOGGING,756.6757503875178,0.1,10000,FogNode_3,0,0.0,1899.4436001125757,9.065585942528006,828.3317270700459,819.2661411275178,400.15418101313924,35.92536626077061,,
4-93,GPS_TRACKING,743.5435907969381,0.2,200,CloudNode,10,1.0,12000.0,190.12946314376794,829.2009196910078,639.0714565472399,477.16211018514787,30.98098294987242,,
8-85,SENSOR_DATA_LOGGING,105.83754220980114,0.1,10000,CloudNode,34,1.0,12000.0,204.80574173235473,831.5669592667148,626.7612175343601,519.1524645985854,4.409897592075048,,
0-98,GPS_TRACKING,835.4330761166249,0.2,200,CloudNode,0,0.8333333333333334,12000.0,177.3564948791824,833.8303512929741,656.4738564137917,474.6271824807473,34.80971150485937,,
4-92,GPS_TRACKING,121.53453760743906,0.2,200,CloudNode,6,1.0,12000.0,186.0493464285013,834.1740227359494,648.1246763074481,519.0486722773444,5.063939066976627,,
4-73,E_COMMERCE_TRANSACTION,459.71028158881995,0.5,300,CloudNode,0,0.125,12000.0,152.28028698508092,835.5816689791044,683.3013819940235,500.78464546258107,19.154595066200834,,
6-91,SENSOR_DATA_LOGGING,789.2245565836864,0.1,10000,CloudNode,0,0.9583333333333334,12000.0,180.26971904860147,836.7392613210415,656.46954227244,480.48559573064273,32.88435652432027,,
7-76,E_COMMERCE_TRANSACTION,297.8170365164476,0.5,300,CloudNode,0,0.125,12000.0,149.06152889074463,837.3152821574142,688.2537532666696,512.3012039941134,12.409043188185318,,
4-85,SMART_HOME_CONTROL,970.4800227929707,0.1,150,CloudNode,0,0.6666666666666666,12000.0,174.66519827641517,839.0453553946002,664.380157118185,469.5455736648967,40.436667616373775,,
1-35,GPS_TRACKING,497.9249397855841,0.2,200,FogNode_1,0,0.6,1597.9384595498836,50.726116302535885,843.5384093233527,792.8122930208168,450.22989755182186,41.13237803959934,,
1-98,HEALTH_MONITORING,238.68009551730606,1.0,100,CloudNode,0,0.2916666666666667,12000.0,165.4410108053957,845.9232519853869,680.4822411799912,520.7000989228748,9.945003979887751,,
4-80,E_COMMERCE_TRANSACTION,169.3471200539709,0.5,300,CloudNode,0,0.2916666666666667,12000.0,165.29199748104193,848.286282740447,682.994285259405,525.8766015683268,7.056130002248787,,
8-76,SENSOR_DATA_LOGGING,944.1400791170234,0.1,10000,CloudNode,4,1.0,12000.0,184.44443390497122,849.7469678758032,665.302533970832,480.42896647426517,39.33916996320931,,
7-105,GPS_TRACKING,853.3781958486039,0.2,200,CloudNode,48,1.0,12000.0,209.18830621924508,851.9971924011826,642.8088861819375,488.7388681960366,35.55742482702516,,
4-68,HEALTH_MONITORING,601.2071198850883,1.0,100,CloudNode,0,0.08333333333333333,12000.0,142.8726388664767,852.2495250747883,709.3768862083116,504.0686214438657,25.05029666187868,,
3-101,GPS_TRACKING,861.2347294283021,0.2,200,CloudNode,50,1.0,12000.0,210.90182937710355,853.7671656689885,642.8653362918849,488.74079694341754,35.88478039284592,,
3-1,VOICE_ASSISTANT,168.7519214744753,2.0,150,FogNode_2,0,0.0,681.967788340379,2.2510508438514565,854.2637125137601,852.0126616699087,433.7807267212758,20.713289966861314,,
7-106,GPS_TRACKING,727.8682377602443,0.2,200,CloudNode,50,1.0,12000.0,210.59685959034138,854.4930796312044,643.896220040863,499.68521318801095,30.32784324001018,,
2-69,HEALTH_MONITORING,556.6901935729102,1.0,100,CloudNode,0,0.0,12000.0,125.9065802984933,854.4935776074021,728.5869973089088,509.2409557831192,23.195424732204593,,
3-26,SMART_HOME_CONTROL,940.7388102106553,0.1,150,FogNode_4,0,0.5,1758.3565909566523,36.39548602233277,857.7201697280411,821.3246837057084,272.75252404653145,78.36692925725,,
8-72,E_COMMERCE_TRANSACTION,527.5122594728231,0.5,300,CloudNode,0,0.9583333333333334,12000.0,179.9373520027398,860.8893026209233,680.9519506181836,514.697330556723,21.979677478034297,,
8-73,SMART_HOME_CONTROL,745.239270729486,0.1,150,CloudNode,0,0.9583333333333334,12000.0,180.35501696641896,861.2942028760658,680.9391859096469,502.0552131669083,31.05163628039525,,
2-101,SENSOR_DATA_LOGGING,286.7193914990088,0.1,10000,CloudNode,14,1.0,12000.0,192.83181200412338,862.9386380195176,670.1068260153943,529.9316340994759,11.9466413124587,,
3-77,HEALTH_MONITORING,829.466567198772,1.0,100,CloudNode,0,0.041666666666666664,12000.0,140.52735874501968,864.240229051586,723.7128703065663,498.73466332359703,34.561106966615505,,
6-83,HEALTH_MONITORING,573.4493860972156,1.0,100,CloudNode,0,0.20833333333333334,12000.0,163.5216827338438,864.3549737241589,700.833290990315,514.7621955137811,23.893724420717312,,
9-103,GPS_TRACKING,540.3127011008789,0.2,200,CloudNode,27,1.0,12000.0,200.98592683950903,864.6210503067432,663.6351234672342,517.0875894883146,22.513029212536622,,
8-10,HEALTH_MONITORING,281.06203521744703,1.0,100,FogNode_6,0,0.0,816.2509881302752,18.868557078907536,866.5291322370008,847.6605751580933,410.7196298650079,37.871783313217286,,
7-96,GPS_TRACKING,361.1781549369238,0.2,200,CloudNode,12,1.0,12000.0,191.44963826584677,867.4134617354912,675.9638234696445,528.5686010436272,15.049089789038492,,
3-82,HEALTH_MONITORING,204.09592165096217,1.0,100,CloudNode,0,0.125,12000.0,153.51988018222525,869.2575185457018,715.7376383634765,539.9220155020291,8.503996735456758,,
3-95,E_COMMERCE_TRANSACTION,95.87616785718696,0.5,300,CloudNode,7,1.0,12000.0,186.4895621877526,877.2471992004674,690.7576370127149,551.6359082204477,3.9948403273827897,,
9-86,HEALTH_MONITORING,161.19424867776115,1.0,100,CloudNode,0,0.125,12000.0,159.93386566834548,878.0539043632233,718.1200386948778,548.3121717814669,6.716427028240048,,
7-4,VOICE_ASSISTANT,155.0603723206445,2.0,150,FogNode_2,0,0.0,681.967788340379,15.972685592475065,879.8663020217052,863.8936164292302,465.1758104576718,19.03273412346176,,
3-94,E_COMMERCE_TRANSACTION,835.7071923406141,0.5,300,CloudNode,2,1.0,12000.0,181.9348412043302,879.9712493206192,698.0364081162891,511.2187177430659,34.821133014192256,,
6-58,SENSOR_DATA_LOGGING,65.47351220449245,0.1,10000,FogNode_8,1,1.0,770.9711269175084,125.31046839475265,881.2203108987205,755.9098425039679,650.2643774035804,6.223562958361634,,
4-83,E_COMMERCE_TRANSACTION,675.1346344695784,0.5,300,CloudNode,0,0.4583333333333333,12000.0,170.8227824955178,882.4231051748745,711.6003226793567,520.0900983972058,28.130609769565766,,
6-106,GPS_TRACKING,396.4612699002714,0.2,200,CloudNode,47,1.0,12000.0,209.41764711083246,882.7854070341591,673.3677599233266,538.8163771973973,16.519219579177975,,
1-116,SMART_HOME_CONTROL,681.9176433617758,0.1,150,CloudNode,16,1.0,12000.0,196.22520229028484,884.5694507388656,688.3442484485807,521.4663716074091,28.413235140073994,,
9-106,SENSOR_DATA_LOGGING,600.8703578551017,0.1,10000,CloudNode,40,1.0,12000.0,207.68217444005853,885.6541988003629,677.9720243603044,527.1037402807765,25.03626491062924,,
1-119,SENSOR_DATA_LOGGING,709.5478466230489,0.1,10000,CloudNode,24,1.0,12000.0,199.66220429915538,890.6959464853022,691.0337421861468,524.2900396459725,29.564493609293706,,
4-15,SENSOR_DATA_LOGGING,894.9500990500343,0.1,10000,FogNode_4,0,0.5,1758.3565909566523,32.85068640260422,891.5548294879834,858.7041430853792,329.1606933081821,74.55256479247204,,
2-43,SENSOR_DATA_LOGGING,482.4145381760142,0.1,10000,FogNode_9,0,1.0,1349.236560939329,78.72263140430164,893.5516029236057,814.8289715193041,436.9247872510834,48.52107941042587,,
2-106,SENSOR_DATA_LOGGING,687.499351844871,0.1,10000,CloudNode,24,1.0,12000.0,200.0075694871822,894.0308739747807,694.0233044875985,528.1373669219256,28.64580632686962,,
1-16,SMART_HOME_CONTROL,740.4096035399888,0.1,150,FogNode_3,0,0.2857142857142857,1899.4436001125757,19.69020696675781,898.3653299199732,878.6751229532154,473.24795933751875,35.15308396832277,,
9-44,SENSOR_DATA_LOGGING,249.08815112356686,0.1,10000,FogNode_1,4,1.0,1597.9384595498836,71.98122345241896,899.3689782599437,827.3877548075247,654.9101147826372,20.57657124306998,,
5-83,SENSOR_DATA_LOGGING,620.8604439909977,0.1,10000,CloudNode,15,1.0,12000.0,195.09960025889671,900.0246530730301,704.9250528141333,537.7584120107864,25.869185166291572,,
7-66,HEALTH_MONITORING,819.8801491839807,1.0,100,CloudNode,0,0.041666666666666664,12000.0,137.38266254189816,902.1536970583059,764.7710345164077,525.721543130178,34.16167288266586,,
0-100,E_COMMERCE_TRANSACTION,994.2818043580735,0.5,300,CloudNode,4,1.0,12000.0,185.40692914642375,902.2826565354177,716.8757273889939,517.0840118432119,41.42840851491973,,
1-122,GPS_TRACKING,575.4193923086679,0.2,200,CloudNode,28,1.0,12000.0,202.3099351386469,902.4451936331244,700.1352584944775,541.1950652384355,23.97580801286116,,
1-95,HEALTH_MONITORING,906.712381210294,1.0,100,CloudNode,0,0.125,12000.0,158.8137553047366,904.7602847918656,745.946529487129,522.9121698981957,37.779682550428916,,
9-94,HEALTH_MONITORING,143.6995828600825,1.0,100,CloudNode,0,0.7083333333333334,12000.0,175.19503426076636,906.0058392131209,730.8108049523546,567.8940890103443,5.987482619170104,,
7-97,SENSOR_DATA_LOGGING,619.5082736425802,0.1,10000,CloudNode,23,1.0,12000.0,198.3302084340957,906.1187691014194,707.7885606673237,541.2631742614767,25.812844735107507,,
2-100,E_COMMERCE_TRANSACTION,358.8807236705648,0.5,300,CloudNode,12,1.0,12000.0,191.9913279263202,907.1539261730145,715.1625982466943,558.0560204650037,14.953363486273535,,
5-39,SENSOR_DATA_LOGGING,724.7579233073315,0.1,10000,FogNode_7,0,0.25,1727.0272900361456,62.7429569608116,908.48423385916,845.7412768983484,410.7480855514595,49.67424134363802,,
8-84,GPS_TRACKING,750.9815651270482,0.2,200,CloudNode,34,1.0,12000.0,204.58063810083436,908.5050490793076,703.9244109784732,536.3773088521697,31.290898546960342,,
5-86,GPS_TRACKING,562.9236433977053,0.2,200,CloudNode,20,1.0,12000.0,196.98553163617026,911.1505326680614,714.165001031891,549.7731020384423,23.45515180823772,,
1-90,HEALTH_MONITORING,73.78075376991464,1.0,100,CloudNode,0,0.125,12000.0,150.1108923231344,912.2671652489123,762.1562729257779,574.123577827874,3.074198073746443,,
1-76,HEALTH_MONITORING,754.562977964438,1.0,100,CloudNode,0,0.08333333333333333,12000.0,131.25658846387975,914.8774405648858,783.620852101006,539.7753052143771,31.440124081851582,,
4-41,VOICE_ASSISTANT,647.7868833259115,2.0,150,CloudNode,0,0.0,12000.0,92.6357629032875,915.276443153225,822.6406802499375,547.6398974525029,26.991120138579646,,
1-29,E_COMMERCE_TRANSACTION,542.6639545387577,0.5,300,FogNode_9,0,0.5,1349.236560939329,46.010287469622696,916.7416037521049,870.7313162824822,419.84587068835515,54.58094387226732,,
6-107,SENSOR_DATA_LOGGING,525.8696185742021,0.1,10000,CloudNode,50,1.0,12000.0,210.6835338066306,921.8763725777401,711.1928387711095,558.748750551074,21.911234107258423,,
8-88,SMART_HOME_CONTROL,744.3350042882847,0.1,150,CloudNode,45,1.0,12000.0,208.49748188300777,922.9172196449471,714.4197377619394,547.5081664231949,31.013958512011865,,
3-87,HEALTH_MONITORING,841.5363165262766,1.0,100,CloudNode,0,0.375,12000.0,168.05372377175033,923.8951920461782,755.8414682744278,540.6539688277479,35.064013188594856,,
6-72,HEALTH_MONITORING,158.00826791777394,1.0,100,CloudNode,0,0.125,12000.0,147.7319441084453,925.4345209087268,777.7025768002815,575.3721142793806,6.583677829907248,,
4-65,HEALTH_MONITORING,745.4319036893789,1.0,100,CloudNode,0,0.08333333333333333,12000.0,132.5546871664974,929.5327870429394,796.978099876442,550.0611707578572,31.05966265372412,,
5-91,GPS_TRACKING,265.8102836538098,0.2,200,CloudNode,37,1.0,12000.0,207.08717724673602,930.6559060504584,723.5687288037224,575.758793362686,11.075428485575408,,
6-78,HEALTH_MONITORING,844.1635251201835,1.0,100,CloudNode,0,0.125,12000.0,156.76933408175333,933.2855984461996,776.5162643644463,549.0421938728065,35.17348021334098,,
4-78,HEALTH_MONITORING,383.6722115753319,1.0,100,CloudNode,0,0.2916666666666667,12000.0,164.91948220567616,934.255340833362,769.3358586276859,573.9293900185173,15.986342148972161,,
8-69,HEALTH_MONITORING,663.9922243394773,1.0,100,CloudNode,0,0.6666666666666666,12000.0,174.82580380646178,935.3039346822424,760.4781308757806,558.8092750601603,27.666342680811553,,
5-45,SMART_HOME_CONTROL,554.5260430797168,0.1,150,FogNode_9,0,1.0,1349.236560939329,76.35008307044706,938.2603461683359,861.9102630978889,431.31435986030203,55.77402843859393,,
1-81,HEALTH_MONITORING,912.7108056590221,1.0,100,CloudNode,0,0.041666666666666664,12000.0,135.1334201382961,940.4142075290774,805.2807873907814,548.6804463008932,38.02961690245925,,
9-42,GPS_TRACKING,248.55216581158447,0.2,200,FogNode_1,4,1.0,1597.9384595498836,70.68458872077207,942.0298155958551,871.345226875083,685.0716933129497,20.532294789503258,,
0-19,SENSOR_DATA_LOGGING,681.4864400606685,0.1,10000,FogNode_4,0,0.5,1758.3565909566523,40.13885799766983,942.230311746358,902.0914537486882,501.0317723760498,56.77027359597357,,
5-7,SENSOR_DATA_LOGGING,993.9328467005612,0.1,10000,FogNode_3,0,0.0,1899.4436001125757,11.705064595468288,943.4897054880248,931.7846408925565,391.40114058105985,47.18983202255539,,
9-102,E_COMMERCE_TRANSACTION,730.8787656269742,0.5,300,CloudNode,24,1.0,12000.0,199.41309013961921,946.5607626026108,747.1476724629915,561.7229486839238,30.453281901123923,,
3-46,E_COMMERCE_TRANSACTION,164.92453434755743,0.5,300,FogNode_6,1,1.0,816.2509881302752,77.41883803100518,947.3725722327414,869.9537342017362,622.4286259010041,22.22280295882606,,
3-97,HEALTH_MONITORING,89.02218202146726,1.0,100,CloudNode,14,1.0,12000.0,194.2780794885787,947.8327226975331,753.5546432089544,595.5709211269406,3.7092575842278026,,
4-81,HEALTH_MONITORING,584.116763895226,1.0,100,CloudNode,0,0.375,12000.0,168.05808727162054,948.7010500642989,780.6429627926784,573.8825165899173,24.338198495634416,,
6-21,GPS_TRACKING,583.1391828048305,0.2,200,FogNode_1,0,0.8,1597.9384595498836,55.62137729658366,948.8571626666312,893.2357853700476,499.32212919738697,48.171721077397926,,
8-83,E_COMMERCE_TRANSACTION,800.2168679666872,0.5,300,CloudNode,33,1.0,12000.0,203.55882923253293,949.470146031383,745.9113167988501,559.4441871110625,33.342369498611966,,
0-110,GPS_TRACKING,784.4676611548242,0.2,200,CloudNode,44,1.0,12000.0,208.43153774560903,949.9417558351009,741.5102180894919,561.0896717277067,32.686152548117676,,
8-62,HEALTH_MONITORING,599.2694874992769,1.0,100,CloudNode,0,0.125,12000.0,159.64650529299456,952.3843175913975,792.7378122984029,573.3268893118247,24.969561979136536,,
5-82,E_COMMERCE_TRANSACTION,848.2356815147019,0.5,300,CloudNode,15,1.0,12000.0,194.92259111279455,953.1094119677664,758.1868208549719,560.8144993927305,35.34315339644591,,
9-100,E_COMMERCE_TRANSACTION,637.3557748138028,0.5,300,CloudNode,15,1.0,12000.0,195.9426851863962,960.266907407498,764.3242222211018,575.0891422231012,26.556490617241785,,
5-88,E_COMMERCE_TRANSACTION,375.9795472770371,0.5,300,CloudNode,26,1.0,12000.0,200.7336860852458,964.6172273859527,763.8835413007068,590.2727300159014,15.665814469876548,,
3-88,HEALTH_MONITORING,365.8430738753245,1.0,100,CloudNode,0,0.4583333333333333,12000.0,171.06120164579386,965.7908575051861,794.7296558593922,590.8116142932569,15.243461411471852,,
6-85,HEALTH_MONITORING,615.4631776522968,1.0,100,CloudNode,0,0.375,12000.0,167.46906270560697,966.5650412909165,799.0959785853095,575.2221140509378,25.6442990688457,,
3-90,HEALTH_MONITORING,211.11546636293076,1.0,100,CloudNode,0,0.625,12000.0,174.01639961741066,967.5347113653452,793.5183117479345,598.0898888470163,8.796477765122116,,
8-89,GPS_TRACKING,786.4019131677767,0.2,200,CloudNode,48,1.0,12000.0,209.3672991024773,970.293777555847,760.9264784533697,574.1780881235394,32.76674638199069,,
2-84,HEALTH_MONITORING,963.903621743604,1.0,100,CloudNode,0,0.125,12000.0,155.2659757903755,971.0212482972693,815.7552725068938,566.2442003411091,40.162650905983504,,
7-99,E_COMMERCE_TRANSACTION,824.5021896937576,0.5,300,CloudNode,26,1.0,12000.0,200.16005683397896,974.714355020934,774.5542981869551,574.0473618784895,34.354257903906564,,
4-33,E_COMMERCE_TRANSACTION,220.9819668718615,0.5,300,FogNode_6,1,1.0,816.2509881302752,73.02390629609955,974.8548280724187,901.8309217763192,584.3259739677866,29.776277536113813,,
2-103,HEALTH_MONITORING,531.2945905181373,1.0,100,CloudNode,14,1.0,12000.0,194.55431791093744,974.9304552603031,780.3761373493656,587.6917762968924,22.13727460492239,,
2-99,E_COMMERCE_TRANSACTION,888.5347638780936,0.5,300,CloudNode,9,1.0,12000.0,188.67517529068994,976.1982607148136,787.5230854241237,575.3022665706661,37.0222818282539,,
7-38,SENSOR_DATA_LOGGING,113.25354162137589,0.1,10000,FogNode_9,2,1.0,1349.236560939329,85.6351389565173,977.4905836035612,891.8554446470439,786.4135401221076,11.391000170309486,,
8-25,SENSOR_DATA_LOGGING,662.6350810896198,0.1,10000,FogNode_7,0,0.25,1727.0272900361456,58.33637116438391,979.7089694822753,921.3725983178914,517.1361187937143,45.41639888612717,,
6-84,HEALTH_MONITORING,342.7572379052913,1.0,100,CloudNode,0,0.3333333333333333,12000.0,166.79647958791855,980.9474207501718,814.1509411622533,600.1134971930057,14.281551579387138,,
8-68,HEALTH_MONITORING,797.9485749720143,1.0,100,CloudNode,0,0.5416666666666666,12000.0,172.1288237458123,981.3731551458869,809.2443314000747,576.1250749545184,33.2478572905006,,
6-80,HEALTH_MONITORING,584.868665551646,1.0,100,CloudNode,0,0.125,12000.0,159.53663953552586,982.9943962959992,823.4577567604733,590.9436802626933,24.369527731318584,,
6-102,HEALTH_MONITORING,214.36065330698406,1.0,100,CloudNode,28,1.0,12000.0,202.1517420368883,984.4284290664986,782.2766870296102,599.163902463083,8.931693887791003,,
1-7,VOICE_ASSISTANT,246.52748897645733,2.0,150,FogNode_2,0,0.0,681.967788340379,9.677187928577242,985.436021348668,975.7588334200907,446.42832304890925,30.259776121979975,,
2-92,HEALTH_MONITORING,904.6836576661966,1.0,100,CloudNode,0,0.625,12000.0,174.14460760592323,986.5408374735778,812.3962298676545,577.1770478156247,37.69515240275819,,
6-44,VOICE_ASSISTANT,814.9771129702906,2.0,150,CloudNode,0,0.0,12000.0,98.67452420656161,989.791131991931,891.1166077853694,581.5462098620945,33.95737970709544,,
1-114,HEALTH_MONITORING,72.56420361157421,1.0,100,CloudNode,14,1.0,12000.0,193.31483083482442,990.4754460341297,797.1606151993053,604.4776114570193,3.0235084838155926,,
0-54,VOICE_ASSISTANT,792.4359335841957,2.0,150,CloudNode,0,0.0,12000.0,99.00937188075399,991.4708487074097,892.4614768266557,583.5659144298788,33.01816389934149,,
4-91,HEALTH_MONITORING,774.8951292743965,1.0,100,CloudNode,4,1.0,12000.0,185.2721228579596,994.1073811491391,808.8352582911795,587.3627287910195,32.28729705309985,,
0-41,E_COMMERCE_TRANSACTION,172.0384925948769,0.5,300,FogNode_6,1,1.0,816.2509881302752,81.48032394793806,994.5136845941825,913.0333606462444,655.0221242804728,23.181375271992867,,
6-53,VOICE_ASSISTANT,935.1161726533381,2.0,150,CloudNode,0,0.0,12000.0,113.09323195412144,1000.8435673660586,887.7503354119372,582.0480443590366,38.963173860555756,,
7-87,HEALTH_MONITORING,678.6243905423249,1.0,100,CloudNode,0,0.6666666666666666,12000.0,174.91743665357632,1004.3847552427268,829.4673185891504,600.985830548915,28.276016272596873,,
3-92,HEALTH_MONITORING,976.9867916996071,1.0,100,CloudNode,0,0.8333333333333334,12000.0,177.856876701164,1005.3107580211454,827.4538813199814,582.8900189368667,40.707782987483625,,
0-104,E_COMMERCE_TRANSACTION,710.4386693670504,0.5,300,CloudNode,24,1.0,12000.0,199.21649320911268,1007.9042725115531,808.6877793024405,600.4692757565236,29.6016112236271,,
7-103,HEALTH_MONITORING,67.42409562787465,1.0,100,CloudNode,37,1.0,12000.0,206.6129246161094,1010.003429878383,803.3905052622736,612.5345661473222,2.8093373178281107,,
7-102,HEALTH_MONITORING,778.777482833299,1.0,100,CloudNode,37,1.0,12000.0,206.29146766397895,1011.4588861720524,805.1674185080735,600.9534280852708,32.44906178472079,,
3-93,HEALTH_MONITORING,552.8076099368186,1.0,100,CloudNode,0,0.9583333333333334,12000.0,180.51595990347533,1013.6020121934134,833.0860522899382,595.0119535467952,23.03365041403411,,
4-112,SMART_HOME_CONTROL,112.28952052925311,0.1,150,FogNode_2,15,1.0,681.967788340379,242.66142610166887,1018.9188801757376,776.2574540740687,594.2972087483388,13.782867647608088,,
6-104,E_COMMERCE_TRANSACTION,797.2847344760592,0.5,300,CloudNode,32,1.0,12000.0,203.27217869090595,1019.549806507438,816.277627816532,597.7693864595375,33.2201972698358,,
9-108,E_COMMERCE_TRANSACTION,841.2085095237841,0.5,300,CloudNode,50,1.0,12000.0,211.22001091107404,1019.570855158365,808.350844247291,599.0607543468026,35.050354563491005,,
1-88,VOICE_ASSISTANT,310.63372218253227,2.0,150,CloudNode,0,0.08333333333333333,12000.0,145.4275436788581,1019.9935246643502,874.565980985492,605.0617413385787,12.943071757605512,,
0-85,VOICE_ASSISTANT,127.08290752377125,2.0,150,CloudNode,0,0.125,12000.0,153.19218571479607,1020.5936721720307,867.4014864572346,606.9259017311093,5.295121146823802,,
5-36,GPS_TRACKING,710.4521889898909,0.2,200,FogNode_7,0,0.25,1727.0272900361456,57.33306005168747,1024.0152989723151,966.6822389206277,533.3623383293176,48.69373947366238,,
9-88,VOICE_ASSISTANT,156.5934656674609,2.0,150,CloudNode,0,0.125,12000.0,162.8382856128596,1024.5083416443408,861.6700560314812,608.1910698249114,6.524727736144204,,
9-18,VOICE_ASSISTANT,209.12110194955812,2.0,150,FogNode_2,0,0.0,681.967788340379,25.687211855867638,1024.659102872994,998.9718910171264,525.5975754384035,25.668365640067346,,
7-95,HEALTH_MONITORING,664.2542652573277,1.0,100,CloudNode,9,1.0,12000.0,188.82236340932766,1025.6482996606244,836.8259362512968,596.304204285183,27.677261052388655,,
9-21,HEALTH_MONITORING,295.3315441070368,1.0,100,FogNode_6,0,0.0,816.2509881302752,31.519054642766175,1025.6590473270683,994.1399926843021,545.4472969033421,39.794532318555106,,
2-71,SMART_HOME_CONTROL,222.64070255625117,0.1,150,FogNode_8,1,1.0,770.9711269175084,129.99014593562535,1026.8553354246396,896.8651894890143,592.2640313429625,21.163038040864734,,
6-97,HEALTH_MONITORING,632.0269453604602,1.0,100,CloudNode,12,1.0,12000.0,191.67713087023625,1027.3832671343057,835.7061362640694,598.0394838583486,26.33445605668584,,
8-39,HEALTH_MONITORING,350.6301928832847,1.0,100,FogNode_5,1,1.0,782.8923712617282,97.48407827605158,1027.5559829955569,930.0719047195053,391.8758016735558,52.117593701139214,,
2-9,SENSOR_DATA_LOGGING,535.7099005567272,0.1,10000,FogNode_3,0,0.14285714285714285,1899.4436001125757,18.17911094437133,1028.5299275237514,1010.3508165793801,707.6112052590306,25.434374469071003,,
7-86,VOICE_ASSISTANT,267.9567590484902,2.0,150,CloudNode,0,0.625,12000.0,174.48457019098404,1030.2340024322607,855.7494322412766,606.9726361217906,11.164864960353759,,
4-95,VOICE_ASSISTANT,129.3255653920416,2.0,150,CloudNode,11,1.0,12000.0,191.39455503420223,1030.7706551136869,839.3761000794847,606.9177056480993,5.3885652246684,,
7-104,HEALTH_MONITORING,848.4022271313885,1.0,100,CloudNode,42,1.0,12000.0,207.7888960706618,1030.9670930017803,823.1781969311185,604.2551901860311,35.35009279714119,,
3-16,SENSOR_DATA_LOGGING,408.8536128573637,0.1,10000,FogNode_3,0,0.14285714285714285,1899.4436001125757,17.525375304296702,1032.273508956499,1014.7481336522022,776.9303277879866,19.41150589458932,,
0-24,E_COMMERCE_TRANSACTION,346.8301020949874,0.5,300,FogNode_9,0,0.5,1349.236560939329,50.85617018838845,1032.879797388382,982.0236271999936,672.8127825550287,34.8840459686497,,
9-118,SMART_HOME_CONTROL,181.40239425855466,0.1,150,FogNode_2,15,1.0,681.967788340379,239.68606766135503,1034.1124423413405,794.4263746799854,509.8256711179593,22.266059906930753,,
9-47,GPS_TRACKING,377.10926396423116,0.2,200,FogNode_9,0,1.0,1349.236560939329,75.78628898982866,1037.3857528102708,961.5994638204421,656.7070812037344,37.929513095518644,,
5-90,HEALTH_MONITORING,751.0138655790487,1.0,100,CloudNode,34,1.0,12000.0,204.3459594529454,1037.5149440585571,833.1689846056117,597.7658868767795,31.29224439912703,,
8-32,GPS_TRACKING,387.6310581732563,0.2,200,FogNode_9,0,1.0,1349.236560939329,79.01125771367396,1039.1196082560932,960.1083505424192,650.6915641096643,38.98779134369614,,
1-62,VOICE_ASSISTANT,756.6065196856628,2.0,150,CloudNode,0,0.0,12000.0,103.75378584133638,1039.248804021952,935.4950181806157,598.9647797574592,31.525271653569284,,
8-66,VOICE_ASSISTANT,110.6609658492392,2.0,150,CloudNode,0,0.375,12000.0,168.3139766180418,1039.455749586364,871.1417729683221,607.5517459988826,4.610873577051634,,
8-57,VOICE_ASSISTANT,837.4121416345106,2.0,150,CloudNode,0,0.08333333333333333,12000.0,147.19245930075533,1040.8055934334784,893.6131341327231,595.5032399277427,34.89217256810461,,
3-79,VOICE_ASSISTANT,440.3005886366156,2.0,150,CloudNode,0,0.08333333333333333,12000.0,146.3758019519327,1042.0024737408633,895.6266717889306,613.3789513807196,18.34585785985898,,
8-80,HEALTH_MONITORING,725.7659758096612,1.0,100,CloudNode,23,1.0,12000.0,198.3414944339637,1043.4748942801377,845.133399846174,603.6161360065071,30.240248992069215,,
4-90,HEALTH_MONITORING,960.6537627275991,1.0,100,CloudNode,4,1.0,12000.0,184.441587052332,1044.6717076132527,860.2301205609207,601.1474736883257,40.02724011364996,,
0-88,VOICE_ASSISTANT,322.3910163957188,2.0,150,CloudNode,0,0.125,12000.0,159.47976761200465,1046.4157245404147,886.93595692841,614.7391241807508,13.432959016488283,,
1-115,HEALTH_MONITORING,978.3984862718266,1.0,100,CloudNode,14,1.0,12000.0,194.57241170313608,1047.324064694505,852.7516529913689,600.3652933609401,40.76660359465944,,
1-87,VOICE_ASSISTANT,337.33691436312535,2.0,150,CloudNode,0,0.041666666666666664,12000.0,140.07816958073863,1047.6822646886255,907.6040951078869,609.5666812423002,14.055704765130223,,
2-93,VOICE_ASSISTANT,326.5988522092923,2.0,150,CloudNode,0,0.7916666666666666,12000.0,175.65721143959402,1047.8102431894717,872.1530317498778,606.2242908402048,13.608285508720513,,
1-100,VOICE_ASSISTANT,413.3996527307164,2.0,150,CloudNode,0,0.375,12000.0,169.08755517675482,1048.0519832543064,878.9644280775516,608.9025435686706,17.224985530446517,,
7-59,VOICE_ASSISTANT,813.1552271077134,2.0,150,CloudNode,0,0.08333333333333333,12000.0,128.20124484373187,1049.1360907381963,920.9348458944645,603.7901258552436,33.88146779615472,,
1-85,VOICE_ASSISTANT,592.0169059017215,2.0,150,CloudNode,0,0.041666666666666664,12000.0,137.24691355204948,1050.1783095245353,912.9313959724858,609.9137002699746,24.667371079238396,,
8-52,VOICE_ASSISTANT,799.2718884242328,2.0,150,CloudNode,0,0.041666666666666664,12000.0,136.1046799981866,1053.1468281755972,917.0421481774106,606.5817200905835,33.3029953510097,,
2-297,SENSOR_DATA_LOGGING,62.16323117421929,0.1,10000,CloudNode,230,1.0,12000.0,604.3121239798569,1053.2322525188247,448.9201285389678,372.56266968704017,2.590134632259137,,
2-8,E_COMMERCE_TRANSACTION,351.709928256472,0.5,300,FogNode_0,0,0.0,1189.2931772946604,15.785041565820315,1057.1534806820282,1041.3684391162078,690.7042773821569,22.394843451773006,,
0-59,VOICE_ASSISTANT,920.5612128219384,2.0,150,CloudNode,0,0.0,12000.0,106.6923508100338,1057.660855152,950.9685043419663,603.624152540445,38.356717200914105,,
5-85,VOICE_ASSISTANT,202.3913538256336,2.0,150,CloudNode,15,1.0,12000.0,195.82863126297383,1057.6715395856145,861.8429083226406,577.4997705994813,8.432973076068066,,
1-125,HEALTH_MONITORING,808.0865093475556,1.0,100,CloudNode,50,1.0,12000.0,211.3151962152983,1058.8113911530393,847.4961949377409,604.5760875958877,33.67027122281482,,
2-10,VOICE_ASSISTANT,269.0027737313728,2.0,150,FogNode_2,0,0.0,681.967788340379,18.28051369541114,1059.1677890860717,1040.8872753906605,475.9309822695719,33.018483022314484,,
2-107,VOICE_ASSISTANT,262.29513904590533,2.0,150,CloudNode,29,1.0,12000.0,202.35806020662628,1059.3728723123827,857.0148121057564,599.6626232406865,10.928964126912723,,
4-298,SENSOR_DATA_LOGGING,182.64460021826045,0.1,10000,CloudNode,233,1.0,12000.0,598.9309373477864,1062.9026480401471,463.9717106923607,374.60025621283637,7.610191675760852,,
7-287,SENSOR_DATA_LOGGING,241.91589505509512,0.1,10000,CloudNode,238,1.0,12000.0,590.0197527046644,1064.8313655345107,474.81161282984635,374.0279129313201,10.079828960628962,,
0-90,VOICE_ASSISTANT,895.2482650747459,2.0,150,CloudNode,0,0.125,12000.0,161.77774396026257,1065.0794681236919,903.3017241634293,605.5377180088869,37.302011044781075,,
0-103,VOICE_ASSISTANT,456.090562937006,2.0,150,CloudNode,10,1.0,12000.0,190.5718193645422,1065.390814045723,874.8189946811807,605.7560152654897,19.003773455708583,,
6-101,HEALTH_MONITORING,929.6043719481245,1.0,100,CloudNode,19,1.0,12000.0,196.88267473499488,1067.258162987608,870.3754882526132,605.5944171626423,38.733515497838525,,
1-117,VOICE_ASSISTANT,370.3957431768419,2.0,150,CloudNode,21,1.0,12000.0,197.43894188286444,1070.1151159533556,872.6761740704911,598.8942021186746,15.433155965701747,,
5-77,VOICE_ASSISTANT,593.0663902709135,2.0,150,CloudNode,0,0.2916666666666667,12000.0,164.85743290243371,1073.9305408335836,909.0731079311498,609.7376865622861,24.7110995946214,,
8-285,GPS_TRACKING,326.14612033025685,0.2,200,CloudNode,233,1.0,12000.0,599.5820146906957,1076.314934099051,476.7329194083553,370.15833882433503,13.589421680427368,,
8-286,GPS_TRACKING,319.1458704983964,0.2,200,CloudNode,232,1.0,12000.0,601.5954119516923,1076.773798732735,475.1783867810427,369.66838169309347,13.29774460409985,,
1-325,SMART_HOME_CONTROL,356.3680807140292,0.1,150,CloudNode,232,1.0,12000.0,600.5314290288259,1077.0214047540076,476.4899757251817,375.75721968149674,14.848670029751217,,
1-331,SENSOR_DATA_LOGGING,400.0240264672253,0.1,10000,CloudNode,230,1.0,12000.0,604.5363496451816,1079.75106007935,475.2147104341684,375.1644599060388,16.667667769467723,,
6-335,SENSOR_DATA_LOGGING,410.73907237537446,0.1,10000,CloudNode,230,1.0,12000.0,603.3537036103417,1082.038499220753,478.68479561041136,372.55896080003913,17.114128015640603,,
3-23,HEALTH_MONITORING,298.6319227771303,1.0,100,FogNode_6,0,0.0,816.2509881302752,30.962586543586955,1082.262764161369,1051.300177617782,596.2754511938724,40.239242774553354,,
1-335,SENSOR_DATA_LOGGING,252.11875051854162,0.1,10000,CloudNode,223,1.0,12000.0,614.6993739249639,1086.400709922268,471.7013359973042,378.3665101289515,10.504947938272569,,
4-305,SMART_HOME_CONTROL,348.26187536089043,0.1,150,CloudNode,229,1.0,12000.0,605.2839602512719,1086.6933625323554,481.40940228108354,373.8614264639323,14.510911473370435,,
2-294,GPS_TRACKING,212.1309115506138,0.2,200,CloudNode,233,1.0,12000.0,599.8409380333409,1087.7926919159067,487.95175388256587,381.6306633776362,8.838787981275576,,
8-281,SENSOR_DATA_LOGGING,389.7301191333974,0.1,10000,CloudNode,238,1.0,12000.0,589.0083156934663,1091.2889010808224,502.28058538735604,374.3159487558694,16.23875496389156,,
6-27,SENSOR_DATA_LOGGING,646.3885895721488,0.1,10000,FogNode_7,0,0.5,1727.0272900361456,64.67889290511827,1093.7072830958944,1029.028390190776,639.4574841912523,44.30287930300423,,
4-82,VOICE_ASSISTANT,753.7661881530091,2.0,150,CloudNode,0,0.4583333333333333,12000.0,170.62891031956266,1093.780942014531,923.1520316949684,595.1675571403463,31.406924506375383,,
5-34,HEALTH_MONITORING,165.8490211653047,1.0,100,FogNode_8,1,1.0,770.9711269175084,54.7999268849606,1096.337343657653,1041.5374167726925,734.2653085471812,15.764723627184653,,
1-322,SMART_HOME_CONTROL,386.83800188637576,0.1,150,CloudNode,234,1.0,12000.0,597.4733201184312,1097.0678656917087,499.5945455732775,378.79005123356296,16.11825007859899,,
2-90,VOICE_ASSISTANT,795.9022543436487,2.0,150,CloudNode,0,0.4583333333333333,12000.0,170.16832532843273,1097.0958429756577,926.9275176472249,603.5479537613444,33.16259393098536,,
7-85,VOICE_ASSISTANT,880.2229028995806,2.0,150,CloudNode,0,0.625,12000.0,174.46298809729484,1099.0002082355895,924.5372201382947,604.4693538989644,36.675954287482526,,
5-4,HEALTH_MONITORING,616.8015341692858,1.0,100,FogNode_9,0,0.0,1349.236560939329,9.265376442461175,1100.311976723436,1091.0466002809746,543.3312773722737,62.0376747621584,,
9-304,SMART_HOME_CONTROL,272.0394755031426,0.1,150,CloudNode,238,1.0,12000.0,592.9131893095321,1102.4210163712787,509.50782706174664,389.6215777089218,11.334978145964277,,
5-288,SENSOR_DATA_LOGGING,555.2119375396906,0.1,10000,CloudNode,237,1.0,12000.0,594.2068229702318,1103.928516613641,509.72169364340925,374.33993069497365,23.13383073082044,,
0-67,GPS_TRACKING,60.24572575522208,0.2,200,FogNode_8,1,1.0,770.9711269175084,123.63697209889975,1104.9979838998117,981.361011800912,876.7424951207552,5.726637453612684,,
3-283,SENSOR_DATA_LOGGING,640.4373717053593,0.1,10000,CloudNode,222,1.0,12000.0,615.1042877376251,1106.516609151044,491.4123214134188,372.61180608705956,26.6848904877233,,
1-316,GPS_TRACKING,255.22311103149778,0.2,200,CloudNode,239,1.0,12000.0,585.6413960968753,1109.061284501865,523.4198884049897,396.5830134766917,10.634296292979075,,
1-337,SMART_HOME_CONTROL,529.8323516884402,0.1,150,CloudNode,220,1.0,12000.0,619.0595459585712,1109.2321640977286,490.1726181391574,378.10435718545887,22.07634798701834,,
6-331,SENSOR_DATA_LOGGING,814.7881857177263,0.1,10000,CloudNode,233,1.0,12000.0,598.0844380342645,1109.9014892173404,511.81705118307593,375.51855579629284,33.949507738238594,,
8-22,GPS_TRACKING,624.0427639593701,0.2,200,FogNode_7,0,0.25,1727.0272900361456,54.49776140559508,1112.749687543711,1058.2519261381158,668.1896697488718,42.77131697189285,,
3-279,SMART_HOME_CONTROL,599.7372218257549,0.1,150,CloudNode,233,1.0,12000.0,599.3922446695192,1112.8807498589601,513.488505189441,377.69542413115107,24.989050909406455,,
8-287,SMART_HOME_CONTROL,82.60834728937263,0.1,150,CloudNode,230,1.0,12000.0,604.1362781879785,1113.400638091825,509.2643599038464,408.98529567313744,3.442014470390526,,
9-307,SENSOR_DATA_LOGGING,845.0939637841287,0.1,10000,CloudNode,233,1.0,12000.0,598.7745822369727,1113.8993912621484,515.1248090251756,374.47086298767135,35.21224849100536,,
0-106,VOICE_ASSISTANT,896.3157675756602,2.0,150,CloudNode,28,1.0,12000.0,202.02048941482263,1114.148730217669,912.1282408028464,578.0942203204002,37.34649031565251,,
9-315,SMART_HOME_CONTROL,577.2087317502622,0.1,150,CloudNode,222,1.0,12000.0,617.9405483691872,1115.3588906334633,497.418342264276,379.6595071602703,24.050363822927594,,
1-330,SMART_HOME_CONTROL,91.1176371451972,0.1,150,CloudNode,230,1.0,12000.0,604.4870211128223,1116.825300526495,512.3382794136728,410.21739287947594,3.7965682143832162,,
5-298,SENSOR_DATA_LOGGING,544.4916193583406,0.1,10000,CloudNode,221,1.0,12000.0,618.673465964003,1119.3048424467786,500.63137648277564,384.946173640737,22.687150806597526,,
8-24,E_COMMERCE_TRANSACTION,443.1517657439137,0.5,300,FogNode_1,0,1.0,1597.9384595498836,57.49136102350171,1120.865588662126,1063.3742276386242,735.3968827810124,36.60769827143805,,
6-337,GPS_TRACKING,465.9928537098018,0.2,200,CloudNode,227,1.0,12000.0,609.8183353555158,1120.871237029903,511.0529016743873,391.4381334975707,19.416368904575073,,
4-9,E_COMMERCE_TRANSACTION,355.4697303443741,0.5,300,FogNode_0,0,0.0,1189.2931772946604,18.89991845513735,1121.0831974968098,1102.1832790416724,750.8500894782436,22.634245789903243,,
3-278,SENSOR_DATA_LOGGING,542.2595695635026,0.1,10000,CloudNode,236,1.0,12000.0,596.9151801686236,1122.2097022176329,525.2945220490093,387.0669871392362,22.59414873181261,,
0-306,SENSOR_DATA_LOGGING,836.336611908812,0.1,10000,CloudNode,223,1.0,12000.0,613.3055427066843,1122.9269701778924,509.6214274712081,370.1579097427949,34.84735882953383,,
7-289,SMART_HOME_CONTROL,63.21517519902389,0.1,150,CloudNode,231,1.0,12000.0,602.3953866405928,1126.1391682964884,523.7437816558955,416.37683933510925,2.633965633292662,,
0-44,GPS_TRACKING,203.14479184418073,0.2,200,FogNode_9,2,1.0,1349.236560939329,86.2808758738423,1128.0533520055328,1041.7724761316906,860.6422749173802,20.43222953884023,,
1-319,SENSOR_DATA_LOGGING,137.04075256917116,0.1,10000,CloudNode,238,1.0,12000.0,592.250636167509,1128.2453632405927,535.9947270730837,412.75633111656293,5.710031357048798,,
4-300,SMART_HOME_CONTROL,855.7646851522684,0.1,150,CloudNode,233,1.0,12000.0,599.1905640647386,1130.6865960750717,531.4960320103331,374.52458009374254,35.65686188134452,,
5-291,SENSOR_DATA_LOGGING,676.9211360437322,0.1,10000,CloudNode,232,1.0,12000.0,600.5069285124354,1132.725028769362,532.2181002569267,386.8921747154277,28.20504733515551,,
9-17,E_COMMERCE_TRANSACTION,383.8804173060934,0.5,300,FogNode_0,0,0.0,1189.2931772946604,25.118497496375067,1133.0776936661573,1107.9591961697822,739.2266203155813,24.443273160893654,,
6-339,SENSOR_DATA_LOGGING,291.70513065626153,0.1,10000,CloudNode,223,1.0,12000.0,612.6026994129896,1138.457491105691,525.8547916927013,410.3503533960237,12.154380444010897,,
3-44,HEALTH_MONITORING,156.54319664727814,1.0,100,FogNode_6,1,1.0,816.2509881302752,74.42810054645038,1139.1557356514588,1064.7276351050084,784.8083247907832,21.093457243335514,,
8-284,SENSOR_DATA_LOGGING,640.0119117626227,0.1,10000,CloudNode,233,1.0,12000.0,598.3225263587957,1139.7350359024867,541.412509543691,395.656876909145,26.66716299010928,,
4-299,SENSOR_DATA_LOGGING,227.28014653572288,0.1,10000,CloudNode,233,1.0,12000.0,599.051114491131,1141.8669823892026,542.8158678980716,417.37231750207343,9.47000610565512,,
4-307,SENSOR_DATA_LOGGING,664.4751832841429,0.1,10000,CloudNode,223,1.0,12000.0,614.2612475711328,1142.0662944727007,527.805046901568,395.8631733734085,27.68646597017262,,
3-284,SENSOR_DATA_LOGGING,787.6882152143992,0.1,10000,CloudNode,222,1.0,12000.0,615.1832902301738,1142.4144833339349,527.231193103761,387.2674320795743,32.82034230059996,,
3-287,GPS_TRACKING,305.6717763719656,0.2,200,CloudNode,222,1.0,12000.0,617.4180601328361,1144.7774904777757,527.3594303449396,415.05885128317937,12.736324015498568,,
6-15,HEALTH_MONITORING,295.66544801975994,1.0,100,FogNode_6,0,0.125,816.2509881302752,45.87930565551991,1146.5645650455933,1100.6852593900735,645.1748623151875,39.83952429557649,,
8-282,GPS_TRACKING,601.9852089354561,0.2,200,CloudNode,238,1.0,12000.0,593.5272133890224,1149.1656423135441,555.6384289245217,403.5180949075983,25.082717038977336,,
9-316,SENSOR_DATA_LOGGING,727.1588392481327,0.1,10000,CloudNode,221,1.0,12000.0,618.0404719439464,1151.8854710181668,533.8449990742204,399.8390222886162,30.298284968672196,,
3-3,HEALTH_MONITORING,727.2211961642067,1.0,100,FogNode_1,0,0.0,1597.9384595498836,2.3800962970529516,1154.0821386321595,1151.7020423351066,611.5292721048768,60.07398860542434,,
8-291,SMART_HOME_CONTROL,291.44575936432636,0.1,150,CloudNode,217,1.0,12000.0,621.5887619614196,1154.9737426887657,533.3849807273461,423.736008250562,12.143573306846932,,
0-314,SENSOR_DATA_LOGGING,271.683325424141,0.1,10000,CloudNode,210,1.0,12000.0,627.2851345521465,1155.3653058880404,528.080171335894,425.62812349228204,11.32013855933921,,
0-308,SMART_HOME_CONTROL,626.2179374731134,0.1,150,CloudNode,221,1.0,12000.0,618.1364842381986,1156.1133447364004,537.9768604982019,407.6790736383932,26.09241406137972,,
9-305,GPS_TRACKING,739.5375316685994,0.2,200,CloudNode,233,1.0,12000.0,597.8316846542316,1158.6959933307587,560.8643086765271,404.64589678884,30.814063819524975,,
0-297,SENSOR_DATA_LOGGING,753.068772822115,0.1,10000,CloudNode,237,1.0,12000.0,595.4799778372867,1159.8515740441671,564.3715962068804,402.88513934473883,31.37786553425479,,
3-277,SENSOR_DATA_LOGGING,831.6745567065909,0.1,10000,CloudNode,237,1.0,12000.0,594.6122179514662,1163.0871550734137,568.4749371219475,401.5464408943012,34.65310652944129,,
3-296,SENSOR_DATA_LOGGING,97.52060963074246,0.1,10000,CloudNode,206,1.0,12000.0,629.992527639764,1163.4920233572689,533.4994957175048,443.8217235810562,4.063358734614269,,
9-318,GPS_TRACKING,502.76406216303013,0.2,200,CloudNode,219,1.0,12000.0,620.3551917654538,1164.1067073978854,543.7515156324316,417.37147223503484,20.948502590126253,,
9-311,SENSOR_DATA_LOGGING,485.16830562155116,0.1,10000,CloudNode,227,1.0,12000.0,608.8911486058907,1166.5698604316176,557.6787118257269,420.09340136475294,20.21534606756463,,
7-293,SENSOR_DATA_LOGGING,129.91196062782848,0.1,10000,CloudNode,223,1.0,12000.0,612.1170511464678,1166.939341455386,554.8222903089182,444.53948187561025,5.412998359492853,,
5-303,GPS_TRACKING,74.28306359241155,0.2,200,CloudNode,216,1.0,12000.0,622.4778298400355,1169.2774103727813,546.7995805327458,450.26777670643855,3.0951276496838145,,
1-329,GPS_TRACKING,172.06929814395602,0.2,200,CloudNode,230,1.0,12000.0,603.8635611737639,1169.3128508674288,565.4492896936649,443.76206753004544,7.1695540893315,,
0-128,SENSOR_DATA_LOGGING,197.90421830679657,0.1,10000,FogNode_2,15,1.0,681.967788340379,243.01715446226387,1170.062146591449,927.0449921291851,619.4524199145355,24.291560200538136,,
4-113,GPS_TRACKING,104.03107161589234,0.2,200,FogNode_2,15,1.0,681.967788340379,242.90800697442512,1171.4643132511912,928.5563062767661,750.8801028686466,12.769192392687652,,
2-45,GPS_TRACKING,489.1776693311244,0.2,200,FogNode_9,1,1.0,1349.236560939329,82.26455746717735,1171.4882437506697,1089.2236862834923,702.4250424120424,49.20131269087583,,
1-344,SENSOR_DATA_LOGGING,404.9494046048519,0.1,10000,CloudNode,203,1.0,12000.0,635.9409820920658,1173.4808196195577,537.5398375274918,431.0674640759295,16.872891858535496,,
9-314,SMART_HOME_CONTROL,385.10023964100384,0.1,150,CloudNode,222,1.0,12000.0,614.974131976324,1181.2573289502945,566.2831969739706,439.5290321760185,16.04584331837516,,
2-53,HEALTH_MONITORING,429.4350520774586,1.0,100,FogNode_5,1,1.0,782.8923712617282,98.62323836791192,1181.539738254088,1082.916499886176,444.53545202440904,63.83113040310996,,
1-347,SENSOR_DATA_LOGGING,526.5784692287959,0.1,10000,CloudNode,202,1.0,12000.0,638.3464107558025,1182.3390302080907,543.9926194522882,430.44799640248016,21.940769551199832,,
3-300,SMART_HOME_CONTROL,224.37490243406307,0.1,150,CloudNode,203,1.0,12000.0,635.2427085178551,1182.8046159340574,547.5619074162023,449.857442669369,9.348954268085961,,
4-295,SENSOR_DATA_LOGGING,977.7791726324928,0.1,10000,CloudNode,238,1.0,12000.0,592.4594562902672,1183.902614090653,591.4431578003858,406.82642591512285,40.740798859687196,,
2-36,SMART_HOME_CONTROL,946.3081999394697,0.1,150,FogNode_7,0,0.25,1727.0272900361456,62.79951872776747,1184.5326536142788,1121.7331348865114,556.8106992974749,64.85909349530995,,
5-300,GPS_TRACKING,869.6293723453822,0.2,200,CloudNode,219,1.0,12000.0,619.7838122199798,1185.3498642210752,565.5660520010954,410.5839776493135,36.234557181057596,,
9-302,GPS_TRACKING,865.4625359281849,0.2,200,CloudNode,238,1.0,12000.0,590.1883873355281,1186.0212692561638,595.8328819206357,410.62805795224415,36.0609389970077,,
0-298,E_COMMERCE_TRANSACTION,694.2668571549968,0.5,300,CloudNode,233,1.0,12000.0,597.9263436656145,1186.1009346701758,588.1745910045613,422.1320870454746,28.927785714791536,,
5-286,SENSOR_DATA_LOGGING,943.9683968180851,0.1,10000,CloudNode,238,1.0,12000.0,593.4607730579856,1187.7253175700387,594.264544512053,411.10365126289116,39.33201653408688,,
8-300,SENSOR_DATA_LOGGING,182.94917092336067,0.1,10000,CloudNode,202,1.0,12000.0,638.7941609227244,1188.726583863171,549.9324229404467,457.2365624089705,7.622882121806694,,
4-314,SENSOR_DATA_LOGGING,906.7203556504469,0.1,10000,CloudNode,203,1.0,12000.0,633.8820365156702,1188.9606677293623,555.0786312136921,411.01393173833685,37.78001481876862,,
9-306,SENSOR_DATA_LOGGING,988.2247106354639,0.1,10000,CloudNode,233,1.0,12000.0,598.5381970790442,1192.2535484369623,593.7153513579182,408.6159293945516,41.176029609810996,,
4-304,SENSOR_DATA_LOGGING,927.9560992878485,0.1,10000,CloudNode,230,1.0,12000.0,603.2460386832167,1192.6885655741173,589.4425268909006,411.40019536776845,38.66483747032702,,
1-350,SENSOR_DATA_LOGGING,624.3524171777465,0.1,10000,CloudNode,201,1.0,12000.0,640.5649521667053,1194.4438514320805,553.8788992653751,433.04682570766454,26.01468404907277,,
3-291,GPS_TRACKING,357.68264549411,0.2,200,CloudNode,216,1.0,12000.0,621.8234470899565,1196.7462285798952,574.9227814899386,451.7361317654927,14.903443562254582,,
3-17,SMART_HOME_CONTROL,734.2147698702136,0.1,150,FogNode_3,0,0.2857142857142857,1899.4436001125757,19.576908840053594,1197.0868225809602,1177.5099137409065,771.6260239602285,34.858966351368274,,
2-32,HEALTH_MONITORING,269.85500376690084,1.0,100,FogNode_6,0,0.5,816.2509881302752,55.07455929989701,1197.1321056986776,1142.0575463987807,719.3578643813187,36.36168869531156,,
2-298,E_COMMERCE_TRANSACTION,471.9026599849231,0.5,300,CloudNode,227,1.0,12000.0,608.6918964490665,1199.1767957095774,590.4848992605109,447.46686894602567,19.66261083270513,,
0-312,SMART_HOME_CONTROL,179.83144865738547,0.1,150,CloudNode,215,1.0,12000.0,624.6056289841819,1200.3358182758573,575.7301892916754,467.9485853959802,7.492977027391062,,
0-31,SMART_HOME_CONTROL,719.4005597189711,0.1,150,FogNode_7,0,0.375,1727.0272900361456,64.42221213018928,1201.7103684960368,1137.2881563658475,701.3983520938882,49.30705257164169,,
1-353,SENSOR_DATA_LOGGING,117.67262760272587,0.1,10000,CloudNode,201,1.0,12000.0,644.1064636020171,1202.4946178743444,558.3881542723273,473.3440436991085,4.903026150113578,,
2-306,SMART_HOME_CONTROL,636.6824378238008,0.1,150,CloudNode,206,1.0,12000.0,629.643871821549,1204.9423408368168,575.2984690152678,441.3091235701296,26.528434909325032,,
0-320,SENSOR_DATA_LOGGING,209.9797591473561,0.1,10000,CloudNode,203,1.0,12000.0,636.3366319287169,1206.458980991642,570.1223490629251,470.01284343621376,8.749156631139838,,
7-304,SMART_HOME_CONTROL,261.66086850918896,0.1,150,CloudNode,206,1.0,12000.0,630.5482789070331,1207.8263416319296,577.2780627248965,468.3564377484131,10.902536187882873,,
7-291,SENSOR_DATA_LOGGING,543.1259811106811,0.1,10000,CloudNode,227,1.0,12000.0,608.0159330196542,1208.752521783159,600.7365887635048,450.5092734896589,22.630249212945046,,
2-310,GPS_TRACKING,185.7996238408017,0.2,200,CloudNode,202,1.0,12000.0,638.2059752287294,1209.927153418814,571.7211781900846,474.7789467800967,7.741650993366738,,
7-305,GPS_TRACKING,90.25847598720912,0.2,200,CloudNode,201,1.0,12000.0,641.6959796630159,1210.0161575399452,568.3201778769293,481.6709170579725,3.76076983280038,,
7-297,SENSOR_DATA_LOGGING,71.0000098624828,0.1,10000,CloudNode,220,1.0,12000.0,619.2338204599206,1212.3756484801822,593.1418280202616,484.3648989268297,2.9583337442701163,,
0-307,GPS_TRACKING,381.2678815038822,0.2,200,CloudNode,222,1.0,12000.0,615.0271375442892,1213.0296524089515,598.0025148646623,464.9135383519488,15.886161729328427,,
7-296,GPS_TRACKING,365.37355502191855,0.2,200,CloudNode,221,1.0,12000.0,618.631155723144,1214.3504103424796,595.7192546193355,466.9820418369152,15.223898125913273,,
5-299,GPS_TRACKING,873.6592000144248,0.2,200,CloudNode,220,1.0,12000.0,619.4046446897547,1217.5824238123112,598.1777791225564,435.23894996230547,36.4024666672677,,
1-338,SENSOR_DATA_LOGGING,442.0383221765491,0.1,10000,CloudNode,219,1.0,12000.0,620.3323693464268,1219.1755570561363,598.8431877097095,465.86491410320787,18.41826342402288,,
6-342,SENSOR_DATA_LOGGING,236.38506206137117,0.1,10000,CloudNode,214,1.0,12000.0,625.7944313660248,1220.0345734476382,594.2401420816134,479.5649082132354,9.849377585890466,,
3-6,GPS_TRACKING,911.3941934734395,0.2,200,FogNode_3,0,0.0,1899.4436001125757,4.827045063162315,1220.851613178726,1216.0245681155636,705.2838661889905,43.2710711182493,,
6-328,GPS_TRACKING,947.7042573972002,0.2,200,CloudNode,238,1.0,12000.0,593.9387025080686,1221.0416492558008,627.1029467477323,433.0102714908039,39.48767739155001,,
4-301,GPS_TRACKING,978.3585079730759,0.2,200,CloudNode,232,1.0,12000.0,601.9360844814835,1223.3968580536255,621.460773572142,433.1859094476579,40.764937832211494,,
4-311,SMART_HOME_CONTROL,127.20541452988357,0.1,150,CloudNode,219,1.0,12000.0,620.5323001249018,1224.9508615533032,604.4185614284014,489.039248398316,5.300225605411816,,
2-301,E_COMMERCE_TRANSACTION,405.3540213056612,0.5,300,CloudNode,223,1.0,12000.0,612.0146701891124,1226.033050212434,614.0183800233217,473.2766099501407,16.889750887735882,,
2-302,SENSOR_DATA_LOGGING,72.63417321440804,0.1,10000,CloudNode,216,1.0,12000.0,622.5172187185741,1227.0944970236683,604.5772783050942,493.85321469577616,3.0264238839336683,,
2-309,GPS_TRACKING,276.75266906176506,0.2,200,CloudNode,203,1.0,12000.0,635.1792568418199,1230.8890640537434,595.7098072119235,485.0710361476305,11.531361210906878,,
2-307,SENSOR_DATA_LOGGING,873.0681696586943,0.1,10000,CloudNode,204,1.0,12000.0,632.6772016106574,1231.45167413565,598.7744725249925,446.5206849227144,36.37784040244559,,
5-305,SMART_HOME_CONTROL,796.5143513577763,0.1,150,CloudNode,216,1.0,12000.0,623.9885707092279,1232.946056378099,608.9574856688711,452.2255580621551,33.18809797324067,,
4-292,E_COMMERCE_TRANSACTION,819.8406287244302,0.5,300,CloudNode,238,1.0,12000.0,586.4916132762038,1237.6329032611313,651.1412899849275,453.08348840607664,34.16002619685126,,
3-311,SENSOR_DATA_LOGGING,100.72296309747507,0.1,10000,CloudNode,191,1.0,12000.0,663.3734367451964,1239.2826443118663,575.9092075666699,499.83893163668154,4.196790129061462,,
1-339,SENSOR_DATA_LOGGING,365.4831605855068,0.1,10000,CloudNode,216,1.0,12000.0,623.3728236874551,1240.3840834676062,617.011259780151,486.7033952125204,15.228465024396117,,
4-296,GPS_TRACKING,632.5226495598464,0.2,200,CloudNode,238,1.0,12000.0,593.4763266280123,1240.4355383666925,646.9592117386802,468.94627256233935,26.355110398326936,,
0-318,SMART_HOME_CONTROL,624.5302475372425,0.1,150,CloudNode,205,1.0,12000.0,631.4670868393554,1240.7707711579412,609.3036843185859,469.8128680573034,26.022093647385105,,
1-323,SENSOR_DATA_LOGGING,859.8686749931923,0.1,10000,CloudNode,233,1.0,12000.0,598.3750098511917,1240.9331332888808,642.558123437689,453.75990851479446,35.827861458049675,,
3-281,GPS_TRACKING,704.9200925256995,0.2,200,CloudNode,233,1.0,12000.0,600.1351042470303,1244.844275713984,644.7091714669536,468.19507003342585,29.371670521904143,,
5-304,SMART_HOME_CONTROL,388.4013675000485,0.1,150,CloudNode,216,1.0,12000.0,623.4122896866985,1245.3964330339556,621.9841433472571,487.8290102476162,16.18339031250202,,
0-11,SENSOR_DATA_LOGGING,682.6978519023353,0.1,10000,FogNode_4,0,0.5,1758.3565909566523,31.83159160715979,1245.9792153695776,1214.1476237624179,803.7605098192713,56.87118856308972,,
6-341,GPS_TRACKING,507.7269903721018,0.2,200,CloudNode,219,1.0,12000.0,619.8373023880058,1247.2529233678254,627.4156209798196,483.71081879621397,21.15529126550424,,
7-290,E_COMMERCE_TRANSACTION,462.5173561371703,0.5,300,CloudNode,227,1.0,12000.0,607.5338014792911,1247.29563479459,639.7618333152988,485.5309022344069,19.27155650571543,,
9-58,HEALTH_MONITORING,172.3555328335611,1.0,100,FogNode_5,1,1.0,782.8923712617282,101.76668677136504,1247.7082531674948,1145.9415663961297,834.0839306228748,25.61888797566561,,
4-315,GPS_TRACKING,609.1425456654883,0.2,200,CloudNode,203,1.0,12000.0,635.6210353628277,1249.9386745150348,614.3176391522071,478.45241676083594,25.380939402728682,,
3-280,SENSOR_DATA_LOGGING,824.2456162129305,0.1,10000,CloudNode,233,1.0,12000.0,599.4967336674777,1251.4917506184684,651.9950169509907,466.0033277971402,34.34356734220544,,
8-294,SMART_HOME_CONTROL,130.26988981892552,0.1,150,CloudNode,206,1.0,12000.0,630.64357569704,1251.6265953095183,620.9830196124783,507.24944018423184,5.427912075788563,,
5-32,HEALTH_MONITORING,364.37408395748116,1.0,100,FogNode_6,0,0.5,816.2509881302752,52.41425255015817,1251.9582835071792,1199.544030957021,658.785582154185,49.09768884977162,,
1-333,SENSOR_DATA_LOGGING,478.8776906302656,0.1,10000,CloudNode,227,1.0,12000.0,607.9701538715459,1252.282122699371,644.3119688278251,487.3482518593064,19.953237109594397,,
2-19,SENSOR_DATA_LOGGING,794.2626251137964,0.1,10000,FogNode_4,0,0.5,1758.3565909566523,37.00043408022303,1252.4074438899336,1215.4070098097106,746.7754240645553,66.16493577003862,,
4-302,SMART_HOME_CONTROL,674.9836456985165,0.1,150,CloudNode,232,1.0,12000.0,602.0573164816007,1252.9948657214381,650.9375492398375,476.76342209347536,28.12431857077152,,
5-296,SENSOR_DATA_LOGGING,632.7345058615962,0.1,10000,CloudNode,223,1.0,12000.0,614.3567872885236,1262.7440330284116,648.387245739888,486.0785907641475,26.363937744233176,,
9-36,SMART_HOME_CONTROL,916.4678564316899,0.1,150,FogNode_7,0,0.375,1727.0272900361456,63.979395208763734,1263.1254862938201,1199.1460910850565,649.4666410065674,62.81386380203765,,
5-21,GPS_TRACKING,657.588089975117,0.2,200,FogNode_4,0,0.25,1758.3565909566523,28.296785857146386,1265.5336306919812,1237.2368448348348,837.383793897074,54.779455007230496,,
9-323,GPS_TRACKING,245.30522852788118,0.2,200,CloudNode,208,1.0,12000.0,628.1138681470552,1267.6950257451488,639.5811575980936,512.8077379951969,10.221051188661717,,
8-288,SENSOR_DATA_LOGGING,589.6016718175438,0.1,10000,CloudNode,222,1.0,12000.0,616.4551430177108,1269.1680460991001,652.7129030813893,493.2028622188932,24.56673632573099,,
3-298,GPS_TRACKING,365.25429083366834,0.2,200,CloudNode,204,1.0,12000.0,632.7899614313031,1269.7205018813386,636.9305404500354,506.4083627176882,15.21892878473618,,
5-316,GPS_TRACKING,603.289894509877,0.2,200,CloudNode,199,1.0,12000.0,646.3797430241929,1275.2250194291262,628.8452764049333,495.3243392737895,25.13707893791154,,
3-294,SENSOR_DATA_LOGGING,679.6516580035711,0.1,10000,CloudNode,208,1.0,12000.0,628.3648442906236,1275.8131952231006,647.448350932477,492.65884756611536,28.31881908348213,,
6-348,GPS_TRACKING,85.3677870849271,0.2,200,CloudNode,199,1.0,12000.0,645.6152993714798,1276.2820283561773,630.6667289846976,530.3365383987308,3.556991128538629,,
3-288,SMART_HOME_CONTROL,693.3583447860993,0.1,150,CloudNode,221,1.0,12000.0,618.2336078033326,1281.1767201191337,662.9431123158012,495.44746266928814,28.88993103275414,,
8-305,GPS_TRACKING,672.8374648303728,0.2,200,CloudNode,199,1.0,12000.0,644.9551362769971,1282.1028389482985,637.1477026713014,496.0480943324095,28.0348943679322,,
5-313,GPS_TRACKING,368.6289027875662,0.2,200,CloudNode,201,1.0,12000.0,642.8951543800251,1282.2108258507656,639.3156714707404,516.0509483165623,15.35953761614859,,
9-319,SENSOR_DATA_LOGGING,514.6280320674425,0.1,10000,CloudNode,217,1.0,12000.0,621.4363835863628,1283.2697528065596,661.8333692201968,507.45568431935817,21.44283466947677,,
3-309,SMART_HOME_CONTROL,191.0831500684734,0.1,150,CloudNode,196,1.0,12000.0,654.4398540405394,1283.6186215841883,629.1787675436489,528.8751091973811,7.961797919519726,,
0-15,HEALTH_MONITORING,535.204799123471,1.0,100,FogNode_1,0,0.0,1597.9384595498836,36.06410502298761,1283.7917128208533,1247.7276077978656,826.158094077317,44.21197728242772,,
1-334,SENSOR_DATA_LOGGING,636.635862931056,0.1,10000,CloudNode,223,1.0,12000.0,614.5169781471802,1284.5046627132378,669.9876845660576,500.0600821606798,26.526494288793998,,
5-310,SENSOR_DATA_LOGGING,471.6900724269982,0.1,10000,CloudNode,205,1.0,12000.0,631.2583464020512,1284.7039390695388,653.4455926674876,511.1561702955016,19.65375301779159,,
6-349,GPS_TRACKING,808.2270482819415,0.2,200,CloudNode,199,1.0,12000.0,646.0225649228022,1284.9346778358063,638.9121129130041,491.561553571024,33.67612701174756,,
9-331,GPS_TRACKING,395.00080075021503,0.2,200,CloudNode,199,1.0,12000.0,645.4034104784839,1285.1988560952223,639.7954456167383,515.3259708666981,16.458366697925626,,
3-306,SENSOR_DATA_LOGGING,532.8568323625029,0.1,10000,CloudNode,199,1.0,12000.0,649.7637266621203,1285.3378693190894,635.574142656969,507.38275979393075,22.20236801510429,,
1-58,HEALTH_MONITORING,391.5644950207769,1.0,100,FogNode_5,1,1.0,782.8923712617282,100.61457609399159,1285.7181761507732,1185.1036000567815,594.1105928991218,58.202059245016784,,
4-310,SENSOR_DATA_LOGGING,287.1921031200791,0.1,10000,CloudNode,219,1.0,12000.0,619.7503357044188,1293.6531771413452,673.9028414369263,530.2917517068882,11.966337630003295,,
0-323,GPS_TRACKING,698.4861871296939,0.2,200,CloudNode,199,1.0,12000.0,647.969425474126,1295.8400855219393,647.8706600478133,505.14315314361227,29.103591130403913,,
5-306,GPS_TRACKING,770.5667992077559,0.2,200,CloudNode,209,1.0,12000.0,627.8849858658468,1297.1599563120787,669.2749704462319,500.8018746706466,32.10694996698983,,
3-22,HEALTH_MONITORING,639.8027962077831,1.0,100,FogNode_1,0,0.0,1597.9384595498836,26.709180457725093,1299.7616169026148,1273.0524364448897,778.1079483618083,52.85256548053949,,
3-293,E_COMMERCE_TRANSACTION,884.2600433570701,0.5,300,CloudNode,215,1.0,12000.0,624.5155927777625,1300.782833970091,676.2672411923284,496.12238244620767,36.844168473211255,,
7-288,HEALTH_MONITORING,187.43874216722577,1.0,100,CloudNode,233,1.0,12000.0,597.9755995649615,1300.9577644996914,702.9821649347299,540.709667170566,7.809947590301074,,
9-78,SMART_HOME_CONTROL,151.46301431019674,0.1,150,FogNode_8,2,1.0,770.9711269175084,136.0653204836933,1301.4554244213202,1165.390103937627,950.421654211999,14.397266523271368,,
2-314,GPS_TRACKING,610.8256226564042,0.2,200,CloudNode,199,1.0,12000.0,648.9281380002509,1302.5287305308852,653.6005925306343,516.0359579613023,25.45106761068351,,
0-300,E_COMMERCE_TRANSACTION,249.17567907886416,0.5,300,CloudNode,232,1.0,12000.0,600.9519935932209,1304.0343927297984,703.0823991365775,542.2410336906377,10.382319961619341,,
5-47,HEALTH_MONITORING,253.07214685999193,1.0,100,FogNode_6,1,1.0,816.2509881302752,82.30045748638634,1304.5557556484366,1222.2552981620502,823.2895690800674,34.10027790155761,,
4-313,SENSOR_DATA_LOGGING,782.3403945492798,0.1,10000,CloudNode,214,1.0,12000.0,625.6632402410035,1305.6305712457993,679.9673310047958,506.94176233809117,32.597516439553324,,
0-315,SENSOR_DATA_LOGGING,690.9818536875879,0.1,10000,CloudNode,206,1.0,12000.0,630.4337800986667,1307.5204956556672,677.0867155570005,514.6355760805884,28.79091057031616,,
8-303,SMART_HOME_CONTROL,734.8981043676317,0.1,150,CloudNode,201,1.0,12000.0,643.3597868664544,1308.5371434918925,665.177356625438,512.7255615728201,30.620754348651325,,
5-308,SENSOR_DATA_LOGGING,302.98711035672284,0.1,10000,CloudNode,206,1.0,12000.0,629.7554525140578,1310.1836036988666,680.4281511848088,541.6046791772379,12.624462931530118,,
0-58,HEALTH_MONITORING,100.75858326172336,1.0,100,FogNode_5,1,1.0,782.8923712617282,103.28920103023617,1310.2401662571588,1206.9509652269226,986.7329537794097,14.97673335303705,,
9-320,SENSOR_DATA_LOGGING,699.921373286485,0.1,10000,CloudNode,216,1.0,12000.0,621.8051429099061,1311.3216468286453,689.5165039187392,514.9843556430651,29.16339055360354,,
3-69,GPS_TRACKING,166.45910251210952,0.2,200,FogNode_8,1,1.0,770.9711269175084,131.01531944778677,1312.245691843979,1181.2303723961923,942.2416493019414,15.82271470699267,,
3-295,SENSOR_DATA_LOGGING,613.887990267569,0.1,10000,CloudNode,207,1.0,12000.0,628.7665937511563,1313.901365550709,685.1347717995527,523.941258513424,25.578666261148708,,
5-311,SENSOR_DATA_LOGGING,159.2803481731325,0.1,10000,CloudNode,203,1.0,12000.0,633.996641466754,1314.056196317852,680.059554851098,555.072582291634,6.63668117388052,,
5-317,SENSOR_DATA_LOGGING,373.2031442248656,0.1,10000,CloudNode,197,1.0,12000.0,653.1321513524489,1316.299118113961,663.1669667615121,541.6319717233798,15.5501310093694,,
4-324,GPS_TRACKING,253.3701139830332,0.2,200,CloudNode,197,1.0,12000.0,654.0732298150795,1316.954261687192,662.8810318721125,550.6774007572049,10.557088082626384,,
7-299,GPS_TRACKING,910.8301728595404,0.2,200,CloudNode,215,1.0,12000.0,624.447320535529,1320.7467901189457,696.2994695834167,511.2391489960371,37.95125720248085,,
2-12,SENSOR_DATA_LOGGING,719.0598061623814,0.1,10000,FogNode_3,0,0.8571428571428571,1899.4436001125757,22.148839611298992,1322.0530943245053,1299.9042547132062,899.7038838455994,34.13944068718024,,
1-18,SMART_HOME_CONTROL,942.3356896817808,0.1,150,FogNode_3,0,0.8571428571428571,1899.4436001125757,22.17159389819056,1324.443161821744,1302.2715679235534,786.6840938993246,44.74010799880432,,
3-320,SENSOR_DATA_LOGGING,159.96271379806984,0.1,10000,CloudNode,193,1.0,12000.0,683.3167110498329,1324.6518729784843,641.3351619286515,563.1557670082002,6.665113074919577,,
0-316,SENSOR_DATA_LOGGING,636.4289508689043,0.1,10000,CloudNode,206,1.0,12000.0,630.7705066259723,1328.2607653348682,697.4902587088959,535.6530222925016,26.517872952871013,,
3-312,SENSOR_DATA_LOGGING,540.8882220233111,0.1,10000,CloudNode,191,1.0,12000.0,663.4954761297251,1329.5786812151805,666.0832050854553,542.813420444574,22.537009250971295,,
2-319,SMART_HOME_CONTROL,193.9746505335631,0.1,150,CloudNode,196,1.0,12000.0,654.7747848219359,1332.4636723250912,677.6888875031553,567.2086189742807,8.08227710556513,,
5-290,E_COMMERCE_TRANSACTION,720.07534875314,0.5,300,CloudNode,236,1.0,12000.0,596.8137699330645,1335.8194742858623,739.0057043527978,536.0650262584052,30.003139531380832,,
3-301,GPS_TRACKING,640.5544703038211,0.2,200,CloudNode,202,1.0,12000.0,640.3531818478408,1336.9981607761733,696.6449789283325,542.2113387956757,26.689769595992544,,
6-329,HEALTH_MONITORING,88.75628849100104,1.0,100,CloudNode,236,1.0,12000.0,595.522594628822,1339.8600296993413,744.3374350705193,581.7761020622546,3.6981786871250435,,
1-46,SMART_HOME_CONTROL,624.9273677126271,0.1,150,FogNode_7,0,0.5,1727.0272900361456,69.29899891376087,1341.5604418464136,1272.2614429326527,894.234081810678,42.831946899375744,,
7-301,SENSOR_DATA_LOGGING,719.3040483142697,0.1,10000,CloudNode,209,1.0,12000.0,627.5118749516613,1342.0448429744877,714.5329680228264,541.6966958127678,29.97100201309457,,
4-318,SENSOR_DATA_LOGGING,367.8060084909982,0.1,10000,CloudNode,201,1.0,12000.0,644.2178597493408,1344.5518662582922,700.3340065089513,565.6396085511197,15.32525035379159,,
6-12,HEALTH_MONITORING,414.4032093901401,1.0,100,FogNode_9,0,0.375,1349.236560939329,36.94786451750235,1346.2586388658444,1309.310774348342,911.2543082887257,41.68052461018072,,
7-313,SENSOR_DATA_LOGGING,599.5959575599968,0.1,10000,CloudNode,190,1.0,12000.0,665.4400845691243,1347.1262861087453,681.6862015396209,551.7220883332353,24.9831648983332,,
3-316,GPS_TRACKING,558.6178976629737,0.2,200,CloudNode,190,1.0,12000.0,670.2052268023039,1347.5092559716059,677.304029169302,555.0368850619296,23.27574573595724,,
8-296,SMART_HOME_CONTROL,81.22752624346964,0.1,150,CloudNode,203,1.0,12000.0,634.4481625617666,1348.8138034947767,714.3656409330101,589.6881494113761,3.384480260144568,,
1-345,SENSOR_DATA_LOGGING,814.8275620718588,0.1,10000,CloudNode,203,1.0,12000.0,635.9888776377402,1349.0790169584552,713.090139320715,541.0476877596525,33.95114841966078,,
4-322,SMART_HOME_CONTROL,874.0524552208628,0.1,150,CloudNode,199,1.0,12000.0,647.9981725666797,1349.1197329579159,701.1215603912361,536.3593184870259,36.41885230086928,,
5-320,GPS_TRACKING,344.664715054176,0.2,200,CloudNode,194,1.0,12000.0,658.917161602902,1349.4688497067937,690.5516881038917,571.2140170392111,14.361029793923999,,
8-315,SENSOR_DATA_LOGGING,790.8773281390417,0.1,10000,CloudNode,192,1.0,12000.0,673.049604578731,1350.6103830811257,677.5607785023948,541.7295533880049,32.95322200579341,,
6-366,SENSOR_DATA_LOGGING,53.00965682694375,0.1,10000,CloudNode,193,1.0,12000.0,677.668761215918,1353.5372043601612,675.8684431442432,595.2879435785331,2.2087357011226563,,
6-332,E_COMMERCE_TRANSACTION,548.5376083296467,0.5,300,CloudNode,232,1.0,12000.0,600.5436908146903,1355.8950710596705,755.3513802449802,562.2000648247474,22.855733680401947,,
0-12,HEALTH_MONITORING,267.067069293971,1.0,100,FogNode_0,0,1.0,1189.2931772946604,32.965714897109265,1357.6371836158773,1324.671468718768,1009.7450680459899,17.00527829172032,,
2-311,GPS_TRACKING,663.0140101299356,0.2,200,CloudNode,200,1.0,12000.0,644.8434494211792,1357.7798980417133,712.9364486205341,556.5618168387077,27.625583755413984,,
2-296,HEALTH_MONITORING,132.31366015084814,1.0,100,CloudNode,230,1.0,12000.0,604.1639880269972,1358.1524244546492,753.988436427652,593.6577343992689,5.513069172952005,,
0-317,GPS_TRACKING,807.6240198984411,0.2,200,CloudNode,206,1.0,12000.0,630.9473040996091,1360.9551787995485,730.0078746999394,548.8337797535036,33.65100082910171,,
4-306,E_COMMERCE_TRANSACTION,946.3737566452385,0.5,300,CloudNode,227,1.0,12000.0,607.7000331213674,1361.075305571202,753.3752724498347,541.7199843065963,39.432239860218274,,
8-318,SENSOR_DATA_LOGGING,147.58948320274516,0.1,10000,CloudNode,193,1.0,12000.0,676.5473541286951,1361.7679733070224,685.2206191783273,595.4824735001516,6.149561800114381,,
1-349,GPS_TRACKING,655.1931648903919,0.2,200,CloudNode,202,1.0,12000.0,639.4369008825472,1362.1199260632,722.6830251806527,559.9182912759862,27.29971520376633,,
9-325,GPS_TRACKING,410.8845083074326,0.2,200,CloudNode,202,1.0,12000.0,637.1253426073017,1362.5011410271543,725.3757984198526,578.4778505880595,17.120187846143025,,
8-306,GPS_TRACKING,706.8126073831338,0.2,200,CloudNode,199,1.0,12000.0,650.6512834250049,1362.9354433450594,712.2841599200545,558.0643424787717,29.450525307630574,,
3-49,E_COMMERCE_TRANSACTION,320.9009395763262,0.5,300,FogNode_9,0,1.0,1349.236560939329,78.92772960566232,1365.8922520668514,1286.964522461189,997.391892326397,32.276100199911774,,
8-7,GPS_TRACKING,893.0685139398446,0.2,200,FogNode_3,0,0.0,1899.4436001125757,11.60449840552694,1368.5390765302514,1356.9345781247243,856.1704687244173,42.40100656433075,,
9-335,SENSOR_DATA_LOGGING,756.7065100906635,0.1,10000,CloudNode,190,1.0,12000.0,669.4824681753531,1368.689447086688,699.2069789113349,558.8337937955935,31.529437920444312,,
3-310,SENSOR_DATA_LOGGING,489.90918863470876,0.1,10000,CloudNode,194,1.0,12000.0,659.2821760043577,1370.4044469347396,711.1222709303819,578.9744504473256,20.412882859779533,,
7-24,E_COMMERCE_TRANSACTION,613.1779086941355,0.5,300,FogNode_9,0,0.625,1349.236560939329,64.1909954334059,1371.2044655257625,1307.0134700923566,802.778022819231,61.673211825161964,,
5-318,E_COMMERCE_TRANSACTION,653.415544652027,0.5,300,CloudNode,197,1.0,12000.0,653.3150123317887,1371.405557074861,718.0905447430723,567.5202358729888,27.22564769383446,,
5-323,SENSOR_DATA_LOGGING,427.31985331859596,0.1,10000,CloudNode,190,1.0,12000.0,664.9553837107926,1372.608148552723,707.6527648419303,585.8370265604465,17.80499388827483,,
1-343,GPS_TRACKING,219.2929319194983,0.2,200,CloudNode,205,1.0,12000.0,631.0788263296088,1374.169482052962,743.0906557233532,601.0308919255878,9.137205496645763,,
9-37,SMART_HOME_CONTROL,489.10160342560545,0.1,150,FogNode_7,0,0.5,1727.0272900361456,67.05837486138454,1376.91161127728,1309.8532364158955,1007.9954738530381,33.52257396408113,,
0-42,HEALTH_MONITORING,328.71154496265007,1.0,100,FogNode_6,1,1.0,816.2509881302752,81.78778685040491,1377.563737149031,1295.7759502986262,806.7566405800762,44.292329961060474,,
3-305,SENSOR_DATA_LOGGING,195.62983768617948,0.1,10000,CloudNode,199,1.0,12000.0,647.893121819781,1378.0704597808708,730.1773379610898,605.1608744061051,8.151243236924145,,
5-120,SENSOR_DATA_LOGGING,61.018069403732795,0.1,10000,FogNode_6,27,1.0,816.2509881302752,265.4679377251548,1379.3098083736925,1113.8418706485377,1023.0849096292393,8.221896994594786,,
2-16,HEALTH_MONITORING,461.9054722752339,1.0,100,FogNode_9,0,0.25,1349.236560939329,30.712809541839256,1379.7315546121865,1349.0187450703472,912.0607191718742,46.458284995133305,,
2-315,E_COMMERCE_TRANSACTION,805.2903035634779,0.5,300,CloudNode,199,1.0,12000.0,649.4313984448423,1381.1637216148085,731.7323231699662,565.3533699147654,33.55376264847824,,
2-300,E_COMMERCE_TRANSACTION,408.0610933623488,0.5,300,CloudNode,225,1.0,12000.0,610.8965128036228,1382.8188946083058,771.9223818046829,595.0985142061512,17.002545556764534,,
6-357,SENSOR_DATA_LOGGING,568.8253173578601,0.1,10000,CloudNode,191,1.0,12000.0,661.3405559064415,1383.221584065684,721.8810281592425,584.7527331850911,23.701054889910836,,
0-319,GPS_TRACKING,355.00370158017495,0.2,200,CloudNode,205,1.0,12000.0,631.5783737003294,1387.7360662529973,756.1576925526679,602.6715001294083,14.791820899173956,,
3-285,E_COMMERCE_TRANSACTION,959.7343850823837,0.5,300,CloudNode,222,1.0,12000.0,615.7589146743853,1388.5150089154245,772.7560942410391,560.6406880989815,39.98893271176599,,
0-327,GPS_TRACKING,797.6641167641384,0.2,200,CloudNode,191,1.0,12000.0,662.152005389555,1391.1238827088291,728.9718773192741,574.8803513979216,33.23600486517243,,
5-329,SMART_HOME_CONTROL,655.3075867694813,0.1,150,CloudNode,193,1.0,12000.0,680.6450334602431,1394.4689952634649,713.8239618032218,587.6478325645344,27.304482782061722,,
0-35,SMART_HOME_CONTROL,839.4933104103269,0.1,150,FogNode_7,0,0.5,1727.0272900361456,70.51920327774145,1394.575748019748,1324.0565447420065,824.3276595458752,57.53809922821491,,
6-359,SMART_HOME_CONTROL,405.1154457943493,0.1,150,CloudNode,191,1.0,12000.0,667.9753496798184,1395.8795465460623,727.904196866244,605.0188914191303,16.879810241431223,,
9-328,E_COMMERCE_TRANSACTION,297.45701673215274,0.5,300,CloudNode,202,1.0,12000.0,639.878311137068,1396.1936418025405,756.3153306654725,611.0402636505526,12.394042363839697,,
6-340,E_COMMERCE_TRANSACTION,450.16428700078336,0.5,300,CloudNode,223,1.0,12000.0,614.6318367222118,1398.468869382947,783.8370326607353,605.3962534483667,18.756845291699307,,
2-327,SENSOR_DATA_LOGGING,611.9330781070872,0.1,10000,CloudNode,193,1.0,12000.0,678.7119359954144,1398.5036791471964,719.791743151782,594.0378082014147,25.497211587795302,,
0-131,SENSOR_DATA_LOGGING,281.9926412102202,0.1,10000,FogNode_2,15,1.0,681.967788340379,248.77788585753703,1398.9344974225467,1150.1566115650096,718.5878466223054,34.612911633079456,,
2-299,E_COMMERCE_TRANSACTION,139.1103651044101,0.5,300,CloudNode,226,1.0,12000.0,610.386997753078,1399.3285966783649,788.9415989252868,624.850767732023,5.796265212683754,,
4-66,GPS_TRACKING,72.12255909084534,0.2,200,FogNode_8,1,1.0,770.9711269175084,132.57718013884013,1405.7933703143847,1273.2161901755446,1150.2350273933025,6.855585901946387,,
7-300,HEALTH_MONITORING,342.5659685835144,1.0,100,CloudNode,214,1.0,12000.0,625.0629682974557,1406.617623829497,781.5546555320414,616.7918982764429,14.2735820243131,,
9-342,SMART_HOME_CONTROL,291.2545307988264,0.1,150,CloudNode,207,1.0,12000.0,693.4015404958695,1407.090105508208,713.6885650123384,621.0935627684498,12.1356054499511,,
0-339,SENSOR_DATA_LOGGING,336.3828299041138,0.1,10000,CloudNode,197,1.0,12000.0,684.8744617972603,1409.195624106818,724.3211623095577,619.6940183623117,14.015951246004741,,
3-302,GPS_TRACKING,453.8418798831335,0.2,200,CloudNode,201,1.0,12000.0,640.955217670391,1410.4283052096507,769.4730875392597,611.9709345931617,18.910078328463896,,
3-307,GPS_TRACKING,57.627705300477785,0.2,200,CloudNode,199,1.0,12000.0,650.4926487339816,1411.8924142832477,761.3997655492661,639.6493180642778,2.4011543875199077,,
9-309,HEALTH_MONITORING,653.5976880397279,1.0,100,CloudNode,228,1.0,12000.0,606.1871891624999,1412.246372045024,806.059182882524,602.5831172860087,27.23323700165533,,
2-24,HEALTH_MONITORING,422.04843035126163,1.0,100,FogNode_9,0,0.5,1349.236560939329,40.38400501898869,1413.117338340256,1372.7333333212673,969.9533740857535,42.4494781636275,,
7-310,SMART_HOME_CONTROL,175.19036742461873,0.1,150,CloudNode,191,1.0,12000.0,661.3361246252591,1413.9277939637498,752.5916693384906,632.3130237350267,7.299598642692447,,
8-314,SENSOR_DATA_LOGGING,577.8756307124697,0.1,10000,CloudNode,190,1.0,12000.0,670.5895502751466,1416.8457496460605,746.2561993709139,609.2545228942129,24.07815127968624,,
0-333,GPS_TRACKING,863.8704259694528,0.2,200,CloudNode,193,1.0,12000.0,676.4541114037845,1421.0682191225762,744.6141077187917,595.3282205980025,35.994601082060534,,
3-326,SMART_HOME_CONTROL,313.30278408546553,0.1,150,CloudNode,209,1.0,12000.0,696.5778088246972,1421.9881118865178,725.4103030618206,631.4532423934595,13.054282670227732,,
1-69,HEALTH_MONITORING,89.43300442808604,1.0,100,FogNode_5,2,1.0,782.8923712617282,114.903465805902,1424.4742649800185,1309.5707991741165,1110.0700171814915,13.29330184011479,,
6-334,HEALTH_MONITORING,972.5232933593273,1.0,100,CloudNode,231,1.0,12000.0,602.7273406729344,1425.595474038236,822.8681333653017,591.8002379206198,40.52180388997197,,
2-313,E_COMMERCE_TRANSACTION,618.7189609788659,0.5,300,CloudNode,199,1.0,12000.0,647.7632904835616,1425.7293954678673,777.9661049843057,613.176187990978,25.779956707452744,,
4-338,SENSOR_DATA_LOGGING,229.8261421150701,0.1,10000,CloudNode,193,1.0,12000.0,677.497160576753,1425.7698023390863,748.2726417623333,639.5228590297587,9.576089254794587,,
8-308,GPS_TRACKING,142.81398925976453,0.2,200,CloudNode,196,1.0,12000.0,656.3854673469785,1428.7469154177077,772.3614480707291,647.0560745230889,5.950582885823522,,
2-305,E_COMMERCE_TRANSACTION,939.3304021825344,0.5,300,CloudNode,213,1.0,12000.0,626.7438235044314,1428.887916596337,802.1440930919056,596.1654754713851,39.1387667576056,,
3-119,GPS_TRACKING,177.08109626684342,0.2,200,FogNode_2,15,1.0,681.967788340379,249.0697022076221,1429.724112001551,1180.6544097939288,896.1907234690916,21.73564640080028,,
2-325,GPS_TRACKING,851.1848786222417,0.2,200,CloudNode,190,1.0,12000.0,669.7589620063566,1432.0073787897222,762.2484167833657,604.6477116603879,35.46603660926007,,
5-319,GPS_TRACKING,77.45606663770045,0.2,200,CloudNode,194,1.0,12000.0,657.964200215499,1432.1840676876757,774.2198674721767,654.4742646287136,3.227336109904185,,
4-294,HEALTH_MONITORING,862.6104171450869,1.0,100,CloudNode,238,1.0,12000.0,591.3660443761156,1434.3853424559115,843.0192980797959,604.9275895701138,35.942100714378626,,
6-345,SENSOR_DATA_LOGGING,977.1489948305447,0.1,10000,CloudNode,202,1.0,12000.0,640.3265775562201,1434.9662872627066,794.6397097064865,598.8993403657832,40.714541451272694,,
1-22,HEALTH_MONITORING,671.0464253866584,1.0,100,FogNode_9,0,0.125,1349.236560939329,27.674111388363187,1435.6130305037505,1407.9389191153873,821.5840392173194,67.49360626107133,,
5-297,HEALTH_MONITORING,464.36209640979797,1.0,100,CloudNode,222,1.0,12000.0,617.4380126692731,1437.2005205146795,819.7625078454064,632.8821040187308,19.348420683741583,,
4-320,E_COMMERCE_TRANSACTION,701.1817292551237,0.5,300,CloudNode,199,1.0,12000.0,646.4736874039451,1441.6533948369445,795.1797074329994,621.2792022061952,29.21590538563016,,
0-14,SMART_HOME_CONTROL,878.2663395152998,0.1,150,FogNode_4,0,0.5,1758.3565909566523,35.574530092974506,1441.7116706654097,1406.137140572435,887.0139911108648,73.16274756689086,,
6-347,GPS_TRACKING,952.9865884869182,0.2,200,CloudNode,200,1.0,12000.0,644.5374581085964,1442.350992385636,797.8135342770395,604.8070712306875,39.70777452028826,,
1-2,HEALTH_MONITORING,384.7937510439155,1.0,100,FogNode_0,0,0.0,1189.2931772946604,2.5335731581097756,1444.6314683438884,1442.0978951857787,1027.7342537746986,24.501428943356622,,
1-371,SENSOR_DATA_LOGGING,444.4826767284592,0.1,10000,CloudNode,199,1.0,12000.0,687.9729946585666,1446.235847167523,758.2628525089564,641.5361990357242,18.520111530352466,,
9-25,HEALTH_MONITORING,108.23900050850355,1.0,100,FogNode_0,1,1.0,1189.2931772946604,38.02797655147657,1448.6483847014833,1410.6204081500068,1233.3184754558526,6.892030269889632,,
2-326,SMART_HOME_CONTROL,729.374032350948,0.1,150,CloudNode,190,1.0,12000.0,670.0102576992714,1449.2961782780035,779.2859205787321,625.4119857254058,30.390584681289504,,
2-57,HEALTH_MONITORING,157.91702058078914,1.0,100,FogNode_5,1,1.0,782.8923712617282,102.6999392032844,1449.417998181725,1346.7180589784405,1050.3930119587656,23.472750733316445,,
1-366,SENSOR_DATA_LOGGING,336.4601603433563,0.1,10000,CloudNode,193,1.0,12000.0,676.3123580006,1453.6338207335157,777.3214627329156,654.6342983930789,14.019173347639844,,
1-318,HEALTH_MONITORING,999.8197011113103,1.0,100,CloudNode,238,1.0,12000.0,591.3572511922182,1453.7227553606822,862.365504168464,610.257448045896,41.65915421297126,,
1-25,HEALTH_MONITORING,820.4244463626045,1.0,100,FogNode_1,0,0.0,1597.9384595498836,32.43697940554725,1455.456625908504,1423.019646502957,820.3889980477638,67.77328425293842,,
2-320,GPS_TRACKING,261.30803015539044,0.2,200,CloudNode,194,1.0,12000.0,657.2992553748471,1456.7419564423224,799.4427010674752,660.7695573896148,10.887834589807936,,
7-322,SENSOR_DATA_LOGGING,330.7902364381542,0.1,10000,CloudNode,193,1.0,12000.0,678.383787451038,1461.9511954924244,783.5674080413864,660.3325665204475,13.782926518256424,,
1-357,E_COMMERCE_TRANSACTION,810.0341532350915,0.5,300,CloudNode,196,1.0,12000.0,655.4356554725522,1461.971841366389,806.5361858938369,630.2241187513924,33.75142305146214,,
6-0,HEALTH_MONITORING,481.5070472466756,1.0,100,FogNode_0,0,0.0,1189.2931772946604,1.6146557116281437,1462.0217305293718,1460.4070748177437,967.8247536963851,30.65956937147207,,
9-310,HEALTH_MONITORING,627.4667025790741,1.0,100,CloudNode,228,1.0,12000.0,606.5884972980218,1464.1813061648372,857.5928088668154,643.4716018418179,26.144445940794753,,
1-358,GPS_TRACKING,440.34479395016774,0.2,200,CloudNode,196,1.0,12000.0,656.1874062247639,1465.442314913555,809.2549086887911,656.0983165301539,18.347699747923656,,
3-323,GPS_TRACKING,419.8161981057973,0.2,200,CloudNode,208,1.0,12000.0,691.1041542169434,1467.1687508631587,776.0645966462154,658.1923198705235,17.492341587741556,,
7-317,SMART_HOME_CONTROL,498.68676073825236,0.1,150,CloudNode,191,1.0,12000.0,667.4019443764385,1467.3270324006073,799.9250880241689,654.3399260698336,20.778615030760516,,
7-306,E_COMMERCE_TRANSACTION,921.838373144772,0.5,300,CloudNode,201,1.0,12000.0,642.0708181884618,1467.9437471375602,825.8729289490984,626.9576560023952,38.409932214365504,,
2-11,GPS_TRACKING,830.1058662901359,0.2,200,FogNode_3,0,0.5714285714285714,1899.4436001125757,20.419762335309283,1469.299312850301,1448.8795505149917,987.2934076913656,39.41167305337151,,
0-7,GPS_TRACKING,472.2099760832082,0.2,200,FogNode_3,1,1.0,1899.4436001125757,26.27137294659745,1469.4559813501323,1443.1846084035349,1172.5879214492018,22.41953218943651,,
5-326,GPS_TRACKING,164.62258395379592,0.2,200,CloudNode,193,1.0,12000.0,677.0262772777604,1470.4605051051387,793.4342278273783,678.3590731755636,6.859274331408163,,
7-292,HEALTH_MONITORING,265.7142105295326,1.0,100,CloudNode,227,1.0,12000.0,608.2289878778187,1471.4390291554646,863.2100412776459,672.8770259551079,11.071425438730524,,
3-289,HEALTH_MONITORING,894.1970032642314,1.0,100,CloudNode,220,1.0,12000.0,619.0530126295779,1472.985286321633,853.9322736920552,633.2139515809799,37.258208469342975,,
4-331,SMART_HOME_CONTROL,118.51918235544578,0.1,150,CloudNode,191,1.0,12000.0,663.7129354003279,1474.0579046944576,810.3449692941298,684.3136079330964,4.938299264810241,,
1-356,E_COMMERCE_TRANSACTION,951.3540863317685,0.5,300,CloudNode,196,1.0,12000.0,654.4951104303123,1475.4731489968544,820.9780385665422,631.2786316540443,39.63975359715702,,
9-4,VOICE_ASSISTANT,368.23478653388173,2.0,150,FogNode_6,0,0.0,816.2509881302752,5.446928665033955,1476.7884081347893,1471.3414794697553,849.6710991665647,49.61790030877249,,
5-10,GPS_TRACKING,855.3868399693041,0.2,200,FogNode_3,0,0.0,1899.4436001125757,13.194170090064377,1478.8654046701154,1465.671234580051,984.4516609031227,40.61196028127314,,
2-334,GPS_TRACKING,217.01592457764804,0.2,200,CloudNode,208,1.0,12000.0,691.3614969826876,1480.0358558738951,788.6743588912075,683.2281854862046,9.042330190735335,,
8-321,SENSOR_DATA_LOGGING,793.3954636491221,0.1,10000,CloudNode,193,1.0,12000.0,677.949872258207,1480.0440826011766,802.0942103429695,645.2195313643945,33.058144318713424,,
5-294,HEALTH_MONITORING,738.5713524876033,1.0,100,CloudNode,227,1.0,12000.0,609.780500787529,1482.6158318298765,872.8353310423474,651.2713483101141,30.77380635365014,,
1-342,HEALTH_MONITORING,495.9017520168456,1.0,100,CloudNode,206,1.0,12000.0,630.5853158960942,1483.6761383870396,853.0908224909454,667.0564549402679,20.6625730007019,,
5-293,HEALTH_MONITORING,166.77432455870212,1.0,100,CloudNode,232,1.0,12000.0,601.7784627916869,1484.3583654850306,882.5799026933437,689.6932181806517,6.948930189945922,,
0-33,SENSOR_DATA_LOGGING,797.316315412402,0.1,10000,FogNode_7,0,0.5,1727.0272900361456,67.86439738709336,1485.6850826592392,1417.820685272146,938.4471022323517,54.64732679054966,,
9-76,GPS_TRACKING,61.96589354800626,0.2,200,FogNode_8,2,1.0,770.9711269175084,134.56170276725808,1486.167188975737,1351.6054862084789,1241.866644037939,5.89014743187537,,
5-295,HEALTH_MONITORING,771.9860956862528,1.0,100,CloudNode,223,1.0,12000.0,613.1744026979858,1486.320286527039,873.1458838290531,651.0329056191596,32.16608732026054,,
0-337,GPS_TRACKING,400.07346068204004,0.2,200,CloudNode,192,1.0,12000.0,682.3602795682882,1486.9732757903523,804.6129962220641,677.1936093498288,16.669727528418335,,
7-328,SMART_HOME_CONTROL,716.0881568208881,0.1,150,CloudNode,209,1.0,12000.0,697.2648811095871,1488.5619296647442,791.2970485551571,655.6099023751631,29.83700653420367,,
6-365,SENSOR_DATA_LOGGING,945.7936448076624,0.1,10000,CloudNode,193,1.0,12000.0,676.2992011838405,1489.2444422769559,812.9452410931153,642.186342262535,39.408068533652596,,
9-338,SENSOR_DATA_LOGGING,936.2482930652881,0.1,10000,CloudNode,193,1.0,12000.0,683.0916060215571,1490.2670631337978,807.1754571122407,643.6112343096113,39.010345544387,,
1-383,SENSOR_DATA_LOGGING,124.9483581700996,0.1,10000,CloudNode,230,1.0,12000.0,711.5066825619552,1490.4482190547367,778.9415364927814,697.5985055795419,5.206181590420816,,
1-340,HEALTH_MONITORING,197.63791215423646,1.0,100,CloudNode,208,1.0,12000.0,628.6536292606727,1491.9429750097074,863.2893457490347,693.3204152945548,8.234913006426519,,
3-318,SMART_HOME_CONTROL,387.4395335667141,0.1,150,CloudNode,193,1.0,12000.0,678.6742818491077,1494.2584691636152,815.5841873145075,682.666248649291,16.143313898613087,,
2-323,SENSOR_DATA_LOGGING,356.6871699076393,0.1,10000,CloudNode,190,1.0,12000.0,665.9397596571198,1497.050963226244,831.1112035691242,687.3164224354133,14.861965412818305,,
0-335,SMART_HOME_CONTROL,296.3231371187548,0.1,150,CloudNode,193,1.0,12000.0,676.907926919863,1497.6788810815294,820.7709541616664,691.9155528486671,12.346797379948116,,
0-310,HEALTH_MONITORING,806.8855693305253,1.0,100,CloudNode,216,1.0,12000.0,622.0577142132303,1499.2478429005994,877.1901286873691,658.0738356765129,33.62023205543856,,
6-22,GPS_TRACKING,514.310292143974,0.2,200,FogNode_7,0,0.25,1727.0272900361456,58.43880047177399,1499.5112747765681,1441.0724743047942,1115.4429972364353,35.25035429884249,,
3-299,HEALTH_MONITORING,207.8876084889481,1.0,100,CloudNode,203,1.0,12000.0,635.0168529698456,1501.6823328591097,866.6654798892641,700.6068231986801,8.661983687039505,,
4-316,HEALTH_MONITORING,125.8040183132228,1.0,100,CloudNode,202,1.0,12000.0,639.3993392255788,1502.426643202476,863.0273039768972,706.2178612213295,5.2418340963842835,,
2-15,E_COMMERCE_TRANSACTION,63.66180099612894,0.5,300,FogNode_3,3,1.0,1899.4436001125757,27.789490492962514,1502.8153388025094,1475.0258483095467,1388.76560586007,3.022527834987364,,
0-328,GPS_TRACKING,615.5113351878358,0.2,200,CloudNode,191,1.0,12000.0,663.555084591541,1505.0153666263352,841.4602820347942,676.5110860346624,25.646305632826493,,
3-328,SENSOR_DATA_LOGGING,313.0334367279932,0.1,10000,CloudNode,211,1.0,12000.0,699.816389176248,1506.1302023285093,806.3138131522613,697.5637398033963,13.043059863666384,,
3-337,SMART_HOME_CONTROL,164.63968156119012,0.1,150,CloudNode,236,1.0,12000.0,713.5319155114811,1507.9784426270478,794.4465271155667,708.4091671832939,6.859986731716255,,
3-42,SMART_HOME_CONTROL,562.8896673646535,0.1,150,FogNode_7,0,0.625,1727.0272900361456,71.31304733452951,1510.462458320997,1439.1494109864675,1098.2708892674798,38.57993998729297,,
0-348,SENSOR_DATA_LOGGING,545.399788684914,0.1,10000,CloudNode,220,1.0,12000.0,706.9015241751299,1510.8922973039646,803.9907731288347,685.5617961385292,22.72499119520475,,
9-334,GPS_TRACKING,890.2807502628154,0.2,200,CloudNode,191,1.0,12000.0,662.6677768724836,1511.390583036581,848.7228061640973,662.7836984644524,37.09503126095064,,
3-329,SENSOR_DATA_LOGGING,127.03594093545462,0.1,10000,CloudNode,210,1.0,12000.0,700.6408883006102,1513.012971613764,812.3720833131538,715.3566957420242,5.293164205643943,,
6-379,SENSOR_DATA_LOGGING,547.1701556884614,0.1,10000,CloudNode,212,1.0,12000.0,699.3594646882304,1513.5412601115986,814.1817954233682,687.3218287292785,22.798756487019222,,
7-309,SMART_HOME_CONTROL,821.574673525922,0.1,150,CloudNode,194,1.0,12000.0,658.1965079413515,1514.7004032946832,856.5038953533317,670.5300057397948,34.23227806358008,,
0-43,VOICE_ASSISTANT,51.517623471511584,2.0,150,FogNode_5,1,1.0,782.8923712617282,82.71377316554138,1515.2222202722844,1432.508447106743,1192.7078714314252,7.65756806753453,,
0-336,SENSOR_DATA_LOGGING,392.9776673500742,0.1,10000,CloudNode,192,1.0,12000.0,680.2589531754282,1515.363970775716,835.1050176002879,700.0728596395608,16.37406947291976,,
9-52,E_COMMERCE_TRANSACTION,183.5612249305923,0.5,300,FogNode_9,1,1.0,1349.236560939329,83.99914149713437,1515.7797690207838,1431.7806275236494,1241.3665322834083,18.462521476255024,,
3-321,SENSOR_DATA_LOGGING,907.3362483964486,0.1,10000,CloudNode,197,1.0,12000.0,684.9441522908686,1517.2647488699818,832.3205965791132,666.5580278830768,37.80567701651869,,
2-46,VOICE_ASSISTANT,308.66033912877197,2.0,150,FogNode_6,1,1.0,816.2509881302752,82.44123572550164,1517.2996443477252,1434.8584086222236,884.2215314971917,41.590524568091446,,
8-335,GPS_TRACKING,447.2052569392776,0.2,200,CloudNode,213,1.0,12000.0,702.9850936247444,1523.5873912719787,820.6022976472343,702.1572633285076,18.6335523724699,,
7-318,SENSOR_DATA_LOGGING,454.4475646419947,0.1,10000,CloudNode,191,1.0,12000.0,669.2034120862352,1526.4325600515772,857.229147965342,703.982513347704,18.935315193416443,,
5-322,SMART_HOME_CONTROL,442.5916119155771,0.1,150,CloudNode,191,1.0,12000.0,664.3065391296083,1527.149697460096,862.8431583304877,705.3187742903931,18.441317163149044,,
1-83,GPS_TRACKING,174.40315030499445,0.2,200,FogNode_8,2,1.0,770.9711269175084,135.4183016730521,1527.6677224126756,1392.2494207396235,1140.2273714436908,16.57783353166847,,
7-315,E_COMMERCE_TRANSACTION,661.5719809770403,0.5,300,CloudNode,190,1.0,12000.0,666.2911545743182,1529.188903109211,862.8977485348928,692.7144219671744,27.56549920737668,,
6-364,E_COMMERCE_TRANSACTION,343.58275297707564,0.5,300,CloudNode,193,1.0,12000.0,674.9224588682067,1530.3142289405328,855.391770072326,715.0218172137629,14.315948040711485,,
2-332,SENSOR_DATA_LOGGING,196.0694173809395,0.1,10000,CloudNode,203,1.0,12000.0,689.5672987629171,1531.0395214097614,841.4722226468443,726.039464546886,8.169559057539146,,
7-11,HEALTH_MONITORING,603.0678547265902,1.0,100,FogNode_1,0,0.0,1597.9384595498836,37.21534061612906,1531.4858184312338,1494.2704778151049,1025.875809588517,49.81798058724684,,
8-334,SMART_HOME_CONTROL,613.6293181372163,0.1,150,CloudNode,211,1.0,12000.0,701.9755383727453,1534.8119148984742,832.836376525729,700.5341666034467,25.567888255717342,,
7-132,SENSOR_DATA_LOGGING,230.88266000734163,0.1,10000,FogNode_6,26,1.0,816.2509881302752,259.2573754425107,1534.815717513118,1275.5583420706073,975.8370277612626,31.110349228818496,,
8-332,SENSOR_DATA_LOGGING,537.3058397479183,0.1,10000,CloudNode,211,1.0,12000.0,700.1370975334913,1535.2237057003965,835.0866081669052,705.0452640671915,22.387743322829927,,
5-24,HEALTH_MONITORING,663.3737081056889,1.0,100,FogNode_1,0,0.0,1597.9384595498836,35.91097695544363,1536.009053131059,1500.0980761756155,996.5481387023847,54.799701647971176,,
1-328,HEALTH_MONITORING,189.81982734621653,1.0,100,CloudNode,230,1.0,12000.0,602.9092722801583,1539.4057102174968,936.4964379373384,733.832891508845,7.909159472759022,,
1-336,HEALTH_MONITORING,906.7663932088298,1.0,100,CloudNode,220,1.0,12000.0,619.0001123420243,1542.7326169638945,923.7325046218702,687.1921163912058,37.78193305036791,,
4-343,SMART_HOME_CONTROL,886.5574400595459,0.1,150,CloudNode,200,1.0,12000.0,688.685651471427,1545.3188158270934,856.6331643556664,690.5003708573004,36.93989333581441,,
8-326,SENSOR_DATA_LOGGING,123.37686248185585,0.1,10000,CloudNode,192,1.0,12000.0,681.9415112172765,1545.5051109072178,863.5635996899414,743.9074076762369,5.14070260341066,,
4-327,GPS_TRACKING,705.7559088422155,0.2,200,CloudNode,194,1.0,12000.0,658.5753377786534,1545.7862681938702,887.2109304152168,702.515978010684,29.40649620175898,,
7-19,VOICE_ASSISTANT,379.05457656662253,2.0,150,FogNode_6,0,0.5,816.2509881302752,54.20855858705639,1546.6475944142478,1492.4390358271914,856.3818321107149,51.0758159724709,,
1-378,GPS_TRACKING,505.85589499026787,0.2,200,CloudNode,211,1.0,12000.0,698.2695135122794,1547.170024542191,848.9005110299115,717.851796361076,21.077328957927826,,
6-378,SENSOR_DATA_LOGGING,471.1368810647752,0.1,10000,CloudNode,211,1.0,12000.0,698.4350346142194,1547.2398493824458,848.8048147682264,720.3387469861245,19.630703377698964,,
2-338,GPS_TRACKING,452.92535169246884,0.2,200,CloudNode,212,1.0,12000.0,699.3638867327614,1550.7567509214698,851.3928641887084,724.7801687807308,18.871889653852868,,
6-367,GPS_TRACKING,238.9427295602357,0.2,200,CloudNode,193,1.0,12000.0,678.7485498189444,1550.951415539781,872.2028657208366,740.4918496781376,9.955947065009822,,
1-387,SENSOR_DATA_LOGGING,685.8767279261822,0.1,10000,CloudNode,239,1.0,12000.0,715.9311369447221,1554.2073572200925,838.2762202753704,711.152096201754,28.57819699692426,,
1-28,HEALTH_MONITORING,522.2476134408162,1.0,100,FogNode_9,0,0.5,1349.236560939329,45.475452541371574,1558.5572193180312,1513.0817667766596,1040.4924227308259,52.527475684038464,,
3-334,SENSOR_DATA_LOGGING,540.7002449318312,0.1,10000,CloudNode,221,1.0,12000.0,706.8168056729089,1558.5996138559178,851.7828081830089,725.0749239014143,22.529176872159635,,
9-129,SENSOR_DATA_LOGGING,147.69815795666014,0.1,10000,FogNode_6,26,1.0,816.2509881302752,262.4171029735426,1560.2567966217327,1297.8396936481902,1095.9084772266242,19.90163000694285,,
1-363,GPS_TRACKING,649.8966720081036,0.2,200,CloudNode,193,1.0,12000.0,673.9748485226842,1560.2882583291846,886.3134098065004,718.9079325271697,27.079028000337647,,
5-14,GPS_TRACKING,691.9065140223037,0.2,200,FogNode_3,0,0.2857142857142857,1899.4436001125757,19.85399282853982,1561.3548187358847,1541.500825907345,1151.3867936660408,32.85025973375546,,
7-311,GPS_TRACKING,210.21042734719003,0.2,200,CloudNode,191,1.0,12000.0,663.8438549623078,1562.8363514393593,898.9924964770515,752.4698516173062,8.758767806132917,,
4-361,SMART_HOME_CONTROL,766.9234857237312,0.1,150,CloudNode,228,1.0,12000.0,709.9919790899781,1563.158133377577,853.1661542875989,712.7024250132449,31.955145238488804,,
2-339,SENSOR_DATA_LOGGING,434.2484395794704,0.1,10000,CloudNode,211,1.0,12000.0,699.8814231988761,1563.3370674250518,863.4556442261758,736.9142428620122,18.093684982477935,,
7-329,GPS_TRACKING,186.64437291272387,0.2,200,CloudNode,211,1.0,12000.0,699.4183885241179,1566.505113282508,867.0867247583902,755.7983117774685,7.7768488713634945,,
2-26,HEALTH_MONITORING,141.176311870269,1.0,100,FogNode_0,3,1.0,1189.2931772946604,43.14636243412617,1567.3544485766745,1524.2080861425484,1310.7742523633124,8.9892867656777,,
1-377,GPS_TRACKING,447.372137264451,0.2,200,CloudNode,208,1.0,12000.0,696.1674695137312,1567.595240379237,871.4277708655059,739.7693323035551,18.640505719352124,,
9-336,SMART_HOME_CONTROL,272.29722765828654,0.1,150,CloudNode,193,1.0,12000.0,676.4960513842385,1568.4777038320608,891.9816524478223,752.586838285983,11.345717819095272,,
8-330,GPS_TRACKING,969.7376450879543,0.2,200,CloudNode,210,1.0,12000.0,697.8303561114204,1570.0559127009521,872.2255565895317,704.3873477301636,40.4057352119981,,
0-349,GPS_TRACKING,376.29620167522046,0.2,200,CloudNode,221,1.0,12000.0,706.9751389856103,1570.7637270237651,863.7885880381548,747.5285063949113,15.679008403134187,,
1-367,SENSOR_DATA_LOGGING,713.2078260589532,0.1,10000,CloudNode,193,1.0,12000.0,677.789992912921,1570.8245685414936,893.0345756285726,723.2653550832772,29.716992752456385,,
6-353,E_COMMERCE_TRANSACTION,927.7914120561153,0.5,300,CloudNode,199,1.0,12000.0,649.0274292421744,1574.9948320862056,925.9674028440312,711.1625056384194,38.65797550233814,,
5-333,SENSOR_DATA_LOGGING,165.75222631199563,0.1,10000,CloudNode,195,1.0,12000.0,684.1621717998844,1576.9708189035766,892.8086471036922,766.8544150408003,6.906342762999818,,
9-337,GPS_TRACKING,460.0632865480987,0.2,200,CloudNode,193,1.0,12000.0,680.6441447663558,1581.071224176236,900.4270794098802,750.8432257149991,19.16930360617078,,
4-347,GPS_TRACKING,850.1193275610191,0.2,200,CloudNode,208,1.0,12000.0,695.0479444764767,1581.7355746007163,886.6876301242396,723.1741391066552,35.4216386483758,,
4-342,E_COMMERCE_TRANSACTION,427.1353651055797,0.5,300,CloudNode,192,1.0,12000.0,682.2879573772937,1582.7646383009892,900.4766809236955,753.6746575215113,17.79730687939915,,
9-48,E_COMMERCE_TRANSACTION,742.6551757379725,0.5,300,FogNode_9,0,1.0,1349.236560939329,76.21805961360316,1583.3060141379053,1507.0879545243022,908.6480004010572,74.69598841857122,,
1-359,E_COMMERCE_TRANSACTION,656.2566836187805,0.5,300,CloudNode,194,1.0,12000.0,657.4425702200109,1583.8769600774426,926.4343898574317,738.9530922721792,27.344028484115853,,
9-333,HEALTH_MONITORING,253.86480670928705,1.0,100,CloudNode,196,1.0,12000.0,655.1811519836884,1584.492467984159,929.3113160004706,766.8468654515373,10.577700279553627,,
5-336,SENSOR_DATA_LOGGING,279.3233101013241,0.1,10000,CloudNode,207,1.0,12000.0,694.1448586606411,1586.113293947803,891.9684352871618,766.5708223706487,11.63847125422184,,
0-343,GPS_TRACKING,211.43584755434316,0.2,200,CloudNode,210,1.0,12000.0,697.9122184890236,1588.4442225043556,890.532004015332,771.8747524407207,8.809826981430964,,
7-344,GPS_TRACKING,109.27415467172142,0.2,200,CloudNode,246,1.0,12000.0,718.6907249451913,1590.841754156693,872.1510292115017,781.0839292006427,4.553089777988392,,
3-297,HEALTH_MONITORING,405.65828850737665,1.0,100,CloudNode,204,1.0,12000.0,632.5559174010667,1592.4044712315326,959.8485538304659,762.9904921831553,16.90242868780736,,
4-23,HEALTH_MONITORING,332.23346664706014,1.0,100,FogNode_9,0,0.5,1349.236560939329,45.563700522867755,1592.4967532671926,1546.9330527443249,1214.1585278625876,33.41592166548969,,
0-359,SENSOR_DATA_LOGGING,54.089546435673334,0.1,10000,CloudNode,251,1.0,12000.0,719.9315001454077,1592.9516847073285,873.0201845619208,786.8477039429551,2.2537311014863888,,
3-304,HEALTH_MONITORING,703.9461566449254,1.0,100,CloudNode,199,1.0,12000.0,646.4376141464033,1593.4740946188847,947.0364804724813,743.7753334194779,29.331089860205225,,
9-27,HEALTH_MONITORING,177.67378447460788,1.0,100,FogNode_0,2,1.0,1189.2931772946604,40.70872219730631,1594.0259051965159,1553.3171829992095,1315.0586676085654,11.3132336312422,,
3-317,SENSOR_DATA_LOGGING,952.5475319656259,0.1,10000,CloudNode,192,1.0,12000.0,671.6181899861127,1594.7429317728515,923.1247417867388,726.6866159260405,39.68948049856775,,
3-292,HEALTH_MONITORING,820.332795354554,1.0,100,CloudNode,216,1.0,12000.0,623.1856203385433,1594.7936263311233,971.6080059925799,736.4006898218951,34.18053313977309,,
4-360,SENSOR_DATA_LOGGING,951.378774988624,0.1,10000,CloudNode,228,1.0,12000.0,709.8993550735296,1596.546313452367,886.6469583788374,728.1603958810216,39.640782291192664,,
7-349,SMART_HOME_CONTROL,167.84292243036435,0.1,150,CloudNode,266,1.0,12000.0,728.5011575044563,1598.4793781866895,869.9782206822332,783.1690189228445,6.993455101265181,,
0-40,HEALTH_MONITORING,89.3888952891424,1.0,100,FogNode_8,1,1.0,770.9711269175084,80.1641433323461,1602.110435315631,1521.946291983285,1316.0154458716256,8.49683175499789,,
7-295,HEALTH_MONITORING,657.0270953166739,1.0,100,CloudNode,221,1.0,12000.0,618.2550433948849,1605.5090088645259,987.253965469641,755.8449048766001,27.37612897152808,,
9-28,SENSOR_DATA_LOGGING,600.9589821886455,0.1,10000,FogNode_4,0,1.0,1758.3565909566523,42.95417298555788,1607.3067302324375,1564.3525572468795,1206.6105483212693,50.06204648146781,,
6-373,GPS_TRACKING,835.7375194308361,0.2,200,CloudNode,199,1.0,12000.0,687.0702657970564,1615.1499041931208,928.0796383960644,752.3347936844383,34.8223966429515,,
7-324,GPS_TRACKING,642.5105867067302,0.2,200,CloudNode,192,1.0,12000.0,679.8904932381154,1620.0476621747357,940.1571689366203,769.7484738826367,26.771274446113758,,
6-374,E_COMMERCE_TRANSACTION,336.04365276664754,0.5,300,CloudNode,199,1.0,12000.0,687.6947549944663,1620.4081089620865,932.7133539676203,790.5471598655478,14.00181886527698,,
4-340,GPS_TRACKING,309.06414407930214,0.2,200,CloudNode,193,1.0,12000.0,678.3618247867599,1620.4982771127934,942.1364523260335,792.052458962225,12.877672669970922,,
8-341,SMART_HOME_CONTROL,829.7808183894399,0.1,150,CloudNode,239,1.0,12000.0,716.0655034957985,1623.3557587525459,907.2902552567474,758.6840935577966,34.57420076622667,,
4-357,GPS_TRACKING,511.9859631199589,0.2,200,CloudNode,226,1.0,12000.0,709.4673607913418,1623.7367211028993,914.2693603115575,781.31161957312,21.332748463331622,,
1-17,GPS_TRACKING,573.2203410869461,0.2,200,FogNode_3,0,0.8571428571428571,1899.4436001125757,21.998276675424144,1623.8363855225027,1601.8381088470785,1272.6377503918798,27.21529095008791,,
5-332,E_COMMERCE_TRANSACTION,627.7825742527303,0.5,300,CloudNode,195,1.0,12000.0,683.9293092977998,1627.3100466072665,943.3807373094667,775.9378226089017,26.15760726053043,,
9-45,SENSOR_DATA_LOGGING,892.8793360319278,0.1,10000,FogNode_7,0,0.875,1727.0272900361456,72.37281939806634,1629.753293209514,1557.3804738114475,1026.7845094345635,61.197128313407134,,
2-333,SENSOR_DATA_LOGGING,990.9375528019249,0.1,10000,CloudNode,208,1.0,12000.0,690.920909111769,1629.8179787826061,938.8970696708371,753.2341388216068,41.2890647000802,,
8-316,GPS_TRACKING,850.3490269496922,0.2,200,CloudNode,193,1.0,12000.0,673.1389487571582,1631.150677241659,958.0117284845007,764.4269416350743,35.43120945623717,,
1-398,SENSOR_DATA_LOGGING,634.1836205674991,0.1,10000,CloudNode,272,1.0,12000.0,732.5555099503912,1635.6132733482807,903.0577633978895,782.0936984157775,26.424317523645797,,
6-369,SMART_HOME_CONTROL,860.1752958810073,0.1,150,CloudNode,192,1.0,12000.0,681.6073160922093,1640.1589784888115,958.5516623966022,771.4298410562832,35.8406373283753,,
0-334,GPS_TRACKING,873.411109274359,0.2,200,CloudNode,193,1.0,12000.0,676.4934666758373,1640.3794994854336,963.8860328095963,770.7313784617088,36.39212955309829,,
1-354,HEALTH_MONITORING,782.9279096093535,1.0,100,CloudNode,199,1.0,12000.0,647.5385566258657,1642.2148113710227,994.676254745157,777.662386675714,32.62199623372306,,
8-295,HEALTH_MONITORING,266.8579386735392,1.0,100,CloudNode,204,1.0,12000.0,633.0157863148919,1645.9748826590276,1012.9590963441357,817.098361999079,11.119080778064134,,
8-293,HEALTH_MONITORING,753.674412934325,1.0,100,CloudNode,208,1.0,12000.0,628.6636948655238,1646.683161155303,1018.0194662897792,782.7871790364442,31.40310053893021,,
6-387,SENSOR_DATA_LOGGING,946.190881971771,0.1,10000,CloudNode,266,1.0,12000.0,728.1539682490807,1649.6129671880794,921.4589989389988,773.5511245681781,39.42462008215712,,
5-334,SENSOR_DATA_LOGGING,956.7622976235575,0.1,10000,CloudNode,199,1.0,12000.0,688.0459975248334,1649.786104169582,961.7401066447485,772.8977874238212,39.8650957343149,,
6-372,E_COMMERCE_TRANSACTION,678.6348830802805,0.5,300,CloudNode,198,1.0,12000.0,687.0078624554405,1651.34653325448,964.3386707990394,791.9711211947919,28.27645346167835,,
1-373,GPS_TRACKING,695.7900443432897,0.2,200,CloudNode,208,1.0,12000.0,691.0244527809889,1651.4565983141588,960.4321455331699,790.8629637295381,28.991251847637066,,
1-376,SENSOR_DATA_LOGGING,816.1365406815416,0.1,10000,CloudNode,208,1.0,12000.0,695.3061783941616,1654.1246723379313,958.8184939437697,784.7768779725538,34.005689195064235,,
3-333,SENSOR_DATA_LOGGING,585.4207341647091,0.1,10000,CloudNode,219,1.0,12000.0,705.6471033424189,1654.2940700449183,948.6469667024994,801.364017217129,24.39253059019621,,
5-337,SENSOR_DATA_LOGGING,290.8872149056434,0.1,10000,CloudNode,218,1.0,12000.0,705.0796781577358,1655.391278483796,950.3116003260602,823.6781740204005,12.120300621068475,,
4-349,SENSOR_DATA_LOGGING,227.3073513654648,0.1,10000,CloudNode,208,1.0,12000.0,695.9646641664243,1661.157090651478,965.1924264850537,833.4888150273298,9.471139640227701,,
6-355,HEALTH_MONITORING,91.10983859688506,1.0,100,CloudNode,196,1.0,12000.0,655.2102690165433,1661.7171588876718,1006.5068898711285,843.6058348935485,3.7962432748702106,,
0-311,HEALTH_MONITORING,392.55624529712946,1.0,100,CloudNode,216,1.0,12000.0,622.6679524180445,1662.5309992240336,1039.8630468059891,822.3472750080506,16.356510220713727,,
0-51,VOICE_ASSISTANT,380.81854704046094,2.0,150,FogNode_6,1,1.0,816.2509881302752,91.73291334036344,1663.6779997658607,1571.9450864254973,932.1398191373851,51.31350267215069,,
7-340,SMART_HOME_CONTROL,111.1855119277479,0.1,150,CloudNode,239,1.0,12000.0,716.037854773363,1664.6567378111083,948.6188830377453,844.3194133452502,4.632729663656162,,
2-343,SENSOR_DATA_LOGGING,817.820144191039,0.1,10000,CloudNode,230,1.0,12000.0,711.3624982167815,1664.6979921349537,953.3354939181721,793.0450410504014,34.075839341293296,,
9-23,GPS_TRACKING,730.96323583999,0.2,200,FogNode_4,0,0.5,1758.3565909566523,35.70310790162218,1668.1156339120166,1632.4125260103945,1193.7267851433776,60.8918687854452,,
8-349,SENSOR_DATA_LOGGING,904.0068033819188,0.1,10000,CloudNode,265,1.0,12000.0,727.6245282922827,1668.285584989155,940.6610566968724,791.0656180391114,37.66695014091328,,
1-352,HEALTH_MONITORING,541.2631169086756,1.0,100,CloudNode,201,1.0,12000.0,643.3085250187772,1668.4610184949354,1025.1524934761583,817.3277293564329,22.552629871194814,,
8-112,SMART_HOME_CONTROL,158.60627517468996,0.1,150,FogNode_6,27,1.0,816.2509881302752,265.69011976947627,1671.0990766437455,1405.4089568742693,1191.7721023287884,21.371447342168477,,
0-355,SENSOR_DATA_LOGGING,964.1890511640852,0.1,10000,CloudNode,246,1.0,12000.0,717.6681449303686,1671.1908417537002,953.5226968233316,789.1777329491206,40.17454379850355,,
1-390,SENSOR_DATA_LOGGING,745.3402517757295,0.1,10000,CloudNode,245,1.0,12000.0,717.0013018927002,1677.2615918410984,960.2602899483982,809.9975759984751,31.055843823988727,,
3-308,HEALTH_MONITORING,964.1980445682269,1.0,100,CloudNode,199,1.0,12000.0,652.0755643397819,1678.8292152340416,1026.7536508942599,794.4422435762722,40.17491852367612,,
7-347,SMART_HOME_CONTROL,700.4950121139627,0.1,150,CloudNode,252,1.0,12000.0,720.6845964678184,1678.8728614556237,958.1882649878053,814.8114584974451,29.187292171415116,,
6-14,SENSOR_DATA_LOGGING,764.099591472789,0.1,10000,FogNode_4,0,1.0,1758.3565909566523,43.657646280292376,1680.5324768653431,1636.8748305850509,1187.5571130393043,63.65224649021656,,
8-312,HEALTH_MONITORING,749.8925159532141,1.0,100,CloudNode,191,1.0,12000.0,667.2150578258877,1682.538705170837,1015.3236473449492,814.6449357533236,31.24552149805059,,
0-48,VOICE_ASSISTANT,437.9361859205814,2.0,150,FogNode_6,1,1.0,816.2509881302752,90.04248147328718,1683.0860422492276,1593.0435607759405,890.7520812020392,59.00983505427755,,
5-344,SENSOR_DATA_LOGGING,760.5042940436974,0.1,10000,CloudNode,270,1.0,12000.0,731.8653331623469,1683.7834667990614,951.9181336367145,814.7924955993669,31.687678918487393,,
9-348,SMART_HOME_CONTROL,690.9942401596896,0.1,150,CloudNode,214,1.0,12000.0,703.9578381942034,1684.8928999539073,980.9350617597039,820.4736325264075,28.7914266733204,,
5-307,HEALTH_MONITORING,556.3899663528965,1.0,100,CloudNode,208,1.0,12000.0,628.2107728958301,1686.7453300148416,1058.5345571190114,831.7666269977956,23.18291526470402,,
6-351,HEALTH_MONITORING,100.94826539147891,1.0,100,CloudNode,199,1.0,12000.0,647.3464826739969,1687.2852169049136,1039.9387342309167,863.1270990189264,4.206177724644954,,
0-364,SMART_HOME_CONTROL,59.21590308875666,0.1,150,CloudNode,266,1.0,12000.0,728.0163072955413,1688.718125389791,960.7018180942498,867.8413011763548,2.467329295364861,,
5-321,HEALTH_MONITORING,453.09265663901704,1.0,100,CloudNode,191,1.0,12000.0,661.3923357179123,1689.2143197007435,1027.8219839828312,841.0399231644477,18.878860693292374,,
5-338,SENSOR_DATA_LOGGING,319.78761144246675,0.1,10000,CloudNode,228,1.0,12000.0,709.8299086932276,1691.305705431314,981.4757967380864,851.5832928331066,13.324483810102782,,
1-380,SENSOR_DATA_LOGGING,687.2841967318802,0.1,10000,CloudNode,212,1.0,12000.0,699.226202047593,1692.8869564092706,993.6607543616776,827.8637492779558,28.63684153049501,,
1-394,GPS_TRACKING,53.939682920818115,0.2,200,CloudNode,260,1.0,12000.0,724.3052198684031,1693.7092932774783,969.4040734090752,870.2234648222327,2.2474867883674214,,
9-344,E_COMMERCE_TRANSACTION,575.6768434900653,0.5,300,CloudNode,211,1.0,12000.0,698.2803455603647,1694.6562314461416,996.3758858857769,837.5988170718239,23.986535145419385,,
4-363,SENSOR_DATA_LOGGING,545.8074969629928,0.1,10000,CloudNode,242,1.0,12000.0,716.3536678272087,1696.8304913347292,980.4768235075205,841.3292144473061,22.7419790401247,,
7-325,E_COMMERCE_TRANSACTION,641.7673277371335,0.5,300,CloudNode,196,1.0,12000.0,684.5190051490042,1699.4554933037887,1014.9364881547845,837.0879019809222,26.740305322380564,,
2-346,SMART_HOME_CONTROL,616.8902831587532,0.1,150,CloudNode,238,1.0,12000.0,714.6584827352225,1701.020490784642,986.3620080494196,839.8296414786603,25.70376179828138,,
1-31,HEALTH_MONITORING,645.8521991105154,1.0,100,FogNode_1,0,0.6,1597.9384595498836,48.94792683872321,1703.9400101634183,1654.9920833246952,1163.3092498385236,53.35229206024482,,
1-391,GPS_TRACKING,307.6723219000813,0.2,200,CloudNode,246,1.0,12000.0,717.7174190035463,1704.4685753923818,986.7511563888355,863.3541639265567,12.819680079170052,,
0-367,SENSOR_DATA_LOGGING,437.48458559257915,0.1,10000,CloudNode,294,1.0,12000.0,741.5620901390523,1704.918067294317,963.3559771552648,853.9602720438227,18.228524399690798,,
7-332,GPS_TRACKING,621.8099500928356,0.2,200,CloudNode,211,1.0,12000.0,701.4721784036146,1706.1115658859878,1004.6393874823732,843.4969311263973,25.908747920534818,,
6-384,GPS_TRACKING,793.928122099153,0.2,200,CloudNode,257,1.0,12000.0,722.6005360106649,1706.3196553304076,983.7191193197427,832.0918152113169,33.08033842079804,,
0-356,GPS_TRACKING,204.697938479936,0.2,200,CloudNode,247,1.0,12000.0,718.0308371011185,1708.3638669713087,990.3330298701901,872.2206448845468,8.529080769997332,,
3-27,HEALTH_MONITORING,681.13065398567,1.0,100,FogNode_1,0,0.0,1597.9384595498836,36.90077933215649,1710.0475863903116,1673.1468070581552,1152.3406828191223,56.26656010876369,,
9-324,HEALTH_MONITORING,327.59662167417025,1.0,100,CloudNode,206,1.0,12000.0,630.5454885719219,1712.1926184267547,1081.6471298548329,868.8828992778399,13.649859236423762,,
6-361,HEALTH_MONITORING,536.6065739024843,1.0,100,CloudNode,192,1.0,12000.0,672.2337250154776,1715.9080562455738,1043.6743312300962,856.1073852612493,22.358607245936845,,
5-349,SENSOR_DATA_LOGGING,351.4873397060386,0.1,10000,CloudNode,284,1.0,12000.0,738.4724018583371,1716.5758285470833,978.1034266887463,869.3276545453198,14.645305821084943,,
2-355,SMART_HOME_CONTROL,681.4209726992517,0.1,150,CloudNode,265,1.0,12000.0,729.5617463496314,1719.3160802823045,989.754333932673,850.7142273078027,28.392540529135488,,
4-332,HEALTH_MONITORING,510.61954184705587,1.0,100,CloudNode,191,1.0,12000.0,668.1316792498586,1719.813220328353,1051.6815410784943,861.814757588345,21.275814243627327,,
0-340,GPS_TRACKING,701.807361209997,0.2,200,CloudNode,199,1.0,12000.0,687.8898882978385,1720.2011056551714,1032.311217357333,849.9887635836808,29.241973383749876,,
1-392,SENSOR_DATA_LOGGING,180.19918192475674,0.1,10000,CloudNode,247,1.0,12000.0,718.0034013445711,1721.1281643797176,1003.1247630351465,884.2294169008862,7.508299246864864,,
9-343,GPS_TRACKING,681.9667210479894,0.2,200,CloudNode,209,1.0,12000.0,696.8985192042574,1725.1161450764876,1028.2176258722302,854.2709526615243,28.415280043666225,,
9-345,GPS_TRACKING,746.2851545533323,0.2,200,CloudNode,211,1.0,12000.0,698.6660743011413,1726.8884216810648,1028.2223473799236,851.0594223633425,31.09521477305551,,
4-330,HEALTH_MONITORING,155.1208258776,1.0,100,CloudNode,191,1.0,12000.0,662.3081021640721,1728.8347917353738,1066.5266895713016,892.8345600712385,6.463367744899999,,
4-351,SENSOR_DATA_LOGGING,829.0153510616391,0.1,10000,CloudNode,210,1.0,12000.0,700.4515649116329,1730.241703239948,1029.7901383283152,849.5955262821137,34.54230629423496,,
0-347,SMART_HOME_CONTROL,994.6846390369373,0.1,150,CloudNode,218,1.0,12000.0,705.4723505626675,1732.6764907559934,1027.2041401933259,839.8358370274005,41.44519329320572,,
0-68,E_COMMERCE_TRANSACTION,158.20068314996178,0.5,300,FogNode_8,1,1.0,770.9711269175084,123.88735738253571,1732.8643602977786,1608.9770029152428,1356.624886041415,15.03771339720571,,
5-327,HEALTH_MONITORING,521.7748133689207,1.0,100,CloudNode,193,1.0,12000.0,678.0735573589131,1738.1374658935517,1060.0639085346386,874.4669702598324,21.74061722370503,,
9-352,SMART_HOME_CONTROL,482.0863794256615,0.1,150,CloudNode,238,1.0,12000.0,714.9003433211666,1739.6293582559272,1024.7290149347605,878.8557513713769,20.08693247606923,,
6-327,VOICE_ASSISTANT,480.21882849705383,2.0,150,CloudNode,238,1.0,12000.0,593.7117427907623,1741.03872649273,1147.3269837019675,880.2535002442426,20.009117854043907,,
8-350,SMART_HOME_CONTROL,631.1446504386195,0.1,150,CloudNode,266,1.0,12000.0,728.5007590612189,1746.30468081403,1017.8039217528111,873.6036012684083,26.29769376827581,,
6-5,GPS_TRACKING,802.7186050072955,0.2,200,FogNode_3,0,1.0,1899.4436001125757,24.066305816405084,1747.0503953082873,1722.9840894918823,1274.0483383198614,38.11138373927419,,
7-339,E_COMMERCE_TRANSACTION,533.6217388990706,0.5,300,CloudNode,239,1.0,12000.0,715.7134278807022,1748.9370536339711,1033.223625753269,883.051519714542,22.234239120794605,,
1-381,SENSOR_DATA_LOGGING,686.1495774476502,0.1,10000,CloudNode,213,1.0,12000.0,703.6673990652001,1750.0660878632416,1046.3986887980413,872.9805714754598,28.589565726985427,,
2-345,GPS_TRACKING,370.33821765388956,0.2,200,CloudNode,238,1.0,12000.0,714.5835351115032,1750.6747384661771,1036.0912033546738,895.2505275484873,15.430759068912064,,
8-337,SENSOR_DATA_LOGGING,524.6675740364606,0.1,10000,CloudNode,214,1.0,12000.0,703.9477548001261,1752.0861648076805,1048.1384100075543,885.7393094069954,21.861148918185858,,
6-24,GPS_TRACKING,649.9764445733175,0.2,200,FogNode_7,0,0.25,1727.0272900361456,60.65173744418752,1753.2672417431504,1692.6155042989628,1288.0891692495309,44.5487875842421,,
0-345,SENSOR_DATA_LOGGING,808.515026524201,0.1,10000,CloudNode,211,1.0,12000.0,702.2042272632348,1754.1215822251916,1051.9173549619568,870.0014766185252,33.688126105175044,,
5-122,SMART_HOME_CONTROL,179.8530539186484,0.1,150,FogNode_6,27,1.0,816.2509881302752,266.9027405742925,1755.1560987610774,1488.253358186785,1248.1316758561113,24.234350544561273,,
3-325,E_COMMERCE_TRANSACTION,564.2446487140779,0.5,300,CloudNode,208,1.0,12000.0,696.0245553052159,1759.2130058195946,1063.1884505143787,889.1354885725624,23.510193696419915,,
6-363,HEALTH_MONITORING,635.1038399348827,1.0,100,CloudNode,193,1.0,12000.0,674.57041357367,1759.2449753249812,1084.674561751311,883.9018529507179,26.462659997286778,,
0-324,HEALTH_MONITORING,924.9158362231217,1.0,100,CloudNode,199,1.0,12000.0,651.0389008156063,1759.615024856097,1108.5761240404909,866.7604001408668,38.53815984263007,,
5-355,SMART_HOME_CONTROL,476.6518328661943,0.1,150,CloudNode,311,1.0,12000.0,749.4349109555357,1760.8491504519004,1011.4142394963648,896.3798295529521,19.860493036091427,,
1-388,SENSOR_DATA_LOGGING,275.77112405325965,0.1,10000,CloudNode,239,1.0,12000.0,716.1663024982741,1761.1183928979901,1044.9520903997159,912.0981654737948,11.490463502219153,,
2-357,GPS_TRACKING,493.3623294987736,0.2,200,CloudNode,271,1.0,12000.0,732.2393310840409,1761.3146331134026,1029.0753020293616,895.602172066909,20.556763729115566,,
8-339,SMART_HOME_CONTROL,160.45390288895388,0.1,150,CloudNode,223,1.0,12000.0,708.2169301423006,1762.3082122080507,1054.09128206575,921.5533646872979,6.685579287039745,,
2-317,HEALTH_MONITORING,573.0924087804876,1.0,100,CloudNode,197,1.0,12000.0,653.2451275754753,1764.3335292787906,1111.0884017033154,892.9237639421257,23.87885036585365,,
5-312,HEALTH_MONITORING,398.6251447137874,1.0,100,CloudNode,202,1.0,12000.0,637.7814933706343,1765.8952528154757,1128.1137594448414,906.6422869740416,16.609381029741144,,
8-354,SMART_HOME_CONTROL,958.7836517676329,0.1,150,CloudNode,295,1.0,12000.0,742.0335981514157,1768.616763037094,1026.5831648856783,870.1114151970464,39.949318823651375,,
9-361,SENSOR_DATA_LOGGING,471.3071336109042,0.1,10000,CloudNode,314,1.0,12000.0,750.6311690655405,1769.5172977075233,1018.8861286419829,904.6211890049294,19.637797233787676,,
6-375,E_COMMERCE_TRANSACTION,788.6437076115091,0.5,300,CloudNode,200,1.0,12000.0,688.5800541176189,1770.6383762619428,1082.058322144324,883.2950457081408,32.86015448381288,,
2-364,GPS_TRACKING,88.02381791758275,0.2,200,CloudNode,298,1.0,12000.0,743.8504258223365,1771.6688474385892,1027.8184216162526,934.4486354600824,3.667659079899281,,
0-21,HEALTH_MONITORING,549.7248281084723,1.0,100,FogNode_9,0,0.5,1349.236560939329,42.593661358760656,1773.326236605306,1730.7325752465451,1232.0294392904825,55.29112397686876,,
3-41,HEALTH_MONITORING,388.9993470380341,1.0,100,FogNode_1,4,1.0,1597.9384595498836,67.15313373008583,1774.9240714585812,1707.7709377284955,1374.650920181165,32.13429760400397,,
1-365,E_COMMERCE_TRANSACTION,585.3996261738434,0.5,300,CloudNode,195,1.0,12000.0,675.6667388327284,1775.6717238622184,1100.00498502949,901.4324697817146,24.39165109057681,,
2-348,SENSOR_DATA_LOGGING,948.8433741552774,0.1,10000,CloudNode,249,1.0,12000.0,719.2813150607249,1775.9007725143356,1056.6194574536107,876.3391521868493,39.53514058980323,,
8-18,HEALTH_MONITORING,497.55817538571455,1.0,100,FogNode_9,0,0.5,1349.236560939329,46.90067881814705,1781.8874931004548,1734.9868142823077,1274.157092495711,50.044220952537636,,
2-351,E_COMMERCE_TRANSACTION,360.42434779195634,0.5,300,CloudNode,256,1.0,12000.0,721.2689248659266,1782.1215271236767,1060.8526022577503,924.4811975396922,15.01768115799818,,
1-393,SMART_HOME_CONTROL,201.73375594535736,0.1,150,CloudNode,259,1.0,12000.0,723.3589191484981,1788.479993767369,1065.1210746188708,941.2701616572301,8.40557316438989,,
2-349,GPS_TRACKING,473.87947963919936,0.2,200,CloudNode,252,1.0,12000.0,720.5131475027728,1790.1646951027772,1069.6515476000045,923.1245832128708,19.744978318299975,,
2-362,GPS_TRACKING,796.5296031953634,0.2,200,CloudNode,287,1.0,12000.0,739.2419098322877,1791.4936120094344,1052.2517021771469,899.8814226469092,33.18873346647348,,
5-358,SENSOR_DATA_LOGGING,755.335861139975,0.1,10000,CloudNode,317,1.0,12000.0,751.7805594753264,1791.7794468303716,1039.998887355045,903.3156328089667,31.472327547498956,,
0-350,GPS_TRACKING,417.6902812702269,0.2,200,CloudNode,221,1.0,12000.0,707.0673280406456,1794.4225482952827,1087.355220254637,931.0232041335931,17.403761719592787,,
1-152,GPS_TRACKING,108.2344082769737,0.2,200,FogNode_6,27,1.0,816.2509881302752,265.7371259915682,1796.277420594616,1530.5402946030476,1374.4125030645268,14.584075910958857,,
4-321,HEALTH_MONITORING,679.7895928160639,1.0,100,CloudNode,199,1.0,12000.0,647.5092319011196,1797.687859227402,1150.1786273262824,914.1701405116592,28.324566367335994,,
8-29,SMART_HOME_CONTROL,927.4619206452029,0.1,150,FogNode_7,0,0.5,1727.0272900361456,65.85111579965093,1800.1534336783643,1734.3023178787134,1175.7947171390242,63.56738684956412,,
3-347,SENSOR_DATA_LOGGING,998.7879341624114,0.1,10000,CloudNode,298,1.0,12000.0,744.3817775665872,1802.548408129172,1058.166630562585,895.1291191620187,41.61616392343381,,
8-342,SENSOR_DATA_LOGGING,593.5024567010028,0.1,10000,CloudNode,244,1.0,12000.0,717.2830389825588,1803.5801202836085,1086.2970813010497,926.1968960470019,24.72926902920845,,
5-41,SENSOR_DATA_LOGGING,807.5754204179883,0.1,10000,FogNode_7,0,0.5,1727.0272900361456,69.72072348350115,1809.17055147073,1739.449827987229,1252.9279926619342,55.350476410069064,,
3-4,E_COMMERCE_TRANSACTION,838.3975667200252,0.5,300,FogNode_3,0,0.0,1899.4436001125757,3.1370500205740317,1809.9302116344131,1806.7931616138392,1316.3678812263984,39.80534547476972,,
4-130,SMART_HOME_CONTROL,239.111316498588,0.1,150,FogNode_6,27,1.0,816.2509881302752,270.4234107631386,1810.2381154499806,1539.814704686842,1231.4395225761464,32.21912187167751,,
3-340,SENSOR_DATA_LOGGING,511.84831932497326,0.1,10000,CloudNode,263,1.0,12000.0,726.0372071196693,1813.2924028723571,1087.2551957526878,940.3288249710853,21.32701330520722,,
2-353,SENSOR_DATA_LOGGING,901.3424174276994,0.1,10000,CloudNode,264,1.0,12000.0,726.9931968562847,1814.7412263749022,1087.7480295186174,913.3332256369916,37.55593405948748,,
1-324,VOICE_ASSISTANT,574.1634774561267,2.0,150,CloudNode,233,1.0,12000.0,599.6464202132948,1816.4637194917711,1216.8172992784762,938.4770897461169,23.92347822733861,,
3-275,VOICE_ASSISTANT,872.7865166685473,2.0,150,CloudNode,238,1.0,12000.0,588.6670880210946,1819.036890536409,1230.3698025153144,918.9537041831463,36.36610486118947,,
8-320,HEALTH_MONITORING,649.6353635761633,1.0,100,CloudNode,193,1.0,12000.0,677.4406459363053,1820.0315331134893,1142.590887177184,935.9207758251199,27.068140149006805,,
3-315,HEALTH_MONITORING,733.8156028508641,1.0,100,CloudNode,190,1.0,12000.0,668.8534894212801,1820.3962755625532,1151.5427861412732,930.9947193206474,30.575650118786005,,
9-330,HEALTH_MONITORING,746.5190982803979,1.0,100,CloudNode,201,1.0,12000.0,642.6242914660897,1823.5245579701025,1180.9002665040127,932.3234316716031,31.10496242834991,,
8-348,GPS_TRACKING,751.8118000949012,0.2,200,CloudNode,263,1.0,12000.0,726.5803685656975,1824.9591955492924,1098.378826983595,932.8383211920427,31.32549167062088,,
2-356,GPS_TRACKING,772.0153440887944,0.2,200,CloudNode,266,1.0,12000.0,729.775028927748,1825.1837624593,1095.408733531552,932.0439923019424,32.16730600369977,,
7-343,SMART_HOME_CONTROL,608.3857677876352,0.1,150,CloudNode,246,1.0,12000.0,718.6560593372315,1826.5995864966385,1107.943527159407,945.1247112941163,25.34940699115147,,
7-353,SMART_HOME_CONTROL,616.2797486391611,0.1,150,CloudNode,293,1.0,12000.0,740.6766501771392,1827.0283695821486,1086.3517194050094,944.9579792914552,25.678322859965043,,
0-360,GPS_TRACKING,466.34128841649505,0.2,200,CloudNode,255,1.0,12000.0,721.1946371164825,1827.341767802077,1106.1471306855944,957.3128210332333,19.43088701735396,,
8-363,SENSOR_DATA_LOGGING,70.09222181657398,0.1,10000,CloudNode,337,1.0,12000.0,763.0327864137284,1829.365576454817,1066.3327900410886,989.3899868658015,2.9205092423572494,,
1-404,SENSOR_DATA_LOGGING,311.52395417868547,0.1,10000,CloudNode,291,1.0,12000.0,739.9242711502552,1829.540449798499,1089.6161786482437,971.1137902562522,12.980164757445229,,
2-316,HEALTH_MONITORING,960.0258562740136,1.0,100,CloudNode,198,1.0,12000.0,652.6315130723175,1830.0682425527427,1177.4367294804251,922.6433124399977,40.00107734475056,,
6-32,SENSOR_DATA_LOGGING,349.90555064932425,0.1,10000,FogNode_7,0,1.0,1727.0272900361456,73.13579447803342,1832.3589802580382,1759.2231857800048,1534.7546323353458,23.982204556130952,,
8-351,SENSOR_DATA_LOGGING,203.60434968639646,0.1,10000,CloudNode,280,1.0,12000.0,735.2888596608444,1837.3633047030862,1102.0744450422417,986.2895724188901,8.48351457026652,,
7-342,GPS_TRACKING,970.8466614605557,0.2,200,CloudNode,246,1.0,12000.0,718.4664261666911,1840.116894274641,1121.65046810795,931.1172939187227,40.45194422752315,,
9-20,VOICE_ASSISTANT,451.4982049748358,2.0,150,FogNode_0,0,0.6666666666666666,1189.2931772946604,31.382839759334598,1841.6574785472653,1810.2746387879308,1261.8855758085615,28.748780761726778,,
1-26,VOICE_ASSISTANT,435.3889345006349,2.0,150,FogNode_5,0,1.0,782.8923712617282,32.736329409992315,1841.846898926487,1809.1105695164947,1087.7852837933106,64.7161141591402,,
2-347,GPS_TRACKING,184.61567908597672,0.2,200,CloudNode,243,1.0,12000.0,716.5533940433124,1842.7264077259083,1126.1730136825959,991.9751563531092,7.692319961915697,,
6-386,SENSOR_DATA_LOGGING,620.3465897353952,0.1,10000,CloudNode,259,1.0,12000.0,723.7021858927302,1843.1891611540507,1119.4869752613204,959.9814303892155,25.847774572308136,,
2-308,HEALTH_MONITORING,988.5616369752772,1.0,100,CloudNode,203,1.0,12000.0,634.4178392870227,1843.4985293125965,1209.0806900255739,932.254952328826,41.19006820730322,,
0-325,HEALTH_MONITORING,889.1839762454398,1.0,100,CloudNode,197,1.0,12000.0,653.2651731879133,1843.6159623946432,1190.35078920673,939.2101339377614,37.04933234355999,,
4-341,HEALTH_MONITORING,212.3731942370568,1.0,100,CloudNode,192,1.0,12000.0,681.9910615538258,1844.29735268306,1162.306291129234,991.8239587686901,8.8488830932107,,
6-371,HEALTH_MONITORING,295.01737457278,1.0,100,CloudNode,197,1.0,12000.0,686.5082361837469,1844.6163143278877,1158.1080781441408,986.177388752008,12.292390607199167,,
3-345,SENSOR_DATA_LOGGING,398.6266739650584,0.1,10000,CloudNode,283,1.0,12000.0,737.2407272988378,1846.5112923694453,1109.2705650706075,980.725244707482,16.6094447485441,,
5-359,SMART_HOME_CONTROL,804.1753504514486,0.1,150,CloudNode,316,1.0,12000.0,753.4033621743972,1849.1361396612974,1095.7327774869002,950.9623722034252,33.50730626881035,,
0-362,GPS_TRACKING,701.3914485370109,0.2,200,CloudNode,260,1.0,12000.0,724.0949878314,1850.2287342084558,1126.1337463770558,960.1524346839042,29.22464368904212,,
1-332,VOICE_ASSISTANT,684.071460284309,2.0,150,CloudNode,227,1.0,12000.0,607.5612932156776,1851.4285033189751,1243.8672101032976,962.3918514250893,28.502977511846208,,
5-324,HEALTH_MONITORING,735.3812030627556,1.0,100,CloudNode,190,1.0,12000.0,668.7809973291323,1851.4464620246736,1182.6654646955412,958.718303568856,30.640883460948153,,
1-382,E_COMMERCE_TRANSACTION,403.034751551437,0.5,300,CloudNode,229,1.0,12000.0,710.8302921512033,1852.623119832362,1141.7928276811585,985.2193036917032,16.79311464797654,,
2-4,E_COMMERCE_TRANSACTION,440.0208670600601,0.5,300,FogNode_4,0,0.0,1758.3565909566523,9.336051703322518,1857.552254560732,1848.2162028574096,1545.0292627681945,36.655322164169995,,
4-370,GPS_TRACKING,415.3291833955662,0.2,200,CloudNode,272,1.0,12000.0,732.4923889323553,1859.5699608322564,1127.0775718999012,990.6175838219128,17.305382641481923,,
3-332,E_COMMERCE_TRANSACTION,423.3639388533302,0.5,300,CloudNode,218,1.0,12000.0,704.7001094824536,1860.4640906970774,1155.7639812146238,990.5580274643861,17.640164118888755,,
8-340,GPS_TRACKING,436.87657495898833,0.2,200,CloudNode,236,1.0,12000.0,713.4969690332067,1866.4746237993252,1152.9776547661186,993.1783672633562,18.20319062329118,,
4-333,HEALTH_MONITORING,185.56821063083117,1.0,100,CloudNode,190,1.0,12000.0,669.8085788539207,1866.9104795772428,1197.1019007233222,1008.8838462299852,7.732008776284633,,
7-348,SENSOR_DATA_LOGGING,631.0628749719514,0.1,10000,CloudNode,265,1.0,12000.0,727.7663374264185,1867.3297992892315,1139.5634618628128,981.6230909227133,26.294286457164638,,
2-361,GPS_TRACKING,97.25991564582222,0.2,200,CloudNode,287,1.0,12000.0,738.9173498490438,1867.6749538027416,1128.7576039536978,1016.8544481564041,4.052496485242592,,
9-313,VOICE_ASSISTANT,232.09313836284403,2.0,150,CloudNode,223,1.0,12000.0,613.9391292714552,1869.569829072026,1255.630699800571,1008.0632027490303,9.670547431785169,,
8-322,HEALTH_MONITORING,862.7257120334676,1.0,100,CloudNode,193,1.0,12000.0,678.3039083350981,1869.5816685635243,1191.2777602284264,965.4321258687464,35.94690466806115,,
4-378,GPS_TRACKING,506.4050168318418,0.2,200,CloudNode,298,1.0,12000.0,744.518449099758,1871.5659945241373,1127.0475454243792,993.1715995817304,21.100209034660075,,
4-337,HEALTH_MONITORING,508.363730380077,1.0,100,CloudNode,193,1.0,12000.0,677.236807891566,1871.9040939968386,1194.6672861052725,992.7150291971973,21.181822099169878,,
6-401,SENSOR_DATA_LOGGING,71.2167569121627,0.1,10000,CloudNode,313,1.0,12000.0,750.4185570678367,1872.4093535420054,1121.9907964741687,1023.2143744887348,2.967364871340112,,
6-391,SENSOR_DATA_LOGGING,337.17211612930095,0.1,10000,CloudNode,280,1.0,12000.0,734.5444688786888,1872.713990671996,1138.1695217933072,1003.7502344285683,14.048838172054207,,
5-121,SMART_HOME_CONTROL,266.98243703889057,0.1,150,FogNode_6,27,1.0,816.2509881302752,265.48010391648535,1873.731347967119,1608.2512440506337,1258.2775402548427,35.974623880272425,,
6-395,SENSOR_DATA_LOGGING,55.01377240321482,0.1,10000,CloudNode,295,1.0,12000.0,741.4657185687366,1874.1543101056272,1132.6885915368907,1025.9153307323172,2.2922405168006175,,
6-383,GPS_TRACKING,709.7890674994164,0.2,200,CloudNode,250,1.0,12000.0,719.401610104902,1875.6128084500558,1156.2111983451537,982.7702666972148,29.574544479142354,,
9-40,SMART_HOME_CONTROL,652.7557594405384,0.1,150,FogNode_7,0,0.5,1727.0272900361456,69.56285030903501,1877.4762109455135,1807.9133606364785,1407.5259172643202,44.73927926849203,,
3-358,SENSOR_DATA_LOGGING,632.078758521627,0.1,10000,CloudNode,344,1.0,12000.0,768.0703346882799,1879.7015994589508,1111.631264770671,992.0514028001257,26.336614938401127,,
7-31,GPS_TRACKING,222.39296638932873,0.2,200,FogNode_7,3,1.0,1727.0272900361456,76.52943388724042,1882.0393622952663,1805.5099284080259,1648.7209977042974,15.242609332421965,,
4-373,GPS_TRACKING,475.783282723505,0.2,200,CloudNode,283,1.0,12000.0,737.8709418364094,1882.3750146195337,1144.5040727831242,1004.0325604046469,19.82430344681271,,
3-40,HEALTH_MONITORING,682.5649422115712,1.0,100,FogNode_1,0,0.8,1597.9384595498836,56.0016673040612,1882.6100861261398,1826.6084188220786,1305.1350426517422,56.38504319890759,,
4-346,HEALTH_MONITORING,147.16963608844915,1.0,100,CloudNode,208,1.0,12000.0,692.8316510817364,1884.1682303375426,1191.336579255806,1027.705969173836,6.132068170352047,,
4-371,GPS_TRACKING,992.2303759360195,0.2,200,CloudNode,280,1.0,12000.0,734.7925104899875,1885.234272790507,1150.4417623005195,970.0827132499222,41.34293233066748,,
7-351,SMART_HOME_CONTROL,513.2575270547209,0.1,150,CloudNode,279,1.0,12000.0,734.4250282153491,1887.0688132709533,1152.6437850556042,1003.7161187431859,21.385730293946704,,
5-340,GPS_TRACKING,165.10774818994423,0.2,200,CloudNode,263,1.0,12000.0,725.3779580711105,1893.4605784747796,1168.0826204036691,1032.5061906801102,6.879489507914343,,
9-339,HEALTH_MONITORING,591.3188556559787,1.0,100,CloudNode,194,1.0,12000.0,683.8063953487076,1895.7878636741102,1211.9814683254026,1004.808122569436,24.63828565233245,,
8-352,GPS_TRACKING,372.3983164445302,0.2,200,CloudNode,284,1.0,12000.0,738.1563761586326,1898.3629923262756,1160.206616167643,1024.007193574779,15.516596518522093,,
2-0,HEALTH_MONITORING,715.7926203531931,1.0,100,FogNode_7,0,0.0,1727.0272900361456,1.1891119898653637,1900.1502300734483,1898.961118083583,1396.059318344618,49.05976772652953,,
1-156,SENSOR_DATA_LOGGING,74.22888435122827,0.1,10000,FogNode_6,27,1.0,816.2509881302752,269.31894591132294,1901.1769142148787,1631.8579683035557,1518.5833514564172,10.001991985707637,,
6-380,E_COMMERCE_TRANSACTION,769.9814551252657,0.5,300,CloudNode,221,1.0,12000.0,706.441237151912,1904.2820155350798,1197.8407783831678,1002.360709386543,32.082560630219405,,
6-392,E_COMMERCE_TRANSACTION,257.73755388680416,0.5,300,CloudNode,282,1.0,12000.0,736.264677524151,1905.6463598281096,1169.3816823039585,1036.9483298527307,10.739064745283507,,
0-373,GPS_TRACKING,755.3184913428219,0.2,200,CloudNode,317,1.0,12000.0,751.7300960708376,1906.5591700065452,1154.8290739357076,1003.4324989719064,31.47160380595091,,
9-358,GPS_TRACKING,651.5496379393765,0.2,200,CloudNode,298,1.0,12000.0,744.0717109417254,1906.9189229939766,1162.847212052251,1010.031098278212,27.147901580807353,,
0-366,GPS_TRACKING,413.0545562484203,0.2,200,CloudNode,291,1.0,12000.0,740.0869764605269,1907.1352036926978,1167.048227232171,1026.7696055733875,17.210606510350846,,
3-313,HEALTH_MONITORING,802.8251106839435,1.0,100,CloudNode,190,1.0,12000.0,664.8137040936289,1910.091253711046,1245.2775496174172,1004.0774949418807,33.45104627849765,,
1-386,E_COMMERCE_TRANSACTION,802.0323238362553,0.5,300,CloudNode,238,1.0,12000.0,714.6295667771852,1910.3345562989512,1195.704989521766,1004.1472095907003,33.4180134931773,,
9-356,SENSOR_DATA_LOGGING,474.2483258958043,0.1,10000,CloudNode,278,1.0,12000.0,733.926332073209,1911.0866883487877,1177.1603562755786,1027.8794942620343,19.76034691232518,,
0-338,HEALTH_MONITORING,621.8193649726844,1.0,100,CloudNode,192,1.0,12000.0,682.5969212342707,1912.2823711114677,1229.685449877197,1017.3068456418843,25.909140207195186,,
9-321,VOICE_ASSISTANT,71.5684424782722,2.0,150,CloudNode,216,1.0,12000.0,623.5323804317404,1913.0992405658872,1289.5668601341467,1058.0428952889074,2.982018436594675,,
1-45,SMART_HOME_CONTROL,895.8071037359732,0.1,150,FogNode_7,0,0.5,1727.0272900361456,66.87177625305029,1913.2746179821472,1846.402841729097,1305.4809189280154,61.397794818528176,,
1-42,HEALTH_MONITORING,644.8544843766796,1.0,100,FogNode_9,0,0.625,1349.236560939329,64.51141294595327,1913.553299130726,1849.0418861847727,1283.832687906154,64.8592303269143,,
1-401,E_COMMERCE_TRANSACTION,55.800961621314315,0.5,300,CloudNode,282,1.0,12000.0,736.4701543801634,1914.7413338461554,1178.271179465992,1060.3633556591226,2.325040067554763,,
8-310,HEALTH_MONITORING,762.9398485729482,1.0,100,CloudNode,191,1.0,12000.0,661.6617527361761,1915.0068240333874,1253.3450712972112,1008.9452259969535,31.78916035720618,,
4-368,SENSOR_DATA_LOGGING,800.2071527440438,0.1,10000,CloudNode,263,1.0,12000.0,725.4552051973915,1915.8200690566343,1190.3648638592429,1007.2926239082396,33.341964697668494,,
3-314,HEALTH_MONITORING,945.1436163198048,1.0,100,CloudNode,191,1.0,12000.0,668.1460748913414,1916.1252727297367,1247.9791978383953,1000.2623088348295,39.3809840133252,,
6-336,VOICE_ASSISTANT,522.4114035900077,2.0,150,CloudNode,228,1.0,12000.0,606.7229203375987,1917.6885937381278,1310.965673400529,1028.154739303418,21.76714181625032,,
5-354,GPS_TRACKING,580.7739901776398,0.2,200,CloudNode,302,1.0,12000.0,745.7547005171156,1917.9795010783275,1172.2248005612119,1025.8964918135475,24.19891625740166,,
4-355,HEALTH_MONITORING,77.08136641624358,1.0,100,CloudNode,217,1.0,12000.0,704.4510792727559,1919.5226877672408,1215.0716084944847,1062.1366557388465,3.211723600676816,,
2-23,VOICE_ASSISTANT,97.16797433904733,2.0,150,FogNode_0,2,1.0,1189.2931772946604,40.121520296398764,1923.359767094888,1883.2382467984892,1633.3182286207507,6.187091688415591,,
0-385,SMART_HOME_CONTROL,464.17378083089676,0.1,150,CloudNode,350,1.0,12000.0,770.9958634620605,1923.9154211930818,1152.9195577310213,1037.9880908512725,19.340574201287364,,
8-87,SENSOR_DATA_LOGGING,72.06503256160947,0.1,10000,FogNode_1,24,1.0,1597.9384595498836,207.82737378939242,1927.7088395424066,1719.8814657530143,1660.7808679957816,5.953118484156668,,
7-134,SENSOR_DATA_LOGGING,449.24275000694564,0.1,10000,FogNode_6,26,1.0,816.2509881302752,262.5299413381846,1927.9370371997816,1665.407095861597,1094.3222079126385,60.53334122530669,,
2-5,HEALTH_MONITORING,853.9604510093457,1.0,100,FogNode_3,0,0.0,1899.4436001125757,9.523496838936559,1928.449930874912,1918.9264340359755,1382.3482028132944,40.544238346493835,,
1-78,E_COMMERCE_TRANSACTION,153.2529322217582,0.5,300,FogNode_8,1,1.0,770.9711269175084,132.29849445313735,1931.6434414736107,1799.3449470204732,1548.3473343692613,14.5674065759099,,
1-399,SENSOR_DATA_LOGGING,537.4336508222264,0.1,10000,CloudNode,282,1.0,12000.0,736.1921692010225,1931.8549508394722,1195.6627816384498,1039.6695322018786,22.39306878425943,,
7-129,SENSOR_DATA_LOGGING,619.0857680061063,0.1,10000,FogNode_2,14,1.0,681.967788340379,254.450374105783,1932.45237198428,1678.0019978784971,755.2319017057089,75.98907861328922,,
6-390,SMART_HOME_CONTROL,862.7214442960156,0.1,150,CloudNode,274,1.0,12000.0,732.9774373122249,1939.5684074940762,1206.5909701818514,1024.3415179506883,35.94672684566732,,
4-325,HEALTH_MONITORING,774.5386260138683,1.0,100,CloudNode,196,1.0,12000.0,656.4053343486202,1940.1576939512115,1283.7523596025912,1028.6782412943726,32.272442750577845,,
2-330,HEALTH_MONITORING,895.6999720902547,1.0,100,CloudNode,195,1.0,12000.0,684.1003031532723,1941.5521439180973,1257.451840764825,1023.5915210752121,37.32083217042728,,
2-2,HEALTH_MONITORING,834.5818224033321,1.0,100,FogNode_3,0,0.0,1899.4436001125757,7.18929766787566,1942.1975991412046,1935.0083014733289,1405.4213207842674,39.624181994818834,,
0-326,HEALTH_MONITORING,747.7510624546702,1.0,100,CloudNode,195,1.0,12000.0,656.883425486472,1944.687603157423,1287.804177670951,1035.1789313615816,31.156294268944592,,
3-350,SENSOR_DATA_LOGGING,634.3197926795988,0.1,10000,CloudNode,318,1.0,12000.0,752.7197274861925,1946.3205611980795,1193.600833711887,1045.6098846950476,26.42999136164995,,
4-356,HEALTH_MONITORING,486.2153078528068,1.0,100,CloudNode,226,1.0,12000.0,709.377925111109,1947.0771123276124,1237.6991872165036,1057.705705849125,20.25897116053362,,
4-122,GPS_TRACKING,531.1861336084048,0.2,200,FogNode_2,14,1.0,681.967788340379,255.27601884305525,1950.366400256044,1695.0903814129888,894.7494567699939,65.19992374410405,,
5-350,GPS_TRACKING,938.8716109601932,0.2,200,CloudNode,287,1.0,12000.0,738.9199185713715,1950.648654455355,1211.7287358839835,1027.8872298868328,39.11965045667472,,
9-1,HEALTH_MONITORING,914.2316203241659,1.0,100,FogNode_3,0,0.0,1899.4436001125757,3.487706830135582,1950.7714677746735,1947.283760944538,1373.0636779911072,43.405786151469655,,
4-372,SMART_HOME_CONTROL,491.4543072341013,0.1,150,CloudNode,283,1.0,12000.0,737.1776993706851,1951.289081901793,1214.111382531108,1059.9965239922708,20.47726280142089,,
0-341,HEALTH_MONITORING,453.11512550353814,1.0,100,CloudNode,209,1.0,12000.0,692.2924223131602,1952.766417825349,1260.4739955121888,1063.5424638423099,18.879796895980757,,
6-402,SMART_HOME_CONTROL,421.76590152928577,0.1,150,CloudNode,317,1.0,12000.0,752.0373601290772,1953.1266595391014,1201.089299410024,1065.4040678596662,17.573579230386905,,
3-24,GPS_TRACKING,899.9199902572567,0.2,200,FogNode_4,0,0.5,1758.3565909566523,33.12554455523318,1953.5077391566397,1920.3821946014066,1380.734538856523,74.96657462009401,,
5-357,SENSOR_DATA_LOGGING,522.7969269866028,0.1,10000,CloudNode,313,1.0,12000.0,750.3365315104274,1954.6530989310045,1204.316567420577,1060.7206615363298,21.783205291108448,,
7-336,HEALTH_MONITORING,483.8608800955177,1.0,100,CloudNode,225,1.0,12000.0,709.1430679322045,1955.0630738541151,1245.9200059219106,1063.5821849180973,20.160870003979905,,
7-25,HEALTH_MONITORING,594.7218709233665,1.0,100,FogNode_9,0,0.75,1349.236560939329,65.90312045340808,1956.563756158907,1890.6606357054989,1362.7676053228986,59.81691023511626,,
2-366,E_COMMERCE_TRANSACTION,189.90636769534188,0.5,300,CloudNode,304,1.0,12000.0,746.6199515515159,1957.3776745593757,1210.7577230078598,1087.2180832844372,7.912765320639244,,
2-295,VOICE_ASSISTANT,171.78183272456636,2.0,150,CloudNode,232,1.0,12000.0,601.5221732281498,1960.6357139251268,1359.113540696977,1091.3458638206341,7.1575763635235985,,
4-380,SENSOR_DATA_LOGGING,803.1595858421538,0.1,10000,CloudNode,314,1.0,12000.0,750.2456167289808,1965.2929578131218,1215.047341084141,1050.063368706841,33.46498274342308,,
1-361,HEALTH_MONITORING,917.7517796042762,1.0,100,CloudNode,190,1.0,12000.0,665.3030617119847,1972.2671786411333,1306.9641169291485,1047.8839180774737,38.23965748351151,,
0-361,E_COMMERCE_TRANSACTION,677.657572931134,0.5,300,CloudNode,258,1.0,12000.0,722.9102027377469,1972.5967371406646,1249.6865344029177,1064.4809294432337,28.23573220546392,,
4-303,VOICE_ASSISTANT,821.2666190029395,2.0,150,CloudNode,232,1.0,12000.0,602.0723103356636,1972.7209004519914,1370.6485901163278,1055.8688612380406,34.21944245845581,,
3-52,E_COMMERCE_TRANSACTION,811.9575934691493,0.5,300,FogNode_9,1,1.0,1349.236560939329,82.83116908025573,1972.9948534944,1890.1636844141444,1233.851071009384,81.66640047701138,,
1-405,GPS_TRACKING,741.0589465691007,0.2,200,CloudNode,302,1.0,12000.0,745.8229313354059,1974.0372833255594,1228.2143519901535,1061.6655724561342,30.877456107045862,,
0-34,SENSOR_DATA_LOGGING,803.2750110895819,0.1,10000,FogNode_7,0,0.5,1727.0272900361456,70.12931784819061,1975.5825034551824,1905.4531856069918,1418.250504103485,55.055730310735825,,
7-355,GPS_TRACKING,441.26307405032867,0.2,200,CloudNode,329,1.0,12000.0,757.4780384432754,1976.929616788739,1219.4515783454635,1085.9584699662119,18.385961418763692,,
2-354,E_COMMERCE_TRANSACTION,65.33275001219508,0.5,300,CloudNode,266,1.0,12000.0,728.6944046143793,1977.7115744754828,1249.0171698611034,1115.152020489992,2.7221979171747948,,
6-338,VOICE_ASSISTANT,415.44072817115915,2.0,150,CloudNode,227,1.0,12000.0,610.082725500279,1979.307663838353,1369.224938338074,1090.0976912419221,17.310030340464966,,
6-398,GPS_TRACKING,486.5184814693344,0.2,200,CloudNode,301,1.0,12000.0,745.6112702716387,1980.1116142831875,1234.5003440115488,1085.5703467866767,20.271603394555598,,
4-30,HEALTH_MONITORING,572.7591393235804,1.0,100,FogNode_9,0,0.75,1349.236560939329,66.4517818133794,1983.0633110628544,1916.611529249475,1401.6849372729541,57.60790665066318,,
2-304,VOICE_ASSISTANT,789.0203258189001,2.0,150,CloudNode,213,1.0,12000.0,626.61174751662,1985.2743815854824,1358.6626340688624,1066.0642095072176,32.87584690912084,,
0-380,SENSOR_DATA_LOGGING,161.55475314546212,0.1,10000,CloudNode,326,1.0,12000.0,756.3701741125492,1986.0596332361197,1229.6894591235705,1115.3522338095477,6.731448047727588,,
4-374,SENSOR_DATA_LOGGING,473.7467308391614,0.1,10000,CloudNode,286,1.0,12000.0,738.8306898061959,1986.5560065642092,1247.7253167580134,1091.7873818350195,19.739447118298393,,
7-298,VOICE_ASSISTANT,100.79833370011265,2.0,150,CloudNode,217,1.0,12000.0,621.5371933228201,1987.707524980029,1366.1703316572089,1120.3808188778958,4.199930570838027,,
1-403,GPS_TRACKING,865.1885386191767,0.2,200,CloudNode,289,1.0,12000.0,739.6793302019137,1987.9191139415657,1248.239783739652,1064.2959405939037,36.049522442465694,,
6-376,HEALTH_MONITORING,989.6701997672486,1.0,100,CloudNode,209,1.0,12000.0,691.7289647579646,1988.1188764753804,1296.3899117174158,1057.2090037478854,41.23625832363536,,
3-322,HEALTH_MONITORING,995.8990732457484,1.0,100,CloudNode,204,1.0,12000.0,690.0500804206392,1989.9105124311222,1299.860432010483,1057.8913052429734,41.49579471857285,,
2-363,SMART_HOME_CONTROL,869.4163765426787,0.1,150,CloudNode,296,1.0,12000.0,743.2538842292312,1990.1399584500177,1246.8860742207867,1065.9538891154061,36.22568235594494,,
1-409,SENSOR_DATA_LOGGING,815.5587810525979,0.1,10000,CloudNode,312,1.0,12000.0,749.5703067037559,1991.8786529474648,1242.308346243709,1070.2361807622108,33.98161587719158,,
6-344,VOICE_ASSISTANT,128.7291584305654,2.0,150,CloudNode,203,1.0,12000.0,634.6940820366816,1996.0018114546963,1361.3077294180148,1125.236341820516,5.363714934606892,,
4-344,HEALTH_MONITORING,245.4574435381231,1.0,100,CloudNode,205,1.0,12000.0,690.1586477029844,1997.3844037502492,1307.225756047265,1118.5010908589384,10.22739348075513,,
5-351,E_COMMERCE_TRANSACTION,467.0467773302513,0.5,300,CloudNode,290,1.0,12000.0,739.8978948514184,1999.5562787026477,1259.6583838512292,1103.9015835334335,19.460282388760472,,
4-312,VOICE_ASSISTANT,423.96633405721497,2.0,150,CloudNode,216,1.0,12000.0,623.5643596028839,2000.623485651223,1377.0591260483393,1108.3912526651188,17.665263919050624,,
3-346,E_COMMERCE_TRANSACTION,566.9444986631914,0.5,300,CloudNode,298,1.0,12000.0,744.1264504048879,2001.8984738196039,1257.772023414716,1098.139533097551,23.622687444299643,,
5-302,VOICE_ASSISTANT,192.0243218934549,2.0,150,CloudNode,217,1.0,12000.0,621.4908282108323,2002.5580333886637,1381.0672051778315,1125.794032430924,8.001013412227287,,
4-364,E_COMMERCE_TRANSACTION,646.7198336639052,0.5,300,CloudNode,250,1.0,12000.0,719.4229692337826,2005.182401373785,1285.7594321400024,1095.4529007324836,26.94665973599605,,
5-292,VOICE_ASSISTANT,234.71566737054937,2.0,150,CloudNode,232,1.0,12000.0,601.4544653814338,2007.2671639275748,1405.8126985461408,1126.9446640224799,9.779819473772891,,
7-303,VOICE_ASSISTANT,209.34360414835794,2.0,150,CloudNode,206,1.0,12000.0,630.2499686866491,2007.3558127768188,1377.1058440901697,1128.2912056277446,8.722650172848248,,
4-375,SENSOR_DATA_LOGGING,695.1033948170434,0.1,10000,CloudNode,287,1.0,12000.0,738.9709401442977,2008.5739373567753,1269.6029972124775,1095.1572141261727,28.962641450710144,,
4-345,HEALTH_MONITORING,692.4936750197714,1.0,100,CloudNode,208,1.0,12000.0,692.6757232528879,2010.834465790749,1318.1587425378611,1097.1564118187255,28.85390312582381,,
3-5,VOICE_ASSISTANT,760.4206638246836,2.0,150,FogNode_1,0,0.0,1597.9384595498836,3.6318289959170644,2011.8851166178115,2008.2532876218945,1360.956328433011,62.816516535662636,,
0-378,SENSOR_DATA_LOGGING,960.9985739968304,0.1,10000,CloudNode,326,1.0,12000.0,756.0505643768962,2011.9381653392081,1255.8876009623118,1078.0014555194577,40.04160724986793,,
1-362,HEALTH_MONITORING,684.3990361961058,1.0,100,CloudNode,190,1.0,12000.0,669.2869941327073,2012.0963268704572,1342.80933273775,1098.5484441080876,28.51662650817108,,
4-134,SMART_HOME_CONTROL,269.00052030483084,0.1,150,FogNode_6,27,1.0,816.2509881302752,272.19328062879555,2012.642176595858,1740.4488959670625,1391.842402977487,36.2465510798908,,
4-28,SENSOR_DATA_LOGGING,107.13104831430189,0.1,10000,FogNode_4,2,1.0,1758.3565909566523,53.1367088482473,2014.4345436883737,1961.2978348401264,1882.6696400096473,8.924401962986895,,
5-12,HEALTH_MONITORING,863.2501376982025,1.0,100,FogNode_3,0,0.0,1899.4436001125757,14.48269665492968,2015.8300859388905,2001.3473892839609,1460.6738680888002,40.98529304736679,,
5-352,SMART_HOME_CONTROL,485.63275974742044,0.1,150,CloudNode,295,1.0,12000.0,742.325048066174,2018.1809711211013,1275.8559230549272,1119.0291439341372,20.234698322809184,,
8-356,SENSOR_DATA_LOGGING,539.1601346736718,0.1,10000,CloudNode,298,1.0,12000.0,744.2197554924253,2018.9672945483653,1274.74753905594,1115.995655930567,22.46500561140299,,
4-386,E_COMMERCE_TRANSACTION,469.4794247395448,0.5,300,CloudNode,328,1.0,12000.0,756.954400359376,2019.2348996781495,1262.2804993187735,1120.5580260459637,19.561642697481034,,
3-370,SENSOR_DATA_LOGGING,427.7486008025038,0.1,10000,CloudNode,397,1.0,12000.0,788.5045740000342,2025.7856751835598,1237.2811011835256,1128.2378703330035,17.822858366770994,,
9-49,HEALTH_MONITORING,586.7835358504515,1.0,100,FogNode_9,0,1.0,1349.236560939329,76.32710297973874,2027.3971649799741,1951.0700620002353,1428.6739460540389,59.01847537053732,,
0-383,GPS_TRACKING,853.9009801239116,0.2,200,CloudNode,344,1.0,12000.0,768.0950911524626,2028.5360895697017,1260.4409984172391,1100.7125479781278,35.579207505162984,,
4-2,VOICE_ASSISTANT,332.86520996595914,2.0,150,FogNode_8,0,0.0,770.9711269175084,10.015179816762124,2033.8583936299956,2023.8432138132334,1417.680473071595,31.640391986322495,,
5-339,HEALTH_MONITORING,405.7038460115318,1.0,100,CloudNode,250,1.0,12000.0,719.6612674456532,2034.4321394855174,1314.7708720398641,1135.872177232974,16.90432691714716,,
5-356,SENSOR_DATA_LOGGING,995.964642340485,0.1,10000,CloudNode,312,1.0,12000.0,749.7597181965128,2035.7634713537227,1286.0037531572098,1096.9277201909913,41.49852676418688,,
4-395,GPS_TRACKING,299.88403310879033,0.2,200,CloudNode,400,1.0,12000.0,789.9660974007127,2036.9285014316074,1246.9624040308947,1145.3931951888937,12.495168046199597,,
9-346,HEALTH_MONITORING,423.19392128872545,1.0,100,CloudNode,211,1.0,12000.0,699.9862418811526,2037.1646339269976,1337.178392045845,1137.0197559011176,17.633080053696894,,
9-126,SMART_HOME_CONTROL,667.0925263922786,0.1,150,FogNode_2,14,1.0,681.967788340379,254.2862154168991,2037.3555243392273,1783.0693089223282,788.0405562488429,81.88162133596421,,
2-303,VOICE_ASSISTANT,133.96863471882352,2.0,150,CloudNode,215,1.0,12000.0,624.3347821138059,2039.700142462937,1415.3653603491312,1160.0234931057482,5.582026446617647,,
3-373,SENSOR_DATA_LOGGING,451.94741478499157,0.1,10000,CloudNode,408,1.0,12000.0,792.7438899860986,2040.2203179540797,1247.4764279679812,1137.6427864684495,18.83114228270798,,
5-347,E_COMMERCE_TRANSACTION,355.9873315206561,0.5,300,CloudNode,282,1.0,12000.0,736.0497113403385,2048.63290550842,1312.5831941680817,1151.6769020076777,14.832805480027337,,
7-345,E_COMMERCE_TRANSACTION,661.4822723519605,0.5,300,CloudNode,246,1.0,12000.0,718.7407309822029,2051.125334150693,1332.3846031684902,1132.4423734455308,27.561761347998356,,
7-331,HEALTH_MONITORING,960.9566559745393,1.0,100,CloudNode,210,1.0,12000.0,701.1514791660161,2052.800621783203,1351.649142617187,1114.7929300950066,40.0398606656058,,
2-367,GPS_TRACKING,518.9558449312082,0.2,200,CloudNode,304,1.0,12000.0,746.6268734854592,2054.080786201683,1307.4539127162238,1144.4386852242126,21.623160205467006,,
1-159,SENSOR_DATA_LOGGING,244.4428065849669,0.1,10000,FogNode_6,27,1.0,816.2509881302752,271.6733132142606,2054.6262496577933,1782.9529364435327,1463.6258517101446,32.9375150090918,,
1-327,VOICE_ASSISTANT,582.6514544489903,2.0,150,CloudNode,231,1.0,12000.0,602.3298054372435,2055.821451798324,1453.4916463610803,1141.7387453277413,24.277143935374596,,
4-352,HEALTH_MONITORING,87.31750812707472,1.0,100,CloudNode,210,1.0,12000.0,701.0892853576588,2060.0770807937924,1358.9877954361336,1179.5707958432968,3.6382295052947797,,
4-362,HEALTH_MONITORING,736.1013166066833,1.0,100,CloudNode,232,1.0,12000.0,712.0599220275038,2060.898055086538,1348.8381330590341,1135.3206525017715,30.67088819194514,,
9-376,SMART_HOME_CONTROL,902.5127232224725,0.1,150,CloudNode,362,1.0,12000.0,778.0555889105788,2061.2690268379924,1283.2134379274137,1125.7146987657534,37.60469680093635,,
0-379,SMART_HOME_CONTROL,682.5536212969431,0.1,150,CloudNode,326,1.0,12000.0,756.0765968563898,2064.2352812182307,1308.158684361841,1141.1480853314652,28.43973422070596,,
7-321,HEALTH_MONITORING,933.6779223253026,1.0,100,CloudNode,193,1.0,12000.0,674.8282482216945,2065.9253700024888,1391.0971217807942,1126.601865855624,38.90324676355427,,
5-370,SMART_HOME_CONTROL,953.7857269627137,0.1,150,CloudNode,365,1.0,12000.0,779.7236958530052,2067.401257855125,1287.6775620021199,1127.108511077048,39.74107195677974,,
0-313,VOICE_ASSISTANT,682.6729779628671,2.0,150,CloudNode,214,1.0,12000.0,624.961308824695,2068.985741700696,1444.024432876001,1145.4941790756923,28.444707415119463,,
6-343,VOICE_ASSISTANT,99.19866654673382,2.0,150,CloudNode,203,1.0,12000.0,634.6510119875942,2069.164610632099,1434.5135986445048,1185.3232503418103,4.133277772780576,,
3-356,GPS_TRACKING,964.8877016816248,0.2,200,CloudNode,338,1.0,12000.0,763.9930185989905,2072.2859614209337,1308.2929428219431,1128.7407090501574,40.203654236734366,,
1-396,E_COMMERCE_TRANSACTION,821.0971131544899,0.5,300,CloudNode,266,1.0,12000.0,728.6177213684006,2073.6071608033258,1344.9894394349253,1140.162486202458,34.212379714770414,,
8-336,HEALTH_MONITORING,620.56821126834,1.0,100,CloudNode,213,1.0,12000.0,703.6282597677351,2077.499692789255,1373.8714330215198,1157.5246880983173,25.8570088028475,,
2-368,GPS_TRACKING,213.9220907471158,0.2,200,CloudNode,306,1.0,12000.0,748.0194947429142,2077.9039216893852,1329.8844269464712,1184.5078721983275,8.91342044779649,,
9-366,SMART_HOME_CONTROL,972.2565645182625,0.1,150,CloudNode,332,1.0,12000.0,761.1041815801816,2078.4057841267713,1317.3016025465897,1133.7922226280898,40.51069018826094,,
4-390,E_COMMERCE_TRANSACTION,846.6232885622477,0.5,300,CloudNode,330,1.0,12000.0,760.2004741202222,2079.125878070296,1318.9254039500738,1142.3544003995064,35.27597035676032,,
1-397,E_COMMERCE_TRANSACTION,285.2194229367732,0.5,300,CloudNode,267,1.0,12000.0,730.7334446944343,2079.589737043055,1348.8562923486206,1180.4746321033385,11.88414262236555,,
9-308,VOICE_ASSISTANT,377.56326464217454,2.0,150,CloudNode,230,1.0,12000.0,602.8121973468324,2080.0965108952682,1477.2843135484359,1176.4375476558398,15.731802693423939,,
3-109,SMART_HOME_CONTROL,514.8280527665444,0.1,150,FogNode_5,13,1.0,782.8923712617282,228.3129680352494,2082.0717479352234,1853.758779899974,1181.835395751291,76.52392698813286,,
4-133,SENSOR_DATA_LOGGING,170.96947044227005,0.1,10000,FogNode_6,27,1.0,816.2509881302752,271.71344981048753,2083.1883323119673,1811.47488250148,1579.447555445302,23.03732958012547,,
2-337,HEALTH_MONITORING,809.5492225447608,1.0,100,CloudNode,209,1.0,12000.0,696.6299091015456,2085.643406333165,1389.013497231619,1151.1778004875882,33.7312176060317,,
9-122,GPS_TRACKING,718.0723905322968,0.2,200,FogNode_2,15,1.0,681.967788340379,246.71960559251283,2087.0542422462613,1840.3346366537485,764.022834170882,88.1390950238304,,
3-349,E_COMMERCE_TRANSACTION,129.9140286786778,0.5,300,CloudNode,318,1.0,12000.0,752.5122481487288,2089.2319531833277,1336.719705034599,1195.662439188357,5.413084528278242,,
3-354,E_COMMERCE_TRANSACTION,599.6806676394154,0.5,300,CloudNode,334,1.0,12000.0,761.5519854654596,2089.6735314328885,1328.121545967429,1168.1943674068464,24.986694484975644,,
5-364,E_COMMERCE_TRANSACTION,675.995761797765,0.5,300,CloudNode,336,1.0,12000.0,762.4362963245545,2090.7651196353313,1328.328823310777,1164.6661024909317,28.166490074906875,,
2-41,E_COMMERCE_TRANSACTION,310.7348880065701,0.5,300,FogNode_7,3,1.0,1727.0272900361456,75.76923442142655,2093.1993301157154,2017.4300956942889,1787.8081813626254,21.297483372501617,,
0-136,GPS_TRACKING,452.71729722993473,0.2,200,FogNode_2,14,1.0,681.967788340379,255.69820539666637,2093.563819638853,1837.865614242187,1150.7565727473827,55.5683429770946,,
3-344,HEALTH_MONITORING,200.03311409660668,1.0,100,CloudNode,282,1.0,12000.0,736.2750182729328,2094.5733478641023,1358.2983295911695,1197.5257570950314,8.334713087358612,,
5-26,SENSOR_DATA_LOGGING,728.756866250731,0.1,10000,FogNode_4,0,1.0,1758.3565909566523,43.762642065967086,2094.9858761353075,2051.2232340693404,1615.9134368232726,60.708070256416626,,
7-10,GPS_TRACKING,757.0541346327045,0.2,200,FogNode_4,0,0.5,1758.3565909566523,34.72233132821573,2098.6620535212614,2063.939722193046,1604.052956323683,63.065334573987364,,
1-417,SENSOR_DATA_LOGGING,973.3940663713109,0.1,10000,CloudNode,333,1.0,12000.0,761.3307899644977,2100.351071875759,1339.020281911261,1151.4499853305208,40.55808609880462,,
9-326,VOICE_ASSISTANT,884.4464837034046,2.0,150,CloudNode,202,1.0,12000.0,638.4517591977586,2109.467344995673,1471.0155857979144,1165.7916562662506,36.85193682097519,,
2-371,GPS_TRACKING,197.6439556937169,0.2,200,CloudNode,338,1.0,12000.0,763.414126277698,2111.0436775052453,1347.6295512275474,1207.890312817814,8.235164820571537,,
0-304,VOICE_ASSISTANT,913.8487145379996,2.0,150,CloudNode,225,1.0,12000.0,611.2042053099802,2113.0825609764406,1501.8783556664603,1166.0427476334498,38.07702977241665,,
0-375,GPS_TRACKING,583.6605005285251,0.2,200,CloudNode,318,1.0,12000.0,752.3849815050258,2114.5637450465324,1362.1787635415067,1188.7442961230718,24.319187522021878,,
5-369,SENSOR_DATA_LOGGING,522.6368574580549,0.1,10000,CloudNode,350,1.0,12000.0,771.7823430613016,2115.839032875772,1344.0566898144702,1193.2249361341424,21.776535727418956,,
3-360,E_COMMERCE_TRANSACTION,678.359367421975,0.5,300,CloudNode,349,1.0,12000.0,771.4139094180223,2117.798974123157,1346.385064705135,1185.4254107596512,28.26497364258229,,
1-420,E_COMMERCE_TRANSACTION,810.6455026803553,0.5,300,CloudNode,339,1.0,12000.0,764.7117243248133,2118.6791260407226,1353.9674017159093,1177.9761470463552,33.7768959450148,,
3-286,VOICE_ASSISTANT,978.4475990823661,2.0,150,CloudNode,222,1.0,12000.0,615.7911335897055,2118.701933850528,1502.9108002608223,1166.1544760856034,40.768649961765256,,
6-120,SMART_HOME_CONTROL,473.6838289903458,0.1,150,FogNode_5,13,1.0,782.8923712617282,237.05229678128364,2120.2655779268566,1883.213281145573,1256.65315673224,70.40825873867762,,
2-352,HEALTH_MONITORING,524.8941430048486,1.0,100,CloudNode,257,1.0,12000.0,722.6668926525905,2121.2408713729924,1398.573978720402,1197.4734345227853,21.87058929186869,,
2-373,GPS_TRACKING,976.0951285700462,0.2,200,CloudNode,341,1.0,12000.0,766.8923768334124,2121.56157866825,1354.6692018348376,1168.0740731676906,40.67063035708526,,
5-18,VOICE_ASSISTANT,629.006176489128,2.0,150,FogNode_0,0,0.0,1189.2931772946604,26.133813309673904,2122.916668632961,2096.782855323287,1392.9732444792467,40.051456387663436,,
6-389,HEALTH_MONITORING,669.7917626668429,1.0,100,CloudNode,270,1.0,12000.0,731.8426447044623,2124.8017219229328,1392.9590772184706,1191.7173343428944,27.907990111118455,,
8-17,VOICE_ASSISTANT,239.7134843108239,2.0,150,FogNode_0,3,1.0,1189.2931772946604,44.03206329938656,2124.919389976196,2080.887326676809,1714.2392565161808,15.2635610289206,,
0-352,HEALTH_MONITORING,776.4622169232254,1.0,100,CloudNode,232,1.0,12000.0,711.743564136872,2128.940465961833,1417.196901824961,1188.1516386983035,32.35259237180105,,
8-292,VOICE_ASSISTANT,63.6408864653405,2.0,150,CloudNode,217,1.0,12000.0,621.6043370262537,2130.105129128378,1508.5007921021243,1234.9493878079747,2.6517036027225207,,
8-301,VOICE_ASSISTANT,474.45153647315357,2.0,150,CloudNode,201,1.0,12000.0,641.1824560458763,2130.3027476747607,1489.1202916288844,1204.1285020372575,19.768814019714732,,
2-344,HEALTH_MONITORING,933.6432083427009,1.0,100,CloudNode,238,1.0,12000.0,714.356128133841,2131.8843868969084,1417.5282587630672,1180.7777442832403,38.901800347612536,,
2-321,VOICE_ASSISTANT,158.3117521251142,2.0,150,CloudNode,191,1.0,12000.0,662.6527265596593,2131.894579860954,1469.2418533012947,1229.5823607914494,6.596323005213091,,
5-301,VOICE_ASSISTANT,642.5578705532859,2.0,150,CloudNode,219,1.0,12000.0,620.3545975100518,2133.643000108042,1513.2884025979902,1194.808775795411,26.77324460638691,,
7-354,E_COMMERCE_TRANSACTION,655.6533063454549,0.5,300,CloudNode,317,1.0,12000.0,751.8195723607596,2133.763653599084,1381.9440812383245,1196.0025549704947,27.318887764393953,,
7-302,VOICE_ASSISTANT,550.9369485158088,2.0,150,CloudNode,206,1.0,12000.0,629.893683181445,2135.143365559645,1505.2496823782003,1203.2982808662446,22.9557061881587,,
9-332,VOICE_ASSISTANT,243.86691708942502,2.0,150,CloudNode,199,1.0,12000.0,652.1481865736679,2136.1612759665572,1484.0130893928895,1227.9072242639345,10.161121545392708,,
1-372,HEALTH_MONITORING,751.1807265833108,1.0,100,CloudNode,201,1.0,12000.0,689.3598191692861,2136.2055546852685,1446.8457355159824,1194.4637176694068,31.29919694097129,,
0-346,HEALTH_MONITORING,826.6185644387385,1.0,100,CloudNode,218,1.0,12000.0,704.9424755554331,2138.049491001994,1433.1070154465606,1191.1585923798923,34.442440184947436,,
7-333,HEALTH_MONITORING,320.75482068590145,1.0,100,CloudNode,211,1.0,12000.0,702.2143220606208,2139.8121293669324,1437.5978073063116,1225.8174225966752,13.364784195245893,,
2-359,HEALTH_MONITORING,128.57205655365465,1.0,100,CloudNode,284,1.0,12000.0,738.506087701816,2142.608917907092,1404.102830205276,1240.7563491830156,5.357169023068944,,
1-341,VOICE_ASSISTANT,60.47208644780238,2.0,150,CloudNode,206,1.0,12000.0,629.532213290817,2143.088831539311,1513.5566182484938,1244.044777855633,2.5196702686584325,,
1-425,SMART_HOME_CONTROL,916.9997623804664,0.1,150,CloudNode,359,1.0,12000.0,776.1845656532435,2143.817904720164,1367.6333390669204,1190.1759341283837,38.208323432519435,,
0-3,HEALTH_MONITORING,990.9566724907797,1.0,100,FogNode_3,0,0.14285714285714285,1899.4436001125757,18.78405952156429,2145.5453072467635,2126.761247725199,1517.8191348063538,47.04852955781076,,
2-372,E_COMMERCE_TRANSACTION,345.5929041593133,0.5,300,CloudNode,341,1.0,12000.0,766.8728853937687,2146.5983828031,1379.7254974093312,1229.7990668601597,14.39970433997139,,
1-346,VOICE_ASSISTANT,372.43078389365695,2.0,150,CloudNode,202,1.0,12000.0,637.4540366316311,2149.7150246985275,1512.2609880668965,1230.593821249909,15.517949328902374,,
2-20,GPS_TRACKING,513.9230167324479,0.2,200,FogNode_4,0,0.5,1758.3565909566523,37.55026628162226,2149.8268815479933,2112.276615266371,1789.0550897738253,42.81163725660022,,
0-405,SENSOR_DATA_LOGGING,772.4382423797422,0.1,10000,CloudNode,460,1.0,12000.0,812.4607297140974,2150.01325986481,1337.5525301507128,1199.8871896766777,32.18492676582259,,
7-368,SMART_HOME_CONTROL,215.20022275876644,0.1,150,CloudNode,412,1.0,12000.0,795.2910369784148,2154.0946278631213,1358.8035908847064,1243.4509951367215,8.966675948281935,,
3-331,HEALTH_MONITORING,561.856238933605,1.0,100,CloudNode,218,1.0,12000.0,704.6454889531132,2156.28869824014,1451.6432092870268,1222.2556640105724,23.410676622233545,,
9-372,GPS_TRACKING,932.2013772090147,0.2,200,CloudNode,351,1.0,12000.0,772.749614698325,2157.273185143806,1384.5235704454813,1195.1108284120896,38.84172405037562,,
8-365,SENSOR_DATA_LOGGING,819.3622580151685,0.1,10000,CloudNode,355,1.0,12000.0,774.1590249602625,2157.953719600819,1383.7946946405566,1203.647817068475,34.14009408396536,,
1-424,E_COMMERCE_TRANSACTION,585.5536377033943,0.5,300,CloudNode,352,1.0,12000.0,773.543803806731,2163.359881521815,1389.8160777150842,1226.844754078832,24.39806823764143,,
6-352,VOICE_ASSISTANT,761.6569241892819,2.0,150,CloudNode,199,1.0,12000.0,647.881832260092,2163.822482224866,1515.940649964774,1213.4955070235017,31.73570517455341,,
7-14,VOICE_ASSISTANT,50.15790955339181,2.0,150,FogNode_0,3,1.0,1189.2931772946604,44.81296367762232,2165.0912228227767,2120.278259145154,1912.5919613716562,3.1937640711048916,,
8-298,VOICE_ASSISTANT,192.5560357270863,2.0,150,CloudNode,203,1.0,12000.0,636.1974493405771,2165.761361009118,1529.5639116685409,1252.752605429678,8.023168155295263,,
4-384,HEALTH_MONITORING,136.91893242878143,1.0,100,CloudNode,317,1.0,12000.0,752.30845211061,2167.698609275872,1415.390157165262,1257.2990907729293,5.704955517865892,,
4-397,SENSOR_DATA_LOGGING,138.0282048404209,0.1,10000,CloudNode,405,1.0,12000.0,790.9300967399248,2168.7755355471745,1377.8454388072496,1256.7676808995848,5.7511752016842035,,
8-357,E_COMMERCE_TRANSACTION,478.02307652187545,0.5,300,CloudNode,300,1.0,12000.0,745.0071823617448,2171.7196432737314,1426.7124609119867,1240.8842642617255,19.917628188411477,,
1-385,HEALTH_MONITORING,523.7251669569428,1.0,100,CloudNode,238,1.0,12000.0,714.5106570203516,2172.5842298749117,1458.07357285456,1238.8888164392604,21.821881956539283,,
6-397,HEALTH_MONITORING,264.38884266198755,1.0,100,CloudNode,298,1.0,12000.0,744.4324384572882,2176.127031418287,1431.6945929609988,1256.8413590483492,11.016201777582815,,
8-370,SMART_HOME_CONTROL,404.26382557777765,0.1,150,CloudNode,405,1.0,12000.0,790.6782475034082,2176.297570038573,1385.6193225351649,1247.1443976722157,16.844326065740734,,
4-381,E_COMMERCE_TRANSACTION,530.0075195270715,0.5,300,CloudNode,314,1.0,12000.0,750.649898456303,2179.310658853568,1428.6607603972648,1242.7118655350955,22.083646646961313,,
1-426,SENSOR_DATA_LOGGING,714.9891927991822,0.1,10000,CloudNode,363,1.0,12000.0,778.5878944107963,2181.1440114015154,1402.5561169907191,1232.139115853634,29.79121636663259,,
1-369,VOICE_ASSISTANT,84.14539942717633,2.0,150,CloudNode,195,1.0,12000.0,684.1869342623852,2183.1391480372185,1498.9522137748334,1272.1311064456763,3.5060583094656805,,
4-319,VOICE_ASSISTANT,323.1563956954717,2.0,150,CloudNode,200,1.0,12000.0,644.7412294481995,2184.8834192421086,1540.142189793909,1256.9224080422314,13.464849820644654,,
9-370,GPS_TRACKING,771.2918817133802,0.2,200,CloudNode,350,1.0,12000.0,771.7356373025495,2185.5151948491075,1413.779557546558,1232.0936334769299,32.13716173805751,,
0-322,VOICE_ASSISTANT,895.9951073741706,2.0,150,CloudNode,201,1.0,12000.0,644.3265683951614,2185.7099364530927,1541.3833680579314,1223.811913966332,37.333129473923776,,
4-401,SMART_HOME_CONTROL,674.148243572831,0.1,150,CloudNode,433,1.0,12000.0,802.7603190736876,2186.4817679724965,1383.7214488988088,1239.3672076027929,28.08951014886796,,
9-367,E_COMMERCE_TRANSACTION,713.2209092897485,0.5,300,CloudNode,333,1.0,12000.0,761.4012332618627,2189.540204902524,1428.138971640661,1239.489716709244,29.717537887072854,,
5-345,HEALTH_MONITORING,298.04146229735125,1.0,100,CloudNode,271,1.0,12000.0,732.4814042139662,2190.5981495338974,1458.1167453199312,1263.781738201318,12.418394262389635,,
7-371,GPS_TRACKING,326.80516720916114,0.2,200,CloudNode,422,1.0,12000.0,798.8159829909158,2191.0562461589625,1392.2402631680466,1262.157976605776,13.616881967048382,,
6-9,VOICE_ASSISTANT,743.415252585154,2.0,150,FogNode_0,0,0.0,1189.2931772946604,28.09902496018406,2192.4444320879184,2164.3454071277342,1367.0413635222978,47.336361199233366,,
4-32,E_COMMERCE_TRANSACTION,507.1280580938025,0.5,300,FogNode_7,0,0.75,1727.0272900361456,72.34477985132149,2193.792409916008,2121.4476300646866,1777.4535101031106,34.75809058412981,,
3-335,HEALTH_MONITORING,656.1896434047271,1.0,100,CloudNode,229,1.0,12000.0,710.6236269601604,2197.771301823038,1487.1476748628775,1247.028222230807,27.34123514186363,,
1-430,GPS_TRACKING,768.5567274949934,0.2,200,CloudNode,388,1.0,12000.0,786.6018945101265,2197.8100475570004,1411.208153046874,1241.6224217472848,32.023196978958055,,
8-358,E_COMMERCE_TRANSACTION,792.8292665705972,0.5,300,CloudNode,319,1.0,12000.0,753.7373276070422,2199.712105655592,1445.97477804855,1242.2131762358642,33.03455277377488,,
2-66,HEALTH_MONITORING,128.74957941427056,1.0,100,FogNode_8,1,1.0,770.9711269175084,118.76521795228408,2200.855022841048,2082.089804888764,1829.3770865062936,12.238248512538387,,
9-387,E_COMMERCE_TRANSACTION,395.0894460641731,0.5,300,CloudNode,412,1.0,12000.0,794.2025392196364,2204.643763779079,1410.4412245594426,1268.396482317795,16.46206025267388,,
4-387,HEALTH_MONITORING,104.84065223818348,1.0,100,CloudNode,330,1.0,12000.0,758.3791419880355,2208.4488266754406,1450.0696846874052,1281.9702037996512,4.368360509924312,,
5-114,E_COMMERCE_TRANSACTION,102.6425656061983,0.5,300,FogNode_6,24,1.0,816.2509881302752,252.51287818395946,2208.9371119138323,1956.4242337298729,1775.7190118680746,13.830601491031004,,
4-323,VOICE_ASSISTANT,877.8021834426615,2.0,150,CloudNode,199,1.0,12000.0,649.793388507746,2209.3557366388236,1559.5623481310777,1242.7773514822688,36.57509097677757,,
9-395,SENSOR_DATA_LOGGING,790.5154802544246,0.1,10000,CloudNode,469,1.0,12000.0,816.4883356343528,2209.6941947413657,1393.2058591070129,1247.7234289441335,32.93814501060102,,
4-335,VOICE_ASSISTANT,506.38661464699135,2.0,150,CloudNode,190,1.0,12000.0,670.4170076133651,2209.897493829788,1539.4804862164228,1264.7866570780307,21.099442276957973,,
5-375,E_COMMERCE_TRANSACTION,843.8532591549872,0.5,300,CloudNode,401,1.0,12000.0,790.0456602975562,2210.1332342965147,1420.0875739989585,1245.2353015316166,35.16055246479113,,
8-346,HEALTH_MONITORING,350.6251567984486,1.0,100,CloudNode,263,1.0,12000.0,725.3886705369565,2214.102182308646,1488.7135117716898,1277.329816305461,14.60938153326869,,
1-400,HEALTH_MONITORING,71.7095801240767,1.0,100,CloudNode,282,1.0,12000.0,736.3355296621867,2220.077980652319,1483.7424509901325,1286.8810956596533,2.987899171836529,,
2-386,SENSOR_DATA_LOGGING,639.227886642059,0.1,10000,CloudNode,424,1.0,12000.0,799.5304555186937,2222.0445261006794,1422.5140705819858,1265.5730338165754,26.63449527675246,,
5-315,VOICE_ASSISTANT,705.0382833369429,2.0,150,CloudNode,199,1.0,12000.0,645.3534477727255,2222.1130717998935,1576.759624027168,1261.8846179157408,29.376595139039285,,
0-377,HEALTH_MONITORING,300.5176599463467,1.0,100,CloudNode,323,1.0,12000.0,755.0730177064484,2222.8144401519003,1467.741422445452,1280.446901370629,12.521569164431114,,
9-31,E_COMMERCE_TRANSACTION,730.9831650995674,0.5,300,FogNode_7,0,0.25,1727.0272900361456,55.77497700453325,2223.414356836254,2167.6393798317204,1692.9865339905243,50.10091368934882,,
3-303,VOICE_ASSISTANT,891.2350257405182,2.0,150,CloudNode,200,1.0,12000.0,644.4469303971275,2224.2828453431866,1579.8359149460591,1252.8855304658443,37.134792739188256,,
2-350,HEALTH_MONITORING,935.7878041664976,1.0,100,CloudNode,252,1.0,12000.0,720.600340854611,2224.5806998169746,1503.9803589623637,1250.217069389378,38.9911585069374,,
2-322,VOICE_ASSISTANT,199.85153085850348,2.0,150,CloudNode,191,1.0,12000.0,663.7333904859104,2225.103120913649,1561.3697304277387,1289.6653943990268,8.327147119104312,,
6-13,VOICE_ASSISTANT,828.580444046626,2.0,150,FogNode_1,0,0.0,1597.9384595498836,37.100610738459636,2228.578471666097,2191.4778609276373,1499.0141228870718,68.44703154539927,,
7-326,VOICE_ASSISTANT,474.52917821142523,2.0,150,CloudNode,203,1.0,12000.0,689.8341302962841,2229.084303086809,1539.250172790525,1276.6890088550556,19.772049092142716,,
8-307,VOICE_ASSISTANT,607.7918712720813,2.0,150,CloudNode,196,1.0,12000.0,655.7790437106723,2229.959981459575,1574.1809377489026,1273.9403871768172,25.324661303003385,,
8-309,VOICE_ASSISTANT,674.5831375896681,2.0,150,CloudNode,194,1.0,12000.0,658.9130717101505,2232.512831504379,1573.5997597942285,1271.8275498024816,28.107630732902837,,
6-385,HEALTH_MONITORING,599.0654593431004,1.0,100,CloudNode,259,1.0,12000.0,723.682792720359,2233.0612696491435,1509.3784769287845,1275.901505231157,24.961060805962518,,
1-410,HEALTH_MONITORING,152.4522906586041,1.0,100,CloudNode,317,1.0,12000.0,751.8347698622346,2234.748883655563,1482.9141137933284,1291.8976304915564,6.352178777441838,,
3-342,HEALTH_MONITORING,618.4562702078048,1.0,100,CloudNode,281,1.0,12000.0,734.7609079252105,2237.24795897041,1502.4870510451992,1273.2297901928341,25.769011258658534,,
1-12,HEALTH_MONITORING,937.4646782284319,1.0,100,FogNode_3,0,0.0,1899.4436001125757,14.67693824965105,2240.5973888451686,2225.9204505955177,1637.8260928128173,44.508842664303586,,
9-373,HEALTH_MONITORING,514.3095362852014,1.0,100,CloudNode,351,1.0,12000.0,772.971652777356,2240.6691755807674,1467.6975228034114,1280.463785172948,21.429564011883393,,
7-314,VOICE_ASSISTANT,386.3398958992179,2.0,150,CloudNode,190,1.0,12000.0,666.0625549466107,2241.5507279637586,1575.4881730171478,1287.6948327262364,16.09749566246741,,
4-29,E_COMMERCE_TRANSACTION,634.6652084130864,0.5,300,FogNode_7,0,0.5,1727.0272900361456,64.66286598827665,2244.9661817610895,2180.3033157728128,1763.6558015247945,43.49936954294358,,
7-346,VOICE_ASSISTANT,59.176260948427434,2.0,150,CloudNode,251,1.0,12000.0,719.7239629288504,2245.600530659803,1525.8765677309527,1295.3473749119687,2.4656775395178094,,
9-362,HEALTH_MONITORING,438.9776236923692,1.0,100,CloudNode,315,1.0,12000.0,750.9549101834306,2246.4789624708187,1495.5240522873883,1286.2277888791612,18.290734320515384,,
9-365,HEALTH_MONITORING,746.4086172696112,1.0,100,CloudNode,324,1.0,12000.0,755.358690910799,2247.7159129549086,1492.3572220441097,1274.629182551383,31.100359052900465,,
6-134,SENSOR_DATA_LOGGING,562.7351768760416,0.1,10000,FogNode_6,27,1.0,816.2509881302752,268.17978827000394,2249.6711863856663,1981.4913981156624,1271.0270293926505,75.82591033643632,,
0-330,VOICE_ASSISTANT,543.0661016045067,2.0,150,CloudNode,190,1.0,12000.0,669.4685085470426,2249.899272246121,1580.4307636990786,1285.9891129983814,22.627754233521113,,
5-360,E_COMMERCE_TRANSACTION,950.9106606677102,0.5,300,CloudNode,330,1.0,12000.0,757.8301488914414,2251.8267849305544,1493.9966360391131,1268.7892062048713,39.621277527821256,,
2-384,E_COMMERCE_TRANSACTION,900.8839017844757,0.5,300,CloudNode,409,1.0,12000.0,793.1243351860362,2256.217669883555,1463.093334697519,1275.6182473714484,37.536829241019824,,
2-360,HEALTH_MONITORING,788.4867458045221,1.0,100,CloudNode,284,1.0,12000.0,738.7704357196128,2256.763474976006,1517.993039256393,1276.9124077478248,32.85361440852176,,
0-39,HEALTH_MONITORING,646.3372881058724,1.0,100,FogNode_9,0,1.0,1349.236560939329,77.80467478827019,2260.926756353073,2183.1220815648026,1613.3277253292954,65.00837018859066,,
8-329,VOICE_ASSISTANT,470.588999134704,2.0,150,CloudNode,209,1.0,12000.0,697.124377741627,2262.030190079792,1564.905812338165,1291.8418250300501,19.607874963946,,
5-330,VOICE_ASSISTANT,634.7692893730372,2.0,150,CloudNode,192,1.0,12000.0,680.933074963652,2262.591635522452,1581.6585605588002,1287.1543951974584,26.448720390543215,,
6-362,VOICE_ASSISTANT,369.91990703949654,2.0,150,CloudNode,193,1.0,12000.0,673.4470407037743,2263.339490424337,1589.8924497205626,1291.071886228494,15.413329459979021,,
2-331,VOICE_ASSISTANT,957.9161704810438,2.0,150,CloudNode,197,1.0,12000.0,685.9064895009612,2266.3081155125833,1580.401626011622,1273.7491738213134,39.91317377004349,,
6-28,E_COMMERCE_TRANSACTION,791.6010044348559,0.5,300,FogNode_7,0,0.5,1727.0272900361456,66.86489522539472,2267.5310006668096,2200.666105441415,1696.0001686299101,54.25560463378177,,
5-20,VOICE_ASSISTANT,653.0337549200988,2.0,150,FogNode_3,3,1.0,1899.4436001125757,28.078685754987088,2272.2525870218988,2244.173901266912,1733.8635781600187,31.00466324464078,,
8-353,HEALTH_MONITORING,987.2018708454332,1.0,100,CloudNode,291,1.0,12000.0,739.9963166836344,2272.8649721043503,1532.8686554207159,1277.597484436726,41.13341128522639,,
4-402,E_COMMERCE_TRANSACTION,595.7810040187768,0.5,300,CloudNode,451,1.0,12000.0,809.0963947693728,2273.9312623447513,1464.8348675753787,1292.4775360701788,24.82420850078237,,
8-345,VOICE_ASSISTANT,278.39676776451336,2.0,150,CloudNode,259,1.0,12000.0,723.3111247674412,2275.0265155775974,1551.7153908101561,1295.1194077442374,11.599865323521389,,
7-32,HEALTH_MONITORING,933.8583361396602,1.0,100,FogNode_9,0,1.0,1349.236560939329,77.47585413157479,2275.4443412297196,2197.968487098145,1420.6205988687266,93.92713299487694,,
7-327,VOICE_ASSISTANT,513.1253496271736,2.0,150,CloudNode,209,1.0,12000.0,691.7708654119022,2275.8217154514077,1584.0508500395056,1291.0119574012572,21.380222901132232,,
1-30,VOICE_ASSISTANT,800.5790603191332,2.0,150,FogNode_1,0,0.6,1597.9384595498836,47.70194502727853,2275.9315136004047,2228.229568573126,1555.3605010581798,66.13390478856903,,
7-334,VOICE_ASSISTANT,677.1185797069546,2.0,150,CloudNode,218,1.0,12000.0,704.6459572406892,2276.504528961232,1571.8585717205428,1290.4758181420525,28.213274154456442,,
3-330,VOICE_ASSISTANT,276.66341614263786,2.0,150,CloudNode,213,1.0,12000.0,702.5131724613942,2279.272954562108,1576.759782100714,1299.4112468247745,11.527642339276577,,
9-349,VOICE_ASSISTANT,835.2116727614273,2.0,150,CloudNode,221,1.0,12000.0,707.0882736620875,2279.7342070266336,1572.6459333645462,1284.2934677734388,34.80048636505947,,
8-12,VOICE_ASSISTANT,920.814385476705,2.0,150,FogNode_1,0,0.0,1597.9384595498836,26.6340871312774,2280.1914796574847,2253.5573925262074,1509.8209164813854,76.0662549340047,,
6-112,SENSOR_DATA_LOGGING,258.2613667820575,0.1,10000,FogNode_3,31,1.0,1899.4436001125757,220.02079216042392,2281.5121592063324,2061.4913670459086,1907.0044755645745,12.26170415518272,,
9-354,VOICE_ASSISTANT,561.5672229228239,2.0,150,CloudNode,252,1.0,12000.0,720.3010353232495,2281.546152232465,1561.2451169092155,1292.6147134370437,23.398634288450996,,
7-338,VOICE_ASSISTANT,658.8228762368663,2.0,150,CloudNode,238,1.0,12000.0,714.873476932744,2284.861887812647,1569.9884108799033,1288.926117654204,27.450953176536096,,
8-319,VOICE_ASSISTANT,758.5211152102979,2.0,150,CloudNode,193,1.0,12000.0,677.0336356877852,2287.790792751166,1610.7571570633809,1287.3874618912826,31.60504646709575,,
1-414,HEALTH_MONITORING,585.7607666828354,1.0,100,CloudNode,330,1.0,12000.0,757.8155505709784,2290.364125187328,1532.54857461635,1293.9750020138956,24.406698611784808,,
5-377,HEALTH_MONITORING,519.3651544065324,1.0,100,CloudNode,407,1.0,12000.0,791.8175908960909,2290.9963424887865,1499.1787515926956,1292.9326276032448,21.64021476693885,,
8-327,VOICE_ASSISTANT,792.566172551794,2.0,150,CloudNode,199,1.0,12000.0,688.1779208485646,2291.150301959632,1602.9723811110675,1285.0047427358963,33.02359052299142,,
7-367,HEALTH_MONITORING,675.7143464483883,1.0,100,CloudNode,408,1.0,12000.0,792.3556805274005,2293.557487841109,1501.2018073137083,1293.667039282446,28.154764435349513,,
2-328,VOICE_ASSISTANT,863.9680965506251,2.0,150,CloudNode,192,1.0,12000.0,681.9151042350393,2294.110413179112,1612.1953089440728,1291.910719222077,35.99867068960938,,
4-359,VOICE_ASSISTANT,122.24344595591973,2.0,150,CloudNode,228,1.0,12000.0,709.7072916922159,2295.0488416423073,1585.3415499500913,1307.6492968014563,5.0934769148299885,,
3-15,HEALTH_MONITORING,927.6285170378767,1.0,100,FogNode_3,0,0.0,1899.4436001125757,16.451649311096574,2298.298761762934,2281.847112451838,1698.5103739353015,44.041842508438,,
6-393,VOICE_ASSISTANT,233.3931273871487,2.0,150,CloudNode,283,1.0,12000.0,737.5152629545474,2298.722381844371,1561.2071188898235,1306.503919312675,9.724713641131196,,
5-341,VOICE_ASSISTANT,609.1430358353616,2.0,150,CloudNode,262,1.0,12000.0,725.9421797276357,2300.661191899068,1574.7190121714323,1293.34628119319,25.3809598264734,,
8-331,VOICE_ASSISTANT,465.58713395886514,2.0,150,CloudNode,211,1.0,12000.0,699.9807793714982,2300.8291179096977,1600.8483385381996,1304.2885770099683,19.39946391495271,,
8-333,VOICE_ASSISTANT,680.0336639610446,2.0,150,CloudNode,211,1.0,12000.0,701.7107806992698,2302.2700026565567,1600.5592219572868,1297.203327043684,28.334735998376857,,
4-348,VOICE_ASSISTANT,880.365774684617,2.0,150,CloudNode,208,1.0,12000.0,695.0868144653095,2302.4481176438603,1607.3613031785508,1288.0839738586678,36.681907278525706,,
4-403,HEALTH_MONITORING,352.3851696274308,1.0,100,CloudNode,456,1.0,12000.0,810.992792935026,2305.1871462536938,1494.1943533186677,1303.3068088600428,14.68271540114295,,
6-16,VOICE_ASSISTANT,215.2235248971834,2.0,150,FogNode_0,4,1.0,1189.2931772946604,46.25431745770505,2305.886984011135,2259.63266655343,1913.63870332382,13.704182793772182,,
1-402,VOICE_ASSISTANT,370.7381972168555,2.0,150,CloudNode,284,1.0,12000.0,738.1760906286983,2305.9213653456686,1567.7452747169705,1302.738522336914,15.447424884035646,,
9-353,VOICE_ASSISTANT,538.7861585622163,2.0,150,CloudNode,239,1.0,12000.0,716.1083195147218,2307.4904820693037,1591.382162554582,1300.1194084784313,22.44942327342568,,
1-408,VOICE_ASSISTANT,229.97118098522841,2.0,150,CloudNode,310,1.0,12000.0,749.3314151243379,2310.3145670417343,1560.9831519173963,1272.097493746778,9.582132541051184,,
2-342,VOICE_ASSISTANT,456.10868077488766,2.0,150,CloudNode,213,1.0,12000.0,703.1751377666119,2314.5135856924726,1611.3384479258607,1303.822845878064,19.004528365620317,,
4-367,VOICE_ASSISTANT,826.6567970467631,2.0,150,CloudNode,260,1.0,12000.0,724.7832915454594,2315.3670288913822,1590.5837373459228,1293.820015615041,34.444033210281795,,
1-43,E_COMMERCE_TRANSACTION,748.446623489558,0.5,300,FogNode_7,0,0.375,1727.0272900361456,64.63214199963046,2315.4121455787854,2250.7800035791547,1762.804239494732,51.297843062401185,,
1-434,HEALTH_MONITORING,512.8966784103146,1.0,100,CloudNode,412,1.0,12000.0,794.0765153637936,2315.6063619718766,1521.529846608083,1302.0974201884146,21.370694933763108,,
5-380,HEALTH_MONITORING,418.45276030981665,1.0,100,CloudNode,422,1.0,12000.0,798.233094359074,2316.4172155916162,1518.184121232542,1307.4928304212376,17.435531679575696,,
1-389,VOICE_ASSISTANT,639.250297568517,2.0,150,CloudNode,244,1.0,12000.0,716.8422648518234,2316.6103485550466,1599.768083703223,1299.507945826812,26.635429065354877,,
1-162,SMART_HOME_CONTROL,425.48016367239757,0.1,150,FogNode_6,28,1.0,816.2509881302752,277.16823520238256,2317.5388583871913,2040.3706231848087,1504.6425808747726,57.33144481860281,,
4-354,VOICE_ASSISTANT,463.904028237611,2.0,150,CloudNode,214,1.0,12000.0,703.807301414692,2318.3928760464346,1614.5855746317425,1305.7813391034324,19.32933450990046,,
8-347,VOICE_ASSISTANT,760.6076030687575,2.0,150,CloudNode,263,1.0,12000.0,726.5719248928514,2320.1474418984026,1593.5755170055513,1299.228384668093,31.691983461198234,,
0-363,VOICE_ASSISTANT,399.2250167495597,2.0,150,CloudNode,260,1.0,12000.0,724.4989588561207,2321.0595441469627,1596.560585290842,1308.4036892250267,16.63437569789832,,
1-128,SMART_HOME_CONTROL,155.3477205336951,0.1,150,FogNode_1,25,1.0,1597.9384595498836,216.3626741982115,2325.796058241649,2109.4333840434374,1998.6894799119536,12.832900419355482,,
1-450,E_COMMERCE_TRANSACTION,631.0507027321537,0.5,300,CloudNode,483,1.0,12000.0,823.7102968466932,2326.518820905764,1502.808524059071,1301.689537635247,26.293779280506403,,
0-137,E_COMMERCE_TRANSACTION,67.68893872495156,0.5,300,FogNode_6,26,1.0,816.2509881302752,258.157383439033,2332.5978103153984,2074.4404268763656,1941.5875393304264,9.120765165276499,,
6-110,SMART_HOME_CONTROL,725.526167170311,0.1,150,FogNode_3,31,1.0,1899.4436001125757,215.41639270282923,2332.739201445371,2117.3228087425414,1717.7769172275634,34.44644984858824,,
4-487,VOICE_ASSISTANT,393.55530571123955,2.0,150,CloudNode,691,1.0,12000.0,996.7098507880537,2333.4574673750044,1336.7476165869507,1049.9604147279156,16.398137737968316,,
9-351,VOICE_ASSISTANT,848.5675087747944,2.0,150,CloudNode,229,1.0,12000.0,710.9383040160993,2337.0220745771494,1626.0837705610502,1297.2540106121967,35.356979532283106,,
6-34,E_COMMERCE_TRANSACTION,627.15388497994,0.5,300,FogNode_7,1,1.0,1727.0272900361456,74.61044267472201,2338.7231953239334,2264.1127526492114,1848.8999555646442,42.98455034465796,,
4-31,E_COMMERCE_TRANSACTION,880.3678234974869,0.5,300,FogNode_7,0,0.5,1727.0272900361456,66.75124786634883,2342.1180492528665,2275.3668013865176,1718.8936570970889,60.33960075389646,,
5-496,GPS_TRACKING,566.1501665707386,0.2,200,CloudNode,691,1.0,12000.0,995.3664626311189,2342.2280221898686,1346.8615595587498,1203.3186040605035,23.589590273780775,,
6-4,VOICE_ASSISTANT,520.6809547359366,2.0,150,FogNode_9,0,0.0,1349.236560939329,19.81151798416446,2342.471587157381,2322.6600691732165,1763.3289234819845,52.369901719298696,,
2-6,VOICE_ASSISTANT,579.0066106370824,2.0,150,FogNode_9,0,0.0,1349.236560939329,12.364633685765119,2342.689765929389,2330.325132243624,1735.7332227709248,58.236275051132466,,
4-18,VOICE_ASSISTANT,317.76671198096284,2.0,150,FogNode_8,0,0.0,770.9711269175084,37.99941959469642,2343.8076599333285,2305.808240338632,1727.4862748050582,30.205209274681234,,
5-363,VOICE_ASSISTANT,673.5640589874753,2.0,150,CloudNode,333,1.0,12000.0,761.2924180297385,2347.126680737743,1585.8342627080042,1285.383058953124,28.065169124478135,,
8-100,SMART_HOME_CONTROL,192.50196646661826,0.1,150,FogNode_0,22,1.0,1189.2931772946604,228.1810178192751,2354.3069317152276,2126.1259138959526,1946.818315578194,12.257406052054042,,
5-499,SENSOR_DATA_LOGGING,762.0204833324112,0.1,10000,CloudNode,691,1.0,12000.0,998.5103407917396,2362.2240887887383,1363.7137479969988,1184.8574285333743,31.750853472183802,,
2-397,HEALTH_MONITORING,894.9171093636693,1.0,100,CloudNode,462,1.0,12000.0,815.0670994275048,2364.940550967634,1549.8734515401293,1295.7399661151221,37.28821289015289,,
9-371,VOICE_ASSISTANT,894.4212403489121,2.0,150,CloudNode,350,1.0,12000.0,772.6058455619702,2368.092591203518,1595.486745641548,1267.626837550374,37.26755168120467,,
0-396,VOICE_ASSISTANT,898.8997050216327,2.0,150,CloudNode,409,1.0,12000.0,793.0513398532335,2369.018721930915,1575.9673820776816,1265.2121074872134,37.45415437590136,,
5-61,HEALTH_MONITORING,130.88560483883595,1.0,100,FogNode_8,1,1.0,770.9711269175084,113.84802585841139,2370.6222167982874,2256.774190939876,1995.7580429737397,12.44128769988065,,
5-99,SMART_HOME_CONTROL,288.3815886253989,0.1,150,FogNode_0,22,1.0,1189.2931772946604,228.38089598765472,2407.572718665033,2179.1918226773782,1923.2051712182267,18.36246296388299,,
7-141,GPS_TRACKING,173.50905262446187,0.2,200,FogNode_6,34,1.0,816.2509881302752,286.6984387535449,2421.505372347925,2134.80693359438,1900.936208808328,23.379526298496437,,
1-41,VOICE_ASSISTANT,234.60601708179124,2.0,150,FogNode_1,4,1.0,1597.9384595498836,64.47311418554398,2427.009409772188,2362.536295586644,2048.659491539366,19.380237087799554,,
8-93,SENSOR_DATA_LOGGING,935.3409340227461,0.1,10000,FogNode_3,31,1.0,1899.4436001125757,213.6857461380852,2434.62650514679,2220.940759008705,1712.2812612558837,44.408011775518816,,
7-108,SENSOR_DATA_LOGGING,675.8079852208632,0.1,10000,FogNode_1,25,1.0,1597.9384595498836,214.47062397318615,2434.8100303915426,2220.3394064183562,1783.5541040692192,55.8268672829577,,
5-19,VOICE_ASSISTANT,622.6167313660808,2.0,150,FogNode_9,0,0.125,1349.236560939329,26.566103138412338,2444.521849462243,2417.9557463238307,1784.725981308953,62.62256518863644,,
8-16,GPS_TRACKING,771.9618585609493,0.2,200,FogNode_4,0,1.0,1758.3565909566523,43.107558938393396,2453.4591775602526,2410.351618621859,1940.9104503931037,64.30720164037295,,
4-22,E_COMMERCE_TRANSACTION,624.3773800093373,0.5,300,FogNode_4,0,1.0,1758.3565909566523,42.81591639010094,2453.7534969864564,2410.9375805963555,2010.7550238642373,52.012883318869406,,
7-52,HEALTH_MONITORING,86.98829778766947,1.0,100,FogNode_8,1,1.0,770.9711269175084,115.4105021547021,2456.63717423105,2341.2266720763478,2138.020905136083,8.26864375675152,,
8-26,VOICE_ASSISTANT,848.9947027728119,2.0,150,FogNode_1,0,1.0,1597.9384595498836,58.43601800271348,2459.0150971137787,2400.5790791110653,1700.0055775372962,70.13340420969132,,
6-143,SENSOR_DATA_LOGGING,122.0213214093602,0.1,10000,FogNode_6,33,1.0,816.2509881302752,285.9779622925315,2467.0288108451546,2181.050848552623,2009.071425296864,16.441797414697117,,
3-103,GPS_TRACKING,861.28000864593,0.2,200,FogNode_3,31,1.0,1899.4436001125757,215.63320952274975,2469.268139374583,2253.634929851833,1778.9894076773967,40.89175548157639,,
7-7,VOICE_ASSISTANT,677.6175054885724,2.0,150,FogNode_9,0,0.0,1349.236560939329,24.102045153864495,2475.2177587326187,2451.1157135787544,1774.9182722460193,68.15452311619502,,
5-116,SMART_HOME_CONTROL,736.9433360913273,0.1,150,FogNode_2,14,1.0,681.967788340379,256.81698457217254,2479.5476124271945,2222.730627855022,1120.3459526907898,90.4553908259625,,
9-50,HEALTH_MONITORING,969.6529791669144,1.0,100,FogNode_9,0,1.0,1349.236560939329,76.81654134892223,2491.994116826287,2415.177575477365,1609.3848713029154,97.5273452176677,,
9-140,SMART_HOME_CONTROL,140.40785756975558,0.1,150,FogNode_6,38,1.0,816.2509881302752,290.58857960033953,2504.6133540777128,2214.0247744773733,2023.977616204787,18.919296422374916,,
7-115,SENSOR_DATA_LOGGING,534.131266820799,0.1,10000,FogNode_3,31,1.0,1899.4436001125757,224.77564955927318,2521.8014565990848,2297.0258070398118,2000.6842018905409,25.35942427392363,,
1-27,E_COMMERCE_TRANSACTION,656.3245433055293,0.5,300,FogNode_4,0,0.5,1758.3565909566523,35.719765269639076,2523.087087515913,2487.367322246274,2061.522957885357,54.674197021279404,,
9-19,E_COMMERCE_TRANSACTION,807.8768977038327,0.5,300,FogNode_4,0,0.25,1758.3565909566523,29.018288107239425,2554.435854517849,2525.417566410609,2016.7206839641449,67.2990536839295,,
7-107,GPS_TRACKING,192.07002390115548,0.2,200,FogNode_1,25,1.0,1597.9384595498836,212.72112662294475,2555.008666799142,2342.287540176197,2200.306122537222,15.866441308561939,,
2-65,HEALTH_MONITORING,84.76730526820353,1.0,100,FogNode_8,1,1.0,770.9711269175084,116.67336353928697,2566.5859159006886,2449.9125523614016,2246.598096648758,8.057528050421686,,
2-113,SMART_HOME_CONTROL,546.7776349066733,0.1,150,FogNode_3,31,1.0,1899.4436001125757,222.73694730366998,2569.3741598860406,2346.6372125823705,2038.3575422574352,25.959847117025017,,
4-131,SENSOR_DATA_LOGGING,743.1221115190853,0.1,10000,FogNode_6,27,1.0,816.2509881302752,270.9623564427801,2581.507912069843,2310.5455556270626,1380.5782491870964,100.13219878998541,,
2-142,SENSOR_DATA_LOGGING,547.4156077142154,0.1,10000,FogNode_6,28,1.0,816.2509881302752,278.6882053616854,2598.583217939041,2319.8950125773554,1628.7876524397552,73.76167066315685,,
5-123,SMART_HOME_CONTROL,351.07724444873554,0.1,150,FogNode_2,19,1.0,681.967788340379,268.0843446047932,2601.854575122846,2333.770230518053,1799.853809318386,43.092633858591284,,
2-139,GPS_TRACKING,484.6127555990856,0.2,200,FogNode_6,28,1.0,816.2509881302752,276.74421458612505,2606.3477434450347,2329.6035288589096,1712.8017978430737,65.29928261805463,,
0-111,SENSOR_DATA_LOGGING,487.7912065359355,0.1,10000,FogNode_1,24,1.0,1597.9384595498836,210.9912019037858,2631.0588821136894,2420.0676802099038,2092.6709305627937,40.295254783317986,,
8-30,VOICE_ASSISTANT,491.47926136944994,2.0,150,FogNode_9,0,0.75,1349.236560939329,71.24432528203086,2639.7090488413232,2568.4647235592925,2035.8833255649383,49.43280598393503,,
3-38,HEALTH_MONITORING,946.6495293615454,1.0,100,FogNode_7,0,0.25,1727.0272900361456,51.87151630549484,2641.337471778626,2589.465955473131,1953.00941313103,64.882487899903,,
3-33,VOICE_ASSISTANT,831.3018929451143,2.0,150,FogNode_9,0,0.5,1349.236560939329,47.37392849232533,2643.5247715179767,2596.1508430256513,1808.496004335805,83.61204310743705,,
3-62,HEALTH_MONITORING,70.98609708377012,1.0,100,FogNode_8,1,1.0,770.9711269175084,118.24146012235008,2658.659528783685,2540.418068661335,2354.945391189736,6.747559883291268,,
2-28,HEALTH_MONITORING,763.1064287194542,1.0,100,FogNode_7,0,0.25,1727.0272900361456,51.03682591659469,2665.2756019492263,2614.2387760326314,2080.4474906086,52.30261262699937,,
2-30,HEALTH_MONITORING,831.8214045714498,1.0,100,FogNode_7,0,0.25,1727.0272900361456,52.469050397705686,2675.4416631562626,2622.972612758557,2053.2464824158665,57.01227385956358,,
5-107,SMART_HOME_CONTROL,422.75268305707135,0.1,150,FogNode_3,33,1.0,1899.4436001125757,233.55677543293726,2691.834728365178,2458.2779529322406,2219.989123235923,20.071404387904245,,
0-112,SENSOR_DATA_LOGGING,227.82802192684034,0.1,10000,FogNode_1,25,1.0,1597.9384595498836,212.8593360899472,2697.584884653624,2484.725548563677,2320.3822275134967,18.820323259855794,,
3-104,GPS_TRACKING,246.3163523959619,0.2,200,FogNode_3,31,1.0,1899.4436001125757,223.23586016087094,2699.052320575499,2475.816460414628,2317.760623357357,11.694580104238987,,
4-100,SMART_HOME_CONTROL,720.4155506694818,0.1,150,FogNode_1,24,1.0,1597.9384595498836,218.11326947703728,2726.7721241157888,2508.6588546387516,2044.619366221421,59.51179064961786,,
4-106,SENSOR_DATA_LOGGING,511.1941426815161,0.1,10000,FogNode_0,22,1.0,1189.2931772946604,228.32032019161682,2735.7171995046374,2507.3968793130207,2056.9798200541018,32.54987101321671,,
3-43,HEALTH_MONITORING,696.9982551360762,1.0,100,FogNode_7,0,1.0,1727.0272900361456,73.73319658744012,2745.7007020327706,2671.9675054453305,2180.7030458731715,47.77161922387472,,
5-97,GPS_TRACKING,466.7043928386482,0.2,200,FogNode_0,22,1.0,1189.2931772946604,226.0370498327041,2746.7285832883763,2520.691533455672,2104.229751238847,29.717022398795386,,
9-110,SENSOR_DATA_LOGGING,511.75594209782975,0.1,10000,FogNode_1,25,1.0,1597.9384595498836,214.0792137338121,2747.2695168115943,2533.190303077782,2193.525582927794,42.27492377353835,,
3-107,SENSOR_DATA_LOGGING,862.4907662442868,0.1,10000,FogNode_3,31,1.0,1899.4436001125757,225.93208990350433,2752.374242705442,2526.442152801938,2054.419916847174,40.94923969479678,,
7-27,HEALTH_MONITORING,840.0466526962165,1.0,100,FogNode_7,0,0.5,1727.0272900361456,69.27885815898473,2753.9429164151907,2684.664058256206,2112.1323472133126,57.576024799458736,,
4-102,SENSOR_DATA_LOGGING,915.7269938927934,0.1,10000,FogNode_3,31,1.0,1899.4436001125757,219.82729831897583,2754.3553427123124,2534.5280443933366,2031.3237104361503,43.476783329748606,,
5-65,HEALTH_MONITORING,91.59963064505554,1.0,100,FogNode_8,1,1.0,770.9711269175084,122.70434327498364,2777.4702435393574,2654.7659002643736,2445.183812079254,8.706972470052694,,
6-20,VOICE_ASSISTANT,712.3873554641461,2.0,150,FogNode_9,0,0.5,1349.236560939329,53.38886227757074,2788.9196792310204,2735.5308169534496,2039.1682645493356,71.65166202525887,,
6-23,HEALTH_MONITORING,956.8640110410759,1.0,100,FogNode_7,0,0.25,1727.0272900361456,59.680125680443766,2799.018811132713,2739.338685452269,2096.2448180899733,65.58257907770445,,
5-100,SENSOR_DATA_LOGGING,891.1327768004465,0.1,10000,FogNode_3,31,1.0,1899.4436001125757,228.61253220239465,2801.8938405974,2573.2813083950055,2088.779547149823,42.3091018539157,,
6-108,SENSOR_DATA_LOGGING,561.4450058742655,0.1,10000,FogNode_1,25,1.0,1597.9384595498836,212.43206157564543,2810.370934704931,2597.9388731292856,2224.505287048642,46.37961745802467,,
6-30,HEALTH_MONITORING,817.0019185572785,1.0,100,FogNode_7,0,0.625,1727.0272900361456,71.04697620318122,2811.791526826778,2740.7445506235968,2178.125692019214,55.99655992090485,,
0-145,SMART_HOME_CONTROL,236.57275592014008,0.1,150,FogNode_2,26,1.0,681.967788340379,279.6244392775268,2826.444870574618,2546.820431297091,2185.9808908649634,29.037892124828648,,
7-16,E_COMMERCE_TRANSACTION,547.6864556041678,0.5,300,FogNode_4,0,1.0,1758.3565909566523,47.473470138126906,2834.563416277074,2787.089946138947,2423.672110531176,45.62425325247805,,
9-107,GPS_TRACKING,60.23444531315691,0.2,200,FogNode_1,24,1.0,1597.9384595498836,209.72186046040454,2848.066031755242,2638.3441712948375,2571.2473064106916,4.975822212667713,,
7-26,HEALTH_MONITORING,931.1135915385067,1.0,100,FogNode_7,0,0.5,1727.0272900361456,68.23111767257078,2854.5545186671798,2786.323400994609,2155.142341327851,63.81766901334337,,
2-116,SENSOR_DATA_LOGGING,810.315363367151,0.1,10000,FogNode_3,31,1.0,1899.4436001125757,223.9689930123057,2861.2332037184797,2637.264210706174,2187.881214396096,38.47206177915139,,
9-51,VOICE_ASSISTANT,571.9215271870793,2.0,150,FogNode_9,0,1.0,1349.236560939329,80.54499665478119,2868.407136701207,2787.862140046426,2198.511924251308,57.52365992554587,,
1-150,SMART_HOME_CONTROL,631.920115974987,0.1,150,FogNode_2,17,1.0,681.967788340379,264.3021030604379,2876.9792502746836,2612.677147214246,1669.2463697004728,77.5644181335283,,
7-30,VOICE_ASSISTANT,722.3337752823318,2.0,150,FogNode_9,0,1.0,1349.236560939329,75.95981030533676,2878.0545760702053,2802.0947657648685,2099.54133501102,72.65206932573606,,
0-65,HEALTH_MONITORING,413.107966127291,1.0,100,FogNode_8,1,1.0,770.9711269175084,120.13137313350246,2906.4502805274396,2786.318907393937,2164.568518468378,39.267840524026624,,
8-28,VOICE_ASSISTANT,461.59608206572125,2.0,150,FogNode_1,4,1.0,1597.9384595498836,64.09305812045311,2919.928631325274,2855.8355732048212,2396.268490745061,38.13133874615947,,
5-95,SENSOR_DATA_LOGGING,287.6282855462838,0.1,10000,FogNode_1,24,1.0,1597.9384595498836,218.40999042118804,2927.2691180648894,2708.8591276437014,2508.3129421006115,23.760278770262346,,
7-140,SENSOR_DATA_LOGGING,418.4005460727162,0.1,10000,FogNode_6,33,1.0,816.2509881302752,286.63483410892815,2934.093475954531,2647.458641845603,2112.3769110781245,56.37749974570053,,
0-22,E_COMMERCE_TRANSACTION,851.8079932147264,0.5,300,FogNode_4,0,1.0,1758.3565909566523,44.300488836718834,2938.1876541964516,2893.887165359733,2356.142441178212,70.95867207824746,,
6-35,VOICE_ASSISTANT,614.6161528241552,2.0,150,FogNode_9,0,1.0,1349.236560939329,80.31927608819242,2947.5229474386624,2867.20367135047,2244.000717842567,61.817869898503034,,
5-44,VOICE_ASSISTANT,817.8402778636666,2.0,150,FogNode_9,0,1.0,1349.236560939329,74.93332872338522,2948.621984752812,2873.6886560294265,2102.1842878684033,82.25807874137726,,
3-7,HEALTH_MONITORING,882.6093836283463,1.0,100,FogNode_4,0,0.0,1758.3565909566523,6.4754103610880325,2955.4104815037567,2948.9350711426687,2356.400027980193,73.5245387751137,,
3-120,SENSOR_DATA_LOGGING,179.1677274211739,0.1,10000,FogNode_7,50,1.0,1727.0272900361456,251.50892777843603,2958.29794441086,2706.789016632424,2584.9876926088236,12.279991217338534,,
8-109,E_COMMERCE_TRANSACTION,309.23885891715855,0.5,300,FogNode_6,26,1.0,816.2509881302752,260.7373210037169,2960.3605730944973,2699.6232520907806,2267.914724190595,41.66847738036378,,
0-114,GPS_TRACKING,53.39798660552841,0.2,200,FogNode_1,24,1.0,1597.9384595498836,217.8254560631677,2960.685915993747,2742.8604599305795,2687.3875532955167,4.411078851679656,,
4-34,HEALTH_MONITORING,556.3672513285628,1.0,100,FogNode_7,0,1.0,1727.0272900361456,73.91394157966188,2963.4906042383445,2889.576662658683,2478.1686811282816,38.132899592285106,,
0-124,SENSOR_DATA_LOGGING,511.24407226167693,0.1,10000,FogNode_3,33,1.0,1899.4436001125757,233.35728522213176,2968.206967879255,2734.849682657123,2443.6274531011254,24.272788622131053,,
1-132,GPS_TRACKING,859.8207465164429,0.2,200,FogNode_3,31,1.0,1899.4436001125757,222.86024938850255,2974.471252356897,2751.611002968394,2270.2650395074206,40.82247279814766,,
9-124,SMART_HOME_CONTROL,304.0214378244958,0.1,150,FogNode_7,50,1.0,1727.0272900361456,251.03625590069885,2987.8289522794657,2736.792696378767,2545.7361330498143,20.837349672864317,,
1-158,GPS_TRACKING,889.6516599669179,0.2,200,FogNode_6,27,1.0,816.2509881302752,271.6149469421082,2991.101058753774,2719.486111811666,1603.4688060282772,119.87636417862136,,
1-51,VOICE_ASSISTANT,474.8237608682428,2.0,150,FogNode_9,3,1.0,1349.236560939329,86.94361475460221,2991.6293677938975,2904.6857530392954,2386.3530955456404,47.75760177990128,,
0-129,SENSOR_DATA_LOGGING,722.4253839065622,0.1,10000,FogNode_5,13,1.0,782.8923712617282,243.78664958667724,3004.8363710497442,2761.049721463067,1815.8560657872167,107.38114800731022,,
7-117,SENSOR_DATA_LOGGING,713.5357645412021,0.1,10000,FogNode_0,22,1.0,1189.2931772946604,228.96329234648198,3007.538965982044,2778.575673635562,2156.4980612417125,45.43380911467727,,
6-129,SENSOR_DATA_LOGGING,915.7555891130611,0.1,10000,FogNode_5,13,1.0,782.8923712617282,247.67541908195503,3011.5550513219528,2763.8796322399976,1578.800859562624,136.11770660842353,,
9-41,HEALTH_MONITORING,599.5108008319995,1.0,100,FogNode_7,0,0.5,1727.0272900361456,70.2093613629613,3012.4101285955608,2942.2007672325994,2501.060617989055,41.08991878660459,,
5-106,GPS_TRACKING,340.26925471710143,0.2,200,FogNode_0,22,1.0,1189.2931772946604,233.01910112396453,3032.8390741356607,2799.819973011696,2489.355067006025,21.666367874847545,,
2-138,SENSOR_DATA_LOGGING,527.7886093937036,0.1,10000,FogNode_9,52,1.0,1349.236560939329,272.3180699661998,3034.70051094966,2762.38244098346,2355.186685045323,53.0847870487818,,
3-138,SENSOR_DATA_LOGGING,805.5395298338094,0.1,10000,FogNode_6,31,1.0,816.2509881302752,283.48365085246496,3041.503498871296,2758.019848018831,1754.760276904979,108.54265144879736,,
4-119,GPS_TRACKING,768.6652552366714,0.2,200,FogNode_2,14,1.0,681.967788340379,251.95581220194777,3059.5807618856234,2807.6249496836754,1651.6125377040564,94.34906684352552,,
2-111,SENSOR_DATA_LOGGING,549.3780135759148,0.1,10000,FogNode_1,25,1.0,1597.9384595498836,215.66771230960057,3070.5763615647493,2854.9086492551487,2490.851726532846,45.38279233568709,,
3-126,SENSOR_DATA_LOGGING,144.68332953464636,0.1,10000,FogNode_7,50,1.0,1727.0272900361456,258.95594730090045,3071.6048893300135,2812.648942029113,2710.0004927408067,9.916462309108821,,
5-93,GPS_TRACKING,616.9905660983738,0.2,200,FogNode_1,24,1.0,1597.9384595498836,210.81370134266518,3083.7014853343358,2872.8877839916704,2462.2118469299608,50.968102185347625,,
3-34,E_COMMERCE_TRANSACTION,932.7992825193506,0.5,300,FogNode_4,0,1.0,1758.3565909566523,47.79069570297679,3084.9307992388462,3037.1401035358695,2453.4792914942664,77.70553802073759,,
7-109,SENSOR_DATA_LOGGING,379.84844212127103,0.1,10000,FogNode_1,24,1.0,1597.9384595498836,216.94781600527222,3085.7775905772687,2868.8297745719965,2608.487910762876,31.378363425244395,,
0-133,SENSOR_DATA_LOGGING,220.55070494119659,0.1,10000,FogNode_7,51,1.0,1727.0272900361456,248.8422906574531,3086.003340969232,2837.1610503117786,2686.702593787301,15.116342427501507,,
2-119,GPS_TRACKING,638.4890958925007,0.2,200,FogNode_3,31,1.0,1899.4436001125757,225.418822883204,3088.519572766655,2863.100749883451,2496.9480029592864,30.314113557490263,,
1-144,GPS_TRACKING,229.85116569419628,0.2,200,FogNode_7,50,1.0,1727.0272900361456,252.34340777858964,3096.5812432921057,2844.237835513516,2689.1479017478378,15.753787451825353,,
4-35,VOICE_ASSISTANT,593.1872945950826,2.0,150,FogNode_7,3,1.0,1727.0272900361456,75.02168752643269,3097.4159454850833,3022.3942579586505,2506.278103391021,40.65651148625086,,
6-114,E_COMMERCE_TRANSACTION,78.97122108669551,0.5,300,FogNode_5,13,1.0,782.8923712617282,221.8932462096295,3105.7074792448893,2883.81423303526,2735.4919061967876,11.738264696586665,,
6-123,SENSOR_DATA_LOGGING,830.7252223900335,0.1,10000,FogNode_3,35,1.0,1899.4436001125757,240.2229991471834,3129.1866046413666,2888.963605494183,2438.4601730896434,39.441078772694844,,
4-118,GPS_TRACKING,230.0048583110584,0.2,200,FogNode_7,50,1.0,1727.0272900361456,251.12731270842428,3145.589760230823,2894.4624475223986,2733.3772901994207,15.764321402400057,,
0-38,VOICE_ASSISTANT,919.1597128250113,2.0,150,FogNode_9,0,1.0,1349.236560939329,77.29833309483358,3156.4620560151493,3079.1637229203156,2227.2431845026754,92.44875078904508,,
0-125,GPS_TRACKING,681.9948436966857,0.2,200,FogNode_3,33,1.0,1899.4436001125757,237.32445421911203,3160.943640052496,2923.619185833384,2542.50879081088,32.37967456365918,,
5-125,GPS_TRACKING,302.86799801496085,0.2,200,FogNode_9,52,1.0,1349.236560939329,270.9793835269982,3171.996554797854,2901.0171712708557,2647.194010378776,30.462353473267033,,
2-34,VOICE_ASSISTANT,207.75811356957925,2.0,150,FogNode_8,1,1.0,770.9711269175084,59.84077215611688,3175.926148450323,3116.085376294206,2678.5169091920575,19.748378487354223,,
0-77,HEALTH_MONITORING,326.06511492156835,1.0,100,FogNode_8,1,1.0,770.9711269175084,132.64957861915698,3200.398033617878,3067.7484549987207,2552.8336535252242,30.994011210239655,,
3-20,VOICE_ASSISTANT,918.65175766287,2.0,150,FogNode_7,0,0.0,1727.0272900361456,24.199067851665415,3207.368264989893,3183.1691971382274,2480.2225084950833,62.96354638340669,,
2-112,E_COMMERCE_TRANSACTION,160.27714714638455,0.5,300,FogNode_3,31,1.0,1899.4436001125757,217.7905619522743,3213.56770821132,2995.777146259046,2861.138592300853,7.609620384314451,,
0-156,GPS_TRACKING,141.81529381028918,0.2,200,FogNode_6,44,1.0,816.2509881302752,303.80955552030167,3215.243311591321,2911.433756071019,2707.2272169905436,19.10894181609527,,
6-126,GPS_TRACKING,858.6113164100783,0.2,200,FogNode_5,13,1.0,782.8923712617282,244.50418763952464,3216.982505984694,2972.478318345169,1852.2793712254575,127.62379465352089,,
3-137,SENSOR_DATA_LOGGING,466.28070617332565,0.1,10000,FogNode_9,52,1.0,1349.236560939329,282.54151452586524,3223.6431256783662,2941.101611152501,2580.211942078699,46.89834443490716,,
2-133,SENSOR_DATA_LOGGING,264.7445544487358,0.1,10000,FogNode_7,50,1.0,1727.0272900361456,261.30523451551494,3239.2982865535573,2977.993052038042,2803.133170890256,18.145348217909422,,
3-106,GPS_TRACKING,940.0701466006124,0.2,200,FogNode_3,31,1.0,1899.4436001125757,225.91745867740343,3249.2740370841257,3023.3565784067223,2498.2521422844147,44.632544798941176,,
8-5,HEALTH_MONITORING,757.2952699686748,1.0,100,FogNode_4,0,0.0,1758.3565909566523,9.349171414685609,3265.246972652098,3255.8978012374123,2731.4040699196694,63.0854220154858,,
6-121,SMART_HOME_CONTROL,641.9991358837224,0.1,150,FogNode_0,22,1.0,1189.2931772946604,237.94475332336316,3275.5329052872157,3037.5881519638524,2479.6974651505875,40.87877250313289,,
0-141,GPS_TRACKING,308.6976787294083,0.2,200,FogNode_7,50,1.0,1727.0272900361456,262.8817745495861,3276.1610530525195,3013.2792785029333,2804.5377178330327,21.157854922716023,,
5-23,VOICE_ASSISTANT,923.0790286382371,2.0,150,FogNode_7,0,0.125,1727.0272900361456,32.07339667225582,3280.1908250110346,3248.1174283387786,2547.7072345689344,63.26698746331996,,
9-109,GPS_TRACKING,605.7037947267863,0.2,200,FogNode_1,25,1.0,1597.9384595498836,213.74098558999577,3298.981899057127,3085.240913467131,2680.143652099701,50.035729231499246,,
0-132,SMART_HOME_CONTROL,878.4876107046196,0.1,150,FogNode_7,51,1.0,1727.0272900361456,248.78221400456664,3307.6891811800983,3058.9069671755315,2533.08552027898,60.21073269872007,,
0-134,SENSOR_DATA_LOGGING,880.5161166259469,0.1,10000,FogNode_3,40,1.0,1899.4436001125757,249.04044367890165,3324.798490191719,3075.758046512817,2598.0127791446052,41.80504525498319,,
5-129,SENSOR_DATA_LOGGING,759.7989191509732,0.1,10000,FogNode_9,52,1.0,1349.236560939329,273.36953250176947,3352.05215069474,3078.6826181929705,2499.6074494491486,76.4202999177215,,
7-131,E_COMMERCE_TRANSACTION,250.51047419120397,0.5,300,FogNode_7,50,1.0,1727.0272900361456,259.2407001854865,3352.4212561247123,3093.180555939226,2903.1222872831813,17.169757451283857,,
6-145,GPS_TRACKING,618.0397340558821,0.2,200,FogNode_6,34,1.0,816.2509881302752,287.4181118708484,3355.7519602049206,3068.333848334072,2282.2749695243374,83.2779385128065,,
2-152,GPS_TRACKING,335.2007954040727,0.2,200,FogNode_6,45,1.0,816.2509881302752,302.9669759539919,3371.019549657444,3068.052573703452,2633.023587817155,45.16672584449106,,
1-24,HEALTH_MONITORING,744.3507301940826,1.0,100,FogNode_4,0,0.5,1758.3565909566523,31.832824563744463,3378.732311684466,3346.8994871207215,2834.8122676320113,62.00709525595095,,
1-134,SENSOR_DATA_LOGGING,513.3240480605979,0.1,10000,FogNode_1,26,1.0,1597.9384595498836,226.65972099603053,3391.8177992388846,3165.158078242854,2829.7390446927575,42.40446122409165,,
9-131,E_COMMERCE_TRANSACTION,642.9240104095702,0.5,300,FogNode_6,27,1.0,816.2509881302752,271.80149948293763,3394.002545410136,3122.2010459271983,2287.511520023468,86.63097735792829,,
2-128,GPS_TRACKING,801.5962347717706,0.2,200,FogNode_3,36,1.0,1899.4436001125757,241.23544459644052,3396.487591628177,3155.2521470317365,2709.707264114477,38.05809597133558,,
0-127,SENSOR_DATA_LOGGING,817.4212463862652,0.1,10000,FogNode_3,36,1.0,1899.4436001125757,242.43404862494413,3398.5547004140976,3156.1206517891533,2704.0698650080813,38.80943409475306,,
2-130,E_COMMERCE_TRANSACTION,451.2036944378303,0.5,300,FogNode_7,50,1.0,1727.0272900361456,255.38171468981463,3406.8500755952587,3151.468360905444,2842.795665556109,30.925086145131573,,
9-138,SENSOR_DATA_LOGGING,622.7349568372964,0.1,10000,FogNode_9,52,1.0,1349.236560939329,283.6303556260294,3410.1681471275942,3126.5377915015647,2646.006675079727,62.63445626368339,,
8-119,E_COMMERCE_TRANSACTION,330.16677845776684,0.5,300,FogNode_9,52,1.0,1349.236560939329,276.3068073408811,3416.7029228404654,3140.396115499584,2844.749249198636,33.208054916431024,,
5-119,SENSOR_DATA_LOGGING,941.5528327942773,0.1,10000,FogNode_2,17,1.0,681.967788340379,264.75368848171763,3417.9967348069804,3153.2430463252626,1750.8024613733792,115.56998388156096,,
4-123,E_COMMERCE_TRANSACTION,312.45984378905786,0.5,300,FogNode_7,50,1.0,1727.0272900361456,259.06137530310014,3420.221799222844,3161.1604239197436,2934.868079896063,21.415710255010726,,
9-33,VOICE_ASSISTANT,189.96295129404868,2.0,150,FogNode_8,1,1.0,770.9711269175084,61.82208702831668,3422.320526477886,3360.498439449569,2946.8423003193334,18.05686524715833,,
2-135,GPS_TRACKING,912.8272046674608,0.2,200,FogNode_2,17,1.0,681.967788340379,264.7621787113398,3432.0833513148227,3167.321172603483,1804.9357104637777,112.04408468188298,,
6-6,HEALTH_MONITORING,887.5848833797422,1.0,100,FogNode_4,0,0.25,1758.3565909566523,25.02371106404946,3442.968588817251,3417.9448777532016,2821.0752316395005,73.93901581465435,,
0-150,SENSOR_DATA_LOGGING,798.031796657468,0.1,10000,FogNode_6,41,1.0,816.2509881302752,296.8438637677646,3444.7082357552054,3147.864371987441,2156.0885180792434,107.53101982160915,,
5-42,VOICE_ASSISTANT,190.73016678402382,2.0,150,FogNode_8,1,1.0,770.9711269175084,73.01924765180382,3447.787540338577,3374.7682926867733,2955.5713132978112,18.129792660759993,,
7-127,SENSOR_DATA_LOGGING,692.5383947698383,0.1,10000,FogNode_3,41,1.0,1899.4436001125757,249.6531025731597,3453.1202351547317,3203.467132581572,2820.6204205377217,32.880260096892094,,
6-135,SENSOR_DATA_LOGGING,800.8961945534471,0.1,10000,FogNode_9,52,1.0,1349.236560939329,271.75934096206765,3461.999259639136,3190.2399186770685,2578.1470744764893,80.5538489830028,,
6-136,E_COMMERCE_TRANSACTION,595.1973586542039,0.5,300,FogNode_9,52,1.0,1349.236560939329,274.5332301518753,3475.8369105146344,3201.303680362759,2712.0653184878065,59.864734618755016,,
6-170,SMART_HOME_CONTROL,342.2903172131202,0.1,150,FogNode_9,57,1.0,1349.236560939329,324.4334671501108,3477.3349741818047,3152.9015070316937,2883.2442939405614,34.427436050565184,,
7-126,VOICE_ASSISTANT,128.19405258042707,2.0,150,FogNode_7,50,1.0,1727.0272900361456,245.2889601456981,3494.449956079441,3249.160995933743,3006.7419817129453,8.78630243549452,,
0-8,HEALTH_MONITORING,731.8026740196784,1.0,100,FogNode_4,0,0.25,1758.3565909566523,30.40617790023406,3501.1163885461515,3470.7102106459174,2964.1200252389654,60.96179700752923,,
0-118,E_COMMERCE_TRANSACTION,551.6404797581088,0.5,300,FogNode_3,31,1.0,1899.4436001125757,222.40297465539837,3503.989850635246,3281.5868759798477,2939.334274400869,26.190724718517675,,
7-114,SMART_HOME_CONTROL,675.4143829085774,0.1,150,FogNode_1,26,1.0,1597.9384595498836,224.59282778305993,3508.456185533192,3283.8633577501323,2843.511939042237,55.794352745499154,,
1-143,SMART_HOME_CONTROL,569.8621968289732,0.1,150,FogNode_0,24,1.0,1189.2931772946604,247.81843242063596,3511.999476052087,3264.1810436314513,2766.4330228416547,36.28551161558935,,
3-122,GPS_TRACKING,763.7352034485591,0.2,200,FogNode_7,50,1.0,1727.0272900361456,254.13410883276447,3513.8302136516545,3259.69610481889,2792.4535282609886,52.3457082685093,,
4-98,GPS_TRACKING,386.16113277344436,0.2,200,FogNode_1,25,1.0,1597.9384595498836,213.18473375569084,3540.643979637014,3327.459245881323,3054.798490350109,31.899839570753493,,
6-131,HEALTH_MONITORING,475.1380477936378,1.0,100,FogNode_7,50,1.0,1727.0272900361456,253.86476391213193,3555.309840521029,3301.445076608897,2936.2273851621553,32.56552470643052,,
2-118,SMART_HOME_CONTROL,991.5879213787916,0.1,150,FogNode_1,26,1.0,1597.9384595498836,224.96483201621885,3581.2279121217507,3356.263080105532,2720.4030622491946,81.91268599483357,,
2-117,E_COMMERCE_TRANSACTION,644.5786607246986,0.5,300,FogNode_3,31,1.0,1899.4436001125757,224.3781610528253,3588.625340111231,3364.2471790584054,2974.125132773565,30.603233232401713,,
5-134,SENSOR_DATA_LOGGING,885.3689057759483,0.1,10000,FogNode_6,41,1.0,816.2509881302752,297.2855769691674,3589.29063919071,3292.0050622215426,2191.7613169084507,119.2992832556191,,
3-124,GPS_TRACKING,867.7525279903383,0.2,200,FogNode_7,50,1.0,1727.0272900361456,257.2347278877136,3599.0356821980345,3341.800954310321,2809.0320555736243,59.47496000490849,,
4-125,HEALTH_MONITORING,338.4325008981396,1.0,100,FogNode_7,50,1.0,1727.0272900361456,259.25503023482383,3602.8125267103514,3343.557496475528,3058.228824291672,23.195852280481194,,
9-158,SENSOR_DATA_LOGGING,175.5159673997384,0.1,10000,FogNode_9,58,1.0,1349.236560939329,332.82042605566795,3605.922302862397,3273.101876806729,3127.6566825196323,17.653332389608018,,
5-96,SENSOR_DATA_LOGGING,841.2529377089418,0.1,10000,FogNode_1,24,1.0,1597.9384595498836,218.798273448357,3610.162897337593,3391.364623889236,2842.8515250396017,69.49387567465148,,
9-132,E_COMMERCE_TRANSACTION,872.462933199347,0.5,300,FogNode_9,52,1.0,1349.236560939329,275.6081883925684,3638.263885755629,3362.6556973630604,2669.103035904309,87.75200561839826,,
9-53,VOICE_ASSISTANT,180.00486961714975,2.0,150,FogNode_8,1,1.0,770.9711269175084,85.86107912392194,3655.798620964827,3569.937541840905,3170.486160233643,17.11030310051309,,
3-123,SENSOR_DATA_LOGGING,957.8634925391143,0.1,10000,FogNode_3,47,1.0,1899.4436001125757,256.1728398655664,3665.2299965846637,3409.0571567190973,2889.14371647648,45.47733527824212,,
4-38,VOICE_ASSISTANT,181.97633820230695,2.0,150,FogNode_8,1,1.0,770.9711269175084,91.54445436068308,3683.8227585832387,3592.2783042225556,3190.379288669757,17.297700392135944,,
2-129,SENSOR_DATA_LOGGING,809.6581885110743,0.1,10000,FogNode_0,26,1.0,1189.2931772946604,250.90973038978808,3688.328365911875,3437.4186355220872,2743.315387226317,51.55432623422954,,
4-121,HEALTH_MONITORING,694.5416909367219,1.0,100,FogNode_7,50,1.0,1727.0272900361456,255.01863897003037,3709.849410461817,3454.830771491787,2962.9426544757334,47.60324857349535,,
2-126,E_COMMERCE_TRANSACTION,474.95158491152466,0.5,300,FogNode_5,13,1.0,782.8923712617282,238.23976147090545,3712.3701602799356,3474.1303988090303,2813.2700821955054,70.59669769616981,,
5-104,E_COMMERCE_TRANSACTION,614.4223417987866,0.5,300,FogNode_3,32,1.0,1899.4436001125757,230.65916976982487,3722.02960736178,3491.370437591955,3117.839155571928,29.171474910643468,,
1-167,SENSOR_DATA_LOGGING,207.81616651467752,0.1,10000,FogNode_2,27,1.0,681.967788340379,285.52163888957574,3722.7269142490536,3437.205275359478,3118.896499232462,25.508192613209086,,
9-201,SENSOR_DATA_LOGGING,208.3161306484624,0.1,10000,FogNode_7,65,1.0,1727.0272900361456,411.5831272993441,3723.433742049747,3311.8506147504027,3177.8912416800376,14.277795960316165,,
7-130,HEALTH_MONITORING,310.08924343958336,1.0,100,FogNode_6,26,1.0,816.2509881302752,257.90395374755303,3735.6464386788534,3477.7424849313,3006.656145121774,41.783062683004424,,
7-29,VOICE_ASSISTANT,211.27947823488125,2.0,150,FogNode_1,5,1.0,1597.9384595498836,75.19732197491845,3742.38293182778,3667.1856098528615,3361.955634343619,17.453287988564497,,
6-142,SENSOR_DATA_LOGGING,212.69529564690893,0.1,10000,FogNode_2,27,1.0,681.967788340379,285.44891017085683,3743.968016959397,3458.5191067885403,3131.81782961624,26.10707655846215,,
3-147,E_COMMERCE_TRANSACTION,309.21417013686073,0.5,300,FogNode_6,47,1.0,816.2509881302752,308.43841776020986,3749.841964127231,3441.4035463670216,3014.4169541322426,41.665150683689916,,
4-127,HEALTH_MONITORING,291.75375481854945,1.0,100,FogNode_6,27,1.0,816.2509881302752,266.82574176914596,3751.433971602768,3484.608229833622,3034.819508515204,39.31244209043478,,
9-137,SENSOR_DATA_LOGGING,638.6323626637483,0.1,10000,FogNode_2,27,1.0,681.967788340379,281.39636248637277,3762.900189407065,3481.5038269206925,2529.8537808461483,78.38830630486653,,
4-44,VOICE_ASSISTANT,64.34959337977843,2.0,150,FogNode_8,1,1.0,770.9711269175084,95.83877500102474,3767.2883919034653,3671.4496169024405,3414.158850856163,6.1167292277401755,,
3-31,HEALTH_MONITORING,888.1211751650633,1.0,100,FogNode_4,0,1.0,1758.3565909566523,43.526226409929265,3770.332903306171,3726.8066768962417,3132.8212632464,73.98369085085498,,
8-121,E_COMMERCE_TRANSACTION,641.261926218393,0.5,300,FogNode_6,28,1.0,816.2509881302752,277.0303065662857,3776.719619151824,3499.6893125855386,2662.603906664242,86.4070193541805,,
8-118,E_COMMERCE_TRANSACTION,690.8379885893462,0.5,300,FogNode_6,27,1.0,816.2509881302752,274.27056981356895,3780.448333266002,3506.1777634524333,2611.7767694599756,93.08715987967948,,
7-133,E_COMMERCE_TRANSACTION,880.1619266124632,0.5,300,FogNode_7,50,1.0,1727.0272900361456,261.4505278992426,3785.8009016469455,3524.350373747703,2960.317132136176,60.32548877080574,,
8-145,SMART_HOME_CONTROL,598.241908753373,0.1,150,FogNode_9,55,1.0,1349.236560939329,320.3388979231683,3795.445048628725,3475.106150705557,3009.713079623224,60.17095436430693,,
9-113,E_COMMERCE_TRANSACTION,903.5071072629117,0.5,300,FogNode_3,31,1.0,1899.4436001125757,223.64156291822135,3800.467842632277,3576.8262797140555,3048.5975391277825,42.896608925297606,,
0-116,GPS_TRACKING,661.0243280391483,0.2,200,FogNode_1,25,1.0,1597.9384595498836,220.6049229867337,3805.4910067949186,3584.886083808185,3147.2042693679305,54.60562502851671,,
1-33,HEALTH_MONITORING,62.51111389347508,1.0,100,FogNode_4,2,1.0,1758.3565909566523,50.13151169350825,3805.883777466153,3755.7522657726445,3628.5471172184716,5.2074008078659935,,
5-28,HEALTH_MONITORING,758.3728725279469,1.0,100,FogNode_4,0,1.0,1758.3565909566523,45.90184745911024,3810.0287144893978,3764.1268670302875,3243.5088839675454,63.17519018770673,,
7-144,E_COMMERCE_TRANSACTION,486.17537377179343,0.5,300,FogNode_6,41,1.0,816.2509881302752,292.84100503275175,3810.863262858319,3518.0222578255675,2871.5327775763462,65.50983804505245,,
3-151,SENSOR_DATA_LOGGING,907.9934457674748,0.1,10000,FogNode_9,56,1.0,1349.236560939329,312.034186094487,3829.430364208144,3517.3961781136572,2829.7303782316594,91.32565169533767,,
9-114,SENSOR_DATA_LOGGING,519.8472667659248,0.1,10000,FogNode_1,26,1.0,1597.9384595498836,227.58523336396303,3833.779894753107,3606.1946613891437,3263.585309464475,42.94332858417615,,
1-146,HEALTH_MONITORING,856.0842928139898,1.0,100,FogNode_7,50,1.0,1727.0272900361456,258.1958690957851,3848.119440949616,3589.923571853831,3005.341042021038,58.67522989977313,,
6-38,VOICE_ASSISTANT,150.19594125164417,2.0,150,FogNode_8,1,1.0,770.9711269175084,89.59048712318739,3850.6125848186443,3761.022097695457,3394.1121216414863,14.276825314494962,,
9-170,SENSOR_DATA_LOGGING,217.6763356106315,0.1,10000,FogNode_6,58,1.0,816.2509881302752,348.90740560513603,3855.9688285908187,3507.061422985683,3225.228502671291,29.330859318239444,,
2-120,E_COMMERCE_TRANSACTION,873.664271569778,0.5,300,FogNode_3,31,1.0,1899.4436001125757,228.86488313669503,3856.445587494966,3627.580704358271,3117.28875600225,41.47973412524386,,
4-109,E_COMMERCE_TRANSACTION,686.709153665606,0.5,300,FogNode_5,13,1.0,782.8923712617282,239.59078708619396,3888.6988055252145,3649.1080184390207,2719.765414444531,102.07229550682369,,
2-42,VOICE_ASSISTANT,556.599527781872,2.0,150,FogNode_1,5,1.0,1597.9384595498836,75.77394750312953,3888.9674863749756,3813.193538871846,3295.517112217124,45.97934420245175,,
9-116,E_COMMERCE_TRANSACTION,836.262588980616,0.5,300,FogNode_3,33,1.0,1899.4436001125757,236.52095295048565,3893.387368609525,3656.8664156590394,3167.655798442786,39.70398124153298,,
9-29,HEALTH_MONITORING,799.4641401973531,1.0,100,FogNode_4,0,1.0,1758.3565909566523,43.20860532543859,3897.634123845272,3854.4255185198335,3307.54049838941,66.59824070033306,,
0-119,SENSOR_DATA_LOGGING,160.85296117456429,0.1,10000,FogNode_4,35,1.0,1758.3565909566523,225.2384153133293,3901.507861553106,3676.2694462397767,3566.294671959478,13.399630686400148,,
7-139,SENSOR_DATA_LOGGING,711.9652354846725,0.1,10000,FogNode_2,26,1.0,681.967788340379,279.78724839745007,3920.9658544181057,3641.1786060206555,2580.0866924703914,87.38947823565559,,
6-111,HEALTH_MONITORING,229.37902972955771,1.0,100,FogNode_3,31,1.0,1899.4436001125757,218.8935667717381,3921.229011700926,3702.335444929188,3487.3512091179646,10.890431801672399,,
5-115,VOICE_ASSISTANT,639.8158750005309,2.0,150,FogNode_7,50,1.0,1727.0272900361456,252.6127766066347,3925.7821999862576,3673.169423379623,3132.26902801311,43.852391492642006,,
4-107,HEALTH_MONITORING,559.3338956157868,1.0,100,FogNode_5,13,1.0,782.8923712617282,228.72053936151562,3931.4279599803062,3702.707420618791,2902.699567378924,83.13926554717041,,
3-136,HEALTH_MONITORING,398.00474374228105,1.0,100,FogNode_6,28,1.0,816.2509881302752,276.2569673777766,3932.309169205786,3656.0522018280094,3082.415810067649,53.62926160048161,,
1-136,SENSOR_DATA_LOGGING,205.11369755059175,0.1,10000,FogNode_1,38,1.0,1597.9384595498836,235.5222126610585,3933.852456714817,3698.3302440537586,3547.6537227634126,16.943947721084292,,
0-120,SMART_HOME_CONTROL,309.0265106621415,0.1,150,FogNode_1,26,1.0,1597.9384595498836,225.8575970105807,3935.773677770017,3709.916080759436,3493.5577487747564,25.527934524201733,,
5-188,SENSOR_DATA_LOGGING,731.456746150932,0.1,10000,FogNode_7,65,1.0,1727.0272900361456,404.9138366763225,3937.3653542779634,3532.451517601641,3090.912580010866,50.13337249895232,,
5-103,SMART_HOME_CONTROL,72.07278706599786,0.1,150,FogNode_4,35,1.0,1758.3565909566523,230.41739077276125,3938.622844470356,3708.2054536975947,3652.435271634667,6.003922602182363,,
7-163,SENSOR_DATA_LOGGING,405.4455762763811,0.1,10000,FogNode_9,58,1.0,1349.236560939329,331.51831275469567,3938.763878132142,3607.2455653774464,3286.4497662238323,40.77956911807326,,
8-91,HEALTH_MONITORING,830.3499138810404,1.0,100,FogNode_3,31,1.0,1899.4436001125757,211.32889661000135,3941.1441382549615,3729.81524164496,3205.144480716198,39.42325991747256,,
2-122,SMART_HOME_CONTROL,580.9257786984699,0.1,150,FogNode_1,29,1.0,1597.9384595498836,230.77232697633167,3944.77494062378,3714.002613647448,3333.8646202725895,47.988877103974076,,
1-164,SMART_HOME_CONTROL,919.2611184137212,0.1,150,FogNode_2,25,1.0,681.967788340379,280.7446654922331,3949.8084435171495,3669.0637780249162,2305.883688895736,112.83380914773579,,
3-160,SENSOR_DATA_LOGGING,477.27030965347956,0.1,10000,FogNode_9,58,1.0,1349.236560939329,331.3745498053058,3959.655905605275,3628.2813557999693,3254.842132394174,48.003674770028795,,
4-97,E_COMMERCE_TRANSACTION,53.7425388453715,0.5,300,FogNode_1,25,1.0,1597.9384595498836,212.06106132274417,3967.484877615751,3755.423816293007,3673.008157963418,4.439541480986233,,
6-115,VOICE_ASSISTANT,62.91462237694208,2.0,150,FogNode_5,13,1.0,782.8923712617282,224.96691378542525,3969.060582809552,3744.093669024127,3497.039916200925,9.351615444005832,,
2-205,SENSOR_DATA_LOGGING,448.889601196106,0.1,10000,FogNode_7,65,1.0,1727.0272900361456,410.9959062327917,3969.769797236198,3558.7738910034063,3284.55466330926,30.766480323126164,,
3-159,SMART_HOME_CONTROL,664.8944036816123,0.1,150,FogNode_9,58,1.0,1349.236560939329,331.0378396271381,3970.128026883191,3639.090187256053,3128.2781512800257,66.87483814762717,,
1-131,HEALTH_MONITORING,233.84749833823514,1.0,100,FogNode_3,31,1.0,1899.4436001125757,220.34751264542743,3979.559271062288,3759.211758416861,3543.2726294447707,11.102585252221436,,
0-184,SENSOR_DATA_LOGGING,194.28889550094047,0.1,10000,FogNode_6,59,1.0,816.2509881302752,350.73715781031456,3989.459895401015,3638.7227375907005,3381.496857535329,26.17951209555313,,
8-99,HEALTH_MONITORING,510.027530621918,1.0,100,FogNode_3,31,1.0,1899.4436001125757,222.796258491587,3990.5437820346633,3767.747523543076,3411.482023759239,24.21502979484283,,
4-164,SMART_HOME_CONTROL,788.3173810945499,0.1,150,FogNode_9,59,1.0,1349.236560939329,327.77519459179103,3994.437358262615,3666.6621636708237,3067.7804299707614,79.28867648418935,,
0-122,SMART_HOME_CONTROL,164.3234326367753,0.1,150,FogNode_4,35,1.0,1758.3565909566523,230.26005194361034,3994.960710356302,3764.7006584126916,3654.603677587608,13.688733451818631,,
1-229,SENSOR_DATA_LOGGING,378.6262078921363,0.1,10000,FogNode_7,65,1.0,1727.0272900361456,407.15576179392144,4005.0367006853103,3597.8809388913887,3357.0674465011803,25.950691982824967,,
1-138,GPS_TRACKING,211.26493950939354,0.2,200,FogNode_1,39,1.0,1597.9384595498836,238.85359805089382,4021.1784224387484,3782.3248243878547,3628.2745280593404,17.452086979526403,,
4-205,SENSOR_DATA_LOGGING,921.9656494808415,0.1,10000,FogNode_7,65,1.0,1727.0272900361456,406.2254305364311,4028.295399518581,3622.0699689821495,3073.0792737586303,63.190677480092646,,
8-106,SENSOR_DATA_LOGGING,410.1166346211695,0.1,10000,FogNode_0,25,1.0,1189.2931772946604,249.7993450248085,4033.169017864559,3783.3696728397504,3420.1247764403224,26.11384294676951,,
2-170,SENSOR_DATA_LOGGING,276.4488161569849,0.1,10000,FogNode_9,58,1.0,1349.236560939329,338.66916016999494,4034.3231340605435,3695.6539738905485,3476.0670233660585,27.805121736976318,,
9-203,SENSOR_DATA_LOGGING,188.02670375061388,0.1,10000,FogNode_7,66,1.0,1727.0272900361456,415.6989964844342,4034.6552356559364,3618.956239171502,3493.6534042305016,12.887177305402272,,
0-130,SMART_HOME_CONTROL,905.3911891524172,0.1,150,FogNode_0,23,1.0,1189.2931772946604,243.8432714513874,4036.818016845622,3792.9747453942346,3009.0844966745644,57.650047140259744,,
8-103,SENSOR_DATA_LOGGING,182.3334190659446,0.1,10000,FogNode_4,35,1.0,1758.3565909566523,232.40810240405642,4042.3182041054256,3809.910101701369,3690.0853204478512,15.189030151709964,,
2-109,HEALTH_MONITORING,867.439828000673,1.0,100,FogNode_3,31,1.0,1899.4436001125757,212.13049896350003,4045.306353408631,3833.175854445131,3287.4326901333575,41.1842106928158,,
3-32,HEALTH_MONITORING,973.1362739311053,1.0,100,FogNode_4,0,1.0,1758.3565909566523,46.535604277420205,4054.5514988849823,4008.015894607562,3363.1529528221863,81.06575460594198,,
7-121,SENSOR_DATA_LOGGING,107.70052237467738,0.1,10000,FogNode_4,35,1.0,1758.3565909566523,236.0972582828411,4056.2113821077482,3820.114123824907,3743.323938742231,8.971841202145415,,
6-192,SMART_HOME_CONTROL,235.17928407361666,0.1,150,FogNode_6,59,1.0,816.2509881302752,355.8182084166258,4064.8409047533573,3709.0226963367313,3406.4771757270364,31.689299052085914,,
1-189,SENSOR_DATA_LOGGING,146.3502149466246,0.1,10000,FogNode_9,58,1.0,1349.236560939329,339.4552063331777,4068.124812529007,3728.6696061958296,3604.540751316998,14.719851578285484,,
7-160,SMART_HOME_CONTROL,892.43415936452,0.1,150,FogNode_9,55,1.0,1349.236560939329,321.3339487410368,4078.1393122777736,3756.805363536737,3072.4822085063856,89.76070430801025,,
5-158,GPS_TRACKING,218.71620881045925,0.2,200,FogNode_6,59,1.0,816.2509881302752,349.9871406461893,4078.815414820127,3728.8282741739376,3439.7276517985847,29.470977326232344,,
3-112,GPS_TRACKING,418.9644476217093,0.2,200,FogNode_1,38,1.0,1597.9384595498836,235.58762962057804,4095.9704973497337,3860.382867729156,3573.8902528805856,34.60964227288739,,
2-207,SENSOR_DATA_LOGGING,651.7343187188129,0.1,10000,FogNode_7,65,1.0,1727.0272900361456,412.6247734806729,4100.807233759408,3688.1824602787347,3296.9124331022535,44.66927066106947,,
8-164,SENSOR_DATA_LOGGING,286.84482442682844,0.1,10000,FogNode_6,59,1.0,816.2509881302752,352.42563130282036,4101.259394057555,3748.833762754735,3382.8024808123946,38.65098687841693,,
0-175,SENSOR_DATA_LOGGING,871.7049833971638,0.1,10000,FogNode_9,58,1.0,1349.236560939329,332.771856789729,4108.0720156207035,3775.3001588309744,3114.938513558794,87.67577130199497,,
6-119,SMART_HOME_CONTROL,115.03279642806373,0.1,150,FogNode_4,35,1.0,1758.3565909566523,232.8395002002758,4119.972129159686,3887.1326289594103,3799.361430348266,9.582646024695288,,
5-56,VOICE_ASSISTANT,273.0562539601866,2.0,150,FogNode_8,1,1.0,770.9711269175084,108.43900708846303,4121.460220687662,4013.0212135991987,3492.9286385380606,25.955271536189283,,
7-165,SENSOR_DATA_LOGGING,70.97631349456526,0.1,10000,FogNode_9,58,1.0,1349.236560939329,338.0366171164164,4130.744107870588,3792.7074907541714,3721.773670586611,7.138771887659316,,
8-195,SMART_HOME_CONTROL,923.1357847688009,0.1,150,FogNode_7,65,1.0,1727.0272900361456,404.83675471849125,4133.558668658475,3728.7219139399836,3175.0248255545303,63.270877476297656,,
8-155,SMART_HOME_CONTROL,188.16951707565593,0.1,150,FogNode_9,58,1.0,1349.236560939329,334.66202964514565,4133.901053898504,3799.2390242533584,3639.281446506988,18.926021830043062,,
3-39,VOICE_ASSISTANT,604.8543831964987,2.0,150,FogNode_4,2,1.0,1758.3565909566523,53.02957799849369,4149.87224164191,4096.842663643416,3583.361492744366,50.3865474076523,,
6-188,GPS_TRACKING,131.38081284848124,0.2,200,FogNode_6,58,1.0,816.2509881302752,348.77280716940044,4150.416285970814,3801.6434788014135,3612.008070564548,17.702944731979123,,
1-124,E_COMMERCE_TRANSACTION,348.7352463461468,0.5,300,FogNode_1,24,1.0,1597.9384595498836,209.1896119981799,4154.014401786623,3944.8247897884435,3673.920275202968,28.80817738235696,,
1-129,HEALTH_MONITORING,949.8708260146481,1.0,100,FogNode_3,31,1.0,1899.4436001125757,216.56657434121217,4165.3084542753,3948.741879934088,3358.2191556701355,45.097860355007704,,
1-126,E_COMMERCE_TRANSACTION,322.2597041036955,0.5,300,FogNode_1,25,1.0,1597.9384595498836,213.11702140683911,4169.157039755507,3956.0400183486677,3703.078457505056,26.62109670953741,,
9-117,GPS_TRACKING,128.14315960969827,0.2,200,FogNode_1,39,1.0,1597.9384595498836,238.4219302600542,4176.163297544175,3937.741367284121,3827.3125404091743,10.585597271999564,,
0-123,HEALTH_MONITORING,538.7636973226245,1.0,100,FogNode_3,32,1.0,1899.4436001125757,232.7000258461639,4177.030271873772,3944.330246027608,3574.829714858092,25.57936228881365,,
5-135,HEALTH_MONITORING,83.37485735808062,1.0,100,FogNode_6,42,1.0,816.2509881302752,298.353381367069,4180.959067410443,3882.6056860433737,3694.211353235467,11.23436870153149,,
3-129,GPS_TRACKING,766.9440707939865,0.2,200,FogNode_2,17,1.0,681.967788340379,266.0837577177261,4184.185301728192,3918.1015440104657,2762.5342751055464,94.1378017382972,,
1-148,GPS_TRACKING,74.31514328265426,0.2,200,FogNode_1,59,1.0,1597.9384595498836,262.77996908129023,4222.6701844887375,3959.890215407447,3889.9026018744025,6.138994702465445,,
0-138,SMART_HOME_CONTROL,116.59416954892362,0.1,150,FogNode_1,56,1.0,1597.9384595498836,260.4554255236671,4242.1224088860345,3981.6669833623673,3892.066508658451,9.631563064835893,,
0-213,SENSOR_DATA_LOGGING,727.5071718915214,0.1,10000,FogNode_7,65,1.0,1727.0272900361456,412.4811537870855,4269.367660991521,3856.8865072044355,3418.1829790936554,49.8626723125076,,
6-191,SMART_HOME_CONTROL,401.7134446435721,0.1,150,FogNode_6,59,1.0,816.2509881302752,350.43934750942196,4272.5928457813825,3922.1534982719604,3409.496357226105,54.12899155084136,,
5-136,HEALTH_MONITORING,158.5691311349584,1.0,100,FogNode_6,42,1.0,816.2509881302752,298.7881735955382,4295.524556906767,3996.7363833112295,3716.2531295198164,21.366442358044594,,
4-54,VOICE_ASSISTANT,344.8615076909819,2.0,150,FogNode_8,1,1.0,770.9711269175084,111.55332464250446,4297.920526258429,4186.367201615924,3571.6386242864537,32.78069608251557,,
0-121,HEALTH_MONITORING,731.396312386321,1.0,100,FogNode_3,31,1.0,1899.4436001125757,228.29163616633087,4306.287200500516,4077.9955643341846,3602.3551696083364,34.72515194361517,,
0-256,SENSOR_DATA_LOGGING,290.4731566480622,0.1,10000,FogNode_3,63,1.0,1899.4436001125757,492.60994324900497,4318.233846022044,3825.6239027730394,3658.174421309599,13.791051895292732,,
5-113,SENSOR_DATA_LOGGING,301.99734460483285,0.1,10000,FogNode_4,37,1.0,1758.3565909566523,245.64393228914165,4321.622014218204,4075.9780819290622,3885.0740716882437,25.157465901959267,,
4-116,SENSOR_DATA_LOGGING,966.9579488211047,0.1,10000,FogNode_0,26,1.0,1189.2931772946604,250.3037721175673,4325.05210872647,4074.7483366089023,3244.086359161312,61.57026045766079,,
6-230,SMART_HOME_CONTROL,675.9615539857524,0.1,150,FogNode_7,66,1.0,1727.0272900361456,414.16281401629647,4328.76713344244,3914.604319426144,3505.103713165834,46.329783079129264,,
2-202,GPS_TRACKING,536.4813800944793,0.2,200,FogNode_7,65,1.0,1727.0272900361456,406.90122589856895,4338.934023001624,3932.032797103055,3593.2502730415085,36.76994027132644,,
0-216,SMART_HOME_CONTROL,540.2136196717297,0.1,150,FogNode_7,66,1.0,1727.0272900361456,422.13236966797746,4347.454936499357,3925.32256683138,3598.3746132171614,37.02574453858658,,
9-245,SENSOR_DATA_LOGGING,697.3862607412386,0.1,10000,FogNode_3,63,1.0,1899.4436001125757,489.8296143882769,4357.6967002365545,3867.8670858482774,3487.4125531146246,33.110426532801384,,
8-148,GPS_TRACKING,772.315716258198,0.2,200,FogNode_9,57,1.0,1349.236560939329,324.05118816205584,4367.854467863938,4043.8032797018823,3442.923263579605,77.67923483436005,,
3-193,GPS_TRACKING,412.88739803170915,0.2,200,FogNode_7,65,1.0,1727.0272900361456,410.91866797272917,4372.632712487318,3961.7140445145887,3696.271600864438,28.298922437411846,,
9-247,SENSOR_DATA_LOGGING,626.3736576903021,0.1,10000,FogNode_3,63,1.0,1899.4436001125757,490.86411004915357,4375.073269179743,3884.2091591305893,3540.492376570996,29.738898143753524,,
2-125,SENSOR_DATA_LOGGING,460.8157481486792,0.1,10000,FogNode_4,35,1.0,1758.3565909566523,237.3437290894597,4382.043969717333,4144.700240627873,3861.5769482766,38.38761061394685,,
1-171,SENSOR_DATA_LOGGING,425.7127069169518,0.1,10000,FogNode_2,30,1.0,681.967788340379,289.0752789960014,4387.141853302887,4098.066574306886,3458.912101493476,52.253690884829595,,
7-232,SENSOR_DATA_LOGGING,784.5188068292327,0.1,10000,FogNode_3,63,1.0,1899.4436001125757,488.33735003673297,4392.584857493354,3904.2475074566214,3476.8695637688847,37.247295766210215,,
5-193,SENSOR_DATA_LOGGING,731.2353854233239,0.1,10000,FogNode_7,65,1.0,1727.0272900361456,413.29552774798634,4393.176763438811,3979.8812356908243,3535.6142027175856,50.11820063831639,,
9-66,VOICE_ASSISTANT,218.70139553181116,2.0,150,FogNode_8,1,1.0,770.9711269175084,115.22899975913987,4405.1302413876865,4289.901241628547,3840.717129442321,20.78858851992951,,
6-128,GPS_TRACKING,448.6330784012968,0.2,200,FogNode_0,24,1.0,1189.2931772946604,246.56973982849246,4414.044664543899,4167.474924715406,3766.7497154671505,28.56634615886527,,
7-112,E_COMMERCE_TRANSACTION,649.3772505086216,0.5,300,FogNode_1,25,1.0,1597.9384595498836,219.9365340687556,4427.562815171584,4207.626281102828,3756.0117067814,53.643488052111316,,
5-131,HEALTH_MONITORING,408.9449916907938,1.0,100,FogNode_6,33,1.0,816.2509881302752,286.34810990894545,4433.3131467048315,4146.965036795886,3559.118122282444,55.10340840006056,,
1-137,HEALTH_MONITORING,944.3922886649719,1.0,100,FogNode_3,33,1.0,1899.4436001125757,237.70980108805335,4438.33831059522,4200.628509507166,3613.3147862527376,44.83775097425957,,
7-110,E_COMMERCE_TRANSACTION,794.3503535453224,0.5,300,FogNode_1,24,1.0,1597.9384595498836,218.85372144763178,4441.8844186502865,4223.030697202655,3680.4090371168727,65.61936634864168,,
3-110,GPS_TRACKING,701.2427448296348,0.2,200,FogNode_4,35,1.0,1758.3565909566523,229.78205056879247,4455.017146783795,4225.235096215003,3799.6069177637196,58.41604489977208,,
2-215,SMART_HOME_CONTROL,793.4144672737434,0.1,150,FogNode_7,66,1.0,1727.0272900361456,421.2507836461271,4464.447198626624,4043.196414980497,3570.551636631837,54.379897708517035,,
3-235,SENSOR_DATA_LOGGING,85.93400158371976,0.1,10000,FogNode_3,63,1.0,1899.4436001125757,498.3768413590937,4483.579981144757,3985.203139785663,3924.821738888977,4.079964872097084,,
3-232,SENSOR_DATA_LOGGING,217.65454631272118,0.1,10000,FogNode_3,63,1.0,1899.4436001125757,494.91622447031244,4489.66184990929,3994.7456254389776,3862.04446483265,10.333778095309441,,
8-162,E_COMMERCE_TRANSACTION,260.0498698905032,0.5,300,FogNode_6,58,1.0,816.2509881302752,348.338934697626,4499.5496402515,4151.2107055538745,3782.6952798717393,35.0404931619599,,
5-130,HEALTH_MONITORING,531.5100689044665,1.0,100,FogNode_6,32,1.0,816.2509881302752,285.1363155416084,4507.128921054482,4221.9926055128735,3484.310203973933,71.61847434417786,,
7-124,GPS_TRACKING,570.8768309262437,0.2,200,FogNode_0,23,1.0,1189.2931772946604,243.58145044398094,4513.182560214851,4269.60110977087,3764.959698561331,36.35011761599953,,
0-260,SENSOR_DATA_LOGGING,310.82664139609994,0.1,10000,FogNode_3,63,1.0,1899.4436001125757,498.4284258776947,4521.337590325462,4022.909164447767,3844.7017073955,14.757392357349023,,
3-139,SMART_HOME_CONTROL,532.3777431725301,0.1,150,FogNode_2,29,1.0,681.967788340379,288.5969939884682,4524.61741459167,4236.020420603202,3441.6598756637777,65.34618669751728,,
7-143,SENSOR_DATA_LOGGING,418.99143167975444,0.1,10000,FogNode_2,30,1.0,681.967788340379,289.8668186641043,4535.351810534013,4245.484991869908,3616.4103989377722,51.42869451312185,,
5-126,SENSOR_DATA_LOGGING,477.8061073190776,0.1,10000,FogNode_1,63,1.0,1597.9384595498836,272.6280788650884,4541.136494480838,4268.50841561575,3947.3179762823283,39.47040982590821,,
5-235,SMART_HOME_CONTROL,109.71311686592642,0.1,150,FogNode_3,63,1.0,1899.4436001125757,499.0478510614268,4547.422510378189,4048.3746593167625,3974.264025523262,5.208947035768723,,
2-127,HEALTH_MONITORING,654.0444903612863,1.0,100,FogNode_5,13,1.0,782.8923712617282,239.90509925303158,4547.790857134105,4307.885757881073,3384.1490932740535,97.21702723548653,,
1-172,HEALTH_MONITORING,325.139367672961,1.0,100,FogNode_6,41,1.0,816.2509881302752,292.569327744512,4548.748872884716,4256.179545140204,3763.1057849392673,43.81099592330317,,
5-132,SENSOR_DATA_LOGGING,112.72384221681287,0.1,10000,FogNode_2,30,1.0,681.967788340379,289.73680737799504,4552.433886363767,4262.697078985771,4078.8596331162908,13.836178039422991,,
0-126,GPS_TRACKING,408.1784446365717,0.2,200,FogNode_4,35,1.0,1758.3565909566523,241.8526259021517,4553.758343524706,4311.905717622554,4055.5588461335797,34.00273375349072,,
4-111,SENSOR_DATA_LOGGING,900.2915990848641,0.1,10000,FogNode_4,35,1.0,1758.3565909566523,240.8584581733884,4554.325611314592,4313.467153141203,3787.9569085788294,74.99753097310975,,
4-138,SENSOR_DATA_LOGGING,569.9974483430311,0.1,10000,FogNode_2,25,1.0,681.967788340379,280.57685907257996,4558.539775337645,4277.962916265064,3421.9553427824403,69.96378070685294,,
5-150,GPS_TRACKING,588.9544267384064,0.2,200,FogNode_9,58,1.0,1349.236560939329,333.56110424103844,4567.253496801155,4233.692392560117,3774.0701256787315,59.23682278926166,,
4-208,GPS_TRACKING,517.393010087228,0.2,200,FogNode_7,66,1.0,1727.0272900361456,414.0727681634958,4568.953552350771,4154.880784187275,3831.7388702981343,35.46164095081694,,
4-209,SMART_HOME_CONTROL,814.1682824800871,0.1,150,FogNode_7,66,1.0,1727.0272900361456,416.698044373459,4572.23480596821,4155.536761594751,3664.4063566825416,55.802345110894755,,
1-188,SMART_HOME_CONTROL,816.954886823131,0.1,150,FogNode_9,58,1.0,1349.236560939329,338.162731710975,4575.622208166252,4237.459476455277,3614.9760891057185,82.16902643140845,,
4-243,SMART_HOME_CONTROL,785.6766669569498,0.1,150,FogNode_3,63,1.0,1899.4436001125757,493.01770077157914,4590.665436882296,4097.647736110716,3669.5652329197933,37.30226851926286,,
1-232,SENSOR_DATA_LOGGING,448.47159153036245,0.1,10000,FogNode_7,69,1.0,1727.0272900361456,424.5080537141368,4607.13328328505,4182.625229570914,3909.130552786628,30.73783032517186,,
6-127,GPS_TRACKING,399.8454267595306,0.2,200,FogNode_4,37,1.0,1758.3565909566523,245.20686216683515,4609.441204621768,4364.234342454933,4112.103909522396,33.308563368064355,,
0-147,GPS_TRACKING,62.38380769257077,0.2,200,FogNode_2,27,1.0,681.967788340379,284.6834425666422,4616.093593905633,4331.4101513389905,4215.918381103164,7.657239613526894,,
7-118,E_COMMERCE_TRANSACTION,115.95982667280585,0.5,300,FogNode_4,35,1.0,1758.3565909566523,229.95519870113588,4620.273455608061,4390.318256906926,4270.497389280766,9.659870981102443,,
3-108,E_COMMERCE_TRANSACTION,312.74093809400864,0.5,300,FogNode_4,35,1.0,1758.3565909566523,227.58956911464142,4632.876939104907,4405.287369990266,4181.529650701576,26.052445913197836,,
9-157,SMART_HOME_CONTROL,939.105194214477,0.1,150,FogNode_9,58,1.0,1349.236560939329,332.3007908470871,4634.7909658955205,4302.490175048433,3584.523641770643,94.45486007844698,,
7-233,SMART_HOME_CONTROL,644.6974560309397,0.1,150,FogNode_3,63,1.0,1899.4436001125757,490.1042150197664,4645.701045687985,4155.596830668219,3794.968216957452,30.608873382604216,,
9-198,GPS_TRACKING,468.75212959239695,0.2,200,FogNode_7,65,1.0,1727.0272900361456,409.4405330628338,4664.598142994768,4255.157609931934,3954.1256715600375,32.127839747456086,,
1-163,SENSOR_DATA_LOGGING,407.1403243727552,0.1,10000,FogNode_1,64,1.0,1597.9384595498836,277.4548254162565,4682.353806614045,4404.898981197789,4132.492854813045,33.63287997680271,,
1-135,E_COMMERCE_TRANSACTION,231.6857486831631,0.5,300,FogNode_4,35,1.0,1758.3565909566523,229.3938258100949,4685.5210075228615,4456.127181712766,4278.815341165453,19.30025686183899,,
8-205,SENSOR_DATA_LOGGING,53.87206648261261,0.1,10000,FogNode_7,72,1.0,1727.0272900361456,428.13795775777606,4695.791666567568,4267.653708809792,4222.241719849519,3.692341878686904,,
6-178,SENSOR_DATA_LOGGING,443.92120551887547,0.1,10000,FogNode_9,58,1.0,1349.236560939329,340.209223103002,4696.87105277609,4356.6618296730885,4010.5329248753924,44.64943396273518,,
4-170,SMART_HOME_CONTROL,760.3407264570429,0.1,150,FogNode_9,58,1.0,1349.236560939329,340.2415069388081,4697.435091197122,4357.193584258314,3776.698801918743,76.47479470020122,,
8-163,E_COMMERCE_TRANSACTION,330.1010486189105,0.5,300,FogNode_6,59,1.0,816.2509881302752,351.7556946217717,4699.935765492313,4348.180070870541,3890.2686358015103,44.479559023648406,,
5-194,GPS_TRACKING,408.1888500711342,0.2,200,FogNode_7,66,1.0,1727.0272900361456,416.4685088861019,4700.800643894181,4284.33213500808,4024.9431135442837,27.976888282485763,,
4-143,SENSOR_DATA_LOGGING,352.7795739686572,0.1,10000,FogNode_2,29,1.0,681.967788340379,288.31249804615936,4701.481836843396,4413.169338797237,3876.3833869516666,43.30158463471989,,
1-187,SENSOR_DATA_LOGGING,859.4581916808868,0.1,10000,FogNode_9,58,1.0,1349.236560939329,336.0266792530915,4705.120737900714,4369.094058647623,3711.878227048878,86.44399342972112,,
0-259,SENSOR_DATA_LOGGING,426.26980529009865,0.1,10000,FogNode_3,63,1.0,1899.4436001125757,496.8669755551848,4707.998229343774,4211.13125378859,3969.126470139451,20.23838992211846,,
6-105,HEALTH_MONITORING,787.301482965372,1.0,100,FogNode_1,24,1.0,1597.9384595498836,204.80377697154307,4715.368434699915,4510.564657728372,3928.820536006878,65.0370761553214,,
2-115,E_COMMERCE_TRANSACTION,898.3270523194383,0.5,300,FogNode_1,26,1.0,1597.9384595498836,223.95066478486683,4716.193155887381,4492.242491102515,3879.5035993844067,74.20863059222054,,
2-242,GPS_TRACKING,775.137389122438,0.2,200,FogNode_3,63,1.0,1899.4436001125757,487.72694322522574,4726.320397829372,4238.593454604146,3806.007202820912,36.801885870374015,,
8-115,GPS_TRACKING,462.54135099236726,0.2,200,FogNode_1,63,1.0,1597.9384595498836,270.56371432152935,4731.345723137982,4460.782008816453,4142.599349114336,38.20942513174328,,
6-236,SENSOR_DATA_LOGGING,282.28959337588424,0.1,10000,FogNode_7,72,1.0,1727.0272900361456,426.76203226496943,4735.688849227698,4308.9268169627285,4132.150359193933,19.34786904593095,,
3-198,SENSOR_DATA_LOGGING,721.223260631915,0.1,10000,FogNode_7,69,1.0,1727.0272900361456,424.3497014090585,4746.37678257359,4322.027081164531,3891.0336919396836,49.43197881547449,,
2-245,SENSOR_DATA_LOGGING,446.02053176419906,0.1,10000,FogNode_3,63,1.0,1899.4436001125757,496.19146916749025,4756.154002741058,4259.962533573568,4005.059502943118,21.17611269456752,,
9-159,SENSOR_DATA_LOGGING,982.6606273679654,0.1,10000,FogNode_9,58,1.0,1349.236560939329,333.84304364238284,4762.631761188053,4428.78871754567,3679.0063218726486,98.83564975942635,,
1-161,SENSOR_DATA_LOGGING,364.4593045040036,0.1,10000,FogNode_1,63,1.0,1597.9384595498836,277.0864675323394,4769.217433597021,4492.130966064682,4241.325691661758,30.10710389273445,,
1-266,SMART_HOME_CONTROL,422.58038315185297,0.1,150,FogNode_3,63,1.0,1899.4436001125757,502.6341610044914,4769.898388644228,4267.264227639737,4030.627282520801,20.063223952363,,
3-237,SENSOR_DATA_LOGGING,344.6170645254305,0.1,10000,FogNode_3,65,1.0,1899.4436001125757,504.04272880717537,4772.095969752556,4268.053240945381,4073.445606742929,16.36169027016825,,
8-102,VOICE_ASSISTANT,661.6450484036911,2.0,150,FogNode_5,13,1.0,782.8923712617282,231.48525150098803,4776.556961987782,4545.0717104867945,3534.485661980815,98.34677248845121,,
2-212,SENSOR_DATA_LOGGING,757.6742123666211,0.1,10000,FogNode_7,66,1.0,1727.0272900361456,416.84155765343985,4777.649853804021,4360.808296150582,3900.6658353527523,51.93029351538468,,
1-231,SENSOR_DATA_LOGGING,712.737595102356,0.1,10000,FogNode_7,66,1.0,1727.0272900361456,421.05037431575727,4785.328909712689,4364.278535396932,3933.6370874863733,48.85037910621824,,
9-154,GPS_TRACKING,916.0140116625386,0.2,200,FogNode_9,58,1.0,1349.236560939329,330.4041634634832,4786.984845424853,4456.58068196137,3751.4500600060965,92.13235730620579,,
1-265,SMART_HOME_CONTROL,753.854678734897,0.1,150,FogNode_3,63,1.0,1899.4436001125757,497.8155539043169,4789.466701571388,4291.65114766707,3879.269123167438,35.79142773780832,,
5-199,SENSOR_DATA_LOGGING,114.5841244430567,0.1,10000,FogNode_7,70,1.0,1727.0272900361456,425.1052576754267,4802.036454215838,4376.931196540411,4288.848721732855,7.853490481014343,,
4-169,GPS_TRACKING,146.15674014233892,0.2,200,FogNode_9,58,1.0,1349.236560939329,338.91404438213726,4805.760602359216,4466.846557977079,4336.376919936003,14.70039195259063,,
5-238,SMART_HOME_CONTROL,322.0817519605796,0.1,150,FogNode_3,66,1.0,1899.4436001125757,505.036014971441,4815.267413408244,4310.231398436803,4127.074860618416,15.291761232164058,,
1-196,E_COMMERCE_TRANSACTION,444.347257837909,0.5,300,FogNode_6,59,1.0,816.2509881302752,354.642531108186,4816.968612916124,4462.326081807938,3870.2533023991386,59.87369675039969,,
9-121,GPS_TRACKING,600.2958172452047,0.2,200,FogNode_0,24,1.0,1189.2931772946604,246.37541781919478,4829.802181043142,4583.426763223947,4051.4753500274405,38.22334762798416,,
6-132,VOICE_ASSISTANT,329.6391784638215,2.0,150,FogNode_6,24,1.0,816.2509881302752,254.12811343524854,4837.158511987514,4583.030398552266,4006.144336064647,44.41732419915907,,
5-105,HEALTH_MONITORING,366.15853377797646,1.0,100,FogNode_4,35,1.0,1758.3565909566523,231.8486827809345,4841.11600486731,4609.267322086375,4313.483898787169,30.5023239203787,,
9-135,SMART_HOME_CONTROL,257.64554077310663,0.1,150,FogNode_1,64,1.0,1597.9384595498836,278.02023327968044,4843.590016452616,4565.569783172935,4382.267447374791,21.28347655745049,,
6-56,VOICE_ASSISTANT,339.72631267210784,2.0,150,FogNode_8,1,1.0,770.9711269175084,122.83795791446586,4845.777498867223,4722.939540952757,4109.857785749555,32.29257182543264,,
7-119,HEALTH_MONITORING,398.04523670577436,1.0,100,FogNode_4,35,1.0,1758.3565909566523,232.3561356009493,4846.64689928436,4614.290763683411,4302.738296731162,33.15860105646297,,
6-113,HEALTH_MONITORING,424.3198962840967,1.0,100,FogNode_4,34,1.0,1758.3565909566523,220.40131496502158,4850.757385006567,4630.3560700415455,4295.788073366415,35.347374779927875,,
3-169,GPS_TRACKING,654.4003946188786,0.2,200,FogNode_6,59,1.0,816.2509881302752,350.01021554470765,4866.555578468931,4516.545362924224,3683.9015433952736,88.17736598938433,,
6-241,SENSOR_DATA_LOGGING,211.08335368197103,0.1,10000,FogNode_7,76,1.0,1727.0272900361456,433.5414030836426,4868.60030208587,4435.058899002227,4299.442207970764,14.467458881406984,,
1-65,VOICE_ASSISTANT,468.03750384853873,2.0,150,FogNode_8,1,1.0,770.9711269175084,109.17036710237907,4904.995794718668,4795.825427616289,4014.6930931714137,44.48914948961515,,
9-112,VOICE_ASSISTANT,112.03333104434688,2.0,150,FogNode_4,34,1.0,1758.3565909566523,219.7895148420345,4910.361695032016,4690.572180189981,4455.26075764561,9.332779761090546,,
5-127,HEALTH_MONITORING,969.2234354401438,1.0,100,FogNode_6,27,1.0,816.2509881302752,272.9610432685634,4923.055029338291,4650.093986069728,3369.848792522277,130.59828553750762,,
7-122,HEALTH_MONITORING,450.503212223983,1.0,100,FogNode_4,35,1.0,1758.3565909566523,237.71661366603,4941.7279763146025,4704.011362648573,4360.736246118189,37.528539249502394,,
9-209,SENSOR_DATA_LOGGING,335.73243110277957,0.1,10000,FogNode_7,76,1.0,1727.0272900361456,433.38266050027016,4972.0488844619285,4538.666223961658,4330.614674258401,23.01079198055743,,
9-252,GPS_TRACKING,387.4777591294299,0.2,200,FogNode_3,63,1.0,1899.4436001125757,497.88868253121393,4973.893789774573,4476.005107243359,4249.133050960483,18.396625512973554,,
1-178,VOICE_ASSISTANT,153.12388569947217,2.0,150,FogNode_6,44,1.0,816.2509881302752,305.37039704970715,5004.562732771613,4699.192335721906,4344.56096087634,20.632721223987925,,
4-104,VOICE_ASSISTANT,294.43333680032424,2.0,150,FogNode_4,35,1.0,1758.3565909566523,226.05403305998863,5018.205409096001,4792.151376036012,4455.624927089271,24.527356823771584,,
1-151,VOICE_ASSISTANT,420.8290768578544,2.0,150,FogNode_6,26,1.0,816.2509881302752,264.7762008122683,5022.6922501988865,4757.916049386618,4069.709240295199,56.70473281221226,,
9-166,SMART_HOME_CONTROL,296.13412756917194,0.1,150,FogNode_9,59,1.0,1349.236560939329,341.1883817170054,5025.243335144789,4684.054953427783,4442.905529050325,29.78506322435577,,
4-108,VOICE_ASSISTANT,841.9520202015161,2.0,150,FogNode_5,13,1.0,782.8923712617282,233.10831869793884,5044.498345531146,4811.390026833207,3562.997656318354,125.14756057908171,,
2-110,HEALTH_MONITORING,553.2757260416122,1.0,100,FogNode_1,25,1.0,1597.9384595498836,214.42502284701308,5062.436606462732,4848.011583615719,4413.993210161368,45.70477295930832,,
1-74,VOICE_ASSISTANT,174.42553279214945,2.0,150,FogNode_8,1,1.0,770.9711269175084,128.6710492965867,5072.018828409013,4943.347779112426,4550.339776660945,16.579961091551603,,
4-129,HEALTH_MONITORING,692.2987684723954,1.0,100,FogNode_9,53,1.0,1349.236560939329,267.9193140938256,5080.357565068043,4812.438250974217,4209.854763589622,69.63115922624425,,
4-247,SENSOR_DATA_LOGGING,721.7301798382746,0.1,10000,FogNode_3,65,1.0,1899.4436001125757,503.611346472264,5087.967489707967,4584.356143235703,4189.297001925441,34.266224388535086,,
8-131,SENSOR_DATA_LOGGING,361.55721440317507,0.1,10000,FogNode_2,31,1.0,681.967788340379,294.7462490620569,5088.707358887378,4793.961109825321,4245.468129351022,44.37898754638105,,
8-97,HEALTH_MONITORING,524.950960924745,1.0,100,FogNode_1,24,1.0,1597.9384595498836,217.26519269656663,5097.73506691853,4880.469874221963,4466.26405300096,43.36493244605438,,
9-207,SMART_HOME_CONTROL,413.8897464586573,0.1,150,FogNode_7,72,1.0,1727.0272900361456,428.64008262914695,5108.254735369315,4679.614652740169,4420.317269232728,28.367622476513763,,
8-92,HEALTH_MONITORING,603.3257842061018,1.0,100,FogNode_1,25,1.0,1597.9384595498836,211.72608380752925,5108.910816837554,4897.184733030025,4428.626268849094,49.83928751929849,,
3-158,GPS_TRACKING,735.2998518078513,0.2,200,FogNode_9,58,1.0,1349.236560939329,330.72793177268665,5120.596953955783,4789.869022183096,4217.314925711964,73.95619260343638,,
5-195,SMART_HOME_CONTROL,897.8562994998031,0.1,150,FogNode_7,66,1.0,1727.0272900361456,418.51523342721043,5127.018698344711,4708.5034649175,4166.079598812345,61.53824481108339,,
7-239,SMART_HOME_CONTROL,647.8380466747677,0.1,150,FogNode_3,63,1.0,1899.4436001125757,499.4695979725209,5130.533973395816,4631.064375423295,4267.808660950939,30.757981992331548,,
8-123,SENSOR_DATA_LOGGING,668.8192874727223,0.1,10000,FogNode_1,64,1.0,1597.9384595498836,279.5732694317055,5133.919777197247,4854.346507765541,4415.034298279951,55.2495478221072,,
0-265,SENSOR_DATA_LOGGING,691.876545743552,0.1,10000,FogNode_3,66,1.0,1899.4436001125757,505.77153008333454,5136.348188508904,4630.57665842557,4250.478520281341,32.848836903183965,,
0-135,SMART_HOME_CONTROL,861.6394647978267,0.1,150,FogNode_0,27,1.0,1189.2931772946604,252.62405581996626,5138.541770259949,4885.917714439983,4140.106149091971,54.864191698181685,,
8-150,GPS_TRACKING,683.2211749333941,0.2,200,FogNode_9,58,1.0,1349.236560939329,329.4240656745401,5141.167086075469,4811.743020400929,4275.71583266752,68.71813815804263,,
2-136,VOICE_ASSISTANT,993.8526411868165,2.0,150,FogNode_7,52,1.0,1727.0272900361456,266.20927589284787,5144.423695133527,4878.2144192406795,4128.9477827800365,68.11774576128542,,
8-128,SENSOR_DATA_LOGGING,820.762927665061,0.1,10000,FogNode_2,30,1.0,681.967788340379,292.51841537686107,5153.329990572108,4860.811575195246,3643.3648553355342,100.74374481921312,,
9-164,GPS_TRACKING,540.0982709125019,0.2,200,FogNode_9,59,1.0,1349.236560939329,340.8189865770113,5162.930927804536,4822.111941227525,4400.5832548703,54.32288834300762,,
9-206,SMART_HOME_CONTROL,637.6736438284647,0.1,150,FogNode_7,71,1.0,1727.0272900361456,426.1889715873739,5171.268398324329,4745.079426736955,4353.93645975614,43.70556493879148,,
4-246,SENSOR_DATA_LOGGING,70.5073866200884,0.1,10000,FogNode_3,63,1.0,1899.4436001125757,501.97629418739433,5173.468209664526,4671.491915477131,4613.062584292047,3.3475417801075302,,
5-94,HEALTH_MONITORING,535.5254055035684,1.0,100,FogNode_1,25,1.0,1597.9384595498836,211.2597863126388,5178.725204108352,4967.465417795714,4540.240625752706,44.23846180202972,,
3-234,GPS_TRACKING,875.8028918520866,0.2,200,FogNode_3,63,1.0,1899.4436001125757,496.41973204869055,5187.404313034951,4690.98458098626,4206.913464510677,41.58127129872313,,
3-199,SMART_HOME_CONTROL,850.8942359265797,0.1,150,FogNode_7,73,1.0,1727.0272900361456,429.83730436224994,5188.484654591383,4758.647350229134,4250.942941933403,58.319508175151014,,
9-205,SENSOR_DATA_LOGGING,861.7268739674894,0.1,10000,FogNode_7,70,1.0,1727.0272900361456,425.12298061807223,5199.766050485674,4774.643069867601,4254.826318530226,59.061967221306546,,
4-146,GPS_TRACKING,417.67893777681553,0.2,200,FogNode_2,31,1.0,681.967788340379,293.7933296003649,5228.554981258354,4934.761651657989,4300.445239340615,51.26759372947582,,
4-114,HEALTH_MONITORING,684.765861181652,1.0,100,FogNode_4,38,1.0,1758.3565909566523,248.25111673885004,5230.551153973839,4982.300037234989,4501.9975962064855,57.043461180246084,,
9-71,VOICE_ASSISTANT,253.57507242844176,2.0,150,FogNode_8,1,1.0,770.9711269175084,125.63789507757478,5233.899256307799,5108.261361230224,4606.158216617043,24.103494295533373,,
1-268,SENSOR_DATA_LOGGING,799.0563669772959,0.1,10000,FogNode_3,66,1.0,1899.4436001125757,507.0757050647082,5235.946588578245,4728.870883513537,4292.960201805416,37.93750841355577,,
9-246,GPS_TRACKING,927.8017492826119,0.2,200,FogNode_3,63,1.0,1899.4436001125757,490.50696558083723,5244.613754442885,4754.106788862047,4236.524372224103,44.050067209490074,,
9-133,SMART_HOME_CONTROL,872.4794458514023,0.1,150,FogNode_0,38,1.0,1189.2931772946604,275.89039571930954,5246.794307518465,4970.903911799155,4224.204685108111,55.55441866993207,,
0-218,SENSOR_DATA_LOGGING,502.8253137198496,0.1,10000,FogNode_7,71,1.0,1727.0272900361456,426.2579014368279,5263.199647753761,4836.941746316934,4523.745522735938,34.46318444292287,,
0-264,SMART_HOME_CONTROL,264.06342572628034,0.1,150,FogNode_3,66,1.0,1899.4436001125757,505.69747754979653,5269.555435107356,4763.8579575575595,4607.316155561168,12.537173657847552,,
6-235,SMART_HOME_CONTROL,239.7831280080214,0.1,150,FogNode_7,71,1.0,1727.0272900361456,426.3583645571288,5283.265234807751,4856.906870250622,4695.729828268055,16.434515012196783,,
9-165,SENSOR_DATA_LOGGING,807.1920028673718,0.1,10000,FogNode_9,59,1.0,1349.236560939329,340.8961002554251,5295.12937621302,4954.233275957595,4337.694463673268,81.18707910145604,,
9-167,SENSOR_DATA_LOGGING,805.6352074734206,0.1,10000,FogNode_9,61,1.0,1349.236560939329,343.9854012131372,5302.225227059044,4958.239825845907,4343.395879489237,81.03049718495474,,
9-171,SENSOR_DATA_LOGGING,377.15577810567845,0.1,10000,FogNode_9,65,1.0,1349.236560939329,350.50762376803794,5304.7760642631765,4954.268440495139,4661.575884625058,37.9341914710075,,
9-360,SENSOR_DATA_LOGGING,325.17033081655774,0.1,10000,FogNode_6,76,1.0,816.2509881302752,749.3597781299704,5321.425549613435,4572.065771483464,4158.674474118175,43.81516806083176,,
6-237,SENSOR_DATA_LOGGING,934.2216305609059,0.1,10000,FogNode_7,72,1.0,1727.0272900361456,428.1102554162743,5326.270929535291,4898.160674119016,4337.26998047626,64.03069114878905,,
7-243,SENSOR_DATA_LOGGING,462.0749942721832,0.1,10000,FogNode_3,66,1.0,1899.4436001125757,506.1407124967845,5331.236094390305,4825.09538189352,4565.091683610299,21.93834466172619,,
0-142,GPS_TRACKING,373.31126311457405,0.2,200,FogNode_1,63,1.0,1597.9384595498836,274.49367956607887,5331.355617749837,5056.861938183758,4794.08499954953,30.838342838342715,,
6-182,SENSOR_DATA_LOGGING,743.1203579455481,0.1,10000,FogNode_9,62,1.0,1349.236560939329,344.86143520517,5337.755836560902,4992.894401355732,4424.776857562426,74.74277627641528,,
6-244,SENSOR_DATA_LOGGING,287.80264089231997,0.1,10000,FogNode_7,78,1.0,1727.0272900361456,435.02731158031304,5355.130915801475,4920.103604221162,4738.741359548061,19.72572825114069,,
7-210,SMART_HOME_CONTROL,451.2913827016561,0.1,150,FogNode_7,78,1.0,1727.0272900361456,434.92037479034684,5369.565824838093,4934.645450047747,4659.68223232453,30.93109621806794,,
0-179,GPS_TRACKING,393.14148787624293,0.2,200,FogNode_9,58,1.0,1349.236560939329,337.6938800259196,5371.738260831684,5034.044380805764,4716.596454948669,39.542028366102436,,
4-245,SMART_HOME_CONTROL,785.0174150562285,0.1,150,FogNode_3,63,1.0,1899.4436001125757,501.4277652213648,5387.181878459965,4885.7541132386,4451.210161409953,37.270968631590506,,
2-219,SENSOR_DATA_LOGGING,467.9480911967044,0.1,10000,FogNode_7,74,1.0,1727.0272900361456,430.2285572064309,5397.974515833218,4967.745958626787,4678.370418394996,32.07273169546692,,
2-271,SENSOR_DATA_LOGGING,805.7050085820624,0.1,10000,FogNode_4,54,1.0,1758.3565909566523,536.2161121642613,5399.942773430193,4863.726661265931,4385.034358453367,67.11812750196168,,
4-173,SMART_HOME_CONTROL,354.57855455399965,0.1,150,FogNode_9,62,1.0,1349.236560939329,345.07895587812396,5403.966483022691,5058.887527144567,4776.069240963269,35.6633825087406,,
6-240,SENSOR_DATA_LOGGING,258.3342859858053,0.1,10000,FogNode_7,76,1.0,1727.0272900361456,432.66297109861677,5412.782857860649,4980.1198867620315,4812.506478844076,17.705994314399085,,
8-130,GPS_TRACKING,129.2883979022248,0.2,200,FogNode_2,31,1.0,681.967788340379,294.0747798814294,5418.136366351128,5124.061586469699,4907.331176014895,15.869378266633769,,
4-272,SMART_HOME_CONTROL,906.5146633129467,0.1,150,FogNode_4,54,1.0,1758.3565909566523,541.9619865803631,5425.908238875974,4883.946252295611,4354.492455889874,75.51593462440194,,
0-221,GPS_TRACKING,64.13110277880378,0.2,200,FogNode_7,73,1.0,1727.0272900361456,429.7321489086656,5435.1083255586345,5005.376176649969,4945.354449073475,4.395486788927567,,
7-244,SENSOR_DATA_LOGGING,372.28381608263976,0.1,10000,FogNode_3,67,1.0,1899.4436001125757,510.7324437818809,5440.610000954534,4929.877557172654,4716.864678771719,17.67524919210999,,
2-144,SMART_HOME_CONTROL,294.0198189195174,0.1,150,FogNode_8,38,1.0,770.9711269175084,282.9378115858689,5453.381772693406,5170.443961107537,4772.43752776026,27.9479562412439,,
0-268,SENSOR_DATA_LOGGING,357.0790275873541,0.1,10000,FogNode_3,68,1.0,1899.4436001125757,508.23256173263303,5457.5468171974535,4949.31425546482,4740.897981948857,16.953357952261296,,
2-217,VOICE_ASSISTANT,518.1472647626256,2.0,150,FogNode_6,76,1.0,816.2509881302752,423.3057326368917,5471.94765441723,5048.641921780339,4245.725496182891,69.81789952614798,,
1-267,SENSOR_DATA_LOGGING,548.2683393380514,0.1,10000,FogNode_3,65,1.0,1899.4436001125757,503.64009902647325,5476.051124820022,4972.411025793549,4661.195424355839,26.03062261453024,,
5-233,GPS_TRACKING,468.93385996462814,0.2,200,FogNode_3,63,1.0,1899.4436001125757,497.7155442959969,5482.826180021147,4985.11063572515,4709.411315316943,22.26398911644583,,
3-132,VOICE_ASSISTANT,763.6777607383452,2.0,150,FogNode_6,27,1.0,816.2509881302752,272.38445153406326,5484.34070902772,5211.956257493656,4109.730695449478,102.90197554938317,,
8-111,VOICE_ASSISTANT,806.7017201703636,2.0,150,FogNode_6,26,1.0,816.2509881302752,262.63364660885145,5487.85070438646,5225.217057777609,4070.51457383513,108.6992511139234,,
3-253,SENSOR_DATA_LOGGING,832.9535034543724,0.1,10000,FogNode_4,54,1.0,1758.3565909566523,538.3079698975889,5491.916775572124,4953.608805674535,4458.430345363704,69.38802521091948,,
3-240,SENSOR_DATA_LOGGING,107.71014756950427,0.1,10000,FogNode_3,67,1.0,1899.4436001125757,509.00620452823296,5497.316158254031,4988.309953725798,4911.001225685929,5.113850284556342,,
3-203,SENSOR_DATA_LOGGING,372.37506349665836,0.1,10000,FogNode_7,82,1.0,1727.0272900361456,437.4665577906535,5498.88143592109,5061.414878130437,4832.228468029026,25.522244296516302,,
4-110,VOICE_ASSISTANT,747.585167820878,2.0,150,FogNode_5,13,1.0,782.8923712617282,240.16457829081497,5502.692444201624,5262.527865910809,4137.723550974102,111.12089267924512,,
9-261,SENSOR_DATA_LOGGING,225.02067591187117,0.1,10000,FogNode_3,72,1.0,1899.4436001125757,513.4574644755853,5505.648505159771,4992.191040684185,4857.924045429309,10.683506368798106,,
9-257,GPS_TRACKING,102.43112637098403,0.2,200,FogNode_3,68,1.0,1899.4436001125757,508.25321424784653,5511.473728407091,5003.220514159244,4927.88219662725,4.863213509216197,,
0-372,SENSOR_DATA_LOGGING,528.2769346312117,0.1,10000,FogNode_6,76,1.0,816.2509881302752,747.4817615914425,5513.754714902807,4766.272953311364,4102.461283074154,71.18282475342288,,
5-203,SENSOR_DATA_LOGGING,184.49355145172095,0.1,10000,FogNode_7,81,1.0,1727.0272900361456,437.11426577230543,5519.610093606217,5082.495827833911,4959.707551073341,12.645018297056234,,
1-406,SENSOR_DATA_LOGGING,427.1292908995575,0.1,10000,FogNode_6,76,1.0,816.2509881302752,748.5553370618837,5527.844538381369,4779.289201319485,4236.970919430048,57.55365693257476,,
0-220,GPS_TRACKING,188.0465215609275,0.2,200,FogNode_7,72,1.0,1727.0272900361456,427.6403121843797,5543.992836328,5116.35252414362,4981.513361895613,12.888535599890352,,
7-171,SENSOR_DATA_LOGGING,279.1846686973814,0.1,10000,FogNode_9,63,1.0,1349.236560939329,347.77307237865546,5544.676310538434,5196.903238159779,4971.089865383872,28.08029279394675,,
1-127,HEALTH_MONITORING,732.2922422530576,1.0,100,FogNode_1,25,1.0,1597.9384595498836,214.776796636899,5592.1928964632625,5377.416099826363,4829.228880792036,60.49289548900535,,
4-213,GPS_TRACKING,410.96355436137617,0.2,200,FogNode_7,74,1.0,1727.0272900361456,430.0924050411355,5593.090997111351,5162.998592070215,4903.146657887423,28.16706396203092,,
2-132,E_COMMERCE_TRANSACTION,663.8538371209606,0.5,300,FogNode_1,54,1.0,1597.9384595498836,256.78834159268695,5594.169136353376,5337.380794760689,4872.616483168289,54.83936394761907,,
0-143,GPS_TRACKING,872.5620050804303,0.2,200,FogNode_1,63,1.0,1597.9384595498836,277.0582000104095,5608.491430955922,5331.433230945512,4758.830232728552,72.08024219757742,,
3-201,SMART_HOME_CONTROL,713.2938335116285,0.1,150,FogNode_7,76,1.0,1727.0272900361456,432.41770272108766,5612.784326240135,5180.366623519047,4749.39459462962,48.88850317509453,,
2-140,SENSOR_DATA_LOGGING,939.1605080306547,0.1,10000,FogNode_0,38,1.0,1189.2931772946604,276.87788001495255,5619.481736900854,5342.603856885902,4538.079457991427,59.80028103755154,,
0-219,GPS_TRACKING,171.81102503591714,0.2,200,FogNode_7,72,1.0,1727.0272900361456,426.5400366005432,5643.476513295444,5216.936476694901,5088.374974339471,11.775769603436151,,
3-135,GPS_TRACKING,317.5605529200045,0.2,200,FogNode_8,36,1.0,770.9711269175084,275.37363851260335,5645.796072975465,5370.422434462862,4931.194028419954,30.185612893608784,,
9-141,SMART_HOME_CONTROL,155.95708555147198,0.1,150,FogNode_8,39,1.0,770.9711269175084,290.86770710046056,5655.668317683772,5364.800610583312,5149.475448798418,14.824448972596574,,
1-271,SENSOR_DATA_LOGGING,916.664662193224,0.1,10000,FogNode_3,67,1.0,1899.4436001125757,511.07562860546443,5656.064619549449,5144.988990943984,4647.5337588285665,43.52130183996494,,
0-183,SENSOR_DATA_LOGGING,675.5281790233213,0.1,10000,FogNode_9,65,1.0,1349.236560939329,349.98940271593415,5663.605308102253,5313.615905386318,4797.525916932639,67.94437941754519,,
7-264,SMART_HOME_CONTROL,797.2402068819338,0.1,150,FogNode_4,54,1.0,1758.3565909566523,545.007537254639,5683.9519095328615,5138.9443722782225,4670.0362099361055,66.4129790496914,,
1-241,SENSOR_DATA_LOGGING,73.65860342553594,0.1,10000,FogNode_7,92,1.0,1727.0272900361456,442.106516228506,5686.127028345496,5244.02051211699,5184.326035806006,5.048492918709126,,
6-149,GPS_TRACKING,674.5318892488772,0.2,200,FogNode_2,30,1.0,681.967788340379,289.0394304076897,5690.578244007145,5401.538813599455,4385.205121285801,82.79475867194844,,
9-125,E_COMMERCE_TRANSACTION,94.95128061768958,0.5,300,FogNode_0,27,1.0,1189.2931772946604,251.1460715936152,5699.320150532117,5448.174078938501,5314.325741572246,6.045945519706543,,
4-215,SENSOR_DATA_LOGGING,919.832973131765,0.1,10000,FogNode_7,76,1.0,1727.0272900361456,433.21453767872737,5703.8789589325015,5270.664421253774,4721.5962427505965,63.044505805020144,,
7-268,SENSOR_DATA_LOGGING,390.08761061786026,0.1,10000,FogNode_4,54,1.0,1758.3565909566523,548.7342384803468,5713.7646149831435,5165.030376502797,4927.724429583415,32.495702158364395,,
9-260,SMART_HOME_CONTROL,729.5149541150713,0.1,150,FogNode_3,69,1.0,1899.4436001125757,512.8503124884955,5715.303804572294,5202.453492083799,4802.035278053614,34.63582902699234,,
1-130,HEALTH_MONITORING,969.2902105517848,1.0,100,FogNode_1,24,1.0,1597.9384595498836,218.95510224401508,5715.498764426487,5496.543662182471,4804.833236748685,80.0707258962913,,
3-125,E_COMMERCE_TRANSACTION,636.0312512261506,0.5,300,FogNode_1,55,1.0,1597.9384595498836,258.0985839426288,5729.387999676054,5471.289415733426,5023.4240173499,52.5410072483998,,
0-146,VOICE_ASSISTANT,842.66738548092,2.0,150,FogNode_6,31,1.0,816.2509881302752,284.0743665990971,5732.298847111552,5448.224480512456,4247.308004830609,113.54545484365622,,
0-226,GPS_TRACKING,215.42939599264005,0.2,200,FogNode_7,79,1.0,1727.0272900361456,435.57067612314086,5737.5243330921,5301.953656968959,5153.77143204114,14.76533262336577,,
7-212,SENSOR_DATA_LOGGING,639.4129192494261,0.1,10000,FogNode_7,79,1.0,1727.0272900361456,436.1498379398485,5739.804860977495,5303.655023037647,4916.962039700827,43.82477327614863,,
9-275,SENSOR_DATA_LOGGING,601.7915114527962,0.1,10000,FogNode_4,54,1.0,1758.3565909566523,539.8286802490252,5742.189343066779,5202.360662817753,4838.484858960139,50.1313991660176,,
9-364,SENSOR_DATA_LOGGING,353.94406069502054,0.1,10000,FogNode_6,76,1.0,816.2509881302752,753.083891919213,5755.047151108551,5001.963259189338,4549.2054896782065,47.692292419612976,,
3-118,E_COMMERCE_TRANSACTION,612.4266540803512,0.5,300,FogNode_0,25,1.0,1189.2931772946604,248.99205827315507,5761.744418872392,5512.752360599237,4946.785934879477,38.995768791096744,,
4-248,GPS_TRACKING,109.53133244346772,0.2,200,FogNode_3,66,1.0,1899.4436001125757,505.94164640029067,5772.968761003207,5267.027114602916,5182.739549856951,5.200316295383576,,
1-190,GPS_TRACKING,888.6141886647174,0.2,200,FogNode_9,59,1.0,1349.236560939329,342.0811087402838,5779.202134389131,5437.1210256488475,4756.010585556471,89.37649303947879,,
7-248,SENSOR_DATA_LOGGING,519.4069035427642,0.1,10000,FogNode_3,77,1.0,1899.4436001125757,516.915749395565,5784.925861185332,5268.010111789767,4979.73262917558,24.660342608561503,,
7-208,SENSOR_DATA_LOGGING,801.0302574016029,0.1,10000,FogNode_7,74,1.0,1727.0272900361456,430.73655895562257,5790.091195736665,5359.354636781042,4874.998115207105,54.90187695795723,,
6-288,SENSOR_DATA_LOGGING,665.7003714678953,0.1,10000,FogNode_3,68,1.0,1899.4436001125757,511.9023992959741,5826.52237409978,5314.619974803806,4946.0333772971735,31.60604744194231,,
6-304,SENSOR_DATA_LOGGING,149.60401554471485,0.1,10000,FogNode_4,54,1.0,1758.3565909566523,550.2079810281724,5827.27107012609,5277.063089097918,5176.83938690532,12.462553022733161,,
3-170,SENSOR_DATA_LOGGING,711.0817505919406,0.1,10000,FogNode_9,66,1.0,1349.236560939329,351.2777323255884,5831.801325198065,5480.523592872476,4938.273488270381,71.5203447603969,,
2-369,SENSOR_DATA_LOGGING,668.053476191202,0.1,10000,FogNode_6,76,1.0,816.2509881302752,749.425715545399,5841.133496709916,5091.707781164517,4251.56858619706,90.01705432176502,,
2-143,GPS_TRACKING,151.59882811033003,0.2,200,FogNode_8,38,1.0,770.9711269175084,282.71834172752983,5842.429672882703,5559.711331155173,5341.572766656972,14.410176258938273,,
7-123,HEALTH_MONITORING,295.24850113802836,1.0,100,FogNode_2,15,1.0,681.967788340379,241.64946601219825,5851.072505250794,5609.423039238596,5090.683578690364,36.23998922748965,,
4-253,SENSOR_DATA_LOGGING,685.4979488943169,0.1,10000,FogNode_3,67,1.0,1899.4436001125757,510.1245351242988,5858.210237369456,5348.085702245157,4967.118526950379,32.54599459864175,,
9-208,GPS_TRACKING,630.6167678396383,0.2,200,FogNode_7,76,1.0,1727.0272900361456,432.42549001730276,5864.027239625466,5431.601749608163,5045.223945115251,43.22189315028392,,
3-140,GPS_TRACKING,493.01545155153684,0.2,200,FogNode_2,30,1.0,681.967788340379,293.3751072591836,5876.260691963926,5582.885584704742,4835.758860607369,60.51470061438482,,
3-163,GPS_TRACKING,786.2132029914616,0.2,200,FogNode_9,58,1.0,1349.236560939329,336.38475347736875,5877.839054969505,5541.454301492136,4929.66603059645,79.07703901318848,,
2-222,SMART_HOME_CONTROL,627.921778713137,0.1,150,FogNode_7,81,1.0,1727.0272900361456,436.8254874256365,5883.195418711297,5446.369931285661,5064.836642961888,43.03718107472991,,
6-144,SENSOR_DATA_LOGGING,468.65358509391655,0.1,10000,FogNode_1,65,1.0,1597.9384595498836,287.38686221859183,5885.479275730916,5598.092413512324,5283.986334909975,38.71434204520361,,
1-157,GPS_TRACKING,909.7483746571833,0.2,200,FogNode_0,35,1.0,1189.2931772946604,269.5608707076949,5903.490558351569,5633.929687643875,4839.9253460779655,57.92748738129388,,
6-146,SENSOR_DATA_LOGGING,203.38368508945047,0.1,10000,FogNode_8,39,1.0,770.9711269175084,287.5191050619403,5919.470265627812,5631.951160565872,5350.406234839585,19.33256864095555,,
1-273,SENSOR_DATA_LOGGING,266.8324237210304,0.1,10000,FogNode_3,75,1.0,1899.4436001125757,516.2382069219046,5925.405117165987,5409.166910244082,5252.032488430831,12.668639833532168,,
5-204,SMART_HOME_CONTROL,582.7133603098833,0.1,150,FogNode_7,81,1.0,1727.0272900361456,437.2007689861998,5930.499307722173,5493.298538735973,5135.660587797993,39.938637665532696,,
9-262,SMART_HOME_CONTROL,198.23347862112817,0.1,150,FogNode_3,73,1.0,1899.4436001125757,514.3385753471816,5930.886346059452,5416.54777071227,5293.529623703487,9.411706825497534,,
7-146,SMART_HOME_CONTROL,958.0212893845483,0.1,150,FogNode_2,30,1.0,681.967788340379,292.89230882569217,5940.141458613971,5647.249149788278,4225.090522599117,117.59138851909304,,
2-274,GPS_TRACKING,480.4863724629321,0.2,200,FogNode_4,54,1.0,1758.3565909566523,542.8097743719073,5957.2106870380085,5414.400912666101,5118.868110736868,40.02624442744479,,
0-186,SENSOR_DATA_LOGGING,108.83797119501821,0.1,10000,FogNode_9,75,1.0,1349.236560939329,356.2593052344671,5958.505392026993,5602.246086792526,5507.437689045535,10.946883697141637,,
5-202,GPS_TRACKING,473.76390147184765,0.2,200,FogNode_7,81,1.0,1727.0272900361456,436.9503158886885,5960.450372397536,5523.500056508848,5224.305704041878,32.471341981640734,,
2-249,SENSOR_DATA_LOGGING,865.8745654179376,0.1,10000,FogNode_3,67,1.0,1899.4436001125757,510.023612970679,5961.5054547246955,5451.481841754016,4974.158411804476,41.10989533177741,,
4-276,SENSOR_DATA_LOGGING,239.8152968815167,0.1,10000,FogNode_4,54,1.0,1758.3565909566523,546.2750600159063,5963.657112704088,5417.382052688182,5261.092328497026,19.977477490603228,,
6-302,SENSOR_DATA_LOGGING,953.2366470856497,0.1,10000,FogNode_4,54,1.0,1758.3565909566523,548.1159713750347,5968.026175583585,5419.910204208551,4864.42277367506,79.40804405725706,,
2-148,SENSOR_DATA_LOGGING,99.97890847206156,0.1,10000,FogNode_8,39,1.0,770.9711269175084,291.38256703935815,5972.1088592768765,5680.7262922375185,5532.584965311286,9.503461941078772,,
1-141,HEALTH_MONITORING,89.88782745620517,1.0,100,FogNode_2,15,1.0,681.967788340379,244.484835417607,5982.879064142607,5738.394228724999,5513.748549254715,11.033193686468303,,
7-111,HEALTH_MONITORING,427.9807420767974,1.0,100,FogNode_1,24,1.0,1597.9384595498836,219.3385062741724,5983.331821149681,5763.993314875508,5403.598445136613,35.354456606153626,,
9-363,SENSOR_DATA_LOGGING,421.75941895508123,0.1,10000,FogNode_6,76,1.0,816.2509881302752,750.983469021597,5988.65075810495,5237.667289083353,4698.23673819806,56.830092020851296,,
4-139,GPS_TRACKING,615.8778436361035,0.2,200,FogNode_1,64,1.0,1597.9384595498836,282.46242298579824,5993.911682878256,5711.449259892458,5296.702286576077,50.87618286716492,,
4-256,SMART_HOME_CONTROL,977.4077280965015,0.1,150,FogNode_3,74,1.0,1899.4436001125757,514.7527192636857,5997.401989504815,5482.64927024113,4952.6739585745645,46.4052542981477,,
7-209,GPS_TRACKING,232.13881390562895,0.2,200,FogNode_7,76,1.0,1727.0272900361456,434.0269827164237,5998.44249481276,5564.415512096336,5400.946347716407,15.910580755781906,,
7-151,SMART_HOME_CONTROL,65.11986982645703,0.1,150,FogNode_8,42,1.0,770.9711269175084,301.63706357326583,6003.934997902313,5702.297934329047,5604.826093545983,6.18994759956472,,
6-228,SENSOR_DATA_LOGGING,960.9574132119673,0.1,10000,FogNode_5,25,1.0,782.8923712617282,410.23163487386773,6004.002072563155,5593.770437689287,4349.587099535322,142.83649566525,,
6-148,E_COMMERCE_TRANSACTION,217.3320629926291,0.5,300,FogNode_2,30,1.0,681.967788340379,288.7924015762151,6009.262009880492,5720.469608304276,5353.916769263198,26.67621204267827,,
5-155,GPS_TRACKING,631.3483465138654,0.2,200,FogNode_9,59,1.0,1349.236560939329,341.89475998113073,6012.606371723795,5670.711611742664,5175.194979598796,63.50078787564087,,
4-145,GPS_TRACKING,998.7785832761205,0.2,200,FogNode_2,30,1.0,681.967788340379,290.8710767999636,6016.987785172865,5726.1167083729015,4239.765304022934,122.59410279496227,,
5-156,GPS_TRACKING,981.0024572061842,0.2,200,FogNode_9,61,1.0,1349.236560939329,342.62424387424255,6029.304884997766,5686.680641123523,4936.74965949466,98.66887160551751,,
3-238,GPS_TRACKING,336.9405907229538,0.2,200,FogNode_3,66,1.0,1899.4436001125757,506.4039746962511,6035.599337368521,5529.195362672271,5324.155021624387,15.997227509462688,,
3-205,SENSOR_DATA_LOGGING,581.9904663983958,0.1,10000,FogNode_7,93,1.0,1727.0272900361456,442.40402549812893,6040.86869253782,5598.4646670396905,5241.989061914465,39.88909118184444,,
5-366,GPS_TRACKING,233.7955482217159,0.2,200,FogNode_6,76,1.0,816.2509881302752,763.7091541177768,6041.473203415396,5277.764049297619,4970.244686330454,31.502847173925378,,
1-289,SENSOR_DATA_LOGGING,144.58518352085548,0.1,10000,FogNode_4,54,1.0,1758.3565909566523,546.7620684889138,6045.8845654656425,5499.122496976729,5397.135554405363,12.044466248913619,,
3-246,SENSOR_DATA_LOGGING,162.45660163437967,0.1,10000,FogNode_3,86,1.0,1899.4436001125757,522.6195511983343,6047.033975616157,5524.414424417822,5425.475626620839,7.7130962796233815,,
6-117,HEALTH_MONITORING,344.35603292397855,1.0,100,FogNode_0,22,1.0,1189.2931772946604,230.77738878695183,6051.291218179945,5820.513829392993,5445.536184030523,21.926590151252526,,
4-249,GPS_TRACKING,562.8346816223349,0.2,200,FogNode_3,66,1.0,1899.4436001125757,506.4130484615137,6069.284314457374,5562.871265995861,5240.076511435333,26.722201776905454,,
0-181,GPS_TRACKING,907.177977549113,0.2,200,FogNode_9,62,1.0,1349.236560939329,346.90761959582557,6076.330398893413,5729.422779297587,5035.249026228475,91.2436321974813,,
0-152,SENSOR_DATA_LOGGING,306.77821609251583,0.1,10000,FogNode_1,70,1.0,1597.9384595498836,299.8609124527651,6077.463024703909,5777.602112251144,5571.267819915204,25.34220833378025,,
6-151,SENSOR_DATA_LOGGING,777.6572997542482,0.1,10000,FogNode_1,68,1.0,1597.9384595498836,296.1333095987882,6080.831995681077,5784.698686082289,5284.816291814353,64.24039344669082,,
3-259,SENSOR_DATA_LOGGING,235.04973341040534,0.1,10000,FogNode_4,54,1.0,1758.3565909566523,551.0767126314954,6101.70198094598,5550.625268314485,5401.042497337987,19.580488898915497,,
7-271,SENSOR_DATA_LOGGING,111.38741966775268,0.1,10000,FogNode_4,53,1.0,1758.3565909566523,555.0617845152576,6109.232023109118,5554.170238593861,5477.820681623029,9.278973018340476,,
6-179,GPS_TRACKING,999.3764192699099,0.2,200,FogNode_9,58,1.0,1349.236560939329,340.24178840516674,6112.435962185219,5772.194173780053,5004.8229294637395,100.51691805069512,,
0-280,GPS_TRACKING,714.3795405720492,0.2,200,FogNode_4,54,1.0,1758.3565909566523,542.3353502754619,6120.04144429419,5577.706094018728,5148.516838329958,59.51038727348813,,
3-143,SMART_HOME_CONTROL,710.1546181971779,0.1,150,FogNode_2,36,1.0,681.967788340379,300.1359764577466,6130.038973574626,5829.902997116879,4772.134051196522,87.16723578314189,,
7-242,GPS_TRACKING,909.3840221398234,0.2,200,FogNode_3,65,1.0,1899.4436001125757,503.6898298955066,6134.827991142018,5631.138161246511,5123.588114038972,43.17563242952421,,
4-147,SENSOR_DATA_LOGGING,134.3393189017496,0.1,10000,FogNode_8,39,1.0,770.9711269175084,294.5209077548157,6146.355746367012,5851.834838612196,5657.418301389766,12.769579343126992,,
0-212,GPS_TRACKING,868.1614754719988,0.2,200,FogNode_5,25,1.0,782.8923712617282,412.1867426482701,6153.413832947186,5741.227090298916,4607.569196676065,129.04332816738489,,
6-155,SENSOR_DATA_LOGGING,259.66041464842374,0.1,10000,FogNode_1,73,1.0,1597.9384595498836,302.31561932353736,6156.408813538448,5854.093194214911,5677.4344640162135,21.449920427438894,,
4-156,SENSOR_DATA_LOGGING,143.90524451920948,0.1,10000,FogNode_8,47,1.0,770.9711269175084,311.7817941698262,6190.5895164633,5878.807722293474,5677.881831201866,13.678865225780175,,
5-239,GPS_TRACKING,113.16400663065181,0.2,200,FogNode_3,71,1.0,1899.4436001125757,513.1717929927194,6194.405441414268,5681.233648421549,5596.258023571219,5.372787992294438,,
8-248,SENSOR_DATA_LOGGING,524.0315971657458,0.1,10000,FogNode_3,80,1.0,1899.4436001125757,518.7143454295845,6206.773241113713,5688.058895684128,5394.95109260301,24.879913292787045,,
0-272,SENSOR_DATA_LOGGING,269.0564594331339,0.1,10000,FogNode_3,88,1.0,1899.4436001125757,522.9526031165452,6210.934458434899,5687.981855318354,5531.09222431884,12.774232351190403,,
1-240,GPS_TRACKING,299.4800831990864,0.2,200,FogNode_7,91,1.0,1727.0272900361456,440.2242479943606,6214.276539030401,5774.0522910360405,5576.16226357851,20.526089404525074,,
8-364,SENSOR_DATA_LOGGING,603.6460031282892,0.1,10000,FogNode_6,76,1.0,816.2509881302752,763.4340457659637,6227.385494428204,5463.95144866224,4710.942348166941,81.338451173875,,
1-177,SENSOR_DATA_LOGGING,240.22667232084575,0.1,10000,FogNode_1,73,1.0,1597.9384595498836,302.70375760247936,6231.167367412799,5928.463609810319,5762.980577940253,19.844545857355463,,
7-213,SENSOR_DATA_LOGGING,853.3238171994595,0.1,10000,FogNode_7,89,1.0,1727.0272900361456,439.66384992487735,6233.904648585136,5794.240798660258,5277.343421789931,58.486029440572,,
8-252,SMART_HOME_CONTROL,81.862680818187,0.1,150,FogNode_3,90,1.0,1899.4436001125757,525.6524816557542,6237.503683875027,5711.851202219273,5655.089701270776,3.8866671622234166,,
4-263,SENSOR_DATA_LOGGING,469.695060378678,0.1,10000,FogNode_3,85,1.0,1899.4436001125757,522.1297153081148,6244.682330100788,5722.552614792673,5461.301624754783,22.3001293041796,,
2-211,E_COMMERCE_TRANSACTION,687.5873897075766,0.5,300,FogNode_7,66,1.0,1727.0272900361456,416.59684299050247,6281.328901415664,5864.732058425162,5419.882305152226,47.12660716465567,,
8-211,SENSOR_DATA_LOGGING,974.1171214020715,0.1,10000,FogNode_7,92,1.0,1727.0272900361456,442.3437986584765,6301.567024844634,5859.223226186157,5275.072256422129,66.765091390353,,
1-291,SMART_HOME_CONTROL,612.8975016480708,0.1,150,FogNode_4,54,1.0,1758.3565909566523,550.7543925894885,6305.773376085409,5755.01898349592,5390.8664150251625,51.05656812738947,,
5-242,SENSOR_DATA_LOGGING,741.851632278165,0.1,10000,FogNode_3,82,1.0,1899.4436001125757,519.7047758872048,6315.967717831885,5796.26294194468,5390.533965365265,35.2215484467351,,
5-361,SENSOR_DATA_LOGGING,655.977267470176,0.1,10000,FogNode_6,76,1.0,816.2509881302752,760.4772732656517,6317.401236633548,5556.923963367896,4734.494759110954,88.38984216707452,,
8-98,HEALTH_MONITORING,949.0153328175503,1.0,100,FogNode_1,24,1.0,1597.9384595498836,217.8080049352196,6323.28780047619,6105.47979554097,5417.394585264826,78.39586715948991,,
6-184,GPS_TRACKING,666.8315735811653,0.2,200,FogNode_9,63,1.0,1349.236560939329,347.2727778319817,6326.030130498835,5978.757352666854,5461.565865443502,67.06967799404451,,
6-306,SENSOR_DATA_LOGGING,390.7304846080237,0.1,10000,FogNode_4,53,1.0,1758.3565909566523,555.1790798233277,6331.445473223604,5776.266393400276,5540.68739992197,32.549255875891134,,
5-245,SMART_HOME_CONTROL,185.24012636649036,0.1,150,FogNode_3,90,1.0,1899.4436001125757,525.2410693300369,6335.027046166759,5809.785976836722,5697.255288676363,8.79480990701691,,
5-207,SMART_HOME_CONTROL,957.7422389028856,0.1,150,FogNode_7,93,1.0,1727.0272900361456,443.0715822961011,6344.652345076025,5901.580762779924,5327.5279831502,65.64277200745286,,
0-153,SENSOR_DATA_LOGGING,583.5564989919362,0.1,10000,FogNode_1,70,1.0,1597.9384595498836,299.8624979947422,6348.5251710589855,6048.662673064243,5669.09340946947,48.20619456084599,,
2-175,SMART_HOME_CONTROL,768.3206444034091,0.1,150,FogNode_9,64,1.0,1349.236560939329,348.46638176146956,6348.650566670353,6000.184184908884,5409.316776925899,77.2774119551212,,
3-144,HEALTH_MONITORING,152.35598335525233,1.0,100,FogNode_2,36,1.0,681.967788340379,300.17130742552416,6353.445395344226,6053.274087918702,5743.922703487491,18.700786538308957,,
2-174,SENSOR_DATA_LOGGING,933.8773785320674,0.1,10000,FogNode_9,63,1.0,1349.236560939329,347.1246795236634,6355.757748651232,6008.633069127569,5293.999553651687,93.9290482718038,,
5-362,SMART_HOME_CONTROL,723.5266236249753,0.1,150,FogNode_6,76,1.0,816.2509881302752,760.8011881705947,6370.742850215081,5609.941662044486,4709.220313603009,97.49179923951479,,
4-264,SENSOR_DATA_LOGGING,306.585662642442,0.1,10000,FogNode_3,88,1.0,1899.4436001125757,522.9240322828573,6372.342600600464,5849.4185683176065,5670.720569074237,14.556039644577035,,
1-198,SENSOR_DATA_LOGGING,487.6934273979671,0.1,10000,FogNode_9,78,1.0,1349.236560939329,356.79224089272674,6374.065171104712,6017.272930211985,5641.563482268991,49.052028175165965,,
0-269,SENSOR_DATA_LOGGING,120.99367104379384,0.1,10000,FogNode_3,80,1.0,1899.4436001125757,519.4031695759496,6379.667251230309,5860.26408165436,5775.147540246226,5.744523919601471,,
4-219,SMART_HOME_CONTROL,730.1763266591971,0.1,150,FogNode_7,98,1.0,1727.0272900361456,447.73199297070005,6383.244112179097,5935.512119208397,5495.858362277596,50.04561372487327,,
4-136,HEALTH_MONITORING,309.67585840585997,1.0,100,FogNode_2,23,1.0,681.967788340379,275.0810166399933,6436.970685037899,6161.889668397906,5616.774109918049,38.01086111998719,,
8-261,GPS_TRACKING,232.5719351528903,0.2,200,FogNode_4,54,1.0,1758.3565909566523,540.4821723168417,6438.040025722362,5897.55785340552,5737.134746962266,19.37407938476253,,
2-253,SMART_HOME_CONTROL,770.2460422564229,0.1,150,FogNode_3,82,1.0,1899.4436001125757,519.9123774212339,6452.545380224734,5932.6330028035,5510.2304564744545,36.5696550534355,,
9-265,SMART_HOME_CONTROL,797.4629013910857,0.1,150,FogNode_3,82,1.0,1899.4436001125757,520.4324750752895,6455.439600771879,5935.007125696589,5498.960120964559,37.861854033487134,,
0-384,SENSOR_DATA_LOGGING,763.9630895092422,0.1,10000,FogNode_6,79,1.0,816.2509881302752,768.8427868960595,6463.785934616852,5694.943147720792,4745.816509448536,102.94042225520053,,
5-205,GPS_TRACKING,436.66955871495736,0.2,200,FogNode_7,89,1.0,1727.0272900361456,439.5183706337178,6467.121158935521,6027.602788301803,5748.700365395585,29.92892985293878,,
7-136,E_COMMERCE_TRANSACTION,914.6585852525616,0.5,300,FogNode_0,35,1.0,1189.2931772946604,268.9993131181993,6468.397618321159,6199.39830520296,5385.101000257757,58.24014104490768,,
1-142,HEALTH_MONITORING,676.4618740544872,1.0,100,FogNode_0,24,1.0,1189.2931772946604,247.50735861532797,6472.283760035671,6224.776401420343,5562.367902416995,43.07315930955515,,
4-218,SENSOR_DATA_LOGGING,424.5209263693798,0.1,10000,FogNode_7,95,1.0,1727.0272900361456,446.31745198166425,6479.714850206498,6033.397398224834,5768.136266919946,29.09627376775177,,
9-259,GPS_TRACKING,276.6745987745835,0.2,200,FogNode_3,67,1.0,1899.4436001125757,510.66055089793105,6480.687911673997,5970.027360776066,5793.8032242455665,13.135925514909472,,
1-195,SMART_HOME_CONTROL,210.07206142355207,0.1,150,FogNode_9,67,1.0,1349.236560939329,352.0403464771124,6481.727113151975,6129.686766674862,5951.854720843582,21.12897180251444,,
5-211,SENSOR_DATA_LOGGING,842.8585401446719,0.1,10000,FogNode_7,110,1.0,1727.0272900361456,451.11397509739396,6486.48257675439,6035.368601656995,5533.83600220243,57.768748978462284,,
0-225,GPS_TRACKING,964.8041670069415,0.2,200,FogNode_7,78,1.0,1727.0272900361456,434.7504500737631,6489.1495227901405,6054.399072716377,5466.171124629588,66.12679006329071,,
4-176,SENSOR_DATA_LOGGING,720.970260287999,0.1,10000,FogNode_9,74,1.0,1349.236560939329,355.6082154526417,6492.859619565909,6137.251404113267,5587.718689309377,72.51492748177864,,
5-208,SENSOR_DATA_LOGGING,259.1654041598508,0.1,10000,FogNode_7,94,1.0,1727.0272900361456,445.3000102610044,6494.716797244831,6049.416786983827,5877.53245268893,17.762958389485316,,
5-159,SENSOR_DATA_LOGGING,560.637498932284,0.1,10000,FogNode_9,65,1.0,1349.236560939329,351.04290342025985,6527.957980460482,6176.915077040222,5740.610873484515,56.38871645329785,,
5-133,SMART_HOME_CONTROL,528.3053433986743,0.1,150,FogNode_1,68,1.0,1597.9384595498836,295.83818541358534,6561.784194513569,6265.946009099984,5912.619839748229,43.64202988983071,,
8-127,GPS_TRACKING,793.7065238500825,0.2,200,FogNode_1,65,1.0,1597.9384595498836,289.6903625825637,6574.169590032875,6284.479227450312,5760.125884959975,65.56618113074693,,
5-264,SENSOR_DATA_LOGGING,453.5289916344368,0.1,10000,FogNode_4,54,1.0,1758.3565909566523,550.7783364082728,6589.37324166771,6038.594905259438,5762.082600318204,37.78059756625663,,
4-115,HEALTH_MONITORING,497.30625961190464,1.0,100,FogNode_2,15,1.0,681.967788340379,249.25644942791058,6605.4831979449455,6356.226748517035,5533.560595312412,61.04137166363854,,
4-177,SENSOR_DATA_LOGGING,342.3066386832539,0.1,10000,FogNode_9,82,1.0,1349.236560939329,358.86000251200505,6609.461693973424,6250.601691461419,5980.5948159837335,34.42907765811591,,
9-278,SENSOR_DATA_LOGGING,863.1536568906246,0.1,10000,FogNode_4,54,1.0,1758.3565909566523,547.8075905756028,6610.928026304849,6063.120435729245,5551.435742455757,71.90380670330515,,
2-259,SENSOR_DATA_LOGGING,446.7530018834838,0.1,10000,FogNode_3,93,1.0,1899.4436001125757,526.6897388349616,6614.869287161782,6088.179548326821,5838.371842919152,21.210888828594413,,
1-275,SENSOR_DATA_LOGGING,704.1397975961045,0.1,10000,FogNode_3,81,1.0,1899.4436001125757,519.5082987767926,6615.390782594124,6095.882483817331,5703.943682041843,33.43107019680464,,
1-145,HEALTH_MONITORING,686.7986526317605,1.0,100,FogNode_0,27,1.0,1189.2931772946604,255.97804479984458,6628.775950913427,6372.797906113582,5705.841981258076,43.73134527314521,,
6-301,SENSOR_DATA_LOGGING,953.0238561185229,0.1,10000,FogNode_4,54,1.0,1758.3565909566523,545.583573821119,6643.69890069479,6098.115326873671,5533.439954889712,79.3903178037142,,
8-167,SMART_HOME_CONTROL,365.26704924637625,0.1,150,FogNode_9,82,1.0,1349.236560939329,358.6129058015614,6644.786451435331,6286.17354563377,5998.8663119219245,36.73842743111708,,
4-275,GPS_TRACKING,64.15260002496497,0.2,200,FogNode_4,54,1.0,1758.3565909566523,544.687271185367,6647.412434731959,6102.725163546593,6040.1301291376,5.344142511457897,,
9-248,E_COMMERCE_TRANSACTION,378.3046311730432,0.5,300,FogNode_3,63,1.0,1899.4436001125757,491.792906991202,6654.605625575469,6162.812718584268,5912.336369321415,17.96110477450489,,
4-216,GPS_TRACKING,291.5875915377379,0.2,200,FogNode_7,92,1.0,1727.0272900361456,441.9991588458374,6655.320436595988,6213.32127775015,6018.785398242283,19.985145286523036,,
5-261,SENSOR_DATA_LOGGING,390.05739380906397,0.1,10000,FogNode_4,54,1.0,1758.3565909566523,546.8230275880045,6659.87068044573,6113.047652857726,5868.59187424827,32.49318498942056,,
6-249,SENSOR_DATA_LOGGING,344.6351623729377,0.1,10000,FogNode_7,105,1.0,1727.0272900361456,448.70739819316054,6679.268826198229,6230.561428005069,6012.21733864942,23.620976992006913,,
6-293,SMART_HOME_CONTROL,411.30095141897675,0.1,150,FogNode_3,86,1.0,1899.4436001125757,522.4364051885038,6697.225507944084,6174.78910275558,5937.1403736679795,19.527700359847433,,
5-256,GPS_TRACKING,98.6374377217941,0.2,200,FogNode_4,54,1.0,1758.3565909566523,544.7228418864785,6699.795279682472,6155.072437795993,6072.6986075402865,8.216853626278391,,
7-215,SENSOR_DATA_LOGGING,695.8684651254612,0.1,10000,FogNode_7,104,1.0,1727.0272900361456,448.6605572741535,6704.4954957148875,6255.834938440734,5834.470342855824,47.69418445586444,,
0-270,SMART_HOME_CONTROL,971.1139897393155,0.1,150,FogNode_3,83,1.0,1899.4436001125757,521.1179215365111,6718.035586403545,6196.917664867034,5666.6611150638255,46.106440895556744,,
0-275,SMART_HOME_CONTROL,204.00334582358676,0.1,150,FogNode_3,93,1.0,1899.4436001125757,527.1326469616346,6722.270920888362,6195.138273926727,6070.898591736443,9.685647932263773,,
9-386,SENSOR_DATA_LOGGING,412.5694296886681,0.1,10000,FogNode_6,89,1.0,816.2509881302752,792.9693013171806,6732.8298193823575,5939.860518065177,5420.478614254838,55.5917843217018,,
6-116,HEALTH_MONITORING,284.1057310994735,1.0,100,FogNode_1,28,1.0,1597.9384595498836,228.39383574403664,6739.579358902754,6511.185523158718,6240.597727280709,23.46928904551856,,
7-356,GPS_TRACKING,736.8328944107985,0.2,200,FogNode_6,76,1.0,816.2509881302752,760.0100650379751,6743.837328160835,5983.827263122859,5056.276212588697,99.28475645452185,,
8-212,GPS_TRACKING,804.0074191667358,0.2,200,FogNode_7,94,1.0,1727.0272900361456,444.98330340805575,6746.87303253933,6301.889729131274,5815.053219581248,55.10592888658657,,
0-162,SENSOR_DATA_LOGGING,431.8460971384471,0.1,10000,FogNode_8,46,1.0,770.9711269175084,308.7196162274095,6750.722162240907,6442.0025460134975,5861.032190153181,41.04898734422052,,
8-217,SENSOR_DATA_LOGGING,978.8424786354847,0.1,10000,FogNode_5,27,1.0,782.8923712617282,450.87510981707936,6752.9824132531285,6302.107303436049,5034.468389917827,145.4949278025287,,
6-284,E_COMMERCE_TRANSACTION,262.1789480486466,0.5,300,FogNode_3,63,1.0,1899.4436001125757,499.12644096784743,6753.420123414303,6254.293682446456,6071.149735035194,12.447702638398905,,
7-216,SENSOR_DATA_LOGGING,650.8703844509986,0.1,10000,FogNode_7,107,1.0,1727.0272900361456,450.1913937603917,6760.117360335689,6309.925966575298,5915.89461944961,44.61005740110453,,
4-137,HEALTH_MONITORING,987.1598123268342,1.0,100,FogNode_9,52,1.0,1349.236560939329,278.44642930358737,6760.948127484155,6482.5016981805675,5658.058157519195,99.28817615197013,,
7-177,SMART_HOME_CONTROL,924.8238416609354,0.1,150,FogNode_9,82,1.0,1349.236560939329,358.59071956439607,6761.7727211923875,6403.182001627992,5704.534155548799,93.01844681453774,,
8-101,HEALTH_MONITORING,978.9205175179628,1.0,100,FogNode_1,28,1.0,1597.9384595498836,229.0005675126637,6769.023468168959,6540.022900656295,5838.469241899246,80.86626232180312,,
0-227,GPS_TRACKING,503.4696054598107,0.2,200,FogNode_7,81,1.0,1727.0272900361456,437.13173293797877,6780.673350099942,6343.541617161963,6021.028953170655,34.507343606082465,,
6-424,SENSOR_DATA_LOGGING,346.4701292963415,0.1,10000,FogNode_6,88,1.0,816.2509881302752,791.4048219050297,6795.2080384165365,6003.803216511506,5561.173548322389,46.68521542250222,,
2-145,HEALTH_MONITORING,556.01297487543,1.0,100,FogNode_2,27,1.0,681.967788340379,283.4619883373249,6824.568809382753,6541.106821045428,5637.37357225197,68.24727015433687,,
2-256,SENSOR_DATA_LOGGING,866.4617420613092,0.1,10000,FogNode_3,86,1.0,1899.4436001125757,522.4007274423392,6828.50868103052,6306.107953588181,5831.071875175775,41.13777323847931,,
7-158,SENSOR_DATA_LOGGING,60.875026420513144,0.1,10000,FogNode_8,49,1.0,770.9711269175084,314.8034004426153,6829.681054857163,6514.877654414548,6412.940303466268,5.786455419356533,,
3-245,GPS_TRACKING,340.6594290951774,0.2,200,FogNode_3,85,1.0,1899.4436001125757,521.9837682212083,6833.952582271097,6311.968814049888,6110.327170530226,16.173790099869898,,
6-118,HEALTH_MONITORING,817.1080085790712,1.0,100,FogNode_1,29,1.0,1597.9384595498836,231.15420091071329,6834.639163036947,6603.484962126234,6004.330193546992,67.49932132849474,,
3-372,SMART_HOME_CONTROL,427.00754654160767,0.1,150,FogNode_6,88,1.0,816.2509881302752,791.3350649682855,6840.533891602483,6049.198826634198,5509.9449137287,57.53725245467965,,
5-98,VOICE_ASSISTANT,161.09847598151646,2.0,150,FogNode_2,16,1.0,681.967788340379,228.2469386674062,6841.709129339099,6613.462190671692,6203.653891692245,19.773875266536244,,
6-248,GPS_TRACKING,305.2671683121847,0.2,200,FogNode_7,98,1.0,1727.0272900361456,447.8330541982102,6856.0275665339395,6408.194512335729,6208.461348291978,20.9227308945172,,
3-218,SENSOR_DATA_LOGGING,554.058353243651,0.1,10000,FogNode_5,27,1.0,782.8923712617282,460.3445714781615,6861.12075867788,6400.776187199718,5679.388828532976,82.3551101050986,,
3-357,SENSOR_DATA_LOGGING,924.778745070878,0.1,10000,FogNode_6,78,1.0,816.2509881302752,765.7927525878836,6865.25765331061,6099.464900722727,4949.064047453495,124.60957318158361,,
0-232,SENSOR_DATA_LOGGING,699.4414946915024,0.1,10000,FogNode_7,110,1.0,1727.0272900361456,451.2285928333107,6872.118519849756,6420.889927016446,5999.642527652735,47.93907661541689,,
8-169,SMART_HOME_CONTROL,519.7988058948173,0.1,150,FogNode_9,84,1.0,1349.236560939329,360.3083013009398,6878.113637240124,6517.805335939184,6116.8221058517265,52.28117550857214,,
7-270,SMART_HOME_CONTROL,413.71314500804846,0.1,150,FogNode_4,54,1.0,1758.3565909566523,554.5021996398751,6895.154665011661,6340.652465371785,6088.500469796306,34.46379421763217,,
8-165,GPS_TRACKING,742.8605958738672,0.2,200,FogNode_9,68,1.0,1349.236560939329,353.1544123072235,6899.2290325819895,6546.074620274766,5974.2122971912995,74.71664950139002,,
5-263,SENSOR_DATA_LOGGING,455.5672904921611,0.1,10000,FogNode_4,54,1.0,1758.3565909566523,550.0728403472301,6906.49940994232,6356.42656959509,6076.3698528278055,37.95039519834607,,
9-266,SMART_HOME_CONTROL,889.9425025130786,0.1,150,FogNode_3,90,1.0,1899.4436001125757,523.6082053811101,6921.073375717906,6397.465170336796,5911.077006712285,42.25259014503304,,
3-255,GPS_TRACKING,604.3253260543534,0.2,200,FogNode_4,54,1.0,1758.3565909566523,544.3803558884845,6933.060824244782,6388.680468356298,6019.769655882414,50.34247504327067,,
0-161,SMART_HOME_CONTROL,280.55952738431097,0.1,150,FogNode_1,83,1.0,1597.9384595498836,308.4117205446288,6944.599395832243,6636.187675287614,6446.810111713901,23.176345711769684,,
2-184,SENSOR_DATA_LOGGING,250.53938625374425,0.1,10000,FogNode_9,88,1.0,1349.236560939329,362.6728981215545,6946.637867524493,6583.964969402939,6383.378992758199,25.199160667545787,,
2-225,SENSOR_DATA_LOGGING,784.7763705515656,0.1,10000,FogNode_7,103,1.0,1727.0272900361456,448.59421620200953,6949.125581100899,6500.5313648988895,6026.288150796745,53.78785050554332,,
3-244,SENSOR_DATA_LOGGING,491.83850045546177,0.1,10000,FogNode_3,83,1.0,1899.4436001125757,521.4659820347182,6956.163704596152,6434.697722561434,6152.847884575714,23.351453064224074,,
5-101,HEALTH_MONITORING,974.3091327497639,1.0,100,FogNode_1,29,1.0,1597.9384595498836,229.9016296898671,6958.253991919967,6728.3523622301,6027.976120517854,80.48532695099546,,
5-112,VOICE_ASSISTANT,86.3130661057777,2.0,150,FogNode_2,15,1.0,681.967788340379,239.79721500832397,6968.273855095174,6728.47664008685,6433.691717378738,10.594413092050402,,
7-174,SMART_HOME_CONTROL,660.7720506661911,0.1,150,FogNode_9,74,1.0,1349.236560939329,355.68686097407,6971.464843210347,6615.777982236277,6106.172026697896,66.46021337538187,,
7-218,SENSOR_DATA_LOGGING,461.12828061914024,0.1,10000,FogNode_7,112,1.0,1727.0272900361456,452.27393085783245,6971.502440700388,6519.228509842556,6233.669416437255,31.605308152165875,,
7-361,SENSOR_DATA_LOGGING,805.4832842878568,0.1,10000,FogNode_6,78,1.0,816.2509881302752,767.5687251580742,6975.459100148023,6207.890374989949,5199.032675243021,108.53507262682304,,
7-217,SENSOR_DATA_LOGGING,764.4964077811151,0.1,10000,FogNode_5,27,1.0,782.8923712617282,451.2848337182362,6980.504636445638,6529.219802727403,5532.821064135585,113.63457561676525,,
5-246,SMART_HOME_CONTROL,460.97199424740296,0.1,150,FogNode_3,100,1.0,1899.4436001125757,530.1102578489589,6996.108031715493,6465.997773866534,6206.768747919728,21.885976550476986,,
3-247,SMART_HOME_CONTROL,143.55053975517785,0.1,150,FogNode_3,102,1.0,1899.4436001125757,531.4276104870363,6996.648422929979,6465.220812442943,6373.463635845082,6.8154763979088235,,
9-115,HEALTH_MONITORING,102.8370125793694,1.0,100,FogNode_1,31,1.0,1597.9384595498836,233.0793177191936,7022.6100451614275,6789.530727442234,6631.377044274339,8.495117516505887,,
0-274,SENSOR_DATA_LOGGING,364.679100346004,0.1,10000,FogNode_3,90,1.0,1899.4436001125757,524.6011897950656,7025.945174377748,6501.343984582682,6286.750536523941,17.314193352792067,,
1-176,SENSOR_DATA_LOGGING,515.7523248858408,0.1,10000,FogNode_1,72,1.0,1597.9384595498836,300.6958159234812,7062.340427580656,6761.644611657175,6417.5946954200845,42.60505531444531,,
4-391,GPS_TRACKING,837.6998826285445,0.2,200,FogNode_6,79,1.0,816.2509881302752,770.3066297590516,7067.750530867581,6297.44390110853,5248.930937677984,112.87610726888536,,
2-154,SMART_HOME_CONTROL,812.6009805194301,0.1,150,FogNode_1,80,1.0,1597.9384595498836,305.9657308392692,7082.700425912705,6776.734695073436,6252.496411951108,67.12700661362211,,
7-173,GPS_TRACKING,751.2897985001215,0.2,200,FogNode_9,67,1.0,1349.236560939329,351.8348832080493,7084.783833131624,6732.948949923575,6151.690924146151,75.56445564658091,,
2-258,SENSOR_DATA_LOGGING,488.11521211811095,0.1,10000,FogNode_3,90,1.0,1899.4436001125757,525.7985618562587,7085.486678213054,6559.688116356795,6281.713999502661,23.17467919887253,,
8-256,SENSOR_DATA_LOGGING,724.7615101185097,0.1,10000,FogNode_3,104,1.0,1899.4436001125757,532.2213440515023,7103.836085590043,6571.61474153854,6176.6334992763905,34.41014554699568,,
2-172,GPS_TRACKING,700.3417842216078,0.2,200,FogNode_9,62,1.0,1349.236560939329,346.8099169738748,7128.526922782547,6781.717005808672,6232.5205639168435,70.44012283530623,,
9-254,E_COMMERCE_TRANSACTION,253.5639021473119,0.5,300,FogNode_3,64,1.0,1899.4436001125757,503.045562550618,7130.142200861728,6627.09663831111,6447.614988793899,12.038678457036816,,
1-242,GPS_TRACKING,865.359227645721,0.2,200,FogNode_7,93,1.0,1727.0272900361456,444.12848637240654,7156.389083651131,6712.260597278724,6185.507739593756,59.310925400935055,,
7-221,SMART_HOME_CONTROL,674.3927845466625,0.1,150,FogNode_7,118,1.0,1727.0272900361456,455.1061574611804,7171.166765251794,6716.060607790613,6309.206927046324,46.22226106491758,,
6-427,SENSOR_DATA_LOGGING,98.9082523252514,0.1,10000,FogNode_6,89,1.0,816.2509881302752,798.4347930012439,7188.924353335855,6390.489560334611,6252.650851657195,13.327420393341038,,
2-277,SENSOR_DATA_LOGGING,517.912579495766,0.1,10000,FogNode_4,54,1.0,1758.3565909566523,553.5447147391651,7189.698207635168,6636.153492896003,6323.512150566747,43.14398219596793,,
1-280,SENSOR_DATA_LOGGING,898.120871303908,0.1,10000,FogNode_3,102,1.0,1899.4436001125757,531.4405258828601,7190.869247403365,6659.428721520505,6173.497583473542,42.640881819605305,,
1-246,SMART_HOME_CONTROL,82.63196166043613,0.1,150,FogNode_7,114,1.0,1727.0272900361456,452.9711169206075,7204.235439141383,6751.264322220775,6683.392223961674,5.663518637350821,,
9-217,SENSOR_DATA_LOGGING,776.122988955639,0.1,10000,FogNode_7,103,1.0,1727.0272900361456,448.5907527759117,7209.5155797114785,6760.924826935567,6288.89050893451,53.194755691383726,,
2-137,HEALTH_MONITORING,890.3968304664053,1.0,100,FogNode_0,35,1.0,1189.2931772946604,269.8816177298225,7220.9610815451,6951.079463815277,6110.178543910497,56.69529355369593,,
1-197,SENSOR_DATA_LOGGING,468.9342934676869,0.1,10000,FogNode_9,76,1.0,1349.236560939329,356.37204471351527,7225.668919274001,6869.296874560486,6500.322996657581,47.16524128324638,,
9-144,GPS_TRACKING,838.6758075904123,0.2,200,FogNode_8,42,1.0,770.9711269175084,301.9949090299782,7234.17314744609,6932.178238416112,5819.029285240042,79.7200503600841,,
6-194,SENSOR_DATA_LOGGING,360.19888482979314,0.1,10000,FogNode_9,81,1.0,1349.236560939329,357.7142450624972,7238.429803438689,6880.715558376192,6592.4209777328215,36.22867329092904,,
2-141,HEALTH_MONITORING,725.1884867553907,1.0,100,FogNode_0,38,1.0,1189.2931772946604,277.11722006000366,7238.540221490519,6961.423001430515,6265.197679441153,46.17578671840148,,
0-231,GPS_TRACKING,633.085485244436,0.2,200,FogNode_7,94,1.0,1727.0272900361456,445.2463827528997,7238.69378411856,6793.44740136566,6400.02710272861,43.3910967701844,,
7-269,SMART_HOME_CONTROL,951.8424137561893,0.1,150,FogNode_4,54,1.0,1758.3565909566523,549.193559732396,7241.120297970332,6691.926738237936,6128.212667155626,79.29189940210729,,
5-162,GPS_TRACKING,398.83014059636736,0.2,200,FogNode_9,75,1.0,1349.236560939329,356.2640702250722,7242.234764423511,6885.970694198439,6567.685561273974,40.11419099497989,,
4-212,E_COMMERCE_TRANSACTION,862.3972274165432,0.5,300,FogNode_7,69,1.0,1727.0272900361456,424.8544709576161,7246.226593650975,6821.3721226933585,6275.907633010908,59.107912630032644,,
2-167,E_COMMERCE_TRANSACTION,819.4297516204442,0.5,300,FogNode_9,59,1.0,1349.236560939329,327.5449807600389,7252.114903200649,6924.56992244061,6267.489880274819,82.41794743576817,,
8-107,HEALTH_MONITORING,943.9638631954556,1.0,100,FogNode_0,27,1.0,1189.2931772946604,255.60617548375535,7262.116006030011,7006.509830546255,6119.129713965303,60.10613076858485,,
0-144,HEALTH_MONITORING,908.3740791724055,1.0,100,FogNode_2,24,1.0,681.967788340379,277.2130736210641,7272.131172355442,6994.918098734378,5577.082849288829,111.49749013746556,,
0-163,SMART_HOME_CONTROL,540.7775013664518,0.1,150,FogNode_1,84,1.0,1597.9384595498836,309.79004565019574,7283.021378315087,6973.231332664891,6618.498699652242,44.67232477066383,,
6-308,SMART_HOME_CONTROL,668.995960395218,0.1,150,FogNode_4,55,1.0,1758.3565909566523,557.3277019751691,7286.9660137221845,6729.638311747015,6334.607135770137,55.72977167800519,,
8-204,E_COMMERCE_TRANSACTION,84.73586058580827,0.5,300,FogNode_7,66,1.0,1727.0272900361456,422.57323420771917,7287.758359458325,6865.185125250606,6764.163786975808,5.807717934275567,,
2-260,SENSOR_DATA_LOGGING,187.55551489868893,0.1,10000,FogNode_3,93,1.0,1899.4436001125757,527.2807616422481,7289.611592207692,6762.330830565445,6641.463878394629,8.904739663603694,,
5-266,SENSOR_DATA_LOGGING,659.6177118755742,0.1,10000,FogNode_4,53,1.0,1758.3565909566523,554.9393222152839,7308.193897517879,6753.254575302595,6360.753682973923,54.94852981754525,,
6-147,E_COMMERCE_TRANSACTION,369.77055969294395,0.5,300,FogNode_8,39,1.0,770.9711269175084,287.59334353937817,7309.297666663831,7021.7043231244525,6490.982330525254,35.148417748082146,,
9-212,GPS_TRACKING,599.8631102476413,0.2,200,FogNode_7,93,1.0,1727.0272900361456,443.46652439123034,7318.840964942867,6875.374440551636,6498.520990324015,41.114065749855946,,
3-171,GPS_TRACKING,779.5543299603513,0.2,200,FogNode_9,69,1.0,1349.236560939329,353.5229153470942,7339.5471104496955,6986.024195102601,6384.041502507536,78.40729197706462,,
8-251,GPS_TRACKING,602.8262620452903,0.2,200,FogNode_3,90,1.0,1899.4436001125757,524.4033320051526,7343.31509365809,6818.911761652937,6476.814209061127,28.62091753898181,,
0-185,GPS_TRACKING,143.06486820445573,0.2,200,FogNode_9,70,1.0,1349.236560939329,354.6029751794172,7348.268704168558,6993.665728989141,6862.555963874048,14.38941259365149,,
9-268,SENSOR_DATA_LOGGING,793.0982672703914,0.1,10000,FogNode_3,94,1.0,1899.4436001125757,528.1163927332167,7373.70611923978,6845.589726506563,6407.970145320533,37.654630425092265,,
0-214,E_COMMERCE_TRANSACTION,733.7673020507204,0.5,300,FogNode_7,66,1.0,1727.0272900361456,420.11963180002914,7373.998602091414,6953.878970291385,6476.948490013437,50.29173587479553,,
7-178,SENSOR_DATA_LOGGING,191.48733034804553,0.1,10000,FogNode_9,84,1.0,1349.236560939329,359.34622096999146,7380.352529142722,7021.006308172731,6858.938951940897,19.25972628651996,,
0-235,SENSOR_DATA_LOGGING,130.4816685872276,0.1,10000,FogNode_7,122,1.0,1727.0272900361456,460.46571244040655,7394.39371928556,6933.9280068451535,6843.3255015682835,8.943093532175215,,
6-255,SMART_HOME_CONTROL,418.20704070437444,0.1,150,FogNode_5,27,1.0,782.8923712617282,455.8385918489038,7395.302794492563,6939.4642026436595,6386.636414762949,62.16220129577278,,
8-172,SMART_HOME_CONTROL,76.76039404801631,0.1,150,FogNode_9,91,1.0,1349.236560939329,364.50748357902165,7396.438834458847,7031.931350879825,6957.034662916248,7.720532613427286,,
6-259,SENSOR_DATA_LOGGING,59.75456963503581,0.1,10000,FogNode_7,124,1.0,1727.0272900361456,462.19263511201984,7408.598269380855,6946.405634268835,6897.938894202397,4.095523233317326,,
6-162,SENSOR_DATA_LOGGING,618.8176193209495,0.1,10000,FogNode_1,87,1.0,1597.9384595498836,314.10452219633993,7409.870027310716,7095.7655051143765,6695.240075931901,51.11903064432743,,
8-216,GPS_TRACKING,961.4472489209311,0.2,200,FogNode_7,105,1.0,1727.0272900361456,448.6989265212556,7412.734026511655,6964.035099990399,6384.21894710221,65.89670998577414,,
9-142,GPS_TRACKING,929.3933970294479,0.2,200,FogNode_1,65,1.0,1597.9384595498836,292.8430537340608,7416.259432250096,7123.416378516035,6511.553934714873,76.77494638164633,,
7-188,GPS_TRACKING,414.17754507452173,0.2,200,FogNode_2,58,1.0,681.967788340379,381.07186313036135,7431.895947343997,7050.824084213636,6420.332106764967,50.83781869819457,,
3-114,HEALTH_MONITORING,592.9370857913191,1.0,100,FogNode_1,39,1.0,1597.9384595498836,237.86844017489935,7433.404208070889,7195.535767895989,6734.73847837965,48.981102205824854,,
8-180,GPS_TRACKING,117.2785268787353,0.2,200,FogNode_2,59,1.0,681.967788340379,385.79678300198157,7444.101944118932,7058.30516111695,6859.238008094608,14.395238364696294,,
1-274,GPS_TRACKING,857.842444187471,0.2,200,FogNode_3,78,1.0,1899.4436001125757,518.3113235485089,7447.736310721318,6929.424987172809,6447.506688029947,40.72854718244443,,
2-370,E_COMMERCE_TRANSACTION,804.6692296177622,0.5,300,FogNode_6,76,1.0,816.2509881302752,759.4663207953962,7449.596967398518,6690.130646603122,5653.839886956705,108.42538260039495,,
6-193,SENSOR_DATA_LOGGING,750.4401083768439,0.1,10000,FogNode_9,74,1.0,1349.236560939329,355.8941141554153,7455.425129028111,7099.531014872696,6520.809003068357,75.478994121931,,
5-161,GPS_TRACKING,511.0054942967253,0.2,200,FogNode_9,68,1.0,1349.236560939329,352.89017391595996,7463.5206010865095,7110.630427170549,6705.699634609982,51.39674741495617,,
3-162,E_COMMERCE_TRANSACTION,292.76294384570826,0.5,300,FogNode_9,58,1.0,1349.236560939329,334.40116425563747,7469.099049881264,7134.697885625626,6871.478379808838,29.445990787252654,,
3-142,HEALTH_MONITORING,992.1032544955798,1.0,100,FogNode_2,32,1.0,681.967788340379,296.4567900243166,7471.753349555223,7175.296559530907,5632.31546061972,121.77474607625143,,
9-280,SENSOR_DATA_LOGGING,513.5160360156341,0.1,10000,FogNode_4,54,1.0,1758.3565909566523,551.6313116404955,7481.7413794563345,6930.110067815839,6617.335507916592,42.77773429788582,,
8-257,SENSOR_DATA_LOGGING,740.4817165298807,0.1,10000,FogNode_3,104,1.0,1899.4436001125757,532.2287217902849,7493.677466763979,6961.448744973694,6554.696414554721,35.15650774075462,,
1-165,E_COMMERCE_TRANSACTION,666.3292577635198,0.5,300,FogNode_1,64,1.0,1597.9384595498836,281.7288380405808,7499.693492060706,7217.964654020126,6754.492984278809,55.043852474987496,,
8-220,GPS_TRACKING,159.35087370102053,0.2,200,FogNode_7,117,1.0,1727.0272900361456,454.26507771492766,7500.867149334504,7046.602071619576,6930.682454735955,10.921762293293998,,
0-234,SENSOR_DATA_LOGGING,515.0511282664218,0.1,10000,FogNode_7,120,1.0,1727.0272900361456,458.20067826968653,7502.465311499475,7044.264633229789,6731.172763929469,35.30113052516454,,
1-297,SENSOR_DATA_LOGGING,53.84623969189234,0.1,10000,FogNode_4,53,1.0,1758.3565909566523,555.7652705114289,7512.3644282558935,6956.599157744465,6906.012454407865,4.485585596025897,,
9-143,HEALTH_MONITORING,749.3984597599705,1.0,100,FogNode_2,36,1.0,681.967788340379,300.2173636944177,7535.847307324839,7235.629943630421,6044.545130670526,91.98418282944048,,
2-262,SENSOR_DATA_LOGGING,861.1064387731647,0.1,10000,FogNode_3,104,1.0,1899.4436001125757,531.8368895731455,7538.833352324425,7006.996462751279,6536.354086351807,40.88351475065864,,
9-222,SMART_HOME_CONTROL,269.18552516827936,0.1,150,FogNode_7,122,1.0,1727.0272900361456,461.1531233495856,7550.260118572537,7089.106995222952,6916.945541001696,18.449728265685856,,
4-211,E_COMMERCE_TRANSACTION,600.723816540424,0.5,300,FogNode_7,67,1.0,1727.0272900361456,421.6550317691191,7557.352478413786,7135.697446644667,6735.022516392712,41.1730577673817,,
1-293,SENSOR_DATA_LOGGING,582.2386790266405,0.1,10000,FogNode_4,54,1.0,1758.3565909566523,552.0651467638893,7572.246920420598,7020.181773656709,6668.417216793521,48.50257784081227,,
0-283,SENSOR_DATA_LOGGING,109.68844293913381,0.1,10000,FogNode_4,54,1.0,1758.3565909566523,554.0657926587476,7574.745655990511,7020.679863331764,6935.603630522658,9.137442141059486,,
0-159,GPS_TRACKING,278.28726139031073,0.2,200,FogNode_1,80,1.0,1597.9384595498836,305.209193594393,7590.413361475068,7285.204167880675,7087.792985519859,22.988639299811307,,
8-224,SMART_HOME_CONTROL,163.64073285333552,0.1,150,FogNode_7,122,1.0,1727.0272900361456,459.34698434995437,7595.619984913558,7136.273000563604,7022.434857062926,11.215785293263254,,
4-182,SENSOR_DATA_LOGGING,177.1169350104472,0.1,10000,FogNode_9,98,1.0,1349.236560939329,366.8770743798829,7600.371015182249,7233.493940802366,7084.1473137412395,17.814357131661662,,
0-148,HEALTH_MONITORING,854.5239783618063,1.0,100,FogNode_2,31,1.0,681.967788340379,294.65346471000987,7606.472287481399,7311.818822771389,5966.887538973029,104.88771204967432,,
1-205,SENSOR_DATA_LOGGING,348.4977198173549,0.1,10000,FogNode_9,102,1.0,1349.236560939329,369.719918837167,7606.561230406309,7236.841311569142,6965.416090795707,35.05177435477828,,
8-265,GPS_TRACKING,565.7879564152353,0.2,200,FogNode_4,54,1.0,1758.3565909566523,553.211014201449,7608.73689872078,7055.525884519331,6712.490796619625,47.13217342980476,,
0-394,SENSOR_DATA_LOGGING,706.597779667716,0.1,10000,FogNode_6,88,1.0,816.2509881302752,791.0189858662336,7609.499716253334,6818.4807303871,5932.959158851391,95.21071737943157,,
0-276,SMART_HOME_CONTROL,520.8325622991922,0.1,150,FogNode_3,106,1.0,1899.4436001125757,532.7312995924138,7617.517792947673,7084.786493355259,6793.51143492143,24.728029874819633,,
1-435,SENSOR_DATA_LOGGING,630.8282984793404,0.1,10000,FogNode_6,89,1.0,816.2509881302752,795.1508140190074,7638.0938368530415,6842.943022834034,6053.385526508864,85.0011372378055,,
2-264,SENSOR_DATA_LOGGING,504.31152112069253,0.1,10000,FogNode_3,104,1.0,1899.4436001125757,532.0666557961983,7639.210986607678,7107.144330811479,6823.851477120133,23.943645737964566,,
1-243,GPS_TRACKING,392.36181848273253,0.2,200,FogNode_7,107,1.0,1727.0272900361456,449.90340229961095,7639.923151284849,7190.019748985238,6934.730906672311,26.892118097031354,,
8-250,GPS_TRACKING,977.2303565951237,0.2,200,FogNode_3,83,1.0,1899.4436001125757,521.2260233857353,7644.624629577804,7123.398606192069,6580.817420084337,46.39683307393383,,
4-175,GPS_TRACKING,700.3789806410189,0.2,200,FogNode_9,73,1.0,1349.236560939329,355.2504943399666,7647.619720085208,7292.369225745242,6749.329292322332,70.44386403768968,,
2-229,SENSOR_DATA_LOGGING,159.20470974237594,0.1,10000,FogNode_7,121,1.0,1727.0272900361456,459.01589138455375,7649.536725102235,7190.520833717682,7077.020479738793,10.911744350027755,,
1-139,VOICE_ASSISTANT,467.48757685094,2.0,150,FogNode_2,15,1.0,681.967788340379,243.52626897336194,7653.771887177609,7410.245618204247,6556.917992446678,57.38130653927709,,
8-254,SENSOR_DATA_LOGGING,219.9606049457077,0.1,10000,FogNode_3,94,1.0,1899.4436001125757,528.6413855542854,7654.636003654883,7125.994618100598,6988.501024769581,10.443264887989693,,
2-247,E_COMMERCE_TRANSACTION,326.58729069446866,0.5,300,FogNode_3,63,1.0,1899.4436001125757,499.75143983059195,7665.615865290323,7165.864425459731,6943.417752057301,15.505674693952887,,
7-138,E_COMMERCE_TRANSACTION,410.8221036327688,0.5,300,FogNode_1,64,1.0,1597.9384595498836,278.6210120894653,7666.9650995129905,7388.344087423525,7081.551169363525,33.93702287923786,,
3-216,SENSOR_DATA_LOGGING,286.5173229865851,0.1,10000,FogNode_7,120,1.0,1727.0272900361456,457.7230656541356,7668.367335537896,7210.64426988376,7022.76745442669,19.63763374427223,,
3-184,E_COMMERCE_TRANSACTION,153.34710458041963,0.5,300,FogNode_2,58,1.0,681.967788340379,382.24782680748837,7668.961691459201,7286.713864651712,7016.282037038056,18.822440746153376,,
6-257,GPS_TRACKING,153.8254060039381,0.2,200,FogNode_7,120,1.0,1727.0272900361456,458.14876740105416,7684.689455263803,7226.540687862749,7114.847008611247,10.54305182032831,,
0-262,E_COMMERCE_TRANSACTION,756.586749176368,0.5,300,FogNode_3,65,1.0,1899.4436001125757,503.42647571671523,7687.9317893072675,7184.505313590553,6740.16705115654,35.921140671267345,,
5-379,SMART_HOME_CONTROL,583.3844422854928,0.1,150,FogNode_6,89,1.0,816.2509881302752,796.2139546535249,7690.171181075249,6893.957226421724,6161.887292010325,78.60830143582058,,
8-171,SMART_HOME_CONTROL,118.23997760995253,0.1,150,FogNode_9,89,1.0,1349.236560939329,363.23948506728965,7694.1959573571075,7330.956472289818,7220.915284892823,11.892534094829099,,
5-236,E_COMMERCE_TRANSACTION,475.3613320512377,0.5,300,FogNode_3,63,1.0,1899.4436001125757,499.20820259735837,7697.999773149507,7198.791570552148,6897.615728069707,22.56915191401675,,
9-139,HEALTH_MONITORING,638.9212135547551,1.0,100,FogNode_9,52,1.0,1349.236560939329,285.2736818225638,7699.211685644002,7413.938003821438,6846.314289067808,64.26246409801362,,
3-374,SENSOR_DATA_LOGGING,789.8165757832338,0.1,10000,FogNode_6,89,1.0,816.2509881302752,794.5844827624572,7700.444667350146,6905.860184587689,5922.235526780655,106.42405756475894,,
2-153,GPS_TRACKING,674.6277523026378,0.2,200,FogNode_1,75,1.0,1597.9384595498836,303.17928676491124,7705.207694859887,7402.028408094976,6954.795834597275,55.729371088876455,,
7-219,GPS_TRACKING,801.4207353926537,0.2,200,FogNode_7,114,1.0,1727.0272900361456,452.7454412221603,7710.272958185192,7257.527516963031,6771.557695475367,54.92863996025505,,
8-153,SENSOR_DATA_LOGGING,311.24869154102015,0.1,10000,FogNode_8,52,1.0,770.9711269175084,330.57829561866834,7713.0075861071855,7382.429290488517,6961.793305310299,29.58564100644515,,
5-154,E_COMMERCE_TRANSACTION,347.4030897669877,0.5,300,FogNode_9,58,1.0,1349.236560939329,338.1950701517467,7721.00183145365,7382.806761301903,7079.041162703024,34.94167686103416,,
4-222,SMART_HOME_CONTROL,950.86613629162,0.1,150,FogNode_7,110,1.0,1727.0272900361456,451.1505429079206,7721.746447331814,7270.595904423893,6698.150504038446,65.17149025994614,,
8-151,SENSOR_DATA_LOGGING,385.9485914793245,0.1,10000,FogNode_8,51,1.0,770.9711269175084,329.54441299773254,7734.773725086944,7405.229312089212,6889.312504448134,36.68621518669285,,
3-178,SENSOR_DATA_LOGGING,184.3418105488601,0.1,10000,FogNode_9,107,1.0,1349.236560939329,371.0626554591115,7736.997768329616,7365.935112870504,7215.303873737207,18.54103249483629,,
5-216,SMART_HOME_CONTROL,97.13747329510745,0.1,150,FogNode_7,127,1.0,1727.0272900361456,462.9277478108153,7740.93493201772,7278.007184206905,7202.34935916734,6.657713060870169,,
2-221,E_COMMERCE_TRANSACTION,352.2315797372446,0.5,300,FogNode_7,76,1.0,1727.0272900361456,433.84033858269345,7754.2126454199115,7320.372306837218,7070.016679993924,24.141628450054608,,
9-385,SMART_HOME_CONTROL,789.2126369790805,0.1,150,FogNode_6,89,1.0,816.2509881302752,792.622953494883,7762.082992879833,6969.4600393849505,5983.802760437239,106.34267966002825,,
9-223,SENSOR_DATA_LOGGING,840.2192628623252,0.1,10000,FogNode_7,122,1.0,1727.0272900361456,461.7258992329677,7774.270221610046,7312.544322377078,6812.780009550579,57.587855341456155,,
2-279,SMART_HOME_CONTROL,372.7039639744876,0.1,150,FogNode_4,54,1.0,1758.3565909566523,556.1247151888739,7784.208456488612,7228.083741299738,6995.295857114328,31.04758181725806,,
8-226,SMART_HOME_CONTROL,205.36019234207848,0.1,150,FogNode_7,124,1.0,1727.0272900361456,461.9321927960294,7787.276974966802,7325.344782170773,7186.1417289197125,14.075198668025573,,
0-403,SENSOR_DATA_LOGGING,493.80012702466354,0.1,10000,FogNode_6,89,1.0,816.2509881302752,799.2959608944984,7793.885491766786,6994.5895308722875,6373.112884039846,66.53723757550145,,
1-298,SENSOR_DATA_LOGGING,863.9209479986356,0.1,10000,FogNode_4,54,1.0,1758.3565909566523,556.1603416740511,7799.516847846521,7243.35650617247,6733.411631462527,71.96772481461147,,
6-197,GPS_TRACKING,257.4410579328274,0.2,200,FogNode_9,84,1.0,1349.236560939329,359.4306714944568,7838.424702240153,7478.994030745696,7261.244381237702,25.893328303686342,,
6-256,SENSOR_DATA_LOGGING,854.2236240245567,0.1,10000,FogNode_5,27,1.0,782.8923712617282,455.9704793366903,7844.094876959818,7388.124397623128,6278.85481343584,126.97160903552329,,
1-200,GPS_TRACKING,197.81542116875647,0.2,200,FogNode_9,82,1.0,1349.236560939329,358.33093833948533,7845.82453834571,7487.493600006224,7312.068363475103,19.89620336780575,,
2-382,SENSOR_DATA_LOGGING,823.4697198376389,0.1,10000,FogNode_6,88,1.0,816.2509881302752,792.130469187057,7849.377656341928,7057.2471871548705,6029.054050032634,110.95865996472692,,
7-359,E_COMMERCE_TRANSACTION,330.2148669297615,0.5,300,FogNode_6,76,1.0,816.2509881302752,763.4688592698078,7854.147616318601,7090.678757048793,6633.50926232808,44.49489550408872,,
6-261,GPS_TRACKING,235.67819799882193,0.2,200,FogNode_7,129,1.0,1727.0272900361456,463.5491051463057,7858.2111108368645,7394.6620056905585,7236.298989734179,16.153166885576514,,
0-277,SENSOR_DATA_LOGGING,366.4093672555025,0.1,10000,FogNode_3,108,1.0,1899.4436001125757,532.9393514833567,7858.519390951094,7325.580039467737,7114.465774514244,17.396342770717503,,
2-158,SENSOR_DATA_LOGGING,679.4178305087977,0.1,10000,FogNode_1,84,1.0,1597.9384595498836,311.24466347035576,7858.588185869496,7547.34352239914,7104.437212948566,56.125067893498965,,
6-139,E_COMMERCE_TRANSACTION,312.3483571949168,0.5,300,FogNode_1,63,1.0,1597.9384595498836,276.93534884663734,7862.434678036622,7585.499329189985,7337.054186789571,25.802344252371768,,
8-268,SENSOR_DATA_LOGGING,452.46031310579684,0.1,10000,FogNode_4,55,1.0,1758.3565909566523,557.3098702792513,7866.056895945934,7308.747025666683,7030.943186678902,37.691572797911086,,
7-211,E_COMMERCE_TRANSACTION,166.159043310463,0.5,300,FogNode_7,79,1.0,1727.0272900361456,435.4944805855422,7870.481233601053,7434.986753015511,7287.656900025987,11.388387975348747,,
4-165,SENSOR_DATA_LOGGING,114.3389383448889,0.1,10000,FogNode_8,51,1.0,770.9711269175084,329.3638096461563,7883.0788098727235,7553.715000226567,7386.015528078831,10.86844981156852,,
7-187,SENSOR_DATA_LOGGING,59.95743133614702,0.1,10000,FogNode_9,110,1.0,1349.236560939329,373.022756432653,7890.262580622303,7517.23982418965,7456.611249039351,6.030496713689198,,
6-204,HEALTH_MONITORING,151.161498273917,1.0,100,FogNode_2,58,1.0,681.967788340379,381.34843869179304,7890.616586101336,7509.2681474095425,7195.051730536964,18.554170632341147,,
2-269,SENSOR_DATA_LOGGING,531.1294065342804,0.1,10000,FogNode_3,111,1.0,1899.4436001125757,535.2087840356604,7918.834665090578,7383.625881054917,7088.62371542914,25.216902288513612,,
9-287,SMART_HOME_CONTROL,93.37316969841712,0.1,150,FogNode_4,55,1.0,1758.3565909566523,557.1752255061685,7919.159418027429,7361.98419252126,7287.429548157562,7.778321150205879,,
2-155,SENSOR_DATA_LOGGING,530.1602767860522,0.1,10000,FogNode_1,83,1.0,1597.9384595498836,308.8217317142591,7922.191017627978,7613.369285913719,7261.2334922282525,43.79526146196437,,
9-267,GPS_TRACKING,596.1108379694416,0.2,200,FogNode_3,90,1.0,1899.4436001125757,523.7946619654707,7931.352243169891,7407.557581204421,7067.183968309738,28.302083389218577,,
3-221,GPS_TRACKING,318.4984698454915,0.2,200,FogNode_7,127,1.0,1727.0272900361456,462.6050105090047,7938.632701595646,7476.027691086641,7268.4783668819,21.82959212986133,,
8-168,GPS_TRACKING,286.75043476751654,0.2,200,FogNode_9,84,1.0,1349.236560939329,360.04642926309475,7949.525684537195,7589.4792552741,7348.425454842218,28.841254803254582,,
1-436,GPS_TRACKING,157.37300172635096,0.2,200,FogNode_6,89,1.0,816.2509881302752,797.5097583069962,7954.882761596602,7157.373003289606,6942.710667886155,21.205269563069628,,
1-201,GPS_TRACKING,783.3258540251358,0.2,200,FogNode_9,85,1.0,1349.236560939329,361.5709776284442,7960.922220702066,7599.351243073622,6996.332803254809,78.78663050060425,,
0-165,SMART_HOME_CONTROL,756.6833184518877,0.1,150,FogNode_1,84,1.0,1597.9384595498836,311.2203708015546,7973.230701162635,7662.01033036108,7170.679999976639,62.5077834507029,,
3-176,SMART_HOME_CONTROL,847.3423349309279,0.1,150,FogNode_0,47,1.0,1189.2931772946604,368.4649285652144,7974.591576484738,7606.126647919524,6878.969610222797,53.95383358925339,,
5-175,HEALTH_MONITORING,219.62106768899832,1.0,100,FogNode_2,58,1.0,681.967788340379,383.88403624234076,7975.812123452497,7591.928087210156,7184.308970941902,26.957173690979115,,
2-182,SENSOR_DATA_LOGGING,916.603322360111,0.1,10000,FogNode_0,45,1.0,1189.2931772946604,360.5242933946696,7991.6737534576305,7631.149460062961,6845.164117953123,58.36397059755728,,
4-181,SENSOR_DATA_LOGGING,728.9110686159121,0.1,10000,FogNode_9,92,1.0,1349.236560939329,364.6988912429121,7995.664765069732,7630.96587382682,7070.952010452986,73.31361110544893,,
8-255,SENSOR_DATA_LOGGING,665.9427884969017,0.1,10000,FogNode_3,102,1.0,1899.4436001125757,530.2878735932476,8005.234878218694,7474.947004625446,7103.503790581528,31.617556890408764,,
8-210,E_COMMERCE_TRANSACTION,382.46044083503614,0.5,300,FogNode_7,90,1.0,1727.0272900361456,440.0218994433258,8008.732908547928,7568.7110091046015,7299.859550861111,26.213486781540915,,
3-179,SMART_HOME_CONTROL,90.38733483318802,0.1,150,FogNode_9,110,1.0,1349.236560939329,373.4822292815533,8016.517150266719,7643.034920985166,7557.182037844253,9.091125378849384,,
2-186,GPS_TRACKING,101.63120710109212,0.2,200,FogNode_9,99,1.0,1349.236560939329,367.15725912335085,8036.247193389092,7669.089934265741,7567.1145379606605,10.222029976489441,,
9-273,SMART_HOME_CONTROL,651.836885133522,0.1,150,FogNode_3,109,1.0,1899.4436001125757,533.5075175363531,8041.172313305418,7507.664795769066,7146.2736114000045,30.947838395387716,,
8-175,GPS_TRACKING,62.48807479919291,0.2,200,FogNode_9,99,1.0,1349.236560939329,367.5853738634881,8041.97841873747,7674.393044873982,7601.6416052741415,6.285027916032696,,
0-173,SENSOR_DATA_LOGGING,254.3287066466522,0.1,10000,FogNode_8,52,1.0,770.9711269175084,330.86484197363797,8042.888560591286,7712.023718617647,7364.333954795935,24.17513074585788,,
1-203,SENSOR_DATA_LOGGING,958.2188648237258,0.1,10000,FogNode_0,47,1.0,1189.2931772946604,366.99460326428937,8044.244721539389,7677.250118275099,6858.33162798758,61.01380639620342,,
1-202,SMART_HOME_CONTROL,290.00273020222346,0.1,150,FogNode_9,99,1.0,1349.236560939329,366.9629968653939,8053.363089323531,7686.400092458138,7449.416592191549,29.168369499362694,,
7-272,GPS_TRACKING,256.6010812434853,0.2,200,FogNode_4,53,1.0,1758.3565909566523,555.8628000631153,8065.0917519824425,7509.228951919327,7339.635381221441,21.375793751550603,,
5-213,GPS_TRACKING,339.74561649468336,0.2,200,FogNode_7,120,1.0,1727.0272900361456,458.72801231902287,8067.204017574879,7608.476005255856,7382.533024225879,23.285852015506027,,
8-266,SENSOR_DATA_LOGGING,870.5130816426594,0.1,10000,FogNode_4,53,1.0,1758.3565909566523,555.5832011902237,8069.817637475819,7514.234436285595,6997.401188156796,72.51687327678648,,
7-152,GPS_TRACKING,349.28949744919146,0.2,200,FogNode_1,75,1.0,1597.9384595498836,303.2487096263627,8077.175763733778,7773.927054107415,7528.429805850572,28.853962728857404,,
5-201,E_COMMERCE_TRANSACTION,635.2506470914119,0.5,300,FogNode_7,78,1.0,1727.0272900361456,434.8206851459472,8078.101915351303,7643.281230205356,7227.305744677397,43.53949497139884,,
8-137,SMART_HOME_CONTROL,169.9879899987327,0.1,150,FogNode_1,84,1.0,1597.9384595498836,310.3845005429425,8079.610261015407,7769.225760472465,7640.68656253268,14.042297760442361,,
2-232,SMART_HOME_CONTROL,602.7227110862465,0.1,150,FogNode_7,138,1.0,1727.0272900361456,467.2652360112258,8089.929249920844,7622.664013909618,7255.314997133381,41.31006016072782,,
8-253,GPS_TRACKING,861.6885955699098,0.2,200,FogNode_3,94,1.0,1899.4436001125757,528.4326006456057,8098.277791755843,7569.8451911102375,7093.635134573288,40.911154325646415,,
7-149,VOICE_ASSISTANT,341.60193267164556,2.0,150,FogNode_2,37,1.0,681.967788340379,300.7177969621142,8107.378545096528,7806.660748134414,7139.342771955075,41.929595958634884,,
7-183,GPS_TRACKING,99.8877209185815,0.2,200,FogNode_9,94,1.0,1349.236560939329,365.4270188939167,8116.011189424502,7750.584170530586,7646.770478602812,10.04667076813633,,
0-236,SMART_HOME_CONTROL,812.9773221081007,0.1,150,FogNode_7,124,1.0,1727.0272900361456,461.8964362522031,8120.274695948709,7658.378259696507,7167.5581291628505,55.720717782587954,,
9-286,SENSOR_DATA_LOGGING,604.9962525202425,0.1,10000,FogNode_4,54,1.0,1758.3565909566523,556.0731785085029,8128.277603572758,7572.204425064256,7205.913369683782,50.39836563300554,,
1-174,HEALTH_MONITORING,991.3147889704471,1.0,100,FogNode_9,54,1.0,1349.236560939329,296.6401130918257,8131.161578912423,7834.521465820597,7012.339904021552,99.70608219691533,,
1-278,GPS_TRACKING,843.9609979957356,0.2,200,FogNode_3,94,1.0,1899.4436001125757,527.9612383536737,8132.251903863823,7604.290665510149,7136.340044038709,40.06948543979988,,
3-378,SMART_HOME_CONTROL,363.6712752902799,0.1,150,FogNode_6,89,1.0,816.2509881302752,799.9050198212536,8135.709723237769,7335.804703416516,6871.260429322876,49.00298869742161,,
8-133,GPS_TRACKING,352.96936697912975,0.2,200,FogNode_1,79,1.0,1597.9384595498836,304.44419172877224,8143.0814811309065,7838.637289402134,7590.959117161063,29.15794787309823,,
2-223,E_COMMERCE_TRANSACTION,361.3866634060436,0.5,300,FogNode_7,93,1.0,1727.0272900361456,443.77500248226283,8147.88629329684,7704.111290814578,7449.247682955309,24.76910946276273,,
5-382,SENSOR_DATA_LOGGING,426.5587489165514,0.1,10000,FogNode_6,89,1.0,816.2509881302752,800.7165461180924,8160.676663850455,7359.960117732363,6819.356107061914,57.47677909194152,,
7-153,GPS_TRACKING,748.3898584607674,0.2,200,FogNode_1,76,1.0,1597.9384595498836,303.37819682310754,8173.554804217013,7870.176607393905,7375.136978251874,61.822680728678286,,
5-244,GPS_TRACKING,100.31218100080258,0.2,200,FogNode_3,90,1.0,1899.4436001125757,524.9689187937422,8185.063253984909,7660.094335191167,7577.411664351402,4.762610459004337,,
0-266,E_COMMERCE_TRANSACTION,341.77944378378305,0.5,300,FogNode_3,66,1.0,1899.4436001125757,506.62822946482686,8185.171489004887,7678.54325954006,7451.169737044371,16.22696603141653,,
5-268,SENSOR_DATA_LOGGING,221.45005260477998,0.1,10000,FogNode_4,59,1.0,1758.3565909566523,561.8296649064823,8191.0332440232,7629.203579116717,7485.408493928554,18.44758653319193,,
4-214,E_COMMERCE_TRANSACTION,953.0129379961971,0.5,300,FogNode_7,74,1.0,1727.0272900361456,430.13122043948084,8191.745895195429,7761.614674755948,7158.735491231843,65.31863007389043,,
4-155,SMART_HOME_CONTROL,534.1925699408202,0.1,150,FogNode_1,84,1.0,1597.9384595498836,311.0219855652105,8196.735768762792,7885.7137831975815,7531.222555739509,44.128359471635925,,
2-266,SENSOR_DATA_LOGGING,510.6663933411113,0.1,10000,FogNode_3,109,1.0,1899.4436001125757,533.8150132572183,8200.20275987428,7666.3877466170625,7377.42262077092,24.245361647245417,,
8-173,SMART_HOME_CONTROL,677.4560104617677,0.1,150,FogNode_9,98,1.0,1349.236560939329,366.7394793911604,8223.10504305809,7856.36556366693,7333.313854988604,68.13828000492892,,
4-168,E_COMMERCE_TRANSACTION,457.15464543596596,0.5,300,FogNode_9,58,1.0,1349.236560939329,337.8114873523876,8229.087260200879,7891.275772848491,7498.887779167259,45.98044855346041,,
8-260,SENSOR_DATA_LOGGING,60.80092843483329,0.1,10000,FogNode_3,118,1.0,1899.4436001125757,538.6249178262308,8232.212622357814,7693.587704531584,7643.427411743579,2.88669964895484,,
6-399,SENSOR_DATA_LOGGING,175.2756006209911,0.1,10000,FogNode_2,63,1.0,681.967788340379,747.4923538061871,8232.826609499612,7485.334255693426,7209.807379337465,21.51403259919328,,
7-370,SMART_HOME_CONTROL,437.37064698815834,0.1,150,FogNode_6,89,1.0,816.2509881302752,798.3075819994981,8236.273295245606,7437.965713246108,6881.09361378677,58.93363135110809,,
9-215,E_COMMERCE_TRANSACTION,255.09156159601505,0.5,300,FogNode_7,94,1.0,1727.0272900361456,445.1967934384433,8237.634826472953,7792.43803303451,7594.504229439136,17.483740967772288,,
6-252,GPS_TRACKING,992.5092347906364,0.2,200,FogNode_5,27,1.0,782.8923712617282,451.15424550181365,8248.25135518181,7797.097109679997,6505.739658873686,147.52635139058188,,
2-265,SENSOR_DATA_LOGGING,631.0592095609695,0.1,10000,FogNode_3,109,1.0,1899.4436001125757,533.6075710662652,8251.068383177057,7717.460812110791,7365.31890340715,29.961358249024975,,
7-369,SENSOR_DATA_LOGGING,534.5933757502846,0.1,10000,FogNode_6,89,1.0,816.2509881302752,796.5631716720652,8264.437209162024,7467.874037489959,6791.690072421935,72.03393539590844,,
7-241,E_COMMERCE_TRANSACTION,150.9257169219075,0.5,300,FogNode_3,64,1.0,1899.4436001125757,503.03132758367843,8264.5211104398,7761.489782856122,7629.269648225211,7.165634230794499,,
4-266,GPS_TRACKING,166.4472506242805,0.2,200,FogNode_3,94,1.0,1899.4436001125757,528.5067168239271,8272.800966718474,7744.294249894547,7628.501535469538,7.902563863997454,,
3-248,SENSOR_DATA_LOGGING,356.172410093972,0.1,10000,FogNode_3,104,1.0,1899.4436001125757,532.4241153324384,8285.791866968639,7753.3677516362,7543.858826742992,16.9103136687733,,
0-176,E_COMMERCE_TRANSACTION,803.8661634942016,0.5,300,FogNode_9,58,1.0,1349.236560939329,335.0892231779313,8289.989302102047,7954.900078924115,7307.314093145969,80.85256738267148,,
8-259,GPS_TRACKING,130.3890773612527,0.2,200,FogNode_3,110,1.0,1899.4436001125757,534.7828170614341,8300.858554963303,7766.075737901869,7674.929172775275,6.190597965123092,,
5-140,SENSOR_DATA_LOGGING,358.91330194628836,0.1,10000,FogNode_1,90,1.0,1597.9384595498836,316.5284231826088,8301.785979353339,7985.25755617073,7744.587711574765,29.648962001085557,,
7-262,SENSOR_DATA_LOGGING,111.26923955800315,0.1,10000,FogNode_3,119,1.0,1899.4436001125757,539.4593954310599,8309.648295500543,7770.188900069483,7693.281712581518,5.282828454105339,,
8-134,GPS_TRACKING,189.13235612024005,0.2,200,FogNode_1,81,1.0,1597.9384595498836,307.2926061350946,8315.095994083056,8007.803387947962,7860.993311186139,15.623767660257844,,
7-260,GPS_TRACKING,90.19011131242237,0.2,200,FogNode_3,114,1.0,1899.4436001125757,536.5046925987126,8320.28335119521,7783.778658596498,7713.271836144754,4.282035971602207,,
6-177,SENSOR_DATA_LOGGING,215.2438131646627,0.1,10000,FogNode_8,51,1.0,770.9711269175084,335.36337663757325,8322.0738707147,7986.710494077126,7692.7102293623975,20.459929176308826,,
7-273,SENSOR_DATA_LOGGING,920.8159193956221,0.1,10000,FogNode_4,54,1.0,1758.3565909566523,556.0949081436521,8323.196699892142,7767.10179174849,7220.930522897924,76.70728073615625,,
0-273,GPS_TRACKING,885.5010322027892,0.2,200,FogNode_3,90,1.0,1899.4436001125757,524.5624067834318,8324.70908573872,7800.146678955288,7305.747631382687,42.04171851666148,,
5-215,GPS_TRACKING,821.403384992728,0.2,200,FogNode_7,122,1.0,1727.0272900361456,461.5902097260542,8333.828021890735,7872.237812164681,7370.47189448807,56.29823238139029,,
2-390,SMART_HOME_CONTROL,396.11608359313186,0.1,150,FogNode_6,89,1.0,816.2509881302752,802.0904920383174,8334.664766989701,7532.574274951384,7029.391099850978,53.374773555287064,,
6-186,E_COMMERCE_TRANSACTION,413.4273160316059,0.5,300,FogNode_9,64,1.0,1349.236560939329,348.5458529788838,8342.662930999835,7994.117078020951,7641.6364580204145,41.58236960986797,,
9-359,SENSOR_DATA_LOGGING,317.668701045933,0.1,10000,FogNode_2,63,1.0,681.967788340379,748.7045762298288,8356.42847117439,7607.723894944561,7127.933864815138,38.99193479201864,,
5-189,HEALTH_MONITORING,219.83254902354582,1.0,100,FogNode_7,65,1.0,1727.0272900361456,405.7932828744002,8364.924389464713,7959.131106590313,7739.476983292061,15.067120681552248,,
2-180,E_COMMERCE_TRANSACTION,191.59404782099813,0.5,300,FogNode_9,68,1.0,1349.236560939329,353.3283674594463,8365.10686347097,8011.778496011524,7817.477847674587,19.270459891272402,,
2-270,SENSOR_DATA_LOGGING,616.5380468149052,0.1,10000,FogNode_3,114,1.0,1899.4436001125757,536.1191637705995,8365.761075392571,7829.641911621971,7486.865182225817,29.271924115689202,,
9-213,E_COMMERCE_TRANSACTION,626.6905583580967,0.5,300,FogNode_7,93,1.0,1727.0272900361456,443.59922004923976,8371.605320566952,7928.006100517712,7517.529524041076,42.952794364220594,,
8-243,E_COMMERCE_TRANSACTION,106.22680847217356,0.5,300,FogNode_3,66,1.0,1899.4436001125757,506.9801705357205,8376.20857501648,7869.22840448076,7758.826507270755,5.043424477553494,,
1-186,SENSOR_DATA_LOGGING,396.9770541791776,0.1,10000,FogNode_8,51,1.0,770.9711269175084,334.12613691905847,8397.984025281203,8063.857888362144,7534.0581479202,37.73452204599357,,
0-281,SMART_HOME_CONTROL,68.34957893946734,0.1,150,FogNode_3,128,1.0,1899.4436001125757,542.5345496805872,8401.745075620542,7859.210525939954,7804.198880120233,3.245093629486983,,
2-381,GPS_TRACKING,367.6365730842728,0.2,200,FogNode_6,88,1.0,816.2509881302752,791.4388690031851,8405.279243108238,7613.840374105053,7134.883157669496,49.53729386855686,,
7-180,E_COMMERCE_TRANSACTION,248.20537172885867,0.5,300,FogNode_9,84,1.0,1349.236560939329,360.8890768104107,8413.047122329177,8052.158045518766,7822.378602219653,24.964406332539117,,
9-130,VOICE_ASSISTANT,649.5259774365663,2.0,150,FogNode_2,17,1.0,681.967788340379,263.3540816404229,8424.182465037698,8160.8283833972755,7039.513497758045,79.72543242233593,,
2-187,SMART_HOME_CONTROL,543.1255572311511,0.1,150,FogNode_0,47,1.0,1189.2931772946604,370.600951526375,8431.270860954042,8060.669909427667,7590.644519010412,34.58307784811528,,
2-250,E_COMMERCE_TRANSACTION,276.73780630762064,0.5,300,FogNode_3,74,1.0,1899.4436001125757,514.7770671252744,8446.552697338058,7931.775630212784,7740.977197521446,13.138926475061343,,
2-162,SENSOR_DATA_LOGGING,216.24287925664035,0.1,10000,FogNode_1,100,1.0,1597.9384595498836,322.873713780359,8450.422156341867,8127.548442561508,7978.845885066771,17.8633025728451,,
3-121,VOICE_ASSISTANT,695.514915060989,2.0,150,FogNode_2,14,1.0,681.967788340379,253.0901918367011,8451.760707750904,8198.670515914202,7010.200279069738,85.37029970419765,,
4-279,SENSOR_DATA_LOGGING,672.4334460790847,0.1,10000,FogNode_4,55,1.0,1758.3565909566523,558.0174429729866,8452.239183558937,7894.22174058595,7489.799631255764,56.016126609349065,,
3-175,GPS_TRACKING,594.444446447944,0.2,200,FogNode_9,99,1.0,1349.236560939329,368.4577586634704,8457.095521515492,8088.637762852021,7622.142205702313,59.789006981923954,,
9-288,SENSOR_DATA_LOGGING,497.9043714769316,0.1,10000,FogNode_4,55,1.0,1758.3565909566523,558.6818107692035,8474.197861506187,7915.516050736984,7610.413657743644,41.47722644468217,,
4-389,SENSOR_DATA_LOGGING,85.58707336470198,0.1,10000,FogNode_2,63,1.0,681.967788340379,758.9353792518588,8481.9286411648,7722.993261912942,7578.238645506633,10.505301821326222,,
4-180,E_COMMERCE_TRANSACTION,262.0735704366458,0.5,300,FogNode_9,91,1.0,1349.236560939329,363.86820262861744,8484.227716642336,8120.359514013718,7879.786216059031,26.35926473237986,,
8-372,GPS_TRACKING,579.6355916547786,0.2,200,FogNode_6,89,1.0,816.2509881302752,795.9292313290234,8504.004805658835,7708.075574329811,6974.310968905118,78.10316149883057,,
9-178,GPS_TRACKING,523.4961638035659,0.2,200,FogNode_9,103,1.0,1349.236560939329,370.1883263499648,8504.005540421862,8133.817214071897,7719.04708220971,52.65305442701737,,
2-281,SENSOR_DATA_LOGGING,320.555414311503,0.1,10000,FogNode_4,59,1.0,1758.3565909566523,564.1037181477152,8505.500685306784,7941.396967159069,7742.37257936958,26.703419911795503,,
3-168,E_COMMERCE_TRANSACTION,619.0661229565557,0.5,300,FogNode_9,63,1.0,1349.236560939329,347.58406392941754,8512.190059240183,8164.605995310766,7657.383483810625,62.265446281637345,,
2-177,E_COMMERCE_TRANSACTION,532.6955529427665,0.5,300,FogNode_9,65,1.0,1349.236560939329,349.64610334946934,8525.974148008465,8176.328044658995,7729.109075890288,53.5783256525452,,
4-250,E_COMMERCE_TRANSACTION,297.27679394014353,0.5,300,FogNode_3,67,1.0,1899.4436001125757,507.37981307138085,8532.715877429948,8025.336064358567,7814.062290968264,14.114074222225085,,
3-380,SENSOR_DATA_LOGGING,327.46345801320797,0.1,10000,FogNode_6,89,1.0,816.2509881302752,803.9067049840853,8536.889584303915,7732.98287931983,7315.258867676448,44.12415613257184,,
2-251,E_COMMERCE_TRANSACTION,265.3066386961741,0.5,300,FogNode_3,75,1.0,1899.4436001125757,516.1482183148147,8541.421051617117,8025.272833302302,7838.959160843955,12.596198783551264,,
3-222,GPS_TRACKING,818.5115282829298,0.2,200,FogNode_7,133,1.0,1727.0272900361456,465.4597565352365,8552.044355638856,8086.584599103619,7583.538141082941,56.1000271827797,,
8-215,E_COMMERCE_TRANSACTION,845.3385249969689,0.5,300,FogNode_7,98,1.0,1727.0272900361456,447.6608168822609,8556.680084267071,8109.01926738481,7573.488728269929,57.93872485884921,,
0-241,SENSOR_DATA_LOGGING,258.09749907903256,0.1,10000,FogNode_5,27,1.0,782.8923712617282,468.07681323281446,8577.923106438086,8109.846293205271,7766.934758637839,38.363554723191754,,
3-379,GPS_TRACKING,68.9399536727978,0.2,200,FogNode_6,89,1.0,816.2509881302752,800.5236804737136,8588.46406472903,7787.940384255317,7681.372222325244,9.28933352773703,,
2-156,GPS_TRACKING,813.5303492314008,0.2,200,FogNode_1,84,1.0,1597.9384595498836,309.38801983157674,8588.722701716384,8279.334681884808,7745.501948768824,67.20377952083061,,
6-405,SENSOR_DATA_LOGGING,97.99166580431832,0.1,10000,FogNode_2,65,1.0,681.967788340379,769.0331296751548,8595.450288812772,7826.417159137617,7666.010005780122,12.027891418395622,,
9-258,E_COMMERCE_TRANSACTION,127.65041270443032,0.5,300,FogNode_3,67,1.0,1899.4436001125757,510.3435624172509,8599.919985357588,8089.576422940338,7968.87865203846,6.06057195224851,,
9-155,SMART_HOME_CONTROL,233.79082142595624,0.1,150,FogNode_8,52,1.0,770.9711269175084,330.42480126881384,8625.315864173906,8294.891062905093,7970.70834546073,22.222908886987817,,
7-223,SENSOR_DATA_LOGGING,611.9010827101179,0.1,10000,FogNode_5,27,1.0,782.8923712617282,462.99401255974954,8625.68517617804,8162.69116361829,7363.29411497649,90.9528405176125,,
9-148,SENSOR_DATA_LOGGING,526.270344031137,0.1,10000,FogNode_1,95,1.0,1597.9384595498836,319.70230254668957,8631.129290972098,8311.426988425408,7965.952322981122,43.473923501482425,,
0-195,E_COMMERCE_TRANSACTION,237.39587781324934,0.5,300,FogNode_9,110,1.0,1349.236560939329,373.0005870590531,8660.176015618148,8287.175428559094,8056.9832034768015,23.877191352143086,,
1-247,GPS_TRACKING,993.2220823795101,0.2,200,FogNode_5,27,1.0,782.8923712617282,453.5786126582145,8663.960043992656,8210.381431334441,6917.744678679876,147.63230889727078,,
1-204,SENSOR_DATA_LOGGING,738.024226847218,0.1,10000,FogNode_0,47,1.0,1189.2931772946604,368.05651190939966,8664.801738881433,8296.745226972034,7659.975840289716,46.99309202271607,,
2-267,GPS_TRACKING,420.1631939316501,0.2,200,FogNode_3,110,1.0,1899.4436001125757,534.3524524513681,8667.755998087156,8133.403545635788,7882.752036237142,19.948460914148942,,
6-180,HEALTH_MONITORING,220.01867922516539,1.0,100,FogNode_9,61,1.0,1349.236560939329,343.49991353660715,8675.259075893564,8331.759162356957,8081.9017506512055,22.129399016093036,,
3-157,HEALTH_MONITORING,295.6635568844038,1.0,100,FogNode_9,59,1.0,1349.236560939329,327.789425622366,8676.22948619146,8348.440060569093,8035.742285806368,29.7377333954286,,
4-171,HEALTH_MONITORING,204.14952264054074,1.0,100,FogNode_9,59,1.0,1349.236560939329,340.8394458702963,8677.281582561242,8336.442136690945,8094.036628922838,20.533284998198084,,
4-281,SENSOR_DATA_LOGGING,411.4582014268312,0.1,10000,FogNode_4,65,1.0,1758.3565909566523,566.5020181678882,8686.24075271902,8119.738734551132,7871.0691117406495,34.27594930022223,,
5-217,GPS_TRACKING,985.4082292097389,0.2,200,FogNode_7,136,1.0,1727.0272900361456,466.42833379146754,8690.855273855568,8224.4269400641,7624.0536275492195,67.53897353256626,,
5-118,VOICE_ASSISTANT,789.0718977991158,2.0,150,FogNode_2,17,1.0,681.967788340379,263.9693390859693,8692.898873820937,8428.929534734969,7101.540708935904,96.85386027611432,,
5-269,SMART_HOME_CONTROL,993.2339876957154,0.1,150,FogNode_4,59,1.0,1758.3565909566523,562.0138703657203,8693.142542120482,8131.128671754762,7548.078443349618,82.73996650804366,,
0-164,GPS_TRACKING,168.77050325642418,0.2,200,FogNode_1,84,1.0,1597.9384595498836,311.20928609631335,8694.340350661365,8383.131064565052,8251.179703290885,13.941724117827874,,
4-268,GPS_TRACKING,840.595434596469,0.2,200,FogNode_3,94,1.0,1899.4436001125757,528.5761430493419,8707.069356961387,8178.493213912045,7705.035398323603,39.909695598866584,,
3-209,E_COMMERCE_TRANSACTION,973.9405488922704,0.5,300,FogNode_7,94,1.0,1727.0272900361456,445.1046347804239,8711.82674433157,8266.722109551147,7650.678749817122,66.75298927296396,,
3-211,E_COMMERCE_TRANSACTION,909.8036690318756,0.5,300,FogNode_7,103,1.0,1727.0272900361456,448.6120611474124,8718.549191403234,8269.937130255821,7694.348586082255,62.3571065281786,,
4-221,E_COMMERCE_TRANSACTION,605.0545959660044,0.5,300,FogNode_7,108,1.0,1727.0272900361456,450.55066061841114,8721.949868946,8271.399208327588,7870.805223819068,41.46988540523716,,
4-159,SMART_HOME_CONTROL,942.4756659448586,0.1,150,FogNode_1,96,1.0,1597.9384595498836,320.7287730183785,8732.888717018039,8412.15994399966,7808.300918404293,77.85564105598034,,
0-139,VOICE_ASSISTANT,78.9735985526236,2.0,150,FogNode_9,53,1.0,1349.236560939329,260.535195534292,8733.791138275303,8473.25594274101,8241.761760489391,7.943135920378996,,
6-263,SMART_HOME_CONTROL,57.30570796511331,0.1,150,FogNode_5,27,1.0,782.8923712617282,464.245885677961,8737.157471977243,8272.911586299282,8179.72897637287,8.517907656275575,,
0-267,E_COMMERCE_TRANSACTION,786.0189517535354,0.5,300,FogNode_3,68,1.0,1899.4436001125757,508.0950681009175,8738.524453411099,8230.42938531018,7763.199048225235,37.31851947837782,,
8-262,SENSOR_DATA_LOGGING,836.7212939595734,0.1,10000,FogNode_3,127,1.0,1899.4436001125757,541.3216856149113,8750.156923348184,8208.835237733272,7749.508856660033,39.72575958498622,,
2-204,HEALTH_MONITORING,55.71094047474458,1.0,100,FogNode_7,65,1.0,1727.0272900361456,410.05531329467044,8754.208155075097,8344.152841780427,8216.979799564962,3.818376610489303,,
8-146,SENSOR_DATA_LOGGING,936.6628778067065,0.1,10000,FogNode_1,98,1.0,1597.9384595498836,321.6736509311903,8759.724360503023,8438.050709571833,7838.66182511547,77.37546065114758,,
8-143,SMART_HOME_CONTROL,146.8521655233592,0.1,150,FogNode_1,90,1.0,1597.9384595498836,317.03471606388945,8786.2413651502,8469.206649086309,8356.347288619112,12.131103115344509,,
4-274,SMART_HOME_CONTROL,959.0709976165987,0.1,150,FogNode_3,128,1.0,1899.4436001125757,542.8336103407131,8790.713938653082,8247.880328312369,7726.077562386385,45.53466506864198,,
2-389,SMART_HOME_CONTROL,789.1860827021334,0.1,150,FogNode_6,89,1.0,816.2509881302752,801.4925780719151,8820.99003878214,8019.497460710225,7034.16057049171,106.33910159648153,,
5-267,GPS_TRACKING,616.9630503480764,0.2,200,FogNode_4,55,1.0,1758.3565909566523,557.1532617013515,8825.07268036896,8267.919418667609,7891.90922189001,51.39524296880896,,
9-177,SENSOR_DATA_LOGGING,996.1077713154591,0.1,10000,FogNode_0,47,1.0,1189.2931772946604,370.1179923820278,8829.236593582007,8459.11860119998,7607.451943635137,63.42635168216556,,
8-114,VOICE_ASSISTANT,227.72529661425324,2.0,150,FogNode_9,53,1.0,1349.236560939329,269.84973919612827,8846.062434790529,8576.2126955944,8241.475627068077,22.904527800013035,,
7-166,SENSOR_DATA_LOGGING,352.0516013731873,0.1,10000,FogNode_8,52,1.0,770.9711269175084,338.1405201937591,8854.617988709584,8516.477468515825,8046.5067500803925,33.46414804959444,,
5-252,GPS_TRACKING,596.3650449689056,0.2,200,FogNode_3,111,1.0,1899.4436001125757,535.45576275641,8855.389334188687,8319.933571432277,7977.271534134281,28.31415260057776,,
2-159,GPS_TRACKING,649.596821044647,0.2,200,FogNode_1,84,1.0,1597.9384595498836,311.4556699203295,8856.943957705626,8545.488287785296,8113.584436952271,53.6616262443819,,
6-226,HEALTH_MONITORING,863.0081353273648,1.0,100,FogNode_7,65,1.0,1727.0272900361456,409.5770330440709,8864.631684367565,8455.054651323495,7864.386589743892,59.14978369625351,,
3-351,GPS_TRACKING,304.87066362064377,0.2,200,FogNode_2,63,1.0,681.967788340379,755.3257122035873,8871.228012984428,8115.90230078084,7639.405455436695,37.42105217402809,,
9-216,E_COMMERCE_TRANSACTION,945.9377509704567,0.5,300,FogNode_7,102,1.0,1727.0272900361456,448.3313893429437,8881.55402276398,8433.222633421035,7833.664779724303,64.83370326375749,,
8-374,SENSOR_DATA_LOGGING,522.771384153622,0.1,10000,FogNode_6,89,1.0,816.2509881302752,799.6650696924152,8904.89142208873,8105.226352396316,7442.377211566664,70.44097779943655,,
0-368,GPS_TRACKING,467.54950425906276,0.2,200,FogNode_2,63,1.0,681.967788340379,743.7497710008913,8918.415448522172,8174.6656775212805,7459.72047097886,57.38890775857068,,
7-247,E_COMMERCE_TRANSACTION,346.473318413982,0.5,300,FogNode_3,75,1.0,1899.4436001125757,516.220483603277,8920.932248195555,8404.711764592277,8172.818887260573,16.44982128372992,,
7-157,GPS_TRACKING,468.1355387963004,0.2,200,FogNode_1,87,1.0,1597.9384595498836,312.20072694986027,8924.091473588422,8611.89074663856,8293.283749490438,38.67154749033608,,
9-285,GPS_TRACKING,431.1677448477295,0.2,200,FogNode_4,54,1.0,1758.3565909566523,555.9746647083556,8938.353182024388,8382.378517316032,8109.732300835963,35.9178252154004,,
1-286,SENSOR_DATA_LOGGING,381.4797279603457,0.1,10000,FogNode_3,131,1.0,1899.4436001125757,544.0990320093017,8950.994541236778,8406.895509227475,8183.134171555246,18.111851663035175,,
1-287,SENSOR_DATA_LOGGING,539.4095372754482,0.1,10000,FogNode_3,135,1.0,1899.4436001125757,544.6261170919156,8951.738916686832,8407.112799594917,8102.358827989235,25.61002540553061,,
9-279,SENSOR_DATA_LOGGING,672.0411818479226,0.1,10000,FogNode_3,142,1.0,1899.4436001125757,548.7698063287428,8953.72948083726,8404.959674508518,8034.571990739114,31.907095724744973,,
7-206,HEALTH_MONITORING,140.8477584795529,1.0,100,FogNode_7,67,1.0,1727.0272900361456,421.4547818502413,8963.109050465137,8541.654268614895,8371.297674714398,9.653575797414087,,
8-246,E_COMMERCE_TRANSACTION,489.84285971086103,0.5,300,FogNode_3,69,1.0,1899.4436001125757,512.5707611162079,8964.95690870645,8452.386147590241,8141.389751785231,23.256704257171673,,
6-290,E_COMMERCE_TRANSACTION,89.1208302115686,0.5,300,FogNode_3,79,1.0,1899.4436001125757,518.6758758483821,8967.851688291743,8449.17581244336,8352.544858230356,4.231268763634701,,
9-282,GPS_TRACKING,259.2989849518017,0.2,200,FogNode_4,54,1.0,1758.3565909566523,554.3972875217163,8972.539346849122,8418.142059327405,8241.639559290566,21.60053884206639,,
4-224,E_COMMERCE_TRANSACTION,729.9350865428457,0.5,300,FogNode_7,117,1.0,1727.0272900361456,454.24730767984414,8974.698410241299,8520.451102561456,8050.49619234249,50.029079349220325,,
3-362,SENSOR_DATA_LOGGING,193.7758573245795,0.1,10000,FogNode_2,65,1.0,681.967788340379,772.6012932824912,8977.04111724881,8204.439823966319,7902.731419721744,23.784828559408513,,
6-229,HEALTH_MONITORING,490.11731156951095,1.0,100,FogNode_7,65,1.0,1727.0272900361456,411.5847370175488,8995.619197639737,8584.034460622188,8208.391241268904,33.59218966589342,,
1-277,E_COMMERCE_TRANSACTION,80.86721440968807,0.5,300,FogNode_3,94,1.0,1899.4436001125757,527.9557517832246,8996.30364013575,8468.347888352524,8379.310250040384,3.8394045199261018,,
3-196,HEALTH_MONITORING,70.50746005608285,1.0,100,FogNode_7,66,1.0,1727.0272900361456,420.4636608179047,9003.934960086175,8583.47129926827,8452.343854613622,4.832516450968957,,
5-141,SENSOR_DATA_LOGGING,392.1198603067247,0.1,10000,FogNode_1,95,1.0,1597.9384595498836,319.0368604745664,9005.115450481031,8686.078590006464,8421.360152025329,32.3920756769413,,
1-292,GPS_TRACKING,890.9225788623589,0.2,200,FogNode_4,54,1.0,1758.3565909566523,551.6470974079172,9012.179810260412,8460.532712852495,7923.143174421561,74.21705786302044,,
5-255,GPS_TRACKING,310.62148763339576,0.2,200,FogNode_3,117,1.0,1899.4436001125757,538.4855436132361,9018.922216983936,8480.4366733707,8287.293239751954,14.74765209005336,,
6-233,HEALTH_MONITORING,834.5610683717227,1.0,100,FogNode_7,66,1.0,1727.0272900361456,416.64239826896824,9039.915684067151,8623.273285798183,8053.870139962034,57.20004789616073,,
2-210,HEALTH_MONITORING,604.3276409327374,1.0,100,FogNode_7,66,1.0,1727.0272900361456,415.18301431245317,9040.778893719207,8625.595879406754,8187.456894807953,41.42006057599805,,
0-169,GPS_TRACKING,191.13782110690101,0.2,200,FogNode_1,98,1.0,1597.9384595498836,321.9678195421664,9043.706731588245,8721.73891204608,8580.749971081146,15.789434284653161,,
7-252,E_COMMERCE_TRANSACTION,168.80891176625533,0.5,300,FogNode_3,90,1.0,1899.4436001125757,525.5932534031423,9053.829730071744,8528.236476668602,8389.971037643103,8.014690546352247,,
8-157,HEALTH_MONITORING,751.1073746625328,1.0,100,FogNode_9,58,1.0,1349.236560939329,340.1677046270062,9060.696187864454,8720.528483237447,8074.224603020324,75.5461075231113,,
4-163,HEALTH_MONITORING,969.4945631454103,1.0,100,FogNode_9,57,1.0,1349.236560939329,325.3935969922155,9061.21339962222,8735.819802630005,7931.632793949666,97.51141179163882,,
7-172,HEALTH_MONITORING,294.8391153185243,1.0,100,FogNode_9,64,1.0,1349.236560939329,348.2513468708914,9064.585356459105,8716.334009588214,8408.210100741768,29.654811361531063,,
6-165,GPS_TRACKING,101.28455199678766,0.2,200,FogNode_1,95,1.0,1597.9384595498836,319.9481312073216,9068.49996406569,8748.551832858368,8661.550323894222,8.366872493065555,,
6-168,HEALTH_MONITORING,950.0871742872043,1.0,100,FogNode_9,57,1.0,1349.236560939329,323.88166927548644,9069.273354205376,8745.39168492989,7948.706209836297,95.55942365401258,,
4-166,SMART_HOME_CONTROL,357.03240503834957,0.1,150,FogNode_8,52,1.0,770.9711269175084,330.48305612853574,9088.410255874194,8757.927199745658,8273.223558190211,33.9375966878248,,
2-166,HEALTH_MONITORING,924.1659920477115,1.0,100,FogNode_9,57,1.0,1349.236560939329,325.0187969926885,9098.00187289146,8772.983075898772,7995.982479495051,92.95228053886115,,
7-251,E_COMMERCE_TRANSACTION,150.7536767455553,0.5,300,FogNode_3,90,1.0,1899.4436001125757,524.4013754339206,9098.289499453718,8573.888124019797,8440.963932508434,7.157466126631183,,
4-225,E_COMMERCE_TRANSACTION,605.0888824154463,0.5,300,FogNode_7,119,1.0,1727.0272900361456,455.62215468918833,9104.57255632482,8648.950401635631,8249.210464883901,41.472235366941085,,
5-167,SENSOR_DATA_LOGGING,822.489170413666,0.1,10000,FogNode_0,47,1.0,1189.2931772946604,371.84921279717855,9122.849006794095,8750.999793996916,8042.6572201851295,52.37132856471688,,
3-164,SMART_HOME_CONTROL,210.92875289451896,0.1,150,FogNode_8,51,1.0,770.9711269175084,337.65339707011015,9128.206383307255,8790.552986237146,8498.327255642398,20.04976255539366,,
3-254,GPS_TRACKING,658.2459017669672,0.2,200,FogNode_3,122,1.0,1899.4436001125757,540.5626932275205,9137.260633552554,8596.697940325033,8222.855390269022,31.252124967026855,,
0-395,GPS_TRACKING,798.4782890259263,0.2,200,FogNode_6,88,1.0,816.2509881302752,791.9717156375374,9138.903092531345,8346.931376893808,7339.928909258988,107.5911825618959,,
5-387,SMART_HOME_CONTROL,197.90910142701227,0.1,150,FogNode_6,89,1.0,816.2509881302752,807.4246483529178,9147.352508574333,8339.927860221414,8079.090151378402,26.66731776548413,,
2-173,HEALTH_MONITORING,578.1808531336932,1.0,100,FogNode_9,62,1.0,1349.236560939329,346.874664194929,9162.315586746494,8815.440922551565,8297.739050173213,58.15322066071713,,
6-297,E_COMMERCE_TRANSACTION,126.20318079371751,0.5,300,FogNode_3,104,1.0,1899.4436001125757,532.2034949185664,9164.7316832523,8632.528188333732,8514.532623872423,5.991860438195091,,
0-369,E_COMMERCE_TRANSACTION,391.2698728194409,0.5,300,FogNode_2,63,1.0,681.967788340379,744.0940211828026,9169.186878002161,8425.09285681936,7805.487439963654,48.026038815989885,,
7-254,E_COMMERCE_TRANSACTION,61.81219692133716,0.5,300,FogNode_3,98,1.0,1899.4436001125757,529.6379039132826,9169.802898517764,8640.164994604482,8552.686739319273,2.9347125405362355,,
6-137,VOICE_ASSISTANT,97.75229926897705,2.0,150,FogNode_9,52,1.0,1349.236560939329,275.46700765340523,9170.451954736947,8894.984947083542,8655.900173810325,9.83189083255032,,
4-400,SENSOR_DATA_LOGGING,636.8756411979804,0.1,10000,FogNode_6,89,1.0,816.2509881302752,801.9586391282756,9185.524107076884,8383.565467948609,7582.839459029051,85.81598814032567,,
8-200,HEALTH_MONITORING,825.4331789956174,1.0,100,FogNode_7,66,1.0,1727.0272900361456,418.1473456877335,9196.499472651158,8778.352126963424,8214.736336459917,56.57443075525725,,
2-189,SENSOR_DATA_LOGGING,643.8042042059251,0.1,10000,FogNode_0,47,1.0,1189.2931772946604,373.920431439115,9206.135210305541,8832.214778866426,8275.846127326398,40.993708759541335,,
1-182,GPS_TRACKING,680.532346305404,0.2,200,FogNode_1,87,1.0,1597.9384595498836,312.26617804928827,9212.122813987158,8899.85663593787,8445.40514715314,56.21713535470478,,
8-271,SENSOR_DATA_LOGGING,948.3924276359559,0.1,10000,FogNode_4,63,1.0,1758.3565909566523,565.6839626175253,9225.60371954475,8659.919756927224,8103.102619953402,79.00450313941639,,
1-235,HEALTH_MONITORING,384.54474554441697,1.0,100,FogNode_7,72,1.0,1727.0272900361456,428.4654578331478,9226.597767884869,8798.13231005172,8485.729746978703,26.35634310892674,,
4-210,HEALTH_MONITORING,627.9905676093481,1.0,100,FogNode_7,66,1.0,1727.0272900361456,419.4804533162001,9228.256840282851,8808.77638696665,8355.920702996988,43.04189580239588,,
9-272,E_COMMERCE_TRANSACTION,125.63880941719397,0.5,300,FogNode_3,109,1.0,1899.4436001125757,533.4428725043035,9230.87674247372,8697.433869969416,8579.937559595006,5.965065277390321,,
3-223,E_COMMERCE_TRANSACTION,443.5100283858089,0.5,300,FogNode_7,135,1.0,1727.0272900361456,466.2472326630528,9231.503864876891,8765.25663221384,8461.850923219206,30.39776935148901,,
6-160,GPS_TRACKING,601.0665308866929,0.2,200,FogNode_1,84,1.0,1597.9384595498836,311.70604751075575,9233.09519638099,8921.389148870234,8514.56007132088,49.65265605299522,,
2-171,HEALTH_MONITORING,792.8179267707329,1.0,100,FogNode_9,59,1.0,1349.236560939329,341.89112020749565,9247.78085062112,8905.889730413624,8228.0605181904,79.74133973718745,,
6-189,HEALTH_MONITORING,123.31031364891422,1.0,100,FogNode_9,65,1.0,1349.236560939329,349.2935401337672,9261.844611309392,8912.551071175625,8728.08908266741,12.402506656008924,,
5-145,SMART_HOME_CONTROL,355.2999735021779,0.1,150,FogNode_1,101,1.0,1597.9384595498836,325.4492614991028,9266.055703401753,8940.60644190265,8699.988741004492,29.350473655415648,,
0-404,SENSOR_DATA_LOGGING,769.4935022510305,0.1,10000,FogNode_6,89,1.0,816.2509881302752,801.3331468530016,9277.381545824666,8476.048398971665,7512.400951651597,103.68561928199792,,
8-355,GPS_TRACKING,804.1076641840419,0.2,200,FogNode_2,63,1.0,681.967788340379,743.9607163184475,9286.47773120457,8542.517014886122,7339.156021028611,98.69941075212513,,
8-140,GPS_TRACKING,147.50790629886757,0.2,200,FogNode_1,89,1.0,1597.9384595498836,315.4452749657489,9304.434195202939,8988.98892023719,8867.687049624921,12.185272278844947,,
6-190,HEALTH_MONITORING,851.9653288765602,1.0,100,FogNode_9,65,1.0,1349.236560939329,349.30757282500616,9307.672002308447,8958.364429483441,8240.529102099494,85.6903640044663,,
5-241,E_COMMERCE_TRANSACTION,677.8755032149811,0.5,300,FogNode_3,81,1.0,1899.4436001125757,519.5549417856558,9308.620007115,8789.065065329343,8377.927796320344,32.18409697909635,,
0-382,SMART_HOME_CONTROL,563.8191183997722,0.1,150,FogNode_2,64,1.0,681.967788340379,765.4762226355432,9308.68193954546,8543.205716909917,7693.864421807498,69.20542762555175,,
6-291,E_COMMERCE_TRANSACTION,681.4795912941848,0.5,300,FogNode_3,83,1.0,1899.4436001125757,520.7802429473621,9309.773075779101,8788.99283283174,8381.561345249336,32.35521146798431,,
1-422,SENSOR_DATA_LOGGING,300.652957068407,0.1,10000,FogNode_2,65,1.0,681.967788340379,769.1606182641683,9312.088948366829,8542.92833010266,8081.0211793303215,36.90335389807201,,
1-295,GPS_TRACKING,154.47227883603892,0.2,200,FogNode_4,53,1.0,1758.3565909566523,554.8915104517177,9313.454090527803,8758.562580076084,8641.414864334822,12.868096879131976,,
3-206,HEALTH_MONITORING,228.2196744932252,1.0,100,FogNode_7,93,1.0,1727.0272900361456,443.58500188597367,9328.645429932729,8885.060428046756,8666.664025607311,15.64196654575339,,
0-224,HEALTH_MONITORING,499.3777396341343,1.0,100,FogNode_7,76,1.0,1727.0272900361456,433.4491188643686,9329.070199757336,8895.621080892968,8519.978666657069,34.22689088658285,,
0-167,GPS_TRACKING,157.86151070626664,0.2,200,FogNode_1,89,1.0,1597.9384595498836,314.76203764555703,9331.885928754209,9017.123891108651,8888.094871034364,13.040558561032354,,
8-373,GPS_TRACKING,654.3065631071714,0.2,200,FogNode_6,89,1.0,816.2509881302752,799.534172295214,9338.489303779836,8538.955131484621,7712.23007129485,88.16472263583934,,
8-272,SENSOR_DATA_LOGGING,653.1662365296697,0.1,10000,FogNode_4,69,1.0,1758.3565909566523,568.3296838438664,9344.0033831481,8775.673699304232,8388.9170671353,54.411098697929624,,
7-161,SMART_HOME_CONTROL,982.8287747943805,0.1,150,FogNode_1,101,1.0,1597.9384595498836,324.31238655899426,9347.949183784218,9023.636797225223,8394.652930655262,81.18911402679876,,
4-128,VOICE_ASSISTANT,394.99867461717827,2.0,150,FogNode_9,53,1.0,1349.236560939329,267.84299306081556,9353.453355919686,9085.61036285887,8621.566706212705,39.72882353541392,,
9-284,GPS_TRACKING,739.7708728165325,0.2,200,FogNode_4,53,1.0,1758.3565909566523,555.4915928320828,9359.070388432476,8803.578795600393,8354.89452926044,61.62557665034096,,
3-243,E_COMMERCE_TRANSACTION,694.6148084399524,0.5,300,FogNode_3,83,1.0,1899.4436001125757,521.1397843507656,9361.997471949857,8840.857687599091,8420.680592616414,32.978843831826794,,
9-389,SMART_HOME_CONTROL,923.0485770902179,0.1,150,FogNode_6,89,1.0,816.2509881302752,803.7649577919801,9367.11244951674,8563.34749172476,7415.122851969194,124.37644120839367,,
9-169,HEALTH_MONITORING,291.0334541464182,1.0,100,FogNode_9,64,1.0,1349.236560939329,348.70059223231925,9378.017905058861,9029.317312826543,8720.16028548902,29.27203934010918,,
5-231,HEALTH_MONITORING,53.121435421129156,1.0,100,FogNode_3,63,1.0,1899.4436001125757,495.8591605791099,9389.964312038175,8894.105151459065,8774.607896081943,2.522093542477847,,
1-260,HEALTH_MONITORING,806.1909240867886,1.0,100,FogNode_3,63,1.0,1899.4436001125757,490.4261749607803,9392.28699347217,8901.86081851139,8392.38294157254,38.27624211439876,,
9-375,SENSOR_DATA_LOGGING,337.26981550168404,0.1,10000,FogNode_2,66,1.0,681.967788340379,775.480981166342,9412.96932814522,8637.488346978878,8126.3951696571885,41.39785446302528,,
5-254,E_COMMERCE_TRANSACTION,683.9394110536605,0.5,300,FogNode_3,116,1.0,1899.4436001125757,537.1907988356558,9413.903285829401,8876.712486993745,8471.095692029732,32.47199851415222,,
6-242,HEALTH_MONITORING,547.3331401026225,1.0,100,FogNode_7,77,1.0,1727.0272900361456,434.3522521392358,9421.494670561455,8987.14241842222,8580.718469533047,37.51370991952546,,
3-208,HEALTH_MONITORING,224.95566265927343,1.0,100,FogNode_7,93,1.0,1727.0272900361456,444.4081708260589,9459.326197422877,9014.918026596819,8793.626425640761,15.418254177286522,,
0-287,SENSOR_DATA_LOGGING,790.2543228559751,0.1,10000,FogNode_4,63,1.0,1758.3565909566523,566.1002253201116,9461.607603758219,8895.507378438107,8428.151547575606,65.83102976332246,,
5-275,SMART_HOME_CONTROL,262.19360846139773,0.1,150,FogNode_4,81,1.0,1758.3565909566523,571.6830236755836,9462.566966613278,8890.883942937695,8727.290659732724,21.841671400158774,,
2-387,GPS_TRACKING,229.991248667084,0.2,200,FogNode_6,89,1.0,816.2509881302752,799.8805722773427,9467.289461130431,8667.408888853088,8357.550122445638,30.990235756022123,,
0-171,SENSOR_DATA_LOGGING,200.5967689651867,0.1,10000,FogNode_1,101,1.0,1597.9384595498836,323.9079269400134,9473.483911211513,9149.5759842715,9001.231500390559,16.570815147663165,,
5-200,HEALTH_MONITORING,831.4350475741348,1.0,100,FogNode_7,72,1.0,1727.0272900361456,427.21866296328375,9477.044738724691,9049.826075761408,8479.832312525516,56.98579330638543,,
6-195,HEALTH_MONITORING,142.48112704277597,1.0,100,FogNode_9,81,1.0,1349.236560939329,357.9278992910978,9483.619199277853,9125.691299986755,8927.88602789235,14.330700119172407,,
6-247,HEALTH_MONITORING,275.12572003878483,1.0,100,FogNode_7,91,1.0,1727.0272900361456,440.9976976446505,9487.951378151432,9046.953680506782,8795.10671242475,18.856863757601833,,
0-228,HEALTH_MONITORING,476.09478797742645,1.0,100,FogNode_7,86,1.0,1727.0272900361456,438.53764164684185,9502.270764324585,9063.733122677742,8696.660668835138,32.63109879850226,,
6-407,GPS_TRACKING,360.6017361621848,0.2,200,FogNode_2,65,1.0,681.967788340379,771.7202637876629,9505.80764013655,8734.087376348887,8184.094636167234,44.26170830185611,,
6-187,HEALTH_MONITORING,595.6933248369361,1.0,100,FogNode_9,64,1.0,1349.236560939329,348.66789919285327,9510.777344004035,9162.109444811182,8627.512523577852,59.91461871766344,,
2-161,SENSOR_DATA_LOGGING,707.8971011409091,0.1,10000,FogNode_1,97,1.0,1597.9384595498836,321.56403373257604,9511.506449647315,9189.942415914738,8724.480061490247,58.477671734625105,,
7-170,HEALTH_MONITORING,624.4454426610353,1.0,100,FogNode_9,63,1.0,1349.236560939329,347.5422491191614,9527.39926229212,9179.857013172958,8625.00993269346,62.8064963079114,,
5-234,HEALTH_MONITORING,569.8652657748022,1.0,100,FogNode_3,63,1.0,1899.4436001125757,497.82028445806134,9530.893687299576,9033.073402841515,8644.461120009635,27.055999061376657,,
8-218,HEALTH_MONITORING,52.12857844717182,1.0,100,FogNode_7,117,1.0,1727.0272900361456,453.9043969347854,9532.454756637804,9078.550359703018,8963.163079949652,3.5728448126085994,,
7-376,SENSOR_DATA_LOGGING,208.35054900040498,0.1,10000,FogNode_6,96,1.0,816.2509881302752,811.8377554624926,9532.6345893495,8720.796833887007,8449.296474930396,28.074253567645783,,
3-262,GPS_TRACKING,127.08374150462059,0.2,200,FogNode_4,60,1.0,1758.3565909566523,564.8674493719112,9534.841124288814,8969.973674916902,8875.679315966014,10.586533129221213,,
8-208,HEALTH_MONITORING,857.7177264208075,1.0,100,FogNode_7,74,1.0,1727.0272900361456,430.7068909680342,9537.42288502687,9106.715994058835,8519.321193462618,58.787183936554946,,
4-392,SENSOR_DATA_LOGGING,85.49554415435804,0.1,10000,FogNode_2,66,1.0,681.967788340379,775.8647672908812,9538.335284743285,8762.470517452404,8614.81896091562,10.494067157698533,,
9-274,E_COMMERCE_TRANSACTION,277.7615890609609,0.5,300,FogNode_3,116,1.0,1899.4436001125757,536.9941134150617,9538.520126714187,9001.526013299126,8803.392190107805,13.187533517597556,,
0-230,HEALTH_MONITORING,209.59133684939928,1.0,100,FogNode_7,92,1.0,1727.0272900361456,442.05964214379776,9542.854268095674,9100.794625951876,8886.018249591167,14.365197420239745,,
5-124,VOICE_ASSISTANT,399.4130594318038,2.0,150,FogNode_9,53,1.0,1349.236560939329,269.8862531712137,9543.809783570978,9273.923530399765,8805.32868753031,40.172820760183455,,
2-392,SENSOR_DATA_LOGGING,784.4631570211401,0.1,10000,FogNode_6,90,1.0,816.2509881302752,808.4099805680905,9549.520367788524,8741.110387220433,7763.095852026756,105.70270964174235,,
1-207,SENSOR_DATA_LOGGING,856.8832263473516,0.1,10000,FogNode_0,47,1.0,1189.2931772946604,371.2870158577213,9549.734484856002,9178.447468998282,8439.553166479922,54.56134208558838,,
7-176,HEALTH_MONITORING,330.46065096104473,1.0,100,FogNode_9,76,1.0,1349.236560939329,356.52442431055164,9552.59617685867,9196.071752548118,8858.6531042582,33.237612506303826,,
7-372,GPS_TRACKING,362.587191029634,0.2,200,FogNode_6,89,1.0,816.2509881302752,801.3813429748787,9583.113508570394,8781.732165595515,8312.508692115623,48.856913457552636,,
6-196,HEALTH_MONITORING,451.2526046820576,1.0,100,FogNode_9,83,1.0,1349.236560939329,359.1328731381318,9596.294935104279,9237.162061966148,8814.487781362675,45.38682343348223,,
3-361,SENSOR_DATA_LOGGING,201.6042054516758,0.1,10000,FogNode_2,65,1.0,681.967788340379,771.6013776547186,9604.303241458114,8832.701863803395,8514.42504937763,24.74571151292562,,
2-268,E_COMMERCE_TRANSACTION,847.0525877299226,0.5,300,FogNode_3,110,1.0,1899.4436001125757,534.4517325233496,9615.750642204242,9081.298909680892,8584.341177561375,40.21626758984476,,
6-315,SENSOR_DATA_LOGGING,473.13318850446,0.1,10000,FogNode_4,84,1.0,1758.3565909566523,572.3796510433094,9628.147315682509,9055.7676646392,8772.675016681125,39.41369773453212,,
6-245,HEALTH_MONITORING,701.1914229483413,1.0,100,FogNode_7,79,1.0,1727.0272900361456,435.89817708906395,9634.267461535783,9198.369284446719,8697.688505008367,48.059015088345326,,
0-240,SMART_HOME_CONTROL,798.5786069806076,0.1,150,FogNode_5,27,1.0,782.8923712617282,467.93766276273715,9645.721436965201,9177.783774202464,8141.5027925050945,118.70054610753733,,
6-299,E_COMMERCE_TRANSACTION,697.3353943640186,0.5,300,FogNode_3,111,1.0,1899.4436001125757,535.7212499067864,9675.746145697209,9140.024895790422,8721.942988293495,33.10801150465881,,
2-393,SENSOR_DATA_LOGGING,275.95968175532266,0.1,10000,FogNode_6,90,1.0,816.2509881302752,808.6531139166381,9676.571199873393,8867.918085956755,8508.747330503084,37.18426525495118,,
0-180,HEALTH_MONITORING,835.1141079880689,1.0,100,FogNode_9,62,1.0,1349.236560939329,346.1258159810036,9680.166466982526,9334.040651001522,8621.86595673572,83.99547431481358,,
5-390,SENSOR_DATA_LOGGING,467.2490939917349,0.1,10000,FogNode_6,92,1.0,816.2509881302752,810.2966001983038,9719.785621411387,8909.489021213083,8320.209460724775,62.959611130908165,,
5-206,HEALTH_MONITORING,847.3983402166915,1.0,100,FogNode_7,92,1.0,1727.0272900361456,441.7633188666036,9722.17262564613,9280.409306779526,8698.621077879397,58.07990269914225,,
0-261,HEALTH_MONITORING,637.7346411222359,1.0,100,FogNode_3,63,1.0,1899.4436001125757,499.5311802836626,9725.712444325145,9226.181264041483,8801.326044817677,30.27829363867422,,
7-159,GPS_TRACKING,736.4411153171036,0.2,200,FogNode_1,94,1.0,1597.9384595498836,318.8901347490548,9726.92521368599,9408.035078936935,8919.905358504142,60.83562388373517,,
4-220,HEALTH_MONITORING,318.76522881525705,1.0,100,FogNode_7,100,1.0,1727.0272900361456,448.1946388743057,9727.42878562318,9279.234146748875,9001.630834992984,21.84787554425195,,
1-303,SENSOR_DATA_LOGGING,341.6262491379578,0.1,10000,FogNode_4,67,1.0,1758.3565909566523,567.0278351703687,9729.12836437138,9162.10052920101,8947.931901060543,28.458696301281577,,
0-285,GPS_TRACKING,183.71542796996454,0.2,200,FogNode_4,55,1.0,1758.3565909566523,558.3666908954015,9732.628641549414,9174.261950654012,9041.13380100899,15.304156468216421,,
9-153,SENSOR_DATA_LOGGING,417.97381145577606,0.1,10000,FogNode_1,112,1.0,1597.9384595498836,329.61758837016913,9735.054567426592,9405.436979056423,9125.351355562541,34.52780820911382,,
9-226,SENSOR_DATA_LOGGING,785.7203651189762,0.1,10000,FogNode_5,27,1.0,782.8923712617282,469.53639276950776,9740.76971033983,9271.233317570322,8252.83582163567,116.7892999038239,,
2-273,E_COMMERCE_TRANSACTION,629.8932224773317,0.5,300,FogNode_3,128,1.0,1899.4436001125757,542.4233712330358,9745.523146740248,9203.099775507213,8823.537237306056,29.905999645272228,,
3-364,SENSOR_DATA_LOGGING,319.87391819954416,0.1,10000,FogNode_2,66,1.0,681.967788340379,774.4141377967487,9755.523225241732,8981.109087444984,8493.018601641921,39.262612020126845,,
8-214,HEALTH_MONITORING,390.839804929276,1.0,100,FogNode_7,97,1.0,1727.0272900361456,446.94482366000057,9758.76259044227,9311.81776678227,8992.072405195418,26.78780068820928,,
8-378,SENSOR_DATA_LOGGING,176.93786407686633,0.1,10000,FogNode_6,91,1.0,816.2509881302752,809.6625864595278,9766.289310981065,8956.626724521537,8718.99251573261,23.8415424660193,,
5-164,GPS_TRACKING,778.9832641430376,0.2,200,FogNode_0,46,1.0,1189.2931772946604,363.3749819111362,9777.845839379166,9414.47085746803,8732.75940539924,49.60112538908247,,
6-298,E_COMMERCE_TRANSACTION,892.7163971148693,0.5,300,FogNode_3,104,1.0,1899.4436001125757,532.283880870138,9779.76144345791,9247.477562587772,8722.525007058493,42.384288801276575,,
1-264,HEALTH_MONITORING,469.8726561947836,1.0,100,FogNode_3,63,1.0,1899.4436001125757,497.4534383967747,9785.893966172718,9288.440527775943,8946.823286516466,22.30856117838292,,
5-166,HEALTH_MONITORING,341.0433578564544,1.0,100,FogNode_9,99,1.0,1349.236560939329,368.19898714319424,9796.577435834286,9428.378448691092,9088.901346333025,34.30201733040157,,
8-174,HEALTH_MONITORING,387.46248030623923,1.0,100,FogNode_9,98,1.0,1349.236560939329,366.86688099774403,9797.94898723055,9431.082106232805,9057.770866749712,38.97083584292848,,
4-230,SMART_HOME_CONTROL,957.6340579833143,0.1,150,FogNode_5,27,1.0,782.8923712617282,465.07176751887414,9801.123246247813,9336.05147872894,8094.815931036923,142.34251288496742,,
1-285,E_COMMERCE_TRANSACTION,355.3242719443433,0.5,300,FogNode_3,119,1.0,1899.4436001125757,539.4294309547138,9802.81819815762,9263.388767202907,9022.463716062239,16.87004586099759,,
7-278,SENSOR_DATA_LOGGING,125.9457620364332,0.1,10000,FogNode_4,72,1.0,1758.3565909566523,569.0684832419415,9804.255615670694,9235.187132428753,9144.88699580716,10.491735343149566,,
5-385,GPS_TRACKING,70.86915456216929,0.2,200,FogNode_6,89,1.0,816.2509881302752,803.5000021810102,9806.608370287322,9003.108368106312,8887.239546665358,9.549284246422381,,
4-226,HEALTH_MONITORING,85.18292738052455,1.0,100,FogNode_7,122,1.0,1727.0272900361456,460.51807173429853,9808.086030709817,9347.567958975518,9206.07625303332,5.8383594811194035,,
2-150,E_COMMERCE_TRANSACTION,834.9009947374113,0.5,300,FogNode_1,68,1.0,1597.9384595498836,296.6586365847219,9826.920521098487,9530.261884513766,8957.826865739144,68.9691569897359,,
6-176,SENSOR_DATA_LOGGING,813.9242170167768,0.1,10000,FogNode_1,112,1.0,1597.9384595498836,329.8905474829028,9841.244854407734,9511.354306924832,8985.205174912231,67.23631598838068,,
9-388,SENSOR_DATA_LOGGING,832.9835792879082,0.1,10000,FogNode_6,89,1.0,816.2509881302752,802.99839045576,9841.489359948,9038.49096949224,7995.406161859525,112.24060764326788,,
9-255,HEALTH_MONITORING,590.0461685049881,1.0,100,FogNode_3,65,1.0,1899.4436001125757,503.6734830597702,9841.535271219214,9337.861788159444,8939.786252601853,28.014145693779785,,
1-245,HEALTH_MONITORING,617.8602086836934,1.0,100,FogNode_7,112,1.0,1727.0272900361456,452.36088778160104,9845.710755926384,9393.349868144784,8949.1472844764,42.347570320758805,,
7-277,SMART_HOME_CONTROL,891.9147214367933,0.1,150,FogNode_4,66,1.0,1758.3565909566523,566.9094515821072,9851.24675233952,9284.337300757414,8757.660347858702,74.29970691087509,,
9-214,HEALTH_MONITORING,651.7821422226294,1.0,100,FogNode_7,93,1.0,1727.0272900361456,443.6566271726824,9854.445921660827,9410.789294488144,8938.768002743107,44.67254844002722,,
0-244,SMART_HOME_CONTROL,101.66001979312173,0.1,150,FogNode_5,27,1.0,782.8923712617282,470.4007636541261,9870.621556551185,9400.220792897058,9255.678927781204,15.110722678099036,,
1-210,SMART_HOME_CONTROL,110.66299584940849,0.1,150,FogNode_0,48,1.0,1189.2931772946604,376.9153559700782,9870.89522195541,9493.979865985331,9384.053872744105,7.0463762005163275,,
4-283,SENSOR_DATA_LOGGING,725.151857639522,0.1,10000,FogNode_4,72,1.0,1758.3565909566523,569.3175459956526,9874.010788282352,9304.6932422867,8874.798578105658,60.40776006219477,,
1-211,SENSOR_DATA_LOGGING,50.01343530273123,0.1,10000,FogNode_0,48,1.0,1189.2931772946604,379.2289288144653,9912.948297057126,9533.71936824266,9476.759383098897,3.184564790770682,,
7-181,HEALTH_MONITORING,602.1735868866257,1.0,100,FogNode_9,85,1.0,1349.236560939329,361.3740221482585,9929.92609928314,9568.552077134882,9031.653777923653,60.56640112600918,,
1-184,GPS_TRACKING,177.44923937931833,0.2,200,FogNode_1,102,1.0,1597.9384595498836,326.3171110183953,9937.969378029626,9611.65226701123,9473.767418576766,14.658653571625731,,
2-287,SMART_HOME_CONTROL,376.2018360117555,0.1,150,FogNode_4,75,1.0,1758.3565909566523,570.2025390139303,9943.079185238197,9372.876646224267,9141.404987912534,31.338967149212326,,
4-187,SENSOR_DATA_LOGGING,889.06075848083,0.1,10000,FogNode_0,47,1.0,1189.2931772946604,371.15908261829657,9953.689114972864,9582.530032354567,8814.612268886975,56.610220257341794,,
8-213,HEALTH_MONITORING,858.3436631155981,1.0,100,FogNode_7,95,1.0,1727.0272900361456,446.4194440476987,9956.332624633204,9509.913180585505,8921.07166583518,58.83008506180375,,
6-181,SENSOR_DATA_LOGGING,678.5134655570226,0.1,10000,FogNode_8,53,1.0,770.9711269175084,344.4908786459041,9968.486619135489,9623.995740489585,8729.322758894292,64.49587212919553,,
4-232,HEALTH_MONITORING,301.20707588229664,1.0,100,FogNode_7,135,1.0,1727.0272900361456,466.1597849257302,9982.49385716402,9516.334072238289,9251.367251263335,20.644455894335913,,
0-160,E_COMMERCE_TRANSACTION,414.862425976517,0.5,300,FogNode_1,81,1.0,1597.9384595498836,306.9591796403612,9994.6780989194,9687.718919279037,9383.086181224244,34.270784160840776,,
7-366,SENSOR_DATA_LOGGING,268.3350572912477,0.1,10000,FogNode_2,69,1.0,681.967788340379,786.542847421399,9997.774988773719,9211.23214135232,8804.723119237058,32.936524819296075,,
9-224,HEALTH_MONITORING,641.0085022018156,1.0,100,FogNode_7,133,1.0,1727.0272900361456,465.0900907342171,10005.430387506918,9540.340296772702,9083.79565302656,43.934133063895565,,
2-388,GPS_TRACKING,441.16354759846826,0.2,200,FogNode_6,89,1.0,816.2509881302752,800.4577031949185,10007.76482228008,9207.30711908516,8637.273894633605,59.444706815039375,,
9-218,HEALTH_MONITORING,822.6455390982065,1.0,100,FogNode_7,105,1.0,1727.0272900361456,449.14191084181545,10013.759040132438,9564.617129290622,8996.96500555713,56.38336848109647,,
4-252,HEALTH_MONITORING,525.7763056660635,1.0,100,FogNode_3,67,1.0,1899.4436001125757,509.6410062966128,10022.328578412398,9512.687572115785,9150.847206777587,24.962748366938815,,
0-263,HEALTH_MONITORING,477.1084999164085,1.0,100,FogNode_3,65,1.0,1899.4436001125757,503.6160453572699,10030.944737285708,9527.328691928438,9185.079279877442,22.652103753616693,,
2-169,SMART_HOME_CONTROL,836.7269139659262,0.1,150,FogNode_1,112,1.0,1597.9384595498836,329.8655812510909,10035.135447350782,9705.26986609969,9162.89330330186,69.11999177220208,,
9-391,SMART_HOME_CONTROL,319.7806176494535,0.1,150,FogNode_6,97,1.0,816.2509881302752,813.229294926222,10068.338710479355,9255.109415553132,8844.98298267059,43.088929637961705,,
8-206,VOICE_ASSISTANT,122.98103710252289,2.0,150,FogNode_7,73,1.0,1727.0272900361456,429.37059929639406,10084.968706483425,9655.598107187032,9416.174317664349,8.429007150200032,,
2-248,HEALTH_MONITORING,575.0231528271863,1.0,100,FogNode_3,66,1.0,1899.4436001125757,505.9771632060336,10088.62638359912,9582.649220393087,9190.373951687558,27.30088464333654,,
6-200,HEALTH_MONITORING,726.5232912082109,1.0,100,FogNode_9,96,1.0,1349.236560939329,365.56429451406336,10091.066088096777,9725.501793582715,9093.081504792943,73.07344931917369,,
5-163,HEALTH_MONITORING,996.0158590922236,1.0,100,FogNode_9,84,1.0,1349.236560939329,360.8017401538352,10091.660344914118,9730.858604760284,8903.454186907931,100.17891412597605,,
5-117,HEALTH_MONITORING,412.2769794321392,1.0,100,FogNode_1,59,1.0,1597.9384595498836,263.3863301355732,10099.250397091944,9835.864066956372,9487.5882348383,34.057206659158865,,
4-179,HEALTH_MONITORING,786.7928172721483,1.0,100,FogNode_9,89,1.0,1349.236560939329,363.26410497966367,10110.538527896062,9747.274422916398,9074.280004157066,79.13533640747298,,
7-203,VOICE_ASSISTANT,475.4906412481809,2.0,150,FogNode_7,65,1.0,1727.0272900361456,410.29326452239457,10129.769099233908,9719.475834711513,9271.458460086073,32.58969113744688,,
8-240,HEALTH_MONITORING,776.3817611323966,1.0,100,FogNode_3,63,1.0,1899.4436001125757,500.20123648063526,10134.454120617287,9634.252884136651,9131.761344303779,36.860966024851706,,
4-244,HEALTH_MONITORING,873.4158794852119,1.0,100,FogNode_3,63,1.0,1899.4436001125757,500.14924241248116,10135.57337059267,9635.42412818019,9081.943821019697,41.46794099376087,,
8-209,VOICE_ASSISTANT,88.53263279084769,2.0,150,FogNode_7,76,1.0,1727.0272900361456,433.7833733139091,10136.231725488176,9702.448352174268,9484.779635392131,6.067945208479465,,
7-276,SENSOR_DATA_LOGGING,472.5227472323229,0.1,10000,FogNode_4,65,1.0,1758.3565909566523,566.5167732007983,10142.74054973264,9576.223776531842,9284.993727233314,39.36284577916466,,
7-375,SENSOR_DATA_LOGGING,315.41219230737863,0.1,10000,FogNode_6,94,1.0,816.2509881302752,810.9191594715226,10152.705005288362,9341.78584581684,8933.248337590774,42.50030493150844,,
5-169,SMART_HOME_CONTROL,757.9710229528464,0.1,150,FogNode_0,47,1.0,1189.2931772946604,372.68084806811333,10187.063477760037,9814.382629691923,9156.920970754534,48.26318803156185,,
6-169,VOICE_ASSISTANT,528.350808621048,2.0,150,FogNode_9,57,1.0,1349.236560939329,324.4159651518586,10188.169854774678,9863.75388962282,9302.275061716053,53.141332843312775,,
8-161,SENSOR_DATA_LOGGING,185.97861299889894,0.1,10000,FogNode_8,54,1.0,770.9711269175084,346.08594966893355,10209.713049679622,9863.627100010688,9608.993861129256,17.67813529374101,,
7-168,SENSOR_DATA_LOGGING,834.413512998409,0.1,10000,FogNode_8,53,1.0,770.9711269175084,344.28765444192317,10210.495309397855,9866.207654955932,8768.835754763772,79.3148993631807,,
8-223,HEALTH_MONITORING,837.2831872422105,1.0,100,FogNode_7,120,1.0,1727.0272900361456,458.5859164714246,10212.240572948605,9753.654656477182,9174.958349765913,57.38661941941035,,
2-163,VOICE_ASSISTANT,719.4114852460631,2.0,150,FogNode_9,57,1.0,1349.236560939329,324.3119685393229,10213.36539300719,9889.053424467867,9186.220055286427,72.35814645300051,,
9-228,SENSOR_DATA_LOGGING,268.6928754000551,0.1,10000,FogNode_5,28,1.0,782.8923712617282,472.2079208585277,10213.826938623082,9741.619017764555,9384.296984104472,39.93844909742933,,
3-261,GPS_TRACKING,491.74335410250296,0.2,200,FogNode_4,59,1.0,1758.3565909566523,563.6610533093876,10222.739952929787,9659.0788996204,9353.97465771083,40.9639915196487,,
6-158,VOICE_ASSISTANT,857.5938048053566,2.0,150,FogNode_9,56,1.0,1349.236560939329,306.8620722685067,10231.909051733543,9925.046979465036,9120.119961946339,86.2564740734816,,
6-287,HEALTH_MONITORING,419.7057061629209,1.0,100,FogNode_3,67,1.0,1899.4436001125757,510.5359490103854,10251.907184466581,9741.371235456196,9431.715093791345,19.92674036126615,,
7-116,VOICE_ASSISTANT,78.56425393337322,2.0,150,FogNode_0,22,1.0,1189.2931772946604,225.96362368390083,10253.123096559908,10027.159472876006,9791.575896759761,5.002514931737242,,
6-258,HEALTH_MONITORING,917.792510379258,1.0,100,FogNode_7,122,1.0,1727.0272900361456,459.5901251871065,10253.601697829494,9794.011572642386,9170.362913437899,62.90465436502733,,
2-394,GPS_TRACKING,161.39588427518012,0.2,200,FogNode_6,92,1.0,816.2509881302752,810.2126463665385,10266.066966398379,9455.85432003184,9227.316339097151,21.74733400825843,,
8-241,HEALTH_MONITORING,896.8709281804845,1.0,100,FogNode_3,63,1.0,1899.4436001125757,502.6429423326848,10274.99380164873,9772.350859316046,9206.954694184922,42.581537160428475,,
8-247,HEALTH_MONITORING,282.70950839526824,1.0,100,FogNode_3,74,1.0,1899.4436001125757,515.0036131328523,10284.411434738673,9769.40782160582,9530.111342193944,13.422450275829476,,
3-161,GPS_TRACKING,57.304653138295514,0.2,200,FogNode_8,51,1.0,770.9711269175084,334.1633298541408,10284.823194240196,9950.659864386056,9850.035997154522,5.447074772762641,,
2-231,HEALTH_MONITORING,763.2052667612082,1.0,100,FogNode_7,138,1.0,1727.0272900361456,467.20086357902164,10287.629231195662,9820.428367616641,9285.356839324242,52.309386895458026,,
1-423,GPS_TRACKING,665.7400165075337,0.2,200,FogNode_2,65,1.0,681.967788340379,771.795309459112,10288.293437625278,9516.498128166166,8517.292405046586,81.71560882967103,,
8-375,GPS_TRACKING,393.95130604571204,0.2,200,FogNode_6,89,1.0,816.2509881302752,804.8534460135671,10289.243383015584,9484.389937002017,8971.064010463995,53.083079993281174,,
5-137,E_COMMERCE_TRANSACTION,911.5407713694993,0.5,300,FogNode_1,72,1.0,1597.9384595498836,301.62636005323264,10297.373196786833,9995.7468367336,9375.477569334656,75.30018404505665,,
0-222,VOICE_ASSISTANT,283.60236887631993,2.0,150,FogNode_7,76,1.0,1727.0272900361456,432.5845286813869,10300.445904680668,9867.86137599928,9531.48060370261,19.4378454710814,,
2-284,SMART_HOME_CONTROL,876.6392192098244,0.1,150,FogNode_4,72,1.0,1758.3565909566523,568.745738014852,10302.81161035257,9734.065872337718,9215.760961398139,73.02720258831846,,
9-156,VOICE_ASSISTANT,534.1986706740688,2.0,150,FogNode_9,58,1.0,1349.236560939329,331.3856542427998,10325.852718928078,9994.467064685277,9425.83944667411,53.729508689191434,,
4-286,SMART_HOME_CONTROL,838.868813985432,0.1,150,FogNode_4,75,1.0,1758.3565909566523,570.7522233652713,10328.32223196623,9757.57000860096,9262.735407001664,69.88079187143221,,
8-249,HEALTH_MONITORING,103.7556875393872,1.0,100,FogNode_3,83,1.0,1899.4436001125757,520.9994560385203,10329.618054526383,9808.618598487863,9665.730837959833,4.92610087554888,,
5-197,VOICE_ASSISTANT,645.6215396463294,2.0,150,FogNode_7,66,1.0,1727.0272900361456,422.0579054614606,10330.1666360418,9908.10873058034,9367.034832530744,44.250306406713705,,
6-202,SMART_HOME_CONTROL,496.7442338831532,0.1,150,FogNode_0,48,1.0,1189.2931772946604,377.4553271376588,10330.628515330236,9953.173188192577,9517.639252284278,31.629784830162592,,
6-286,HEALTH_MONITORING,954.5879562289398,1.0,100,FogNode_3,65,1.0,1899.4436001125757,504.0224810379503,10344.097156274587,9840.074675236638,9243.36827750739,45.321819733329775,,
9-185,SENSOR_DATA_LOGGING,473.3315358652319,0.1,10000,FogNode_0,48,1.0,1189.2931772946604,380.1832217464803,10351.68310409331,9971.49988234683,9558.362187481913,30.139000337685488,,
7-362,SENSOR_DATA_LOGGING,813.2683475805361,0.1,10000,FogNode_2,65,1.0,681.967788340379,771.4136431251818,10361.718785645024,9590.305142519843,8376.07077140501,99.82382989845703,,
8-367,SMART_HOME_CONTROL,579.5632665304103,0.1,150,FogNode_2,67,1.0,681.967788340379,784.4665696308473,10388.174934708017,9603.70836507717,8739.05753862129,71.13792772784215,,
3-241,HEALTH_MONITORING,91.4310354371398,1.0,100,FogNode_3,78,1.0,1899.4436001125757,517.8833257357809,10392.232850028127,9874.349524292347,9733.100375225667,4.3409524277718,,
4-377,HEALTH_MONITORING,836.8184007776983,1.0,100,FogNode_6,77,1.0,816.2509881302752,744.4012541000147,10392.309861766782,9647.908607666766,8537.31374929647,112.75733174794405,,
3-172,VOICE_ASSISTANT,294.8549380469913,2.0,150,FogNode_9,81,1.0,1349.236560939329,357.7014858360367,10406.704503614697,10049.003017778661,9659.439022882889,29.656402805825717,,
3-381,GPS_TRACKING,210.59668841752958,0.2,200,FogNode_6,96,1.0,816.2509881302752,811.5153429063197,10410.709824247208,9599.194481340888,9310.574022584799,28.37691025776335,,
6-234,VOICE_ASSISTANT,760.5671029830118,2.0,150,FogNode_7,66,1.0,1727.0272900361456,419.7477100924502,10422.884757395303,10003.137047302853,9389.49625529246,52.12856957700202,,
0-172,VOICE_ASSISTANT,846.1533893200972,2.0,150,FogNode_9,57,1.0,1349.236560939329,324.21170600553506,10425.083926956027,10100.872220950492,9299.61712767094,85.1058012302722,,
7-167,VOICE_ASSISTANT,454.08355451345244,2.0,150,FogNode_9,61,1.0,1349.236560939329,342.7534872560783,10427.614598313045,10084.861111056965,9577.972854988804,45.67155934151558,,
8-202,VOICE_ASSISTANT,755.1012773963372,2.0,150,FogNode_7,66,1.0,1727.0272900361456,419.806604511696,10442.65641268486,10022.849808173165,9411.512595356222,51.75394691941767,,
1-239,VOICE_ASSISTANT,269.9339879312517,2.0,150,FogNode_7,79,1.0,1727.0272900361456,436.2729402678323,10443.929012611161,10007.656072343329,9676.59487204539,18.50102721493356,,
9-295,SMART_HOME_CONTROL,447.0195486894578,0.1,150,FogNode_4,88,1.0,1758.3565909566523,575.9703785977061,10476.965717480909,9900.995338883204,9633.477064008592,37.238337536972786,,
0-271,HEALTH_MONITORING,294.48360837852476,1.0,100,FogNode_3,88,1.0,1899.4436001125757,522.9018748721379,10484.654828643326,9961.752953771189,9719.672662033086,13.981459671958264,,
8-244,HEALTH_MONITORING,911.9467132763066,1.0,100,FogNode_3,68,1.0,1899.4436001125757,507.77328658756795,10502.441129910247,9994.667843322679,9424.14393774008,43.297303591371595,,
5-388,SMART_HOME_CONTROL,750.4646865713642,0.1,150,FogNode_6,90,1.0,816.2509881302752,809.1921411183542,10502.517830873754,9693.3256897554,8751.690756707436,101.12157613910269,,
8-160,SMART_HOME_CONTROL,180.49939919903125,0.1,150,FogNode_8,53,1.0,770.9711269175084,344.7582639148135,10518.942725954312,10174.184462039499,9923.827786180871,17.15731044568191,,
7-245,HEALTH_MONITORING,818.1029148375284,1.0,100,FogNode_3,73,1.0,1899.4436001125757,514.0160509752584,10519.332994097605,10005.316943122347,9484.667646943693,38.84179827289343,,
7-175,VOICE_ASSISTANT,552.9266167406031,2.0,150,FogNode_9,74,1.0,1349.236560939329,356.21212046422903,10520.345549694863,10164.133429230633,9582.584067905455,55.613158717078726,,
5-210,VOICE_ASSISTANT,142.87331562725586,2.0,150,FogNode_7,105,1.0,1727.0272900361456,449.4042476055013,10526.656897950057,10077.252650344555,9822.079436682312,9.792405620965614,,
4-150,E_COMMERCE_TRANSACTION,948.1149511720309,0.5,300,FogNode_1,69,1.0,1597.9384595498836,299.6594617213777,10531.305714298234,10231.646252576857,9583.79949406854,78.32148880391011,,
3-200,VOICE_ASSISTANT,696.4412702270622,2.0,150,FogNode_7,74,1.0,1727.0272900361456,430.36293116719764,10533.029241239241,10102.666310072043,9527.106282491315,47.733443990592875,,
7-184,VOICE_ASSISTANT,180.9914953506012,2.0,150,FogNode_9,96,1.0,1349.236560939329,365.5339265669725,10540.848137570625,10175.314211003653,9870.825778108243,18.204059006434985,,
0-290,SENSOR_DATA_LOGGING,700.0586853516422,0.1,10000,FogNode_4,81,1.0,1758.3565909566523,571.7768066839085,10540.872924560415,9969.096117876506,9553.59820389182,58.317408483009984,,
6-157,E_COMMERCE_TRANSACTION,815.2348359362383,0.5,300,FogNode_1,80,1.0,1597.9384595498836,305.911407068098,10545.314566617915,10239.403159549816,9679.714260798455,67.34458305546987,,
4-154,E_COMMERCE_TRANSACTION,717.7764255706378,0.5,300,FogNode_1,83,1.0,1597.9384595498836,309.24449223914985,10548.43942641966,10239.19493418051,9742.683150500396,59.29377889205015,,
2-376,SENSOR_DATA_LOGGING,711.316828658123,0.1,10000,FogNode_2,67,1.0,681.967788340379,779.1000168136717,10548.843456225704,9769.743439412032,8706.914890541273,87.30989017231704,,
0-229,VOICE_ASSISTANT,436.8280724882254,2.0,150,FogNode_7,89,1.0,1727.0272900361456,439.9524311932215,10553.382308759774,10113.429877566552,9689.26064379812,29.939794241138465,,
2-183,VOICE_ASSISTANT,458.3568200363067,2.0,150,FogNode_9,85,1.0,1349.236560939329,361.4743992428856,10571.624734887875,10210.15033564499,9699.559440011442,46.10136283906399,,
0-154,E_COMMERCE_TRANSACTION,922.8204671092589,0.5,300,FogNode_1,73,1.0,1597.9384595498836,302.32498623137826,10572.184986993927,10269.860000762548,9639.643411178482,76.23197249802958,,
8-377,SENSOR_DATA_LOGGING,856.0988942383992,0.1,10000,FogNode_6,90,1.0,816.2509881302752,809.11843210386,10581.452791945983,9772.334359842123,8702.269632091431,115.35528728452391,,
7-246,HEALTH_MONITORING,852.8237418123609,1.0,100,FogNode_3,75,1.0,1899.4436001125757,515.6760993357691,10583.440203574326,10067.764104238557,9529.471528742517,40.49026979495409,,
4-383,E_COMMERCE_TRANSACTION,136.7909672466414,0.5,300,FogNode_2,63,1.0,681.967788340379,751.3141320302237,10588.75767422352,9837.443542193296,9586.412143726877,16.790273821300925,,
1-442,GPS_TRACKING,495.1262585779142,0.2,200,FogNode_6,90,1.0,816.2509881302752,809.0582294456541,10614.350622209171,9805.292392763517,9169.022884900902,66.71592754617171,,
1-183,E_COMMERCE_TRANSACTION,77.46703866554653,0.5,300,FogNode_1,90,1.0,1597.9384595498836,317.0047641273168,10620.664350014807,10303.65958588749,10208.248993202105,6.399365176148125,,
2-179,VOICE_ASSISTANT,717.600649903953,2.0,150,FogNode_9,66,1.0,1349.236560939329,351.2979288443502,10623.517152444123,10272.219223599774,9569.508901898538,72.17601329058394,,
2-168,GPS_TRACKING,530.8657726402294,0.2,200,FogNode_1,109,1.0,1597.9384595498836,328.87218074512003,10629.59235670978,10300.72017596466,9937.822782907797,43.85354077248029,,
9-184,SMART_HOME_CONTROL,362.4678877737268,0.1,150,FogNode_0,48,1.0,1189.2931772946604,378.9544940073076,10635.4044063332,10256.449912325892,9933.992702057998,23.079847768949257,,
6-289,HEALTH_MONITORING,690.1543224810982,1.0,100,FogNode_3,77,1.0,1899.4436001125757,517.0791055601411,10647.756954679457,10130.677849119316,9675.086282561882,32.76706938062918,,
8-219,VOICE_ASSISTANT,389.90947564810887,2.0,150,FogNode_7,117,1.0,1727.0272900361456,454.19962475061453,10648.653902965636,10194.454278215022,9803.1094151292,26.724036775107287,,
2-228,VOICE_ASSISTANT,165.4509166709209,2.0,150,FogNode_7,119,1.0,1727.0272900361456,457.23973376226843,10649.18329443352,10191.943560671252,9927.684596700501,11.339853626894913,,
3-174,VOICE_ASSISTANT,327.3734480436209,2.0,150,FogNode_9,99,1.0,1349.236560939329,367.2742253802197,10670.250661936836,10302.976436556617,9888.530560900328,32.92710275575032,,
3-202,VOICE_ASSISTANT,791.8377952732379,2.0,150,FogNode_7,81,1.0,1727.0272900361456,436.61013013189165,10670.738131059958,10234.128000928065,9605.840909928233,54.27183406001567,,
8-360,HEALTH_MONITORING,343.9854458265082,1.0,100,FogNode_6,76,1.0,816.2509881302752,755.8075906490541,10687.488135657175,9931.680545008121,9423.750533376826,46.35041604663256,,
3-213,VOICE_ASSISTANT,445.4292273896136,2.0,150,FogNode_7,105,1.0,1727.0272900361456,449.26626582290993,10700.573140439807,10251.306874616897,9822.769193623873,30.52930948569881,,
9-269,HEALTH_MONITORING,116.21363460186626,1.0,100,FogNode_3,95,1.0,1899.4436001125757,528.7967830845497,10708.939942473871,10180.143159389321,10031.402523882049,5.517577886471517,,
4-260,HEALTH_MONITORING,906.2336314276073,1.0,100,FogNode_3,77,1.0,1899.4436001125757,517.1082366076095,10729.011969980558,10211.903733372948,9645.663083636438,43.02605853325103,,
7-222,VOICE_ASSISTANT,82.02671107125596,2.0,150,FogNode_7,122,1.0,1727.0272900361456,461.4828840663173,10748.069037895799,10286.586153829481,10068.711533496593,5.622035318750982,,
8-170,VOICE_ASSISTANT,440.1053140410805,2.0,150,FogNode_9,88,1.0,1349.236560939329,362.62002283102055,10751.27232621989,10388.65230338887,9888.77991294373,44.265632980874834,,
9-219,VOICE_ASSISTANT,176.61050266429947,2.0,150,FogNode_7,119,1.0,1727.0272900361456,456.5141357198139,10751.44601123205,10294.931875512237,10020.908042874515,12.104721384946455,,
3-210,VOICE_ASSISTANT,391.42451342055404,2.0,150,FogNode_7,100,1.0,1727.0272900361456,448.18054697809276,10759.675638594295,10311.495091616203,9910.057565182986,26.827876070316005,,
6-425,E_COMMERCE_TRANSACTION,391.72288679478146,0.5,300,FogNode_6,88,1.0,816.2509881302752,792.1379999997606,10769.148329522382,9977.010329522622,9444.435042012485,52.782811011961975,,
2-224,VOICE_ASSISTANT,774.6312387002163,2.0,150,FogNode_7,98,1.0,1727.0272900361456,447.2088503112477,10778.701087795602,10331.492237484354,9712.313806107348,53.09251250116905,,
9-174,VOICE_ASSISTANT,768.0744996017382,2.0,150,FogNode_9,70,1.0,1349.236560939329,355.096451090659,10782.63139263813,10427.53494154747,9684.54289371144,77.25265480017828,,
1-250,GPS_TRACKING,446.3277203655765,0.2,200,FogNode_5,27,1.0,782.8923712617282,462.63312068212576,10783.927934301792,10321.294813619666,9727.29483540437,66.34205285142666,,
8-176,VOICE_ASSISTANT,356.8351412977607,2.0,150,FogNode_9,108,1.0,1349.236560939329,371.40412851244366,10784.817438189593,10413.41330967715,9975.40461103793,35.89034918558356,,
0-390,SMART_HOME_CONTROL,703.0786635923537,0.1,150,FogNode_2,67,1.0,681.967788340379,782.1072271494747,10786.479049861176,10004.371822711702,8955.393279331252,86.29870463848027,,
5-271,GPS_TRACKING,869.1335326263662,0.2,200,FogNode_4,59,1.0,1758.3565909566523,562.5080313614694,10797.099024575817,10234.590993214348,9713.046316781742,72.40195187778251,,
5-463,SENSOR_DATA_LOGGING,188.2093905526577,0.1,10000,FogNode_9,192,1.0,1349.236560939329,918.4710447123161,10809.74391019393,9891.272865481615,9734.131482527944,18.930032289908738,,
5-247,HEALTH_MONITORING,160.1839279911664,1.0,100,FogNode_3,100,1.0,1899.4436001125757,530.1128457004696,10813.343996465404,10283.231150764936,10110.95509083106,7.60519453573662,,
6-243,VOICE_ASSISTANT,970.927306044467,2.0,150,FogNode_7,78,1.0,1727.0272900361456,434.69749524052776,10815.797391925415,10381.099896684887,9644.252571622703,66.5464643801201,,
6-415,SENSOR_DATA_LOGGING,312.32656819433765,0.1,10000,FogNode_2,67,1.0,681.967788340379,780.8163778058894,10819.697261365129,10038.880883559239,9560.957796259654,38.33621990693908,,
1-441,GPS_TRACKING,806.2228553099158,0.2,200,FogNode_6,90,1.0,816.2509881302752,808.0072183139489,10829.203760339318,10021.19654202537,9005.766388202694,108.63472633306083,,
0-233,VOICE_ASSISTANT,281.0597273740034,2.0,150,FogNode_7,118,1.0,1727.0272900361456,455.2232589971183,10833.480045444021,10378.256786446902,10040.888808471356,19.263575161541283,,
0-387,GPS_TRACKING,373.9208985167997,0.2,200,FogNode_2,66,1.0,681.967788340379,778.0638471560733,10836.590446530588,10058.526599374516,9487.667216460039,45.8965558908868,,
4-259,HEALTH_MONITORING,854.4474314496313,1.0,100,FogNode_3,77,1.0,1899.4436001125757,517.1039901560449,10842.073756806823,10324.969766650778,9780.847517332575,40.567359149123135,,
2-456,SENSOR_DATA_LOGGING,122.91563264451274,0.1,10000,FogNode_9,192,1.0,1349.236560939329,922.3004596131864,10842.372461068697,9920.07200145551,9814.674604918948,12.36280978362867,,
1-491,SENSOR_DATA_LOGGING,158.70522613140622,0.1,10000,FogNode_7,247,1.0,1727.0272900361456,900.0970645617425,10851.570669464412,9951.47360490267,9843.381164733888,10.877510202817223,,
8-362,HEALTH_MONITORING,362.5681993056843,1.0,100,FogNode_6,76,1.0,816.2509881302752,759.4500363870086,10854.8969732713,10095.446936884291,9560.739893512822,48.854354412345366,,
7-279,SENSOR_DATA_LOGGING,556.2807023920443,0.1,10000,FogNode_4,78,1.0,1758.3565909566523,571.1784037729109,10857.236911963786,10286.058508190876,9950.462549179503,46.34018494651972,,
2-255,HEALTH_MONITORING,710.7731641144161,1.0,100,FogNode_3,85,1.0,1899.4436001125757,521.8189124249984,10858.855549355587,10337.036636930588,9870.665102591365,33.746008427070684,,
2-230,VOICE_ASSISTANT,199.8487962356881,2.0,150,FogNode_7,122,1.0,1727.0272900361456,459.9159887064499,10863.787415589475,10403.871426883024,10115.992567307636,13.69745264894117,,
6-491,SENSOR_DATA_LOGGING,404.34483697919086,0.1,10000,FogNode_9,192,1.0,1349.236560939329,921.2462645224039,10871.30890346517,9950.062638942765,9637.170368900639,40.668857158497836,,
2-160,E_COMMERCE_TRANSACTION,544.083421048256,0.5,300,FogNode_1,89,1.0,1597.9384595498836,315.1683056808177,10888.930274359771,10573.761968678953,10185.233223399773,44.945418820098425,,
6-317,SENSOR_DATA_LOGGING,992.676019637843,0.1,10000,FogNode_4,86,1.0,1758.3565909566523,574.7281461229519,10892.869846905796,10318.141700782844,9737.929746482643,82.69348576031166,,
5-170,SMART_HOME_CONTROL,767.9472652442153,0.1,150,FogNode_0,47,1.0,1189.2931772946604,375.4297452959529,10898.84046878187,10523.410723485917,9856.726920055928,48.898417140560014,,
3-133,HEALTH_MONITORING,455.5456984192177,1.0,100,FogNode_1,63,1.0,1597.9384595498836,272.66729772122613,10905.747730852601,10633.080433131376,10254.215839038588,37.63153114957723,,
0-388,GPS_TRACKING,82.30788326592415,0.2,200,FogNode_2,67,1.0,681.967788340379,778.6383066850129,10907.170796118322,10128.53248943331,9982.014660549878,10.102800831832484,,
1-179,E_COMMERCE_TRANSACTION,603.8189093348553,0.5,300,FogNode_1,83,1.0,1597.9384595498836,309.30179343706635,10909.179408823957,10599.877615386891,10171.167440914513,49.880023396528195,,
6-295,HEALTH_MONITORING,103.24238107346838,1.0,100,FogNode_3,102,1.0,1899.4436001125757,531.1552556046792,10913.209561797625,10382.054306192946,10237.730837589876,4.901730168832416,,
4-451,SENSOR_DATA_LOGGING,179.42370286782474,0.1,10000,FogNode_9,192,1.0,1349.236560939329,919.6627421356811,10915.613041714487,9995.950299578806,9846.00578227653,18.04637100672526,,
0-174,GPS_TRACKING,546.545749062441,0.2,200,FogNode_8,52,1.0,770.9711269175084,331.22839282943613,10918.61864935835,10587.390256528914,9850.099180427243,51.95172466525524,,
4-231,SENSOR_DATA_LOGGING,997.6650228875035,0.1,10000,FogNode_5,27,1.0,782.8923712617282,465.5720303422878,10920.053720060057,10454.48168971777,9160.801323833894,148.29270658387566,,
7-179,VOICE_ASSISTANT,802.3271340785902,2.0,150,FogNode_9,84,1.0,1349.236560939329,360.09664859567573,10920.505396824692,10560.408748229016,9791.499933185312,80.69777236183278,,
1-431,SENSOR_DATA_LOGGING,226.72507060635766,0.1,10000,FogNode_2,69,1.0,681.967788340379,787.7308237094784,10921.214829066728,10133.48400535725,9784.66039892678,27.82914759839889,,
7-253,HEALTH_MONITORING,773.325601626662,1.0,100,FogNode_3,93,1.0,1899.4436001125757,527.287826900315,10926.465694210854,10399.177867310538,9903.64985891021,36.71586602721253,,
3-425,SENSOR_DATA_LOGGING,312.57629767409276,0.1,10000,FogNode_7,247,1.0,1727.0272900361456,899.8488850463663,10932.436954153138,10032.588069106772,9836.672339354745,21.423691897162673,,
5-274,SENSOR_DATA_LOGGING,137.52730051939352,0.1,10000,FogNode_4,79,1.0,1758.3565909566523,571.5349050934645,10935.450455921084,10363.91555082762,10266.120664795899,11.456519188711368,,
3-134,HEALTH_MONITORING,645.4207226989448,1.0,100,FogNode_1,64,1.0,1597.9384595498836,275.2232649809799,10949.222939209905,10673.999674228926,10183.319691222414,53.31664883481504,,
2-254,HEALTH_MONITORING,851.5710159961337,1.0,100,FogNode_3,82,1.0,1899.4436001125757,520.5988867947273,10950.767690354402,10430.168803559674,9886.981385267236,40.43079301940097,,
6-480,SENSOR_DATA_LOGGING,251.11726890250472,0.1,10000,FogNode_7,247,1.0,1727.0272900361456,903.1334247405911,10961.201735186978,10058.068310446388,9897.539566986623,17.211346602593373,,
5-448,SENSOR_DATA_LOGGING,52.99457543528413,0.1,10000,FogNode_7,247,1.0,1727.0272900361456,900.0266129638284,10963.12238439563,10063.095771431803,10012.194175362501,3.632199449525226,,
1-439,E_COMMERCE_TRANSACTION,231.87996728484296,0.5,300,FogNode_6,89,1.0,816.2509881302752,807.0973604916787,10971.567384144204,10164.470023652526,9828.597911943532,31.244731679586007,,
0-292,SMART_HOME_CONTROL,903.8497134308359,0.1,150,FogNode_4,86,1.0,1758.3565909566523,574.7754439451693,10990.99667006436,10416.22122611919,9886.570760033823,75.29393470623259,,
6-296,HEALTH_MONITORING,150.54195002455882,1.0,100,FogNode_3,102,1.0,1899.4436001125757,531.466411856685,10992.465376508646,10460.99896465196,10290.924062892167,7.147413789160217,,
7-255,HEALTH_MONITORING,539.2374024085809,1.0,100,FogNode_3,100,1.0,1899.4436001125757,530.1107498217048,10992.832237236727,10462.721487415023,10092.040700394436,25.601852805661657,,
6-254,VOICE_ASSISTANT,810.0926422496707,2.0,150,FogNode_7,119,1.0,1727.0272900361456,455.7935602297497,10995.724553639919,10539.93099341017,9904.022961053519,55.523004478768,,
7-427,SENSOR_DATA_LOGGING,128.23720584471835,0.1,10000,FogNode_9,192,1.0,1349.236560939329,924.9585311955447,11010.657313087804,10085.698781892259,9977.10016023373,12.898051687431664,,
6-416,SENSOR_DATA_LOGGING,691.0547258822954,0.1,10000,FogNode_2,67,1.0,681.967788340379,781.3412482874111,11011.09957344953,10229.758325162118,9197.581820011743,84.8228381348234,,
6-292,HEALTH_MONITORING,813.5691535924096,1.0,100,FogNode_3,85,1.0,1899.4436001125757,521.9686706101286,11011.75992496231,10489.791254352182,9967.253649848193,38.626544865887375,,
0-450,SENSOR_DATA_LOGGING,273.1697709991744,0.1,10000,FogNode_9,193,1.0,1349.236560939329,916.3626451296599,11012.206383349117,10095.843738219457,9873.036188008988,27.47531656341323,,
0-192,GPS_TRACKING,793.2896330698355,0.2,200,FogNode_0,47,1.0,1189.2931772946604,366.78002977866555,11018.709240469849,10651.929210691183,9954.999850380113,50.51207178763087,,
4-234,SENSOR_DATA_LOGGING,967.6025650487339,0.1,10000,FogNode_5,27,1.0,782.8923712617282,469.39759007330525,11037.05630750542,10567.658717432114,9315.743828011164,143.8242295528056,,
4-452,SMART_HOME_CONTROL,244.95906173174737,0.1,150,FogNode_9,192,1.0,1349.236560939329,920.3681562775422,11052.862730883846,10132.494574606304,9933.110122841419,24.6378936495751,,
8-436,SMART_HOME_CONTROL,57.110290396583,0.1,150,FogNode_9,192,1.0,1349.236560939329,924.0792827514539,11052.985168743318,10128.905885991864,10070.644966881568,5.744132309864253,,
0-170,E_COMMERCE_TRANSACTION,690.582593446218,0.5,300,FogNode_1,101,1.0,1597.9384595498836,323.4887513401025,11061.763313807054,10738.274562466951,10258.10631476857,57.047362024944235,,
3-214,VOICE_ASSISTANT,728.7326746965654,2.0,150,FogNode_7,119,1.0,1727.0272900361456,456.5159057414491,11070.611725462646,10614.095819721197,10021.331539682622,49.946667147399864,,
2-448,SMART_HOME_CONTROL,209.78099395316215,0.1,150,FogNode_7,247,1.0,1727.0272900361456,906.5099348508993,11082.671149806809,10176.16121495591,10039.74653045293,14.378196343662148,,
7-416,SENSOR_DATA_LOGGING,447.5142635249127,0.1,10000,FogNode_7,247,1.0,1727.0272900361456,904.2875597354044,11092.604070933825,10188.31651119842,9914.411875311476,30.67221594434422,,
1-282,HEALTH_MONITORING,350.5394150635684,1.0,100,FogNode_3,104,1.0,1899.4436001125757,532.348545449311,11111.014166743964,10578.665621294653,10303.446732177978,16.642870963613642,,
6-172,E_COMMERCE_TRANSACTION,355.22906000541144,0.5,300,FogNode_1,101,1.0,1597.9384595498836,324.77288010071646,11111.23486805825,10786.461987957535,10517.065260873233,29.344615662525467,,
6-173,E_COMMERCE_TRANSACTION,337.817777478246,0.5,300,FogNode_1,101,1.0,1597.9384595498836,325.67323314893287,11117.156233764163,10791.48300061523,10531.687940855283,27.90631161740165,,
0-446,SMART_HOME_CONTROL,230.27004702257574,0.1,150,FogNode_7,247,1.0,1727.0272900361456,906.548743281095,11129.057737400875,10222.50899411978,10073.447475664027,15.782497192734859,,
1-502,SMART_HOME_CONTROL,814.3773917206813,0.1,150,FogNode_9,192,1.0,1349.236560939329,918.2684931036353,11144.431982907367,10226.163489803732,9606.75903129343,81.90978290815394,,
5-250,HEALTH_MONITORING,291.99920109845874,1.0,100,FogNode_3,109,1.0,1899.4436001125757,533.9762385564735,11146.561045547305,10612.584806990832,10364.587647415681,13.86350526225029,,
6-428,E_COMMERCE_TRANSACTION,440.2980393564234,0.5,300,FogNode_6,89,1.0,816.2509881302752,802.702645697797,11153.76563763841,10351.062991940613,9758.841392482778,59.32808366252726,,
8-132,HEALTH_MONITORING,61.26754805688728,1.0,100,FogNode_1,72,1.0,1597.9384595498836,301.0304981921493,11155.49785304914,10854.467354856992,10729.7636516609,5.061164337983153,,
1-281,HEALTH_MONITORING,423.0502408894005,1.0,100,FogNode_3,103,1.0,1899.4436001125757,531.4981151057302,11173.49093460568,10641.992819499948,10325.571626474433,20.085531805235526,,
3-431,SENSOR_DATA_LOGGING,576.3921399082064,0.1,10000,FogNode_7,247,1.0,1727.0272900361456,903.7785790101768,11185.318806065163,10281.540227054986,9932.138988172332,39.505387034223524,,
5-451,SMART_HOME_CONTROL,385.99935114383726,0.1,150,FogNode_7,247,1.0,1727.0272900361456,902.1841571815078,11186.627451959304,10284.443294777797,10041.613652714586,26.456040438589145,,
2-443,GPS_TRACKING,183.6835776574584,0.2,200,FogNode_7,247,1.0,1727.0272900361456,899.9601246756461,11198.962307840211,10299.002183164564,10169.36540541091,12.58950343830917,,
9-293,SENSOR_DATA_LOGGING,542.7668112494764,0.1,10000,FogNode_4,86,1.0,1758.3565909566523,574.5699378373422,11201.548310671886,10626.978372834543,10301.070975763818,45.2144291685449,,
4-453,SENSOR_DATA_LOGGING,562.7542964617746,0.1,10000,FogNode_9,192,1.0,1349.236560939329,921.1914405244925,11201.908341855878,10280.716901331387,9848.156881877578,56.601623181632675,,
8-238,VOICE_ASSISTANT,74.04195421243882,2.0,150,FogNode_3,63,1.0,1899.4436001125757,494.1747159473757,11212.471799427383,10718.297083480007,10507.196479175589,3.515355583131624,,
5-381,HEALTH_MONITORING,209.5464375951308,1.0,100,FogNode_6,89,1.0,816.2509881302752,799.4484057714535,11228.285526777174,10428.83712100572,10085.449299102358,28.235393914086263,,
7-429,SENSOR_DATA_LOGGING,239.62783435965238,0.1,10000,FogNode_9,192,1.0,1349.236560939329,925.933916592349,11230.58770435266,10304.653787760311,10111.386781989091,24.101680732662395,,
4-393,GPS_TRACKING,283.0770715022069,0.2,200,FogNode_2,67,1.0,681.967788340379,778.595326989153,11234.785886285517,10456.190559296365,10015.076615058817,34.74601897129821,,
9-442,SENSOR_DATA_LOGGING,427.10223682541783,0.1,10000,FogNode_9,192,1.0,1349.236560939329,925.4933984011025,11237.056437012983,10311.563038611881,9980.729177101222,42.95778818716992,,
6-175,E_COMMERCE_TRANSACTION,280.8303846459185,0.5,300,FogNode_1,103,1.0,1597.9384595498836,327.2671033421942,11237.50874565868,10910.241642316487,10682.374711429118,23.1987205767122,,
9-432,SMART_HOME_CONTROL,807.3136683441134,0.1,150,FogNode_7,247,1.0,1727.0272900361456,903.0755418701699,11246.1596352093,10343.08409333913,9861.876294980577,55.33253616371683,,
7-261,HEALTH_MONITORING,332.87772842219033,1.0,100,FogNode_3,116,1.0,1899.4436001125757,537.729001665504,11286.264291781876,10748.535290116371,10478.87857865701,15.804331389628988,,
7-423,SMART_HOME_CONTROL,599.4884603048553,0.1,150,FogNode_9,192,1.0,1349.236560939329,920.5293848817131,11286.689252993972,10366.15986811226,9905.101680357242,60.29633206757298,,
5-449,SENSOR_DATA_LOGGING,734.1751784928448,0.1,10000,FogNode_7,247,1.0,1727.0272900361456,901.3497345829181,11288.896609131796,10387.546874548878,9944.280208083375,50.319691350924735,,
5-466,SENSOR_DATA_LOGGING,381.4961882037899,0.1,10000,FogNode_9,192,1.0,1349.236560939329,920.8747537023279,11294.956050270532,10374.081296568203,10072.102655422848,38.37074834560036,,
7-257,HEALTH_MONITORING,863.0594782078933,1.0,100,FogNode_3,104,1.0,1899.4436001125757,532.0769963623617,11296.448647515208,10764.371651152846,10221.854264131256,40.9762409375074,,
9-383,SMART_HOME_CONTROL,517.5001367501693,0.1,150,FogNode_2,70,1.0,681.967788340379,788.6656213496452,11307.677151303218,10519.011529953574,9746.134585788928,63.520049411810525,,
1-308,SENSOR_DATA_LOGGING,902.0697201803017,0.1,10000,FogNode_4,90,1.0,1758.3565909566523,577.0397531719337,11310.117672112789,10733.077918940855,10206.321609788365,75.1456548610418,,
6-316,SENSOR_DATA_LOGGING,193.11600546572024,0.1,10000,FogNode_4,85,1.0,1758.3565909566523,573.4835460136527,11311.375865821352,10737.8923198077,10608.923673215426,16.087258412763834,,
5-452,SENSOR_DATA_LOGGING,194.59654626063394,0.1,10000,FogNode_7,247,1.0,1727.0272900361456,903.4916886261125,11311.639477091288,10408.147788465176,10273.422660957385,13.337468267304653,,
2-454,SMART_HOME_CONTROL,938.9282524748879,0.1,150,FogNode_9,192,1.0,1349.236560939329,916.9622297017913,11319.413098090017,10402.450868388227,9687.692309484177,94.43706334240731,,
2-385,HEALTH_MONITORING,75.01643398991317,1.0,100,FogNode_6,89,1.0,816.2509881302752,799.3195159616806,11320.189163135088,10520.869647173407,10339.10757880276,10.108110584192849,,
5-249,HEALTH_MONITORING,976.1718450713713,1.0,100,FogNode_3,109,1.0,1899.4436001125757,533.5899130463257,11327.269150659778,10793.679237613453,10193.57191137271,46.34657718273793,,
7-259,HEALTH_MONITORING,619.6148486676583,1.0,100,FogNode_3,110,1.0,1899.4436001125757,534.3111800068087,11337.968530804008,10803.657350797199,10383.164251627335,29.418004168360852,,
5-450,SENSOR_DATA_LOGGING,378.2181679731688,0.1,10000,FogNode_7,247,1.0,1727.0272900361456,901.6630326184118,11348.057269229497,10446.394236611086,10204.881167043717,25.922725302143323,,
2-447,SENSOR_DATA_LOGGING,472.904069083766,0.1,10000,FogNode_7,247,1.0,1727.0272900361456,905.9147432068913,11356.496625415748,10450.581882208857,10159.915444164444,32.41240986073927,,
2-377,SENSOR_DATA_LOGGING,356.75915145841066,0.1,10000,FogNode_2,68,1.0,681.967788340379,784.9213847203745,11359.722414869755,10574.801030149381,10031.651881069707,43.790053991220375,,
7-236,VOICE_ASSISTANT,422.1167592909165,2.0,150,FogNode_3,63,1.0,1899.4436001125757,496.3580249356152,11368.792839776888,10872.434814841274,10481.55814458182,20.041212070783807,,
4-151,HEALTH_MONITORING,345.2129740192936,1.0,100,FogNode_1,72,1.0,1597.9384595498836,300.5095103088674,11371.534316754092,11071.024806445224,10767.984317325889,28.51721096286222,,
2-246,VOICE_ASSISTANT,329.80394523072925,2.0,150,FogNode_3,63,1.0,1899.4436001125757,499.1394457891109,11386.103669945245,10886.964224156134,10544.329513411956,15.658394656618993,,
7-358,HEALTH_MONITORING,658.8312128719348,1.0,100,FogNode_6,76,1.0,816.2509881302752,762.6195254771044,11388.595720349746,10625.976194872641,9727.80934150091,88.77439784624885,,
7-425,SENSOR_DATA_LOGGING,337.34730396217907,0.1,10000,FogNode_9,192,1.0,1349.236560939329,923.8461519971077,11394.460268330733,10470.614116333625,10201.713169176255,33.930269569259444,,
7-364,GPS_TRACKING,262.62073334800243,0.2,200,FogNode_2,67,1.0,681.967788340379,780.5730034337649,11396.192150896788,10615.619147463023,10201.795765722445,32.2351257017819,,
2-288,SENSOR_DATA_LOGGING,154.16969970592424,0.1,10000,FogNode_4,85,1.0,1758.3565909566523,573.2876648232642,11399.054156162929,10825.766491339664,10717.121683462172,12.842890948402799,,
3-264,SENSOR_DATA_LOGGING,827.449995938426,0.1,10000,FogNode_4,75,1.0,1758.3565909566523,569.7925431659145,11406.031906915756,10836.23936374984,10343.593697575485,68.9295632239283,,
6-495,SENSOR_DATA_LOGGING,284.14299942385264,0.1,10000,FogNode_9,192,1.0,1349.236560939329,927.387564575331,11412.503731611723,10485.116167036393,10256.999195676168,28.57899990138986,,
5-146,E_COMMERCE_TRANSACTION,806.4196574437087,0.5,300,FogNode_1,112,1.0,1597.9384595498836,329.52487811991136,11413.841933606585,11084.317055486674,10533.494968007273,66.6163824266815,,
3-249,HEALTH_MONITORING,811.2219072289402,1.0,100,FogNode_3,109,1.0,1899.4436001125757,533.9710038520986,11419.549343192817,10885.578339340718,10364.824199976132,38.515102566766885,,
6-490,SMART_HOME_CONTROL,509.2010540745783,0.1,150,FogNode_9,192,1.0,1349.236560939329,920.642192510441,11430.262120150377,10509.619927639937,10112.615136468636,51.215257471387716,,
3-382,E_COMMERCE_TRANSACTION,540.3124162233137,0.5,300,FogNode_6,97,1.0,816.2509881302752,813.1431800365551,11431.092295386321,10617.949115349766,9908.949494149008,72.80454911962431,,
1-123,VOICE_ASSISTANT,782.6365531116603,2.0,150,FogNode_1,24,1.0,1597.9384595498836,208.5583079689748,11439.001846798197,11230.443538829222,10571.745505676981,64.6517175541762,,
1-415,HEALTH_MONITORING,772.0340980932701,1.0,100,FogNode_6,76,1.0,816.2509881302752,760.1168649943368,11448.347127646442,10688.230262652105,9651.31330846906,104.0279525862783,,
6-206,SMART_HOME_CONTROL,971.8236663742358,0.1,150,FogNode_0,50,1.0,1189.2931772946604,383.9351135662479,11452.548307372714,11068.613193806466,10238.32156891019,61.88008106301901,,
3-269,SMART_HOME_CONTROL,834.4636047448765,0.1,150,FogNode_4,95,1.0,1758.3565909566523,579.0031682928587,11465.566850559362,10886.563682266504,10398.451430760339,69.51382208431278,,
2-449,SENSOR_DATA_LOGGING,306.3411619527657,0.1,10000,FogNode_7,247,1.0,1727.0272900361456,907.5378124406008,11466.27722362478,10558.739411184179,10363.168951052043,20.996341430653594,,
9-145,HEALTH_MONITORING,91.280336145642,1.0,100,FogNode_1,83,1.0,1597.9384595498836,309.0212070306285,11470.965745603296,11161.944538572669,11017.329757122698,7.540448356615843,,
9-290,GPS_TRACKING,323.1921757665616,0.2,200,FogNode_4,67,1.0,1758.3565909566523,567.1034719792646,11493.921217667064,10926.8177456878,10716.590590026583,26.923071632521843,,
0-115,VOICE_ASSISTANT,422.29567259850126,2.0,150,FogNode_1,25,1.0,1597.9384595498836,219.7925497334246,11501.784049926315,11281.99150019289,10847.477373935686,34.8848267316923,,
4-399,HEALTH_MONITORING,152.6775424487746,1.0,100,FogNode_6,89,1.0,816.2509881302752,799.009721433919,11507.2364619059,10708.226740471982,10430.175189116171,20.57257857661594,,
5-465,GPS_TRACKING,288.9798508879476,0.2,200,FogNode_9,192,1.0,1349.236560939329,920.3140332123082,11509.136320249847,10588.82228703754,10348.011303792473,29.065488668650346,,
3-430,SMART_HOME_CONTROL,562.3654903239319,0.1,150,FogNode_7,247,1.0,1727.0272900361456,903.3570757224828,11510.945096725667,10607.588021003185,10260.901905761455,38.54401337512324,,
4-255,VOICE_ASSISTANT,275.2325951528966,2.0,150,FogNode_3,73,1.0,1899.4436001125757,513.8295559389202,11513.694533692193,10999.864977753272,10689.333028346988,13.067462228975003,,
7-426,SENSOR_DATA_LOGGING,314.349307869608,0.1,10000,FogNode_9,192,1.0,1349.236560939329,924.2501261048424,11519.672346522628,10595.422220417786,10340.735354617604,31.617139457328282,,
5-378,E_COMMERCE_TRANSACTION,922.4802624444087,0.5,300,FogNode_6,89,1.0,816.2509881302752,795.7186879319489,11522.452766166156,10726.734078234207,9544.793614137603,124.29986349094008,,
4-404,HEALTH_MONITORING,70.36086362155797,1.0,100,FogNode_6,97,1.0,816.2509881302752,812.7407997861437,11534.547162494458,10721.806362708314,10548.711453027048,9.480794440077634,,
8-154,GPS_TRACKING,790.0126559419319,0.2,200,FogNode_8,51,1.0,770.9711269175084,334.02499354487895,11543.64083507878,11209.615841533901,10157.101398206381,75.09439064152944,,
2-380,SENSOR_DATA_LOGGING,125.96839163917352,0.1,10000,FogNode_2,73,1.0,681.967788340379,790.8455976743442,11544.43552565425,10753.589927979905,10547.769749894973,15.461867336876571,,
7-189,SENSOR_DATA_LOGGING,778.9559402984949,0.1,10000,FogNode_0,49,1.0,1189.2931772946604,383.07929012259217,11553.814326506692,11170.7350363841,10501.410822409633,49.59938556551801,,
6-478,SENSOR_DATA_LOGGING,835.4419209224967,0.1,10000,FogNode_7,247,1.0,1727.0272900361456,902.3006432249759,11554.357365003183,10652.056721778206,10148.176693343677,57.260420719676254,,
6-154,HEALTH_MONITORING,747.7109092165682,1.0,100,FogNode_1,72,1.0,1597.9384595498836,300.6732555281015,11579.157086681857,11278.483831153755,10724.70704292345,61.76659436956937,,
2-114,VOICE_ASSISTANT,362.05138676565247,2.0,150,FogNode_1,26,1.0,1597.9384595498836,223.23532706106366,11598.108365711922,11374.873038650858,10976.067768280513,29.908191617432944,,
3-236,VOICE_ASSISTANT,604.1574357064372,2.0,150,FogNode_3,65,1.0,1899.4436001125757,503.3214797168149,11614.519389742369,11111.197910025554,10621.625211125964,28.684118852502042,,
1-270,VOICE_ASSISTANT,442.249579719332,2.0,150,FogNode_3,67,1.0,1899.4436001125757,509.3587854919436,11618.93478938102,11109.576003889077,10704.754535624274,20.997075857065763,,
6-481,SENSOR_DATA_LOGGING,763.6521055143314,0.1,10000,FogNode_7,247,1.0,1727.0272900361456,906.4396399872751,11628.804660113525,10722.36502012625,10261.378647214453,52.340012812540856,,
6-500,SENSOR_DATA_LOGGING,175.81536764778667,0.1,10000,FogNode_9,192,1.0,1349.236560939329,931.229198285147,11639.443616047838,10708.21441776269,10560.53998339355,17.683445958046434,,
5-240,VOICE_ASSISTANT,252.95511059556443,2.0,150,FogNode_3,80,1.0,1899.4436001125757,518.8478370788996,11646.86780115882,11128.01996407992,10826.011536790795,12.009774320143583,,
1-494,SMART_HOME_CONTROL,693.0809758487369,0.1,150,FogNode_7,247,1.0,1727.0272900361456,905.043620410086,11647.474067151039,10742.430446740953,10320.617764801793,47.503132505106954,,
8-242,VOICE_ASSISTANT,695.605729092363,2.0,150,FogNode_3,65,1.0,1899.4436001125757,504.77719765780967,11652.479813554219,11147.702615896409,10611.939949414413,33.02589065122729,,
7-431,SMART_HOME_CONTROL,572.2170699018437,0.1,150,FogNode_9,192,1.0,1349.236560939329,928.5910696981164,11654.69203599297,10726.100966294853,10285.314315059535,57.55338550468467,,
5-177,SENSOR_DATA_LOGGING,131.9580104796185,0.1,10000,FogNode_0,53,1.0,1189.2931772946604,385.41976323330704,11664.769314729016,11279.349551495709,11152.953714777159,8.402318926702344,,
0-452,SENSOR_DATA_LOGGING,596.2654687442572,0.1,10000,FogNode_9,192,1.0,1349.236560939329,927.2250374911144,11678.984476918115,10751.759439427,10291.781103930123,59.97216474450227,,
7-282,SENSOR_DATA_LOGGING,492.66436502331095,0.1,10000,FogNode_4,90,1.0,1758.3565909566523,577.0232547975197,11679.238714606374,11102.215459808855,10804.773022829788,41.04071504470445,,
6-494,GPS_TRACKING,219.4390160455245,0.2,200,FogNode_9,192,1.0,1349.236560939329,923.2547865287695,11682.311740086609,10759.05695355784,10570.88365237142,22.07109670356946,,
5-248,VOICE_ASSISTANT,148.3264312283664,2.0,150,FogNode_3,102,1.0,1899.4436001125757,530.8346644729434,11692.608800356917,11161.774135883974,10914.964903846821,7.042225636678694,,
6-429,HEALTH_MONITORING,256.94952746212573,1.0,100,FogNode_6,89,1.0,816.2509881302752,804.635902112499,11703.38802222579,10898.752120113291,10497.032101867306,34.62273664584613,,
5-277,SMART_HOME_CONTROL,587.76272817676,0.1,150,FogNode_4,86,1.0,1758.3565909566523,574.7329129766791,11740.300127138926,11165.567214162247,10810.799085308694,48.96275101987358,,
7-433,SENSOR_DATA_LOGGING,122.70148261085583,0.1,10000,FogNode_9,192,1.0,1349.236560939329,933.2333210122349,11745.633451429736,10812.400130417502,10705.626047363146,12.341270650856888,,
0-397,HEALTH_MONITORING,749.0845432723761,1.0,100,FogNode_6,89,1.0,816.2509881302752,793.8072877880209,11746.917250632601,10953.10996284458,9948.569274860583,100.93560834049897,,
1-503,GPS_TRACKING,439.5280140200398,0.2,200,FogNode_9,192,1.0,1349.236560939329,918.7114894181794,11756.022647803173,10837.311158384993,10481.98913585377,44.2075683539868,,
4-270,VOICE_ASSISTANT,121.95242210470886,2.0,150,FogNode_3,109,1.0,1899.4436001125757,533.5897371859733,11756.813087389963,11223.223350203989,10986.357153777008,5.7900433947513426,,
0-294,SMART_HOME_CONTROL,467.2191867903544,0.1,150,FogNode_4,90,1.0,1758.3565909566523,577.2300219657492,11759.63477610754,11182.40475414179,10897.68284865182,38.921040103183,,
7-240,VOICE_ASSISTANT,840.8990972351498,2.0,150,FogNode_3,63,1.0,1899.4436001125757,501.5892116120674,11769.977266439217,11268.38805482715,10652.074379662983,39.92411285950793,,
3-182,SENSOR_DATA_LOGGING,403.7175102143048,0.1,10000,FogNode_0,49,1.0,1189.2931772946604,381.5761175238025,11792.008347942912,11410.43223041911,11052.126376196546,25.706383907923,,
8-430,SENSOR_DATA_LOGGING,758.0437775988713,0.1,10000,FogNode_7,247,1.0,1727.0272900361456,906.719821576371,11795.426445443667,10888.706623867296,10428.630601752107,51.9556231764324,,
4-251,VOICE_ASSISTANT,875.3206108049558,2.0,150,FogNode_3,67,1.0,1899.4436001125757,508.99414794347337,11798.798539525023,11289.80439158155,10660.292820382858,41.55837361335402,,
1-306,SENSOR_DATA_LOGGING,105.57460726396229,0.1,10000,FogNode_4,85,1.0,1758.3565909566523,574.43047669387,11800.341763634582,11225.911286940713,11143.458751615286,8.794744820790614,,
9-436,SENSOR_DATA_LOGGING,849.9850811023207,0.1,10000,FogNode_7,246,1.0,1727.0272900361456,912.316103942585,11803.806037519254,10891.48993357667,10384.36722386343,58.257195539846684,,
4-167,GPS_TRACKING,201.22261687722553,0.2,200,FogNode_8,51,1.0,770.9711269175084,337.58609240870584,11804.639736142368,11467.053643733661,11179.12798896485,19.127149019749204,,
6-483,SMART_HOME_CONTROL,597.1867546814799,0.1,150,FogNode_7,246,1.0,1727.0272900361456,908.5735836507829,11812.066058651806,10903.492475001023,10538.03969977134,40.930630801386236,,
5-139,HEALTH_MONITORING,386.5943204627655,1.0,100,FogNode_1,84,1.0,1597.9384595498836,309.94481349312895,11821.090258859003,11511.145445365875,11177.073876890168,31.935624160709825,,
7-418,SMART_HOME_CONTROL,544.8614688216826,0.1,150,FogNode_7,246,1.0,1727.0272900361456,911.7573155317677,11826.436040016019,10914.67872448425,10582.64509142829,37.34430384367152,,
1-283,VOICE_ASSISTANT,135.3523604627829,2.0,150,FogNode_3,116,1.0,1899.4436001125757,536.991671305303,11828.07203946138,11291.080368156077,11048.268109311035,6.4262441625690245,,
4-188,GPS_TRACKING,965.3989646881009,0.2,200,FogNode_0,48,1.0,1189.2931772946604,376.71212276561346,11830.451023840824,11453.73890107521,10618.738501633561,61.47099341173038,,
8-136,HEALTH_MONITORING,533.6653620723039,1.0,100,FogNode_1,84,1.0,1597.9384595498836,310.14588682240725,11835.755210632109,11525.609323809702,11100.15283141197,44.08480810149848,,
5-458,GPS_TRACKING,331.8611478894084,0.2,200,FogNode_7,246,1.0,1727.0272900361456,909.0730088861336,11839.6315100612,10930.558501175066,10716.562727998937,22.745457790386695,,
3-224,SMART_HOME_CONTROL,832.174808985403,0.1,150,FogNode_5,28,1.0,782.8923712617282,472.09629390482684,11846.87712059192,11374.780826687092,10297.025994610565,123.6942780836372,,
3-432,GPS_TRACKING,868.3345765168307,0.2,200,FogNode_7,247,1.0,1727.0272900361456,905.8716321160192,11850.848731487547,10944.977099371528,10420.514917884371,59.51485307547577,,
9-390,HEALTH_MONITORING,281.63573114898486,1.0,100,FogNode_6,89,1.0,816.2509881302752,806.9705642986561,11852.272162008521,11045.301597709866,10606.498884552042,37.94908613353617,,
5-253,VOICE_ASSISTANT,397.4566351699988,2.0,150,FogNode_3,116,1.0,1899.4436001125757,536.9248460176534,11861.728793174589,11324.803947156935,10950.065809975282,18.870401468453387,,
6-496,SENSOR_DATA_LOGGING,255.1829740409968,0.1,10000,FogNode_9,192,1.0,1349.236560939329,929.093176762186,11868.115857899475,10939.022681137289,10729.822105779156,25.666211044233147,,
6-489,GPS_TRACKING,740.702434866559,0.2,200,FogNode_9,192,1.0,1349.236560939329,918.4013951611665,11868.392021660607,10949.99062649944,10372.343565098146,74.49958244944749,,
4-262,VOICE_ASSISTANT,853.50005666642,2.0,150,FogNode_3,81,1.0,1899.4436001125757,519.4510492072055,11868.891485605382,11349.440436398176,10734.271965930278,40.52237979560791,,
6-485,SENSOR_DATA_LOGGING,72.55499651443841,0.1,10000,FogNode_7,246,1.0,1727.0272900361456,912.131788778104,11881.643003992438,10969.511215214334,10905.549123264156,4.9728527162533895,,
1-279,VOICE_ASSISTANT,460.14598336096566,2.0,150,FogNode_3,99,1.0,1899.4436001125757,529.7709269518956,11889.120839540004,11359.349912588108,10945.77581097425,21.846759298416977,,
3-367,GPS_TRACKING,339.44087429505487,0.2,200,FogNode_2,67,1.0,681.967788340379,782.5887010591771,11893.929551546033,11111.340850486855,10583.352768980436,41.66433895653071,,
9-441,GPS_TRACKING,667.3760783249878,0.2,200,FogNode_9,192,1.0,1349.236560939329,923.3544127508308,11907.136101980019,10983.781689229188,10464.311071938964,67.12444408383578,,
0-393,SENSOR_DATA_LOGGING,674.3807484886752,0.1,10000,FogNode_2,68,1.0,681.967788340379,785.4305146871591,11910.089611745001,11124.659097057842,10114.97263413202,82.7762070467905,,
9-277,E_COMMERCE_TRANSACTION,789.3962617158867,0.5,300,FogNode_4,54,1.0,1758.3565909566523,543.1185391377799,11914.506653654938,11371.388114517158,10870.324199578852,65.75955018160026,,
5-258,VOICE_ASSISTANT,231.99095887740654,2.0,150,FogNode_3,135,1.0,1899.4436001125757,545.2399519427305,11920.934810832925,11375.694858890194,11083.801193922252,11.014440680291273,,
8-263,VOICE_ASSISTANT,113.88030905825485,2.0,150,FogNode_3,135,1.0,1899.4436001125757,544.9625439882686,11921.68335515869,11376.72081117042,11142.855155674322,5.406796518472183,,
3-215,GPS_TRACKING,697.5451534752175,0.2,200,FogNode_5,27,1.0,782.8923712617282,457.33128767171826,11928.041044463625,11470.709756791906,10550.09936473806,103.68295610276085,,
4-277,VOICE_ASSISTANT,215.1994788096917,2.0,150,FogNode_3,139,1.0,1899.4436001125757,547.2285824177783,11941.368100895865,11394.139518478087,11111.866025582272,10.217216676239147,,
4-448,GPS_TRACKING,271.7852335940744,0.2,200,FogNode_7,247,1.0,1727.0272900361456,902.7157222894339,11952.79815297956,11050.082430690127,10864.399372599984,18.627909889664146,,
3-267,SENSOR_DATA_LOGGING,352.63808541268855,0.1,10000,FogNode_4,88,1.0,1758.3565909566523,576.4547703544847,11960.184589055794,11383.72981870131,11162.780842546004,29.37602190214735,,
9-439,SMART_HOME_CONTROL,299.20196954281846,0.1,150,FogNode_7,247,1.0,1727.0272900361456,914.848162920387,11985.312869092511,11070.464706172124,10879.482267594623,20.50702775036699,,
9-276,VOICE_ASSISTANT,410.97437454969054,2.0,150,FogNode_3,123,1.0,1899.4436001125757,540.7621654761036,11986.342929797336,11445.580764321232,11056.467617196613,19.51219517993993,,
7-155,HEALTH_MONITORING,839.2983291080991,1.0,100,FogNode_1,83,1.0,1597.9384595498836,309.0055652884977,11996.203951175066,11687.198385886568,11070.022416379583,69.33241017359839,,
3-369,GPS_TRACKING,71.94561427305001,0.2,200,FogNode_2,69,1.0,681.967788340379,787.9403074460135,11999.426637336748,11211.486329890735,11080.18742958548,8.8308942337409,,
9-270,VOICE_ASSISTANT,729.6924898954768,2.0,150,FogNode_3,97,1.0,1899.4436001125757,529.363907288072,12003.095966818577,11473.732059530505,10917.961321490413,34.64425805082744,,
9-444,SENSOR_DATA_LOGGING,822.3184531125978,0.1,10000,FogNode_9,192,1.0,1349.236560939329,927.603167224979,12003.929709731065,11076.326542506085,10447.133132628293,82.70849198490997,,
9-384,HEALTH_MONITORING,940.0411929072224,1.0,100,FogNode_6,88,1.0,816.2509881302752,791.987357377118,12006.554008395391,11214.566651018273,9970.335881926052,126.66611602572877,,
1-214,SENSOR_DATA_LOGGING,262.4898737072109,0.1,10000,FogNode_0,53,1.0,1189.2931772946604,385.2201316895999,12051.161844955857,11665.941713266257,11428.539646742536,16.713829087764694,,
3-149,HEALTH_MONITORING,724.3276365683972,1.0,100,FogNode_1,84,1.0,1597.9384595498836,309.4371030273262,12051.397184339161,11741.960081311834,11195.308391149294,59.83495862788154,,
3-146,HEALTH_MONITORING,979.3810670295155,1.0,100,FogNode_1,80,1.0,1597.9384595498836,305.48892449597406,12051.90471622747,11746.415791731495,11041.725289198177,80.90430720588405,,
0-435,SENSOR_DATA_LOGGING,372.9550480964625,0.1,10000,FogNode_3,267,1.0,1899.4436001125757,878.7677015348813,12065.241115609851,11186.47341407497,10975.486087287274,17.70711787024615,,
0-243,SENSOR_DATA_LOGGING,896.8356522874419,0.1,10000,FogNode_5,27,1.0,782.8923712617282,469.7384463275081,12065.595157438072,11595.856711110564,10433.12768346391,133.30545141664925,,
8-418,SENSOR_DATA_LOGGING,245.13707259931275,0.1,10000,FogNode_3,267,1.0,1899.4436001125757,881.3578596122558,12070.425406195576,11189.067546583321,11042.594261601387,11.638590390551386,,
1-185,GPS_TRACKING,893.2543046080673,0.2,200,FogNode_8,51,1.0,770.9711269175084,332.54450950052853,12077.227932405654,11744.683422905126,10555.59010965505,84.9079912681758,,
5-456,GPS_TRACKING,217.3876401922103,0.2,200,FogNode_7,247,1.0,1727.0272900361456,907.2496400108532,12078.67204127675,11171.422401265896,11016.423404791023,14.899548879374857,,
1-444,HEALTH_MONITORING,542.9063248063146,1.0,100,FogNode_6,97,1.0,816.2509881302752,812.0619522395884,12096.214093339557,11284.152141099969,10532.962750741228,73.15406606421523,,
1-443,HEALTH_MONITORING,473.2720508645318,1.0,100,FogNode_6,92,1.0,816.2509881302752,810.4847693276623,12102.26468400361,11291.779914675948,10621.622054152424,63.77117615574314,,
3-429,GPS_TRACKING,957.1933525875526,0.2,200,FogNode_7,247,1.0,1727.0272900361456,903.0422138260589,12108.600692893804,11205.558479067746,10625.520355167133,65.60515184433184,,
5-459,SENSOR_DATA_LOGGING,213.67057361313306,0.1,10000,FogNode_7,246,1.0,1727.0272900361456,914.2165028798698,12109.034465645083,11194.817962765213,11048.695807876695,14.64478455545155,,
8-274,SENSOR_DATA_LOGGING,350.6036948302312,0.1,10000,FogNode_4,87,1.0,1758.3565909566523,575.237652290113,12113.899482523331,11538.661830233219,11316.635374008463,29.20654984345621,,
0-444,GPS_TRACKING,863.2029147200461,0.2,200,FogNode_7,247,1.0,1727.0272900361456,904.2340505473104,12128.624738059125,11224.390687511814,10698.186601890133,59.16313369664628,,
3-434,GPS_TRACKING,437.98896370784064,0.2,200,FogNode_7,246,1.0,1727.0272900361456,912.3961157278643,12135.251598503226,11222.855482775361,10946.109318607327,30.019360657402977,,
5-374,SENSOR_DATA_LOGGING,565.798051435413,0.1,10000,FogNode_2,70,1.0,681.967788340379,789.5489914562394,12137.3322480818,11347.783256625562,10496.773643136916,69.44832983036267,,
5-280,SMART_HOME_CONTROL,827.3866634072599,0.1,150,FogNode_4,104,1.0,1758.3565909566523,582.6872482994828,12149.784147576322,11567.09689927684,11082.44097963164,68.92428739610476,,
6-423,GPS_TRACKING,418.60373877553275,0.2,200,FogNode_2,70,1.0,681.967788340379,789.6839055770841,12158.252990250689,11368.569084673605,10731.553455367626,51.38110752582669,,
0-293,SENSOR_DATA_LOGGING,356.26385221116965,0.1,10000,FogNode_4,87,1.0,1758.3565909566523,575.2637686302322,12162.796422197865,11587.532653567634,11362.187546086454,29.678061328091975,,
5-460,GPS_TRACKING,136.05158287570646,0.2,200,FogNode_7,247,1.0,1727.0272900361456,915.6841073506712,12187.378592733974,11271.694485383303,11169.788493516857,9.324850333627872,,
2-431,SMART_HOME_CONTROL,509.9072385948975,0.1,150,FogNode_3,267,1.0,1899.4436001125757,878.8902057247087,12189.385655366912,11310.495449642203,11022.938793243897,24.209318583499332,,
1-181,HEALTH_MONITORING,598.8759921884947,1.0,100,FogNode_1,84,1.0,1597.9384595498836,310.6664404287789,12195.870644554952,11885.204204126174,11415.896594198617,49.471700935777235,,
6-503,SMART_HOME_CONTROL,443.55051946981354,0.1,150,FogNode_9,194,1.0,1349.236560939329,934.5389860112767,12197.133868947207,11262.59488293593,10917.236264941857,44.6121504942666,,
3-368,SENSOR_DATA_LOGGING,880.6773682178227,0.1,10000,FogNode_2,67,1.0,681.967788340379,783.8103191395759,12198.547578533542,11414.737259393965,10101.296592868755,108.0978843722809,,
8-361,VOICE_ASSISTANT,377.38395750784866,2.0,150,FogNode_6,76,1.0,816.2509881302752,755.8958693086871,12209.255383138014,11453.359513829326,10820.665122996219,50.85070793557838,,
4-450,GPS_TRACKING,146.96743819305908,0.2,200,FogNode_7,246,1.0,1727.0272900361456,913.57080184334,12220.350102181175,11306.779300337836,11191.825014871565,10.073013015357498,,
2-458,SMART_HOME_CONTROL,651.507371333258,0.1,150,FogNode_9,192,1.0,1349.236560939329,928.5824451440335,12238.893769291079,11310.311324147046,10805.343987385586,65.52837528583125,,
4-385,VOICE_ASSISTANT,338.7839175044426,2.0,150,FogNode_6,76,1.0,816.2509881302752,755.2317697628538,12267.320869368092,11512.089099605239,10923.520688007671,45.64953464385461,,
3-439,SENSOR_DATA_LOGGING,865.3838670133213,0.1,10000,FogNode_9,192,1.0,1349.236560939329,927.3419427197166,12280.831414204484,11353.489471484767,10690.609731787037,87.0399957070417,,
5-152,GPS_TRACKING,373.6351611010809,0.2,200,FogNode_8,51,1.0,770.9711269175084,336.2753771989354,12289.268988855043,11952.993611656108,11439.735090974104,35.51576615146996,,
9-374,E_COMMERCE_TRANSACTION,62.51091797193037,0.5,300,FogNode_2,66,1.0,681.967788340379,773.95127026514,12290.210145359544,11516.258875094405,11374.944631709182,7.672841640757986,,
5-432,SENSOR_DATA_LOGGING,597.0337990263467,0.1,10000,FogNode_3,267,1.0,1899.4436001125757,881.1069165631611,12300.663291292125,11419.556374728963,11087.055818800227,28.345903630579244,,
3-413,SMART_HOME_CONTROL,783.6083654799946,0.1,150,FogNode_3,267,1.0,1899.4436001125757,878.8885062128901,12301.667105948522,11422.778599735631,10993.41272433393,37.20406993412352,,
2-395,HEALTH_MONITORING,629.529654156094,1.0,100,FogNode_6,95,1.0,816.2509881302752,811.4200813290496,12305.792359511752,11494.372278182702,10630.730793510455,84.82615104170513,,
1-497,GPS_TRACKING,405.46537271342993,0.2,200,FogNode_7,246,1.0,1727.0272900361456,909.1173332578344,12343.810936782922,11434.693603525087,11170.009084618081,27.790223649772024,,
2-453,SMART_HOME_CONTROL,859.2167012939515,0.1,150,FogNode_7,247,1.0,1727.0272900361456,915.8486970031076,12348.360673685038,11432.51197668193,10916.573629837123,58.88992229542216,,
5-260,E_COMMERCE_TRANSACTION,964.2215230333719,0.5,300,FogNode_4,54,1.0,1758.3565909566523,546.5470610480629,12348.70694052329,11802.159879475228,11203.006775613308,80.32312376583425,,
3-375,HEALTH_MONITORING,982.586341105026,1.0,100,FogNode_6,89,1.0,816.2509881302752,795.399503953113,12357.54530270903,11562.145798755917,10266.999191627463,132.39887403528834,,
5-471,SMART_HOME_CONTROL,914.6680195244297,0.1,150,FogNode_9,195,1.0,1349.236560939329,936.0414965063488,12360.226974526775,11424.185478020427,10733.06626330559,91.99697790477664,,
7-417,GPS_TRACKING,926.4824873571149,0.2,200,FogNode_7,247,1.0,1727.0272900361456,906.5091609766,12362.896866490697,11456.387705514097,10892.546935104961,63.50025739299957,,
9-187,SMART_HOME_CONTROL,680.8123123329266,0.1,150,FogNode_0,52,1.0,1189.2931772946604,384.2569914246623,12364.459552852371,11980.20256142771,11390.276833633223,43.35016992644397,,
2-442,E_COMMERCE_TRANSACTION,253.49392293287968,0.5,300,FogNode_7,247,1.0,1727.0272900361456,899.4002101989281,12367.130598584086,11467.730388385158,11269.735787092151,17.374240283501933,,
7-193,SENSOR_DATA_LOGGING,836.9021991107387,0.1,10000,FogNode_0,53,1.0,1189.2931772946604,386.9353077219342,12368.466447688677,11981.531139966743,11263.06178276575,53.28906643733526,,
2-450,SENSOR_DATA_LOGGING,977.4916345973667,0.1,10000,FogNode_7,246,1.0,1727.0272900361456,908.7084997797513,12369.802672451937,11461.094172672185,10872.319632873667,66.99637742047386,,
3-117,VOICE_ASSISTANT,325.9197145758715,2.0,150,FogNode_1,45,1.0,1597.9384595498836,240.49454012739065,12399.833264409335,12159.338724281944,11785.570911771358,26.923441344926157,,
1-309,GPS_TRACKING,104.11329456016959,0.2,200,FogNode_4,90,1.0,1758.3565909566523,577.0671147665378,12407.917509696592,11830.850394930054,11748.489405806165,8.673012212294108,,
8-144,HEALTH_MONITORING,923.9793789373873,1.0,100,FogNode_1,95,1.0,1597.9384595498836,319.9379265073838,12413.987353062463,12094.049426555079,11430.125575737153,76.3277074082947,,
8-439,SENSOR_DATA_LOGGING,74.35257512077872,0.1,10000,FogNode_9,194,1.0,1349.236560939329,935.7180308097021,12415.33411976231,11479.616088952609,11406.485569139035,7.478355058380646,,
1-413,VOICE_ASSISTANT,581.8189332315785,2.0,150,FogNode_6,76,1.0,816.2509881302752,756.8058178817133,12416.182177077973,11659.37635919626,10778.099358302437,78.39735647621815,,
6-501,SENSOR_DATA_LOGGING,920.4067808860357,0.1,10000,FogNode_9,192,1.0,1349.236560939329,932.7047454111425,12427.802025519704,11495.097280108563,10795.565696085407,92.57418044265367,,
3-416,SENSOR_DATA_LOGGING,964.6124148076444,0.1,10000,FogNode_3,267,1.0,1899.4436001125757,883.3353465591275,12429.52281654121,11546.187469982082,11023.367187221687,45.797759851433796,,
3-258,E_COMMERCE_TRANSACTION,523.7915312351581,0.5,300,FogNode_4,54,1.0,1758.3565909566523,549.9349039065764,12447.67112563814,11897.736221731564,11551.032430996196,43.633720038254424,,
4-441,SENSOR_DATA_LOGGING,503.7845487781373,0.1,10000,FogNode_3,267,1.0,1899.4436001125757,886.3182111380071,12454.613087625643,11568.294876487636,11286.423066914193,23.918626204292583,,
6-488,GPS_TRACKING,571.9126973930099,0.2,200,FogNode_7,247,1.0,1727.0272900361456,916.1609862515846,12459.779144647015,11543.61815839543,11189.250050044684,39.19837016496404,,
3-153,HEALTH_MONITORING,751.7610503768425,1.0,100,FogNode_1,90,1.0,1597.9384595498836,316.67814652247597,12466.660773766722,12149.982627244246,11589.643391773521,62.10116675991776,,
6-419,GPS_TRACKING,842.660687308438,0.2,200,FogNode_2,67,1.0,681.967788340379,783.6103674055993,12470.41710188753,11686.80673448193,10424.391371237409,103.43156396316583,,
3-268,SENSOR_DATA_LOGGING,544.6140433176956,0.1,10000,FogNode_4,94,1.0,1758.3565909566523,578.5894916080314,12472.525430590522,11893.935938982491,11562.75078821964,45.36831024928765,,
7-407,SENSOR_DATA_LOGGING,88.5515669261076,0.1,10000,FogNode_3,267,1.0,1899.4436001125757,885.0882473772858,12476.142556617124,11591.054309239838,11523.31149759069,4.204241345327028,,
0-439,SENSOR_DATA_LOGGING,355.0921809195306,0.1,10000,FogNode_3,267,1.0,1899.4436001125757,892.4528219096783,12488.612472948882,11596.159651039205,11395.573538223995,16.859026669398066,,
6-469,SENSOR_DATA_LOGGING,802.5231189773685,0.1,10000,FogNode_3,267,1.0,1899.4436001125757,881.7627322527895,12492.92972215937,11611.16698990658,11167.672938026608,38.102102475509106,,
5-461,E_COMMERCE_TRANSACTION,215.90811538010522,0.5,300,FogNode_7,247,1.0,1727.0272900361456,916.1694508440664,12494.819872021253,11578.650421177186,11406.213426810007,14.798143609798737,,
3-415,GPS_TRACKING,941.1690629232997,0.2,200,FogNode_3,267,1.0,1899.4436001125757,879.8076812608382,12498.593207625052,11618.785526364214,11102.167993795652,44.68471902464124,,
3-418,SMART_HOME_CONTROL,73.96410225042794,0.1,150,FogNode_3,267,1.0,1899.4436001125757,884.6967337520462,12515.082434719345,11630.3857009673,11569.028192788795,3.5116593364263102,,
7-432,SENSOR_DATA_LOGGING,873.8511556219612,0.1,10000,FogNode_9,192,1.0,1349.236560939329,931.9454733037962,12515.779270617546,11583.83379731375,10917.107263645397,87.8916325265376,,
7-438,SENSOR_DATA_LOGGING,825.4813057998782,0.1,10000,FogNode_9,202,1.0,1349.236560939329,938.7709193342018,12518.949722880703,11580.178803546502,10954.89606139842,83.02661056189824,,
4-161,HEALTH_MONITORING,179.65975696168059,1.0,100,FogNode_1,101,1.0,1597.9384595498836,324.3386364193727,12526.419565885157,12202.080929465785,12000.754623704566,14.841259096265768,,
6-320,GPS_TRACKING,148.4918018878711,0.2,200,FogNode_4,95,1.0,1758.3565909566523,579.0285856149786,12532.12032249137,11953.091736876391,11846.739591704874,12.369901621495336,,
8-159,SMART_HOME_CONTROL,200.52681879117202,0.1,150,FogNode_8,53,1.0,770.9711269175084,343.86387705154664,12549.365394271568,12205.501517220022,11924.04444550129,19.061010163759065,,
4-438,SENSOR_DATA_LOGGING,921.0935986008537,0.1,10000,FogNode_3,267,1.0,1899.4436001125757,882.8847085751087,12550.169227477065,11667.284518901955,11162.694634171767,43.73157838511427,,
5-473,SMART_HOME_CONTROL,52.996939848236025,0.1,150,FogNode_9,202,1.0,1349.236560939329,939.1635958513413,12558.228928160568,11619.065332309227,11563.274583125838,5.330413002494537,,
0-445,E_COMMERCE_TRANSACTION,395.95924407010654,0.5,300,FogNode_7,247,1.0,1727.0272900361456,905.4263817147652,12577.632814521805,11672.20643280704,11395.017155856505,27.138682337443555,,
3-435,GPS_TRACKING,880.5807591475099,0.2,200,FogNode_7,246,1.0,1727.0272900361456,913.6836450928555,12588.554406325584,11674.870761232729,11140.80302979123,60.35419516746511,,
8-419,SENSOR_DATA_LOGGING,291.32946344890735,0.1,10000,FogNode_3,267,1.0,1899.4436001125757,885.2683716475887,12607.989299181301,11722.720927533712,11547.51005573548,13.831707533373107,,
5-455,E_COMMERCE_TRANSACTION,456.6024760391785,0.5,300,FogNode_7,247,1.0,1727.0272900361456,905.2909378369782,12608.197306745624,11702.906368908645,11392.95434218816,31.295113669636805,,
5-143,HEALTH_MONITORING,901.424879847649,1.0,100,FogNode_1,95,1.0,1597.9384595498836,320.33434878353575,12616.022110398937,12295.687761615402,11642.361210698675,74.46453465086583,,
2-452,E_COMMERCE_TRANSACTION,430.8964609588193,0.5,300,FogNode_7,247,1.0,1727.0272900361456,914.8927062871896,12616.632423740422,11701.739717453233,11406.271788777025,29.53324704352545,,
0-449,GPS_TRACKING,773.8939723808429,0.2,200,FogNode_7,247,1.0,1727.0272900361456,916.0263953552002,12635.486145432023,11719.459750076823,11242.059015281082,53.04198094586578,,
3-155,HEALTH_MONITORING,179.38734367881077,1.0,100,FogNode_1,100,1.0,1597.9384595498836,322.5171641924778,12638.681300751556,12316.164136559079,12111.334370911965,14.818755692160654,,
9-146,HEALTH_MONITORING,943.7252518596803,1.0,100,FogNode_1,87,1.0,1597.9384595498836,313.883839162046,12641.986418999371,12328.102579837325,11643.278493455395,77.9588663337974,,
9-294,SMART_HOME_CONTROL,947.0163848674273,0.1,150,FogNode_4,88,1.0,1758.3565909566523,575.818790988248,12652.479876135183,12076.661085146936,11515.50276125145,78.8898738234726,,
2-461,SENSOR_DATA_LOGGING,574.4431970068167,0.1,10000,FogNode_9,194,1.0,1349.236560939329,934.5317840597852,12664.64801701684,11730.116232957054,11286.329222449629,57.77728856209768,,
5-437,SENSOR_DATA_LOGGING,344.3500989495637,0.1,10000,FogNode_3,267,1.0,1899.4436001125757,887.0979729173223,12674.219705673044,11787.12173275572,11585.690875438679,16.349015308552097,,
1-155,VOICE_ASSISTANT,70.5268275630931,2.0,150,FogNode_1,63,1.0,1597.9384595498836,268.7341826390775,12682.817435745741,12414.083253106663,12199.88010195522,5.826051080124602,,
9-227,SENSOR_DATA_LOGGING,600.9708540891644,0.1,10000,FogNode_5,28,1.0,782.8923712617282,471.2907717670619,12695.67000107311,12224.379229306047,11440.585478121688,89.32817377216472,,
0-245,SMART_HOME_CONTROL,669.7784516458088,0.1,150,FogNode_5,28,1.0,782.8923712617282,473.0612406903536,12702.395038803817,12229.333798113465,11359.894434072876,99.55571973310938,,
6-499,SMART_HOME_CONTROL,949.8529871527759,0.1,150,FogNode_9,192,1.0,1349.236560939329,930.8480633801507,12707.922630358338,11777.074566978188,11051.438159147277,95.53586919690713,,
9-448,SENSOR_DATA_LOGGING,577.7853768038663,0.1,10000,FogNode_9,192,1.0,1349.236560939329,933.3755539732247,12709.062751488746,11775.68719751552,11328.110998413686,58.11344379479383,,
5-442,SENSOR_DATA_LOGGING,387.40068838624984,0.1,10000,FogNode_3,268,1.0,1899.4436001125757,894.6375427567108,12719.037260418454,11824.399717661743,11606.989264704884,18.39296635688812,,
6-408,E_COMMERCE_TRANSACTION,174.14626106753104,0.5,300,FogNode_2,66,1.0,681.967788340379,773.4987900505613,12725.775586620846,11952.276796570284,11644.900930632313,21.37541291748849,,
8-278,SMART_HOME_CONTROL,478.645154797758,0.1,150,FogNode_4,102,1.0,1758.3565909566523,581.874752737613,12744.737083937438,12162.862331199825,11871.343499475624,39.872864368125676,,
3-341,HEALTH_MONITORING,313.4818736149433,1.0,100,FogNode_2,63,1.0,681.967788340379,734.4190363321941,12749.882697310752,12015.463660978558,11466.072576547536,38.47802674367434,,
8-368,GPS_TRACKING,573.5217771802207,0.2,200,FogNode_2,68,1.0,681.967788340379,785.7327209001818,12751.070354509891,11965.33763360971,11095.31506068427,70.39637101163547,,
5-433,SMART_HOME_CONTROL,862.127801343179,0.1,150,FogNode_3,267,1.0,1899.4436001125757,883.0819637385318,12754.547682116934,11871.465718378402,11395.365291454125,40.932006888002824,,
9-149,HEALTH_MONITORING,576.8691520113945,1.0,100,FogNode_1,101,1.0,1597.9384595498836,325.0471721995312,12760.841630259602,12435.79445806007,11987.037966785145,47.65376895990287,,
9-369,VOICE_ASSISTANT,618.6488915150823,2.0,150,FogNode_6,79,1.0,816.2509881302752,770.4838400496558,12764.469037609842,11993.985197560187,11068.877757865412,83.36001960668531,,
1-493,E_COMMERCE_TRANSACTION,744.668430975837,0.5,300,FogNode_7,247,1.0,1727.0272900361456,904.3870043971481,12794.081964301313,11889.694959904165,11405.696881161828,51.03888922314841,,
3-442,SENSOR_DATA_LOGGING,854.3549425683121,0.1,10000,FogNode_9,192,1.0,1349.236560939329,932.1072029283229,12830.347470847762,11898.24026791944,11244.59099982374,85.93071048352586,,
0-437,SENSOR_DATA_LOGGING,655.7009993768092,0.1,10000,FogNode_3,267,1.0,1899.4436001125757,887.4645749023446,12833.819353183677,11946.354778281333,11581.45990485001,31.131298377278853,,
4-198,SENSOR_DATA_LOGGING,558.0925750038459,0.1,10000,FogNode_0,55,1.0,1189.2931772946604,389.61774026951844,12837.730532994678,12448.112792725158,11965.194141680118,35.53609052427432,,
2-190,SENSOR_DATA_LOGGING,576.7566773391574,0.1,10000,FogNode_0,49,1.0,1189.2931772946604,380.92813737250765,12849.417079180012,12468.488941807504,11961.645647720658,36.72451205118206,,
4-196,SMART_HOME_CONTROL,950.5120962488804,0.1,150,FogNode_0,53,1.0,1189.2931772946604,384.6307413499039,12850.386219900187,12465.755478550283,11648.540907496232,60.52308417915288,,
3-421,SENSOR_DATA_LOGGING,668.9566910704983,0.1,10000,FogNode_3,267,1.0,1899.4436001125757,889.3644307177714,12850.7788113623,11961.414380644528,11591.00043237029,31.760650618171663,,
5-386,VOICE_ASSISTANT,361.4111536680455,2.0,150,FogNode_6,89,1.0,816.2509881302752,803.7081158761061,12858.95181402004,12055.243698143933,11440.060025631741,48.69844797112765,,
9-378,E_COMMERCE_TRANSACTION,76.19841755226749,0.5,300,FogNode_2,67,1.0,681.967788340379,779.5314173486316,12862.803516772148,12083.272099423517,11917.133941701873,9.352900423209826,,
6-516,SMART_HOME_CONTROL,441.0156374407894,0.1,150,FogNode_7,292,1.0,1727.0272900361456,956.7984540367745,12871.993552070688,11915.195098033913,11643.2726584524,30.226806090759343,,
6-314,GPS_TRACKING,413.0422969067377,0.2,200,FogNode_4,78,1.0,1758.3565909566523,571.2956991637229,12887.382340760983,12316.08664159726,12051.267903238018,34.40791015594877,,
0-365,HEALTH_MONITORING,114.9780770216831,1.0,100,FogNode_2,63,1.0,681.967788340379,736.3583644213438,12894.373105429602,12158.014741008259,11898.974960502084,14.112871891313327,,
2-165,HEALTH_MONITORING,454.19725209619776,1.0,100,FogNode_1,101,1.0,1597.9384595498836,324.9326343202918,12900.261624994599,12575.328990674307,12200.319386336725,37.5201392519381,,
6-473,SENSOR_DATA_LOGGING,674.031193104324,0.1,10000,FogNode_3,268,1.0,1899.4436001125757,894.7382788450893,12905.026404107302,12010.288125262214,11641.857702013327,32.00157725558915,,
1-483,GPS_TRACKING,446.0067244292769,0.2,200,FogNode_3,267,1.0,1899.4436001125757,886.0132230302414,12909.028848941547,12023.015625911306,11765.273556486964,21.175457151471406,,
9-134,VOICE_ASSISTANT,365.85735473243614,2.0,150,FogNode_1,64,1.0,1597.9384595498836,277.636420142345,12911.773283541965,12634.136863399619,12239.201576550211,30.222593449331068,,
2-104,AUGMENTED_REALITY,131.59320651734447,30.0,150,FogNode_6,23,1.0,816.2509881302752,196.567228878882,12925.685634503372,12729.11840562449,10162.552038414951,17.731563776874548,,
3-131,VOICE_ASSISTANT,470.6869384890031,2.0,150,FogNode_1,63,1.0,1597.9384595498836,272.21453279761084,12936.54528368906,12664.33075089145,12198.719326009992,38.882312463738614,,
6-497,GPS_TRACKING,707.6410880448423,0.2,200,FogNode_9,192,1.0,1349.236560939329,930.366873613278,12939.809299676044,12009.442426062766,11461.334298099939,71.17428416839351,,
9-301,SENSOR_DATA_LOGGING,937.2709685773087,0.1,10000,FogNode_4,111,1.0,1758.3565909566523,585.8384362645451,12940.955559770027,12355.117123505483,11807.3090068236,78.0780455660425,,
6-474,SENSOR_DATA_LOGGING,71.70469716325991,0.1,10000,FogNode_3,268,1.0,1899.4436001125757,895.0789103643729,12942.776773299107,12047.697862934734,11995.245629476296,3.4043875555526792,,
2-451,E_COMMERCE_TRANSACTION,859.6380819742111,0.5,300,FogNode_7,246,1.0,1727.0272900361456,911.1324294013177,12957.535078750534,12046.402649349217,11495.289239032098,58.918803339610335,,
3-450,SMART_HOME_CONTROL,688.9843748224803,0.1,150,FogNode_7,292,1.0,1727.0272900361456,954.7896306878897,12976.575193022414,12021.785562334524,11608.1211987491,47.22235523931558,,
5-180,SENSOR_DATA_LOGGING,153.31292857458448,0.1,10000,FogNode_0,55,1.0,1189.2931772946604,389.6571119859236,12978.328042012014,12588.67093002609,12445.525229389472,9.762075957255824,,
5-470,GPS_TRACKING,371.5168666532369,0.2,200,FogNode_9,194,1.0,1349.236560939329,935.0429822979688,12984.416145703462,12049.373163405493,11751.33574403333,37.36703180080608,,
1-192,SENSOR_DATA_LOGGING,704.3638653984822,0.1,10000,FogNode_8,54,1.0,770.9711269175084,345.14819643939296,12990.833955778624,12645.68575933923,11712.13052434124,66.95307330101699,,
0-402,VOICE_ASSISTANT,728.2341874970386,2.0,150,FogNode_6,89,1.0,816.2509881302752,796.202721612133,12994.43412463749,12198.231403025356,11139.96048299197,98.12612126297121,,
0-443,SENSOR_DATA_LOGGING,163.9810592443191,0.1,10000,FogNode_3,269,1.0,1899.4436001125757,896.7942418206331,12995.359950973005,12098.565709152372,11998.97811654656,7.785474306748006,,
5-435,GPS_TRACKING,745.7297435813192,0.2,200,FogNode_3,267,1.0,1899.4436001125757,883.6888492683523,13000.593608957659,12116.904759689307,11699.348433421226,35.405672979461954,,
9-450,SENSOR_DATA_LOGGING,798.254956217497,0.1,10000,FogNode_9,194,1.0,1349.236560939329,934.9810444107547,13019.436568584382,12084.455524173627,11473.67302787538,80.288194188425,,
1-501,E_COMMERCE_TRANSACTION,915.9878770383629,0.5,300,FogNode_7,247,1.0,1727.0272900361456,915.2186860055954,13025.204008000477,12109.985321994882,11526.97424549155,62.780966455962016,,
1-307,GPS_TRACKING,509.55151667385695,0.2,200,FogNode_4,89,1.0,1758.3565909566523,576.8990502782981,13034.525582638165,12457.626532359867,12142.767622625233,42.44747556568099,,
6-167,HEALTH_MONITORING,927.2251822955373,1.0,100,FogNode_1,101,1.0,1597.9384595498836,323.5966266228416,13046.924160478575,12723.327533855732,12052.3997339625,76.59583539326191,,
6-264,GPS_TRACKING,272.34791132747847,0.2,200,FogNode_5,27,1.0,782.8923712617282,465.81806240196863,13050.269052301428,12584.45098989946,12213.718860516794,40.48173282283266,,
3-451,SENSOR_DATA_LOGGING,801.8854350206122,0.1,10000,FogNode_7,292,1.0,1727.0272900361456,955.6536047154397,13052.86984572077,12097.21624100533,11618.181981132842,54.9604900452685,,
2-435,GPS_TRACKING,577.7392682445563,0.2,200,FogNode_3,267,1.0,1899.4436001125757,884.5899857877477,13058.710052723945,12174.120066936197,11845.379016811594,27.429840065953925,,
7-408,SENSOR_DATA_LOGGING,117.69129630598181,0.1,10000,FogNode_3,267,1.0,1899.4436001125757,890.9054264526615,13062.55454125331,12171.649114800648,12090.211576830356,5.587734142837178,,
1-314,SENSOR_DATA_LOGGING,977.3903616757698,0.1,10000,FogNode_4,102,1.0,1758.3565909566523,582.0791490303275,13087.974787224266,12505.895638193939,11930.925957400223,81.42013542846337,,
7-437,GPS_TRACKING,95.99721728686686,0.2,200,FogNode_9,201,1.0,1349.236560939329,937.4089037302155,13090.5858540885,12153.176950358285,12060.95414965433,9.655365322876095,,
0-468,SMART_HOME_CONTROL,863.1728431263932,0.1,150,FogNode_7,291,1.0,1727.0272900361456,952.8703048370215,13107.999972347005,12155.129667509984,11635.618474713496,59.161072617280794,,
7-156,VOICE_ASSISTANT,97.8841578850337,2.0,150,FogNode_1,86,1.0,1597.9384595498836,311.9326570156418,13108.180685909852,12796.24802889421,12568.925630869458,8.085974138890887,,
9-427,SMART_HOME_CONTROL,102.18948491733542,0.1,150,FogNode_3,268,1.0,1899.4436001125757,893.9445048086,13112.509746966658,12218.565242158058,12148.320145606738,4.8517408834294375,,
0-158,VOICE_ASSISTANT,291.3400772961214,2.0,150,FogNode_1,80,1.0,1597.9384595498836,304.9277852567788,13118.867747708224,12813.939962451444,12458.717719651762,24.066900932077203,,
1-411,HEALTH_MONITORING,156.98526351911462,1.0,100,FogNode_2,63,1.0,681.967788340379,752.7854418474572,13124.567648636914,12371.782206789456,12056.094270011012,19.26900301569243,,
0-399,VOICE_ASSISTANT,760.1894941121382,2.0,150,FogNode_6,89,1.0,816.2509881302752,795.321178556523,13140.573697194144,12345.25251863762,11244.2735352344,102.43194807767487,,
3-363,E_COMMERCE_TRANSACTION,677.6332348545491,0.5,300,FogNode_2,66,1.0,681.967788340379,774.1959290995029,13151.897039779218,12377.701110679714,11337.548126385813,83.17543031264114,,
5-372,GPS_TRACKING,793.8321220072334,0.2,200,FogNode_2,69,1.0,681.967788340379,786.2980942297359,13163.458334404266,12377.16024017453,11184.03335233743,97.43814935246077,,
4-444,SMART_HOME_CONTROL,420.76035970281896,0.1,150,FogNode_3,267,1.0,1899.4436001125757,890.8169517127327,13164.294463889068,12273.477512176334,12032.683063789413,19.976813083538076,,
8-438,SMART_HOME_CONTROL,895.68978464205,0.1,150,FogNode_9,194,1.0,1349.236560939329,935.1443046065136,13179.628598876541,12244.484294270027,11560.483802922416,90.08815391850266,,
7-365,GPS_TRACKING,719.4788111174846,0.2,200,FogNode_2,69,1.0,681.967788340379,785.9053489716368,13192.336345662996,12406.430996691359,11321.81235017792,88.31172474645412,,
0-247,SENSOR_DATA_LOGGING,885.1226064440013,0.1,10000,FogNode_5,30,1.0,782.8923712617282,474.17714229077626,13196.175348195988,12721.99820590521,11577.517417875139,131.5644268937712,,
2-432,GPS_TRACKING,906.882807252069,0.2,200,FogNode_3,267,1.0,1899.4436001125757,878.9804275656941,13196.483817504077,12317.503389938383,11809.937492997415,43.056880030106825,,
5-481,SENSOR_DATA_LOGGING,568.0895469448736,0.1,10000,FogNode_7,293,1.0,1727.0272900361456,959.2156200999568,13200.934241208834,12241.718621108877,11895.496199125433,38.936334950244174,,
2-459,GPS_TRACKING,874.9932425292576,0.2,200,FogNode_9,192,1.0,1349.236560939329,931.4167746369857,13206.738809867371,12275.322035230385,11602.50296635741,88.0065032137521,,
4-466,SMART_HOME_CONTROL,999.5793964760168,0.1,150,FogNode_7,293,1.0,1727.0272900361456,959.4592906453398,13214.272249301346,12254.812958656006,11661.015813553899,68.51025230064624,,
3-145,VOICE_ASSISTANT,503.30681002856784,2.0,150,FogNode_1,72,1.0,1597.9384595498836,301.4097187968404,13215.234211717583,12913.824492920743,12430.806012250974,41.57696135669489,,
7-410,SENSOR_DATA_LOGGING,732.5258298708598,0.1,10000,FogNode_3,268,1.0,1899.4436001125757,893.6341874970004,13219.472199010446,12325.838011513446,11924.534588431661,34.778779047839414,,
6-468,GPS_TRACKING,708.4676394583951,0.2,200,FogNode_3,267,1.0,1899.4436001125757,880.8767883225988,13223.76574259648,12342.888954273882,11941.419025013553,33.63654698648881,,
4-157,VOICE_ASSISTANT,168.1399119874678,2.0,150,FogNode_1,87,1.0,1597.9384595498836,312.5709469237197,13224.090768646609,12911.51982172289,12638.483167930272,13.88963249439091,,
7-169,SENSOR_DATA_LOGGING,521.8863949614903,0.1,10000,FogNode_8,54,1.0,770.9711269175084,347.4421457053816,13226.286198099971,12878.84405239459,12183.846150170528,49.60773795074278,,
6-404,VOICE_ASSISTANT,925.763163981007,2.0,150,FogNode_6,79,1.0,816.2509881302752,768.7187426858632,13230.378924308501,12461.660181622638,11157.049719261535,124.7422189856496,,
6-322,SENSOR_DATA_LOGGING,268.9442512967309,0.1,10000,FogNode_4,101,1.0,1758.3565909566523,580.9997458583708,13240.926840681414,12659.927094823042,12484.860746170594,22.404024248553593,,
8-267,E_COMMERCE_TRANSACTION,545.6880165089115,0.5,300,FogNode_4,54,1.0,1758.3565909566523,556.4695154131364,13251.295350524315,12694.825835111178,12338.452218720939,45.45777608208491,,
8-376,VOICE_ASSISTANT,735.2771979029105,2.0,150,FogNode_6,88,1.0,816.2509881302752,806.7334754313931,13258.343229566251,12451.609754134859,11385.23806986506,99.075133689205,,
6-209,AUGMENTED_REALITY,220.5785050050939,30.0,150,FogNode_6,73,1.0,816.2509881302752,386.5675428020191,13264.667800568905,12878.100257766886,10202.826443180744,29.721912952930083,,
6-156,VOICE_ASSISTANT,288.66197177837955,2.0,150,FogNode_1,80,1.0,1597.9384595498836,305.1015038553888,13288.827174548527,12983.725670693138,12628.46873101167,23.845669096143997,,
8-124,HEALTH_MONITORING,238.74155390072545,1.0,100,FogNode_8,39,1.0,770.9711269175084,283.98125844664736,13300.497373208094,13016.516114761447,12621.715150237858,22.69349911820223,,
2-473,SENSOR_DATA_LOGGING,889.6954307617017,0.1,10000,FogNode_7,293,1.0,1727.0272900361456,957.9045080003641,13309.241994426304,12351.33748642594,11818.78640435255,60.97890637512635,,
0-456,SENSOR_DATA_LOGGING,813.2602136866469,0.1,10000,FogNode_9,201,1.0,1349.236560939329,937.6655192961585,13310.678468163727,12373.012948867568,11751.292833208854,81.79741754638455,,
3-359,HEALTH_MONITORING,85.41675253318797,1.0,100,FogNode_2,65,1.0,681.967788340379,771.3421716653502,13317.586766567854,12546.244594902504,12331.315975430052,10.48439595702719,,
6-152,VOICE_ASSISTANT,899.7522161039722,2.0,150,FogNode_1,68,1.0,1597.9384595498836,296.75835891518466,13323.912260875388,13027.153901960202,12291.775435845679,74.32635993427567,,
9-451,SENSOR_DATA_LOGGING,898.0680106982538,0.1,10000,FogNode_9,202,1.0,1349.236560939329,938.5544331964913,13330.259991000872,12391.70555780438,11708.298424460017,90.32735503330593,,
4-189,AUGMENTED_REALITY,348.00518036640517,30.0,150,FogNode_6,70,1.0,816.2509881302752,377.3123720671907,13352.031434296588,12974.719062229398,10142.75759183584,46.892056312468725,,
5-108,VOICE_ASSISTANT,451.55055311469016,2.0,150,FogNode_0,22,1.0,1189.2931772946604,234.15885044096015,13358.007806207628,13123.848955766667,12574.181387970402,28.752113986929835,,
9-422,GPS_TRACKING,381.9658668714321,0.2,200,FogNode_3,267,1.0,1899.4436001125757,881.2297122775311,13365.388019311715,12484.158307034184,12253.016253296317,18.13493251163571,,
8-230,SENSOR_DATA_LOGGING,255.2866358392659,0.1,10000,FogNode_5,28,1.0,782.8923712617282,468.28435134968487,13376.350446386083,12908.066095036398,12560.85979769043,37.94574863788297,,
4-172,GPS_TRACKING,116.14683596303858,0.2,200,FogNode_8,53,1.0,770.9711269175084,344.54602079723077,13376.936244396018,13032.390223598788,12855.19474532044,11.040298919245602,,
1-523,GPS_TRACKING,469.78499562574564,0.2,200,FogNode_7,292,1.0,1727.0272900361456,955.8769488596628,13380.01941195639,12424.142463096727,12122.996495968811,32.198631435226915,,
1-440,VOICE_ASSISTANT,879.879910780673,2.0,150,FogNode_6,89,1.0,816.2509881302752,807.1787125139197,13383.745003460333,12576.566290946414,11333.543606249526,118.55966707477286,,
3-152,VOICE_ASSISTANT,271.81428431870006,2.0,150,FogNode_1,89,1.0,1597.9384595498836,316.0198066900861,13394.193867858117,13078.17406116803,12740.493963760327,22.453922279880953,,
1-317,SMART_HOME_CONTROL,637.0480513919418,0.1,150,FogNode_4,112,1.0,1758.3565909566523,586.2104648331681,13396.8229998221,12810.612534988932,12431.527879084926,53.06839585551077,,
4-442,GPS_TRACKING,60.58779781974359,0.2,200,FogNode_3,267,1.0,1899.4436001125757,887.8290691837988,13397.285674928418,12509.456605744619,12451.548312190165,2.876580657557852,,
0-398,VOICE_ASSISTANT,924.8186566330642,2.0,150,FogNode_6,89,1.0,816.2509881302752,794.5228936121972,13400.32857175566,12605.805678143463,11300.162625265446,124.61495107630225,,
4-457,SENSOR_DATA_LOGGING,772.5773418435352,0.1,10000,FogNode_9,208,1.0,1349.236560939329,942.8309548529169,13402.950796468936,12460.119841616019,11872.566717226586,77.70554904091348,,
7-448,GPS_TRACKING,665.9104476583897,0.2,200,FogNode_7,293,1.0,1727.0272900361456,959.3850334200947,13410.785898628536,12451.400865208441,12043.924067477046,45.64088949767301,,
1-488,SMART_HOME_CONTROL,378.7447940513531,0.1,150,FogNode_3,269,1.0,1899.4436001125757,896.8570385132424,13418.86995634786,12522.012917834618,12307.248377093121,17.982002778186885,,
2-290,SMART_HOME_CONTROL,940.027045975731,0.1,150,FogNode_4,104,1.0,1758.3565909566523,582.8641595932002,13421.987807485057,12839.123647891856,12285.044968611066,78.30763673435126,,
6-413,E_COMMERCE_TRANSACTION,460.17832326982307,0.5,300,FogNode_2,67,1.0,681.967788340379,780.3660219475469,13424.66284255735,12644.296820609805,11919.568486328493,56.48413933937712,,
5-444,SMART_HOME_CONTROL,417.1555231506395,0.1,150,FogNode_3,269,1.0,1899.4436001125757,897.4866824926532,13443.385595023747,12545.898912531093,12311.408997086688,19.80566305873427,,
8-139,VOICE_ASSISTANT,385.2012225590928,2.0,150,FogNode_1,89,1.0,1597.9384595498836,314.7357209941052,13456.295574410862,13141.559853416757,12732.543868760486,31.820543703714208,,
9-188,AUGMENTED_REALITY,185.58988396938946,30.0,150,FogNode_6,74,1.0,816.2509881302752,385.36327432023955,13457.747572761235,13072.384298440995,10436.22720003525,25.00736132995009,,
5-376,E_COMMERCE_TRANSACTION,208.69237967342684,0.5,300,FogNode_2,73,1.0,681.967788340379,791.2752328571235,13457.912049932844,12666.63681707572,12312.560971854407,25.615742542545448,,
1-520,GPS_TRACKING,875.3415345682591,0.2,200,FogNode_7,291,1.0,1727.0272900361456,952.667653717182,13464.38377744709,12511.716123729908,11977.90850326209,59.995103534474616,,
3-189,AUGMENTED_REALITY,69.93937597501655,30.0,150,FogNode_6,75,1.0,816.2509881302752,404.0901234055747,13469.428668156681,13065.338544751106,10565.866104954657,9.424000968107416,,
0-442,SMART_HOME_CONTROL,778.8046774798494,0.1,150,FogNode_3,269,1.0,1899.4436001125757,896.6751166368833,13472.57181022286,12575.896693585977,12151.557063996082,36.976000974969864,,
6-470,GPS_TRACKING,117.5724073199067,0.2,200,FogNode_3,267,1.0,1899.4436001125757,888.1895492775977,13480.768297163528,12592.57874788593,12503.973329507195,5.582089544914048,,
8-179,SENSOR_DATA_LOGGING,766.814083738088,0.1,10000,FogNode_0,53,1.0,1189.2931772946604,384.5197949077216,13482.495085905335,13097.975290997614,12434.03882964167,48.826262730367596,,
8-420,SENSOR_DATA_LOGGING,932.0941348816,0.1,10000,FogNode_3,267,1.0,1899.4436001125757,889.0263900092912,13486.079514758083,12597.053124748792,12085.09035602787,44.25386061068885,,
2-206,AUGMENTED_REALITY,123.70257245177422,30.0,150,FogNode_6,76,1.0,816.2509881302752,411.2785886811891,13503.58110988734,13092.302521206151,10534.46624000186,16.66833806122792,,
1-495,HEALTH_MONITORING,164.9872369850131,1.0,100,FogNode_7,247,1.0,1727.0272900361456,905.7834718756491,13506.318400017995,12600.534928142346,12415.947334372742,11.308073447771354,,
7-154,VOICE_ASSISTANT,969.6015463432896,2.0,150,FogNode_1,80,1.0,1597.9384595498836,305.4619004657574,13518.556067039404,13213.094166573646,12435.69357087669,80.09644459493481,,
5-467,GPS_TRACKING,578.1796887804555,0.2,200,FogNode_9,192,1.0,1349.236560939329,927.6899355434064,13519.109439587792,12591.419504044385,12132.055075311462,58.15310355049048,,
2-176,AUGMENTED_REALITY,540.3761608690168,30.0,150,FogNode_6,59,1.0,816.2509881302752,349.15735983409684,13520.973874301788,13171.816514467691,10098.682651069423,72.81313840991241,,
0-460,SENSOR_DATA_LOGGING,176.97584277298466,0.1,10000,FogNode_9,208,1.0,1349.236560939329,943.725460243942,13534.118189864928,12590.392729620986,12442.791703057645,17.8001661255531,,
2-444,HEALTH_MONITORING,392.3465895064357,1.0,100,FogNode_7,247,1.0,1727.0272900361456,902.5465546733276,13536.422301170747,12633.875746497419,12316.209210319616,26.89107431700542,,
9-433,HEALTH_MONITORING,580.8919175198589,1.0,100,FogNode_7,247,1.0,1727.0272900361456,904.8415111100867,13537.287882446142,12632.446371336056,12210.543889902328,39.81379765228743,,
5-480,GPS_TRACKING,836.9781187466881,0.2,200,FogNode_7,291,1.0,1727.0272900361456,952.539345900859,13537.504989343295,12584.965643442436,12069.851785252195,57.365710305366086,,
6-422,E_COMMERCE_TRANSACTION,258.0225035548351,0.5,300,FogNode_2,70,1.0,681.967788340379,789.3558827804392,13541.808320967051,12752.452438186612,12323.24584653464,31.67072047185661,,
0-438,GPS_TRACKING,661.3732391060204,0.2,200,FogNode_3,267,1.0,1899.4436001125757,890.0527011977896,13544.676961573647,12654.624260375856,12284.551970119413,31.400604337839162,,
6-518,SENSOR_DATA_LOGGING,996.1815799501544,0.1,10000,FogNode_7,294,1.0,1727.0272900361456,962.3761382375941,13553.393860392345,12591.017722154751,11995.999085667965,68.27736908168553,,
8-147,VOICE_ASSISTANT,162.26006052204144,2.0,150,FogNode_1,98,1.0,1597.9384595498836,321.96653356550604,13557.838947093529,13235.872413528023,12963.124860159483,13.403912149881242,,
4-458,SENSOR_DATA_LOGGING,477.20101228340775,0.1,10000,FogNode_9,208,1.0,1349.236560939329,943.6989982015789,13560.421052180152,12616.722053978574,12247.459462542478,47.996704865662096,,
2-439,SMART_HOME_CONTROL,864.2031695234584,0.1,150,FogNode_3,268,1.0,1899.4436001125757,893.8759888362162,13567.486756798506,12673.61076796229,12201.25046759767,41.030540985288624,,
5-443,GPS_TRACKING,168.72360927809595,0.2,200,FogNode_3,269,1.0,1899.4436001125757,895.8999511958767,13569.596209331121,12673.696258135244,12563.634904976581,8.010640564403557,,
4-455,SENSOR_DATA_LOGGING,859.2035756632054,0.1,10000,FogNode_9,207,1.0,1349.236560939329,942.129533206527,13576.616513872073,12634.486980665546,11981.842960575188,86.41838424294207,,
3-365,HEALTH_MONITORING,178.71284208073592,1.0,100,FogNode_2,66,1.0,681.967788340379,777.4676573067926,13579.641434158017,12802.173776851225,12455.083365835739,21.935933448793865,,
9-230,SMART_HOME_CONTROL,700.5238440360974,0.1,150,FogNode_5,28,1.0,782.8923712617282,473.44863664104804,13590.459463521334,13117.010826880287,12207.490566599907,104.12570800366471,,
9-424,GPS_TRACKING,89.80933037441191,0.2,200,FogNode_3,267,1.0,1899.4436001125757,887.1833429841395,13591.958876324414,12704.775533340275,12626.770469827,4.2639572970099,,
2-467,SMART_HOME_CONTROL,825.0973805507102,0.1,150,FogNode_9,208,1.0,1349.236560939329,942.8010062834203,13595.945216614708,12653.144210331287,12026.303817649734,82.98799549948123,,
9-283,E_COMMERCE_TRANSACTION,664.9421577806246,0.5,300,FogNode_4,53,1.0,1758.3565909566523,555.2917235902279,13619.087994795696,13063.796271205469,12637.567403441974,55.3920753277828,,
3-423,GPS_TRACKING,284.6923932890953,0.2,200,FogNode_3,267,1.0,1899.4436001125757,892.7130605602783,13622.453803703595,12729.740743143317,12557.065370028893,13.516593462032025,,
3-428,HEALTH_MONITORING,711.5888091321574,1.0,100,FogNode_7,247,1.0,1727.0272900361456,902.6438249983873,13626.303265393319,12723.659440394931,12222.847608706921,48.771642372612874,,
6-323,SENSOR_DATA_LOGGING,660.8809827666167,0.1,10000,FogNode_4,117,1.0,1758.3565909566523,586.9172863687644,13627.146862194686,13040.229575825922,12647.509758303153,55.05376483015084,,
4-160,VOICE_ASSISTANT,495.634203595659,2.0,150,FogNode_1,101,1.0,1597.9384595498836,323.14644404604024,13634.08328193916,13310.93683789312,12832.997116112418,40.94314584931467,,
1-238,AUGMENTED_REALITY,110.75590147441885,30.0,150,FogNode_6,77,1.0,816.2509881302752,433.9582240258846,13639.26964574825,13205.311421722367,10661.579386440004,14.923835223971427,,
2-194,SMART_HOME_CONTROL,943.9842939514033,0.1,150,FogNode_0,53,1.0,1189.2931772946604,388.5620716486273,13644.121786515248,13255.559714866622,12446.4510167334,60.10743168034277,,
2-446,HEALTH_MONITORING,196.78603192481003,1.0,100,FogNode_7,247,1.0,1727.0272900361456,904.8754027960225,13651.232828805787,12746.357426009765,12539.123570725447,13.487533600574004,,
7-415,HEALTH_MONITORING,263.2183889387343,1.0,100,FogNode_7,247,1.0,1727.0272900361456,904.143591963037,13658.729650527664,12754.586058564628,12508.68109945096,18.040746237805227,,
2-164,VOICE_ASSISTANT,226.8353289419841,2.0,150,FogNode_1,101,1.0,1597.9384595498836,324.5473614950274,13660.511051342042,13335.963689847014,13024.493072156964,18.738319287233036,,
7-436,SMART_HOME_CONTROL,655.9618666077935,0.1,150,FogNode_9,196,1.0,1349.236560939329,936.5137312919226,13665.801213522498,12729.287482230575,12220.754799020922,65.97640680612146,,
1-310,GPS_TRACKING,502.7365260509447,0.2,200,FogNode_4,91,1.0,1758.3565909566523,577.7050302548253,13682.735725737055,13105.03069548223,12792.658638910845,41.87976231494884,,
0-386,HEALTH_MONITORING,187.67011718185958,1.0,100,FogNode_2,66,1.0,681.967788340379,777.0120448656936,13699.85196496234,12922.839920096645,12559.761000857776,23.035385442355814,,
9-150,VOICE_ASSISTANT,245.00314379054632,2.0,150,FogNode_1,102,1.0,1597.9384595498836,326.1667636989788,13711.163464897274,13384.996701198295,13061.745051690617,20.239118642305115,,
0-392,E_COMMERCE_TRANSACTION,419.46174708370296,0.5,300,FogNode_2,67,1.0,681.967788340379,783.9884455474283,13739.643249354795,12955.654803807367,12286.07703796522,51.48642291853939,,
0-447,HEALTH_MONITORING,515.8850796625217,1.0,100,FogNode_7,246,1.0,1727.0272900361456,911.3771230728582,13763.096532386664,12851.719409313806,12467.59097475939,35.358288786684035,,
4-203,AUGMENTED_REALITY,416.8903587736164,30.0,150,FogNode_6,75,1.0,816.2509881302752,403.53423628736766,13775.405753522022,13371.871517234655,10453.448258989847,56.1740091315746,,
9-428,SENSOR_DATA_LOGGING,557.2725084031968,0.1,10000,FogNode_3,268,1.0,1899.4436001125757,894.1421000270191,13779.466751088852,12885.324651061834,12568.9380078047,26.458121541743893,,
5-438,GPS_TRACKING,764.2720815759561,0.2,200,FogNode_3,267,1.0,1899.4436001125757,890.1232544367464,13799.651968684473,12909.528714247726,12483.40546298269,36.286024019451254,,
8-427,GPS_TRACKING,436.97753928576344,0.2,200,FogNode_3,269,1.0,1899.4436001125757,896.9809534991516,13822.01442483339,12925.03347133424,12672.497832579298,20.746770513699673,,
7-409,GPS_TRACKING,503.24278125492503,0.2,200,FogNode_3,267,1.0,1899.4436001125757,891.1493750856541,13832.42896472987,12941.279589644217,12649.418540954535,23.892904226695673,,
2-466,SMART_HOME_CONTROL,729.958984705526,0.1,150,FogNode_9,207,1.0,1349.236560939329,941.9952030475935,13851.694777562676,12909.699574515082,12350.771007455009,73.41901012595079,,
2-292,SMART_HOME_CONTROL,304.23102085073594,0.1,150,FogNode_4,132,1.0,1758.3565909566523,591.6675949430779,13855.755818712176,13264.088223769098,13076.554593151806,25.34353917378175,,
9-452,GPS_TRACKING,407.43333623779193,0.2,200,FogNode_9,202,1.0,1349.236560939329,939.7645298503597,13878.589754171862,12938.825224321503,12614.1367731203,40.979497294577115,,
5-265,E_COMMERCE_TRANSACTION,476.90048117121717,0.5,300,FogNode_4,53,1.0,1758.3565909566523,554.8361251034402,13890.307429820394,13335.471304716953,13014.239191859098,39.72752677475319,,
4-468,GPS_TRACKING,890.5535230182056,0.2,200,FogNode_7,294,1.0,1727.0272900361456,963.4300474766466,13895.676302936708,12932.246255460062,12386.96867959222,61.03771922901026,,
6-164,VOICE_ASSISTANT,973.9605389315647,2.0,150,FogNode_1,89,1.0,1597.9384595498836,316.39453816671704,13898.337843192121,13581.943305025405,12801.435748286278,80.45653045665112,,
1-486,SENSOR_DATA_LOGGING,865.1650749936488,0.1,10000,FogNode_3,269,1.0,1899.4436001125757,896.3989860989516,13898.869019191947,13002.470033092995,12528.419512843042,41.07621022512765,,
7-285,GPS_TRACKING,841.5457746444278,0.2,200,FogNode_4,102,1.0,1758.3565909566523,582.2570140562567,13900.58570905551,13318.328694999253,12817.493453036106,70.10379233055113,,
1-169,HEALTH_MONITORING,470.2434249349003,1.0,100,FogNode_8,39,1.0,770.9711269175084,286.1050980608182,13910.433865661482,13624.328767600664,12927.482682132371,44.69883258587658,,
0-203,SMART_HOME_CONTROL,327.46097773135597,0.1,150,FogNode_0,57,1.0,1189.2931772946604,391.41381555226684,13919.462622553883,13528.048807001616,13238.462638157125,20.85081126146258,,
9-435,HEALTH_MONITORING,674.6307211206386,1.0,100,FogNode_7,247,1.0,1727.0272900361456,908.1918836713237,13927.053488652746,13018.861604981423,12538.608755403284,46.23856901881511,,
4-483,GPS_TRACKING,62.54571444836532,0.2,200,FogNode_7,308,1.0,1727.0272900361456,986.6139716105735,13931.89212581873,12945.278154208156,12885.90935034161,4.286825731190923,,
2-233,SENSOR_DATA_LOGGING,449.7051633048108,0.1,10000,FogNode_5,27,1.0,782.8923712617282,471.16284634301894,13950.76549986279,13479.60265351977,12885.317075357474,66.84407521695177,,
7-441,SMART_HOME_CONTROL,385.30924075683976,0.1,150,FogNode_9,207,1.0,1349.236560939329,941.947671708082,13951.376961995094,13009.429290287013,12702.953934098055,38.75426378943874,,
3-453,E_COMMERCE_TRANSACTION,688.0636339513558,0.5,300,FogNode_7,292,1.0,1727.0272900361456,955.8887794422112,13951.803102632493,12995.914323190282,12550.955211259841,47.15924850701733,,
8-468,SMART_HOME_CONTROL,521.8725694218813,0.1,150,FogNode_7,310,1.0,1727.0272900361456,992.0578450894537,13953.412517819826,12961.354672730373,12643.354034190488,35.76866582677452,,
8-465,SENSOR_DATA_LOGGING,723.1097556818798,0.1,10000,FogNode_7,308,1.0,1727.0272900361456,985.8955849156396,13956.20697503499,12970.31139011935,12538.534050136423,49.561277450773154,,
4-459,SENSOR_DATA_LOGGING,850.2283556366776,0.1,10000,FogNode_9,211,1.0,1349.236560939329,945.9395253307738,13960.415132249605,13014.475606918832,12370.16039605333,85.51565986552227,,
1-252,SMART_HOME_CONTROL,599.1052823062512,0.1,150,FogNode_5,32,1.0,782.8923712617282,475.674515200614,13961.421382386765,13485.746867186152,12705.429827009093,89.0508755982606,,
3-154,VOICE_ASSISTANT,910.125092880358,2.0,150,FogNode_1,98,1.0,1597.9384595498836,321.87534220058336,13963.755910401813,13641.88056820123,12903.174215931154,75.18323826037079,,
7-281,GPS_TRACKING,593.4876293757021,0.2,200,FogNode_4,88,1.0,1758.3565909566523,576.3431512696362,13964.670907333226,13388.327756063589,13021.849595196087,49.43965589760663,,
6-183,GPS_TRACKING,462.16449136042525,0.2,200,FogNode_8,54,1.0,770.9711269175084,345.2524121722032,13976.39383135942,13631.141419187217,13003.070313941695,43.93089223802829,,
8-426,SENSOR_DATA_LOGGING,832.2518409857886,0.1,10000,FogNode_3,269,1.0,1899.4436001125757,896.9514183943339,14007.751804441428,13110.800386047094,12650.788103094541,39.51355939886122,,
8-277,GPS_TRACKING,76.67059004902123,0.2,200,FogNode_4,99,1.0,1758.3565909566523,580.4796301395241,14008.274457627485,13427.794827487962,13357.234547224289,6.386936141326859,,
0-223,AUGMENTED_REALITY,407.54992536403836,30.0,150,FogNode_6,77,1.0,816.2509881302752,432.5984986813613,14020.268737389895,13587.670238708533,10678.513214391727,54.915429793865755,,
5-186,AUGMENTED_REALITY,624.1467663980237,30.0,150,FogNode_6,75,1.0,816.2509881302752,398.27384407245086,14022.993778814234,13624.719934741783,10449.353120392505,84.10083231050301,,
6-537,SENSOR_DATA_LOGGING,171.15694204085815,0.1,10000,FogNode_7,309,1.0,1727.0272900361456,990.7110157690479,14050.908046154998,13060.19703038595,12940.79558463371,11.730939356659322,,
5-171,GPS_TRACKING,679.7700776323517,0.2,200,FogNode_0,48,1.0,1189.2931772946604,377.4885188033211,14054.06994281207,13676.58142400875,13077.317122331307,43.28380648008041,,
6-472,GPS_TRACKING,437.1699971532867,0.2,200,FogNode_3,268,1.0,1899.4436001125757,894.1936872095754,14062.585836525051,13168.392149315476,12908.87374561008,20.75590800671038,,
6-207,SMART_HOME_CONTROL,184.69317721585608,0.1,150,FogNode_0,53,1.0,1189.2931772946604,386.1234149629846,14074.759214464035,13688.63579950105,13512.520905424004,11.760187751491358,,
3-271,GPS_TRACKING,327.1480407509396,0.2,200,FogNode_4,104,1.0,1758.3565909566523,582.6756306552835,14076.360726650788,13493.685095995505,13283.140591684549,27.25260942560233,,
6-410,HEALTH_MONITORING,366.53738989703345,1.0,100,FogNode_2,66,1.0,681.967788340379,773.9880876710064,14079.278559538041,13305.290471867034,12674.09220484744,44.990274328711095,,
8-182,AUGMENTED_REALITY,767.1786358231632,30.0,150,FogNode_6,74,1.0,816.2509881302752,387.5331746678767,14080.454502215258,13692.921327547381,10347.683153394402,103.37370195140787,,
1-492,SMART_HOME_CONTROL,536.8098117466097,0.1,150,FogNode_3,272,1.0,1899.4436001125757,900.8925726028674,14082.266209883735,13181.373637280867,12878.092012976233,25.486595928963975,,
0-448,HEALTH_MONITORING,817.351294567949,1.0,100,FogNode_7,246,1.0,1727.0272900361456,914.7015092180415,14099.573895963866,13184.872386745825,12620.847636552486,56.02050583127797,,
8-441,SENSOR_DATA_LOGGING,729.931402120889,0.1,10000,FogNode_9,202,1.0,1349.236560939329,939.2264553405797,14101.416918474137,13162.190463133556,12598.418815398509,73.41623587958465,,
6-205,SENSOR_DATA_LOGGING,885.7981869434286,0.1,10000,FogNode_0,49,1.0,1189.2931772946604,381.9833894478325,14102.818424694817,13720.835035246984,12953.51496256374,56.40247866985656,,
7-207,AUGMENTED_REALITY,529.6161316858925,30.0,150,FogNode_6,76,1.0,816.2509881302752,428.2265293474594,14106.587377413776,13678.360848066317,10624.481369578285,71.36327523877331,,
6-476,SMART_HOME_CONTROL,920.0700518426366,0.1,150,FogNode_3,269,1.0,1899.4436001125757,897.6030400519347,14106.843048947889,13209.240008895955,12702.538789610655,43.68298254712799,,
8-445,SMART_HOME_CONTROL,226.51656195711018,0.1,150,FogNode_9,223,1.0,1349.236560939329,949.6901089653203,14119.261948597748,13169.571839632428,12986.244069214119,22.782953706273815,,
1-312,GPS_TRACKING,493.6276824860015,0.2,200,FogNode_4,95,1.0,1758.3565909566523,578.8494850211786,14136.48822818177,13557.63874316059,13249.439776651174,41.120962856989394,,
2-465,SMART_HOME_CONTROL,845.6536321803923,0.1,150,FogNode_9,207,1.0,1349.236560939329,941.7703941198768,14145.873979374392,13204.103585254516,12557.287860348817,85.05553583828541,,
5-447,GPS_TRACKING,505.4942906845151,0.2,200,FogNode_3,270,1.0,1899.4436001125757,898.7448956654183,14164.996579207183,13266.251683541765,12975.299170467486,23.99980113842593,,
1-545,SENSOR_DATA_LOGGING,878.8589014471182,0.1,10000,FogNode_7,309,1.0,1727.0272900361456,990.8483521557152,14167.61500892216,13176.766656766444,12650.707749894418,60.236180624652874,,
5-147,VOICE_ASSISTANT,854.8579782791097,2.0,150,FogNode_1,115,1.0,1597.9384595498836,330.5418887471608,14169.058814426131,13838.51692567897,13137.080485160172,70.61775525420661,,
9-455,SENSOR_DATA_LOGGING,784.2657481832176,0.1,10000,FogNode_9,208,1.0,1349.236560939329,943.3671330427552,14177.211520010176,13233.844386967421,12633.215473312397,78.88116471438252,,
8-152,E_COMMERCE_TRANSACTION,207.38127606164312,0.5,300,FogNode_8,52,1.0,770.9711269175084,330.2321331008446,14179.420950678263,13849.188817577418,13530.788528607813,19.71255832318787,,
2-462,GPS_TRACKING,426.85979713557174,0.2,200,FogNode_9,195,1.0,1349.236560939329,935.8649950129244,14194.961107790086,13259.096112777162,12913.488605607201,42.933403691031515,,
8-379,SENSOR_DATA_LOGGING,784.1699500263231,0.1,10000,FogNode_1,197,1.0,1597.9384595498836,811.9649756236495,14201.901981978346,13389.937006354696,12878.165597038162,64.77838777400055,,
3-444,SMART_HOME_CONTROL,905.0746406184189,0.1,150,FogNode_9,207,1.0,1349.236560939329,942.5184897914105,14204.92319680034,13262.40470700893,12572.199301742381,91.03207933129498,,
5-430,E_COMMERCE_TRANSACTION,237.22188348812747,0.5,300,FogNode_3,267,1.0,1899.4436001125757,879.0098881522636,14207.156405872744,13328.146517720481,13154.138289042505,11.262793931239763,,
3-477,SMART_HOME_CONTROL,434.6120654751938,0.1,150,FogNode_7,312,1.0,1727.0272900361456,993.8884637462423,14207.860245358295,13213.971781612054,12944.265834818805,29.78791115901609,,
9-380,HEALTH_MONITORING,434.90133157403596,1.0,100,FogNode_2,67,1.0,681.967788340379,782.1672595644009,14217.3567911141,13435.189531549699,12708.405988055978,53.38153965393309,,
3-445,SENSOR_DATA_LOGGING,350.0180502403181,0.1,10000,FogNode_9,208,1.0,1349.236560939329,943.6918756864619,14219.83446639264,13276.142590706178,12994.999036771322,35.20468863771344,,
6-471,GPS_TRACKING,893.328202511836,0.2,200,FogNode_3,268,1.0,1899.4436001125757,893.5182273287402,14249.777215931763,13356.258988603022,12859.391299946186,42.41333602917451,,
0-436,E_COMMERCE_TRANSACTION,281.9977837021329,0.5,300,FogNode_3,267,1.0,1899.4436001125757,878.8043916788029,14255.30641142173,13376.502019742928,13178.44446892249,13.388659090814459,,
0-237,AUGMENTED_REALITY,403.0864891740329,30.0,150,FogNode_6,80,1.0,816.2509881302752,463.52843746080663,14269.232401251236,13805.703963790429,10902.71614012073,54.31400282387502,,
5-392,SENSOR_DATA_LOGGING,974.2104716322274,0.1,10000,FogNode_1,197,1.0,1597.9384595498836,814.5275404433813,14270.178129451326,13455.650589007944,12832.440342964597,80.47717679409416,,
0-481,SENSOR_DATA_LOGGING,901.4051201463673,0.1,10000,FogNode_7,308,1.0,1727.0272900361456,987.917573133782,14285.036819808238,13297.119246674456,12754.462194139747,61.78147771356517,,
3-371,E_COMMERCE_TRANSACTION,974.7605367096604,0.5,300,FogNode_2,70,1.0,681.967788340379,789.8569002430709,14292.13867508192,13502.28177483885,12025.781318308835,119.64603110118951,,
9-250,AUGMENTED_REALITY,226.45524276630354,30.0,150,FogNode_6,81,1.0,816.2509881302752,493.35078348316904,14300.427124757285,13807.076341274116,11121.256980387892,30.513775642278876,,
5-284,SENSOR_DATA_LOGGING,719.365215329985,0.1,10000,FogNode_4,127,1.0,1758.3565909566523,590.0107549339227,14309.697955700887,13719.687200766964,13293.174772987557,59.9257119277004,,
3-475,SMART_HOME_CONTROL,655.1221644103455,0.1,150,FogNode_7,310,1.0,1727.0272900361456,992.6579292081108,14311.22728061911,13318.569351410999,12920.958039794255,44.90147048821759,,
1-490,SENSOR_DATA_LOGGING,933.070677858716,0.1,10000,FogNode_3,270,1.0,1899.4436001125757,898.7313701610129,14313.248109162536,13414.516739001523,12900.447695644847,44.30022480843709,,
9-458,SMART_HOME_CONTROL,245.4925141919751,0.1,150,FogNode_9,223,1.0,1349.236560939329,950.0438525172971,14327.823180351472,13377.779327834174,13180.070464847806,24.691548104688042,,
8-183,SMART_HOME_CONTROL,270.7924766766546,0.1,150,FogNode_0,53,1.0,1189.2931772946604,387.91329385703114,14330.510369663876,13942.597075806845,13694.473821071748,17.242490574987002,,
0-408,SENSOR_DATA_LOGGING,696.5405164949315,0.1,10000,FogNode_1,197,1.0,1597.9384595498836,818.2756585602375,14334.237306235984,13515.961647675746,13064.20749163606,57.53953167460278,,
7-463,GPS_TRACKING,58.22313255752306,0.2,200,FogNode_7,308,1.0,1727.0272900361456,988.2704320653629,14344.940200440027,13356.669768374664,13294.237766934899,3.990559944825335,,
0-178,E_COMMERCE_TRANSACTION,141.97464643687516,0.5,300,FogNode_8,51,1.0,770.9711269175084,337.3428984951365,14363.571357198047,14026.22845870291,13793.424751509194,13.495352866229751,,
7-283,GPS_TRACKING,518.8626207582471,0.2,200,FogNode_4,99,1.0,1758.3565909566523,580.3509615568561,14371.444569954696,13791.09360839784,13468.326423553424,43.223124052985234,,
5-219,SMART_HOME_CONTROL,618.2526916221893,0.1,150,FogNode_5,27,1.0,782.8923712617282,471.12352785560466,14380.162766704374,13909.039238848769,13098.589695032479,91.8969422502835,,
8-469,GPS_TRACKING,305.40666061814204,0.2,200,FogNode_7,310,1.0,1727.0272900361456,992.2910704760083,14384.699755874513,13392.408685398505,13193.164615635449,20.932291568845653,,
0-480,GPS_TRACKING,609.5086395074328,0.2,200,FogNode_7,308,1.0,1727.0272900361456,985.9641281687979,14403.831617788122,13417.867489619324,13038.387943450938,41.77516145219962,,
6-506,GPS_TRACKING,754.0011432280654,0.2,200,FogNode_9,194,1.0,1349.236560939329,935.5928771852198,14410.530170151753,13474.937292966533,12888.694337801611,75.83716171665712,,
5-440,GPS_TRACKING,765.3664979237523,0.2,200,FogNode_3,267,1.0,1899.4436001125757,892.9529372022648,14410.694275530535,13517.741338328271,13084.144581260802,36.33798459584903,,
9-211,AUGMENTED_REALITY,642.1294381876057,30.0,150,FogNode_6,79,1.0,816.2509881302752,439.9159118510125,14425.951006659658,13986.035094808645,10792.873698197176,86.52391249947574,,
2-236,SENSOR_DATA_LOGGING,382.65512908272547,0.1,10000,FogNode_5,32,1.0,782.8923712617282,476.85229126765114,14439.536553367921,13962.68426210027,13455.907362572643,56.877773078227094,,
5-483,E_COMMERCE_TRANSACTION,897.7255016167542,0.5,300,FogNode_7,294,1.0,1727.0272900361456,960.9665801535645,14446.863167860516,13485.896587706951,12917.102026088658,61.5292800445029,,
5-222,SENSOR_DATA_LOGGING,53.04324433229146,0.1,10000,FogNode_5,35,1.0,782.8923712617282,481.4650962739066,14447.915686875005,13966.450590601098,13883.99483058837,7.884336012160949,,
7-284,GPS_TRACKING,548.6789689608831,0.2,200,FogNode_4,102,1.0,1758.3565909566523,581.7550423513111,14448.529012049376,13866.773969698064,13528.253574771257,45.706933187831375,,
4-484,GPS_TRACKING,211.7871195666378,0.2,200,FogNode_7,309,1.0,1727.0272900361456,990.7550197987407,14467.571221263215,13476.816201464475,13327.341605091233,14.51569434773321,,
8-177,GPS_TRACKING,165.20554985261157,0.2,200,FogNode_0,49,1.0,1189.2931772946604,382.61661042782634,14469.421071420706,14086.80446099288,13921.689512998099,10.51932893863435,,
9-471,GPS_TRACKING,338.0218717452362,0.2,200,FogNode_7,308,1.0,1727.0272900361456,985.8156524988948,14480.761504470378,13494.945851971483,13269.802449724377,23.167708136087466,,
2-464,GPS_TRACKING,100.73864489167306,0.2,200,FogNode_9,201,1.0,1349.236560939329,938.0690933557993,14485.19361154378,13547.12451818798,13442.454213337818,10.132256392953355,,
6-311,E_COMMERCE_TRANSACTION,213.38497274741314,0.5,300,FogNode_4,59,1.0,1758.3565909566523,562.6100168566085,14492.799347389982,13930.189330533374,13762.753685714675,17.77573634929784,,
3-471,GPS_TRACKING,959.7939540354439,0.2,200,FogNode_7,307,1.0,1727.0272900361456,984.2179055524416,14509.161671045631,13524.94376549319,12941.531613519377,65.7833946752231,,
1-546,SENSOR_DATA_LOGGING,711.0597515824744,0.1,10000,FogNode_7,310,1.0,1727.0272900361456,991.4417262756609,14511.298572050247,13519.856845774586,13085.330284812335,48.73538125484861,,
4-144,HEALTH_MONITORING,417.2326873251361,1.0,100,FogNode_8,39,1.0,770.9711269175084,290.2025451913356,14517.571928382733,14227.369383191397,13592.45065407584,39.65991452763746,,
9-429,GPS_TRACKING,864.6483607648252,0.2,200,FogNode_3,268,1.0,1899.4436001125757,894.9459373766888,14517.79722617283,13622.85128879614,13137.58801746404,41.05167772502687,,
9-423,E_COMMERCE_TRANSACTION,509.55384121925664,0.5,300,FogNode_3,267,1.0,1899.4436001125757,884.1097124742122,14523.571202852787,13639.461490378575,13318.915945710347,24.192540022604536,,
4-439,E_COMMERCE_TRANSACTION,693.8454244373133,0.5,300,FogNode_3,267,1.0,1899.4436001125757,885.05496803252,14530.285353454648,13645.230385422128,13234.731851410226,32.942315104593455,,
4-235,GPS_TRACKING,72.54530597318426,0.2,200,FogNode_5,28,1.0,782.8923712617282,472.10987993695267,14532.199745188616,14060.089865251664,13943.042645205243,10.783118106699384,,
1-482,E_COMMERCE_TRANSACTION,621.3098979597114,0.5,300,FogNode_3,267,1.0,1899.4436001125757,881.8817196842163,14534.25740425084,13652.375684566625,13274.70484526353,29.49848152820208,,
0-238,AUGMENTED_REALITY,424.55132017277964,30.0,150,FogNode_6,80,1.0,816.2509881302752,464.218771740058,14540.392236591124,14076.173464851066,11142.54277904052,57.20628753892181,,
8-444,GPS_TRACKING,493.7810583718639,0.2,200,FogNode_9,207,1.0,1349.236560939329,941.6596652864416,14560.931814978821,13619.27214969238,13228.318198811217,49.664319892207956,,
8-275,GPS_TRACKING,975.497622268596,0.2,200,FogNode_4,93,1.0,1758.3565909566523,578.4857032082681,14563.052497125074,13984.566793916807,13400.700180358588,81.26246342257346,,
0-407,SENSOR_DATA_LOGGING,960.2311716777609,0.1,10000,FogNode_1,197,1.0,1597.9384595498836,813.6072021633559,14564.674654136314,13751.067451972958,13127.733573760495,79.32238054969702,,
3-181,GPS_TRACKING,590.5377386447923,0.2,200,FogNode_0,48,1.0,1189.2931772946604,379.4399095894952,14571.304347253004,14191.86443766351,13666.84206652307,37.60200991446082,,
6-239,AUGMENTED_REALITY,903.2232636399425,30.0,150,FogNode_6,77,1.0,816.2509881302752,429.5131443441328,14575.979565827125,14146.466421482992,10629.37602555278,121.70507374844996,,
3-366,HEALTH_MONITORING,249.40104021154508,1.0,100,FogNode_2,67,1.0,681.967788340379,780.1137662235733,14583.064738726232,13802.950972502658,13342.604204325264,30.612487364891702,,
6-411,HEALTH_MONITORING,578.1140345573514,1.0,100,FogNode_2,67,1.0,681.967788340379,779.5219278816996,14587.357825382258,13807.835897500558,12866.14175607622,70.96004316318103,,
3-424,E_COMMERCE_TRANSACTION,544.3526280503593,0.5,300,FogNode_3,269,1.0,1899.4436001125757,896.1156432434271,14599.833416574715,13703.717773331287,13368.221251691159,25.844712913962027,,
6-412,HEALTH_MONITORING,783.0862891754542,1.0,100,FogNode_2,67,1.0,681.967788340379,779.8591925638597,14606.186649648404,13826.327457084544,12591.217968504905,96.119162585168,,
3-447,SENSOR_DATA_LOGGING,683.0227538394436,0.1,10000,FogNode_9,215,1.0,1349.236560939329,948.1253781197887,14607.645976901022,13659.520598781233,13135.96377267839,68.69818103632595,,
9-235,SMART_HOME_CONTROL,61.9325110241098,0.1,150,FogNode_5,34,1.0,782.8923712617282,481.19958159295066,14611.307057122565,14130.107475529614,14035.5923717233,9.20563463147145,,
3-274,GPS_TRACKING,534.3666871910764,0.2,200,FogNode_4,111,1.0,1758.3565909566523,585.7194130867252,14613.599160916803,14027.879747830078,13701.06668696125,44.51466859664998,,
0-215,AUGMENTED_REALITY,996.5426093196629,30.0,150,FogNode_6,76,1.0,816.2509881302752,421.22484956093547,14621.206247631271,14199.981398070337,10570.953487919185,134.2794153374139,,
6-504,GPS_TRACKING,687.3239875710217,0.2,200,FogNode_9,194,1.0,1349.236560939329,934.749416129126,14628.678908876762,13693.929492747637,13153.680496292636,69.13079756617141,,
8-184,SENSOR_DATA_LOGGING,191.07926045438612,0.1,10000,FogNode_0,57,1.0,1189.2931772946604,390.3949783617258,14630.087309235205,14239.692330873479,14060.173287673799,12.166816404557366,,
8-237,AUGMENTED_REALITY,453.36973885835147,30.0,150,FogNode_6,81,1.0,816.2509881302752,493.96496842636327,14635.883831491601,14141.918863065237,11174.521345494502,61.089433503638,,
3-252,AUGMENTED_REALITY,81.59082232862656,30.0,150,FogNode_6,79,1.0,816.2509881302752,538.1777090758513,14640.350244011759,14102.172534935908,11587.92847360482,10.993978397638612,,
1-313,GPS_TRACKING,268.15225126730166,0.2,200,FogNode_4,98,1.0,1758.3565909566523,580.193824131767,14645.300980247861,14065.107156116093,13882.817186706463,22.33804779514872,,
0-457,GPS_TRACKING,218.1194137319211,0.2,200,FogNode_9,201,1.0,1349.236560939329,937.7729763325074,14646.854968822794,13709.081992490286,13516.801282372264,21.93837158112472,,
2-433,E_COMMERCE_TRANSACTION,770.7050998781532,0.5,300,FogNode_3,267,1.0,1899.4436001125757,883.6227788572223,14655.530300589015,13771.907521731791,13315.275542487982,36.591450139622694,,
7-444,SENSOR_DATA_LOGGING,591.3189834586525,0.1,10000,FogNode_9,223,1.0,1349.236560939329,949.3387604044912,14658.096369884923,13708.757609480432,13252.887256299953,59.47464904720842,,
6-512,GPS_TRACKING,624.2476201577025,0.2,200,FogNode_9,208,1.0,1349.236560939329,943.3944521215569,14667.590484531638,13724.196032410082,13238.022382601172,62.786599392222115,,
1-446,SENSOR_DATA_LOGGING,642.6310895687387,0.1,10000,FogNode_1,197,1.0,1597.9384595498836,820.2593396768705,14672.340731977181,13852.081392300312,13429.64934579168,53.08620397187478,,
0-459,GPS_TRACKING,470.4084760318531,0.2,200,FogNode_9,207,1.0,1349.236560939329,942.3489975879196,14676.471067349403,13734.122069761483,13359.748408804584,47.31351403126891,,
4-456,GPS_TRACKING,166.40457490267318,0.2,200,FogNode_9,207,1.0,1349.236560939329,942.5255067217412,14684.264208808132,13741.738702086392,13592.42796384126,16.73691183445394,,
4-191,GPS_TRACKING,755.084973881424,0.2,200,FogNode_0,48,1.0,1189.2931772946604,378.6997093495741,14688.972243016171,14310.272533666597,13646.374871734512,48.079421205674855,,
2-399,SENSOR_DATA_LOGGING,785.9794432459481,0.1,10000,FogNode_1,197,1.0,1597.9384595498836,816.9682993536007,14693.772891367027,13876.804592013426,13365.248851003267,64.92786564349983,,
3-457,E_COMMERCE_TRANSACTION,941.6009318497447,0.5,300,FogNode_7,294,1.0,1727.0272900361456,961.7863051348372,14712.829862956132,13751.043557821295,13153.051792171442,64.53646167075374,,
7-150,HEALTH_MONITORING,271.7269688754309,1.0,100,FogNode_8,42,1.0,770.9711269175084,301.1584561717397,14716.019016245731,14414.860560073992,13976.310506593085,25.82891678392321,,
5-289,SMART_HOME_CONTROL,227.3925078091657,0.1,150,FogNode_4,139,1.0,1758.3565909566523,594.7664344819599,14742.92020363286,14148.1537691509,14003.260155942276,18.942614442705086,,
5-287,SENSOR_DATA_LOGGING,324.5591839457092,0.1,10000,FogNode_4,137,1.0,1758.3565909566523,593.6946863924846,14747.633477806092,14153.938791413608,13953.004857771057,27.036948334648496,,
7-406,HEALTH_MONITORING,421.8640308660022,1.0,100,FogNode_3,267,1.0,1899.4436001125757,879.7497549830965,14756.356144556159,13876.606389573062,13567.082859550883,20.02921305902097,,
4-405,GPS_TRACKING,707.0549966245242,0.2,200,FogNode_1,197,1.0,1597.9384595498836,814.5034443083412,14776.71679748228,13962.21335317394,13492.579739073599,58.40810751209046,,
4-293,SMART_HOME_CONTROL,234.90466174900493,0.1,150,FogNode_4,122,1.0,1758.3565909566523,588.5908435476721,14778.89428149127,14190.303437943598,14034.372633204423,19.56840390730805,,
2-398,SMART_HOME_CONTROL,975.2772241483729,0.1,150,FogNode_1,197,1.0,1597.9384595498836,815.9242939002498,14779.393473010601,13963.46917911035,13332.729851141832,80.56529864592926,,
1-304,AUGMENTED_REALITY,136.2212143037509,30.0,150,FogNode_6,79,1.0,816.2509881302752,569.8629837816167,14788.092678747003,14218.229694965386,11642.745713778968,18.355165993100822,,
9-473,GPS_TRACKING,677.1653510886032,0.2,200,FogNode_7,309,1.0,1727.0272900361456,990.6012315381918,14795.930431162653,13805.32919962446,13383.799248920195,46.412290225160724,,
8-470,GPS_TRACKING,547.4560992422498,0.2,200,FogNode_7,312,1.0,1727.0272900361456,993.8195657315562,14797.754815694077,13803.935249962522,13456.354155479301,37.52213742584286,,
7-405,HEALTH_MONITORING,549.7809080586741,1.0,100,FogNode_3,267,1.0,1899.4436001125757,879.1984342955348,14813.014336634747,13933.815902339213,13557.742971235313,26.102436182303656,,
6-420,HEALTH_MONITORING,760.5192588495316,1.0,100,FogNode_2,69,1.0,681.967788340379,785.8707836944691,14815.035514467389,14029.16473077292,12827.033336001976,93.3491944642273,,
1-428,HEALTH_MONITORING,515.6728110407013,1.0,100,FogNode_2,67,1.0,681.967788340379,782.8336526192156,14835.432764849747,14052.599112230531,13205.294433199786,63.295756100342444,,
1-321,SMART_HOME_CONTROL,108.27443905181686,0.1,150,FogNode_4,141,1.0,1758.3565909566523,595.4723263730052,14840.471347035698,14244.999020662694,14163.165913353434,9.019650527272413,,
1-180,HEALTH_MONITORING,96.21244886494497,1.0,100,FogNode_8,47,1.0,770.9711269175084,310.357262521206,14840.812858071717,14530.455595550511,14315.622744872464,9.145442373993324,,
6-309,E_COMMERCE_TRANSACTION,703.0193878070834,0.5,300,FogNode_4,57,1.0,1758.3565909566523,561.0051127571761,14848.345176428524,14287.340063671347,13839.17300805193,58.56404565515489,,
5-181,SMART_HOME_CONTROL,333.205705771737,0.1,150,FogNode_0,58,1.0,1189.2931772946604,391.6206511883418,14851.475554935954,14459.854903747613,14161.724093481831,21.216602144236663,,
0-289,AUGMENTED_REALITY,238.10952898884275,30.0,150,FogNode_6,79,1.0,816.2509881302752,566.7427218110506,14867.690733655862,14300.948011844812,11603.295535575304,32.08413573075098,,
5-478,SENSOR_DATA_LOGGING,335.00909936652846,0.1,10000,FogNode_9,220,1.0,1349.236560939329,948.9071630040636,14876.974210875765,13928.067047871702,13659.267276649496,33.69509379845381,,
0-486,GPS_TRACKING,727.1984786278949,0.2,200,FogNode_7,310,1.0,1727.0272900361456,992.9881085439375,14888.640698754029,13895.652590210091,13446.899913423493,49.841514760191984,,
8-425,E_COMMERCE_TRANSACTION,907.8466264107532,0.5,300,FogNode_3,268,1.0,1899.4436001125757,893.7990849407465,14888.648254452019,13994.849169511272,13465.510560773953,43.102640127833155,,
6-514,GPS_TRACKING,293.2905246311909,0.2,200,FogNode_9,212,1.0,1349.236560939329,946.0290757946999,14893.846235738705,13947.817159944005,13701.28411681416,29.499054671447784,,
9-457,SENSOR_DATA_LOGGING,986.2890517892068,0.1,10000,FogNode_9,212,1.0,1349.236560939329,946.2571734772906,14908.209389725891,13961.952216248601,13210.827363335102,99.20059537268135,,
9-382,HEALTH_MONITORING,207.92501676550796,1.0,100,FogNode_2,68,1.0,681.967788340379,785.3449583725233,14911.076441102497,14125.731482729974,13726.81996085377,25.521553331052868,,
0-484,E_COMMERCE_TRANSACTION,694.9466726769351,0.5,300,FogNode_7,310,1.0,1727.0272900361456,992.3021151765513,14913.693297765549,13921.391182588997,13473.635863605541,47.631005649418455,,
0-483,GPS_TRACKING,930.1070249954533,0.2,200,FogNode_7,310,1.0,1727.0272900361456,992.2589892622711,14923.259297094031,13931.00030783176,13364.713645592681,63.748679868443936,,
5-436,HEALTH_MONITORING,626.9442760428535,1.0,100,FogNode_3,267,1.0,1899.4436001125757,883.9595836365986,14929.90074576822,14045.941162131621,13630.089493403822,29.765989897784262,,
5-251,AUGMENTED_REALITY,520.2803570480279,30.0,150,FogNode_6,79,1.0,816.2509881302752,534.9136232605023,14937.829547068339,14402.915923807837,11356.234953873492,70.10532364857472,,
1-272,AUGMENTED_REALITY,678.8486356188947,30.0,150,FogNode_6,81,1.0,816.2509881302752,514.9684125790513,14938.253918086373,14423.285505507321,11184.782335783319,91.47165112763003,,
5-431,HEALTH_MONITORING,784.4333131415242,1.0,100,FogNode_3,267,1.0,1899.4436001125757,879.6608163513761,14943.265930027195,14063.60511367582,13563.935811590705,37.243236706510814,,
1-517,SENSOR_DATA_LOGGING,402.84576225658196,0.1,10000,FogNode_9,224,1.0,1349.236560939329,950.4446457278891,14945.42808336701,13994.983437639119,13676.412339299888,40.5180807662007,,
7-411,E_COMMERCE_TRANSACTION,816.057190428648,0.5,300,FogNode_3,268,1.0,1899.4436001125757,895.0012129500599,14947.42682421948,14052.42561126942,13572.606321072708,38.744671599255504,,
0-303,AUGMENTED_REALITY,262.3864794638962,30.0,150,FogNode_6,80,1.0,816.2509881302752,611.0054855909384,14961.803428484987,14350.797942894049,11619.990537040718,35.355340278834525,,
0-464,GPS_TRACKING,421.6098570749632,0.2,200,FogNode_9,217,1.0,1349.236560939329,948.3770369854972,14970.57667858738,14022.199641601883,13683.83523822975,42.405366622447524,,
3-414,HEALTH_MONITORING,612.5531340805848,1.0,100,FogNode_3,267,1.0,1899.4436001125757,879.4344566360124,14978.021125820298,14098.586669184286,13685.534935910773,29.08272887661308,,
2-157,HEALTH_MONITORING,109.4255206501952,1.0,100,FogNode_8,47,1.0,770.9711269175084,311.13723294925865,14982.744918598677,14671.607685649418,14437.915600727252,10.401406524381674,,
6-536,E_COMMERCE_TRANSACTION,822.9824739201758,0.5,300,FogNode_7,308,1.0,1727.0272900361456,989.2398576252888,14985.692921401815,13996.453063776526,13472.140060981235,56.40646168384091,,
8-466,E_COMMERCE_TRANSACTION,490.4766855040098,0.5,300,FogNode_7,308,1.0,1727.0272900361456,986.5429217964136,14996.830404426293,14010.28748262988,13673.482263691492,33.61682082476844,,
1-429,HEALTH_MONITORING,481.9361701617937,1.0,100,FogNode_2,69,1.0,681.967788340379,785.827801132755,14998.823328523724,14212.995527390969,13416.554241943613,59.15478502915748,,
8-467,GPS_TRACKING,959.5303202317556,0.2,200,FogNode_7,309,1.0,1727.0272900361456,990.971499611861,15002.459669298356,14011.488169686494,13426.756584819947,65.7653254568405,,
1-484,HEALTH_MONITORING,272.8218415331506,1.0,100,FogNode_3,267,1.0,1899.4436001125757,890.8663568807655,15032.280759000709,14141.414402119943,13907.832868960304,12.953004739476365,,
0-462,GPS_TRACKING,470.5207817904927,0.2,200,FogNode_9,212,1.0,1349.236560939329,946.2582447663416,15032.995332328028,14086.737087561687,13708.572139209216,47.324809703770406,,
4-485,E_COMMERCE_TRANSACTION,223.52242473019456,0.5,300,FogNode_7,310,1.0,1727.0272900361456,992.671577643672,15043.119408180699,14050.447830537027,13869.588265846993,15.320021368092757,,
3-419,HEALTH_MONITORING,550.8666142445264,1.0,100,FogNode_3,267,1.0,1899.4436001125757,885.9066369717567,15046.370870032544,14160.464233060788,13780.460948374975,26.15398321861129,,
4-388,VOICE_ASSISTANT,156.0136525970771,2.0,150,FogNode_2,63,1.0,681.967788340379,758.6876720602173,15064.202591320214,14305.514919259997,13907.07740411019,19.149743580971407,,
0-451,E_COMMERCE_TRANSACTION,255.95040770620238,0.5,300,FogNode_9,192,1.0,1349.236560939329,925.743951906303,15066.674382896017,14140.930430989714,13898.393280083144,25.74339924414201,,
6-431,GPS_TRACKING,616.4180500734211,0.2,200,FogNode_1,197,1.0,1597.9384595498836,817.9380792768522,15079.531207896349,14261.593128619497,13851.166631664404,50.92080801771219,,
6-435,SMART_HOME_CONTROL,829.0789365104418,0.1,150,FogNode_1,197,1.0,1597.9384595498836,824.1901883624579,15083.517499150495,14259.327310788038,13722.307797241026,68.48821080522987,,
2-441,HEALTH_MONITORING,220.12099008182295,1.0,100,FogNode_3,270,1.0,1899.4436001125757,898.516552090807,15093.908215107274,14195.391663016468,13993.684397742634,10.45087963546214,,
3-250,AUGMENTED_REALITY,547.8062951825997,30.0,150,FogNode_6,79,1.0,816.2509881302752,536.2449595036778,15097.075823840483,14560.830864336805,11481.167732641612,73.81431395642267,,
4-440,HEALTH_MONITORING,541.2995982649163,1.0,100,FogNode_3,267,1.0,1899.4436001125757,885.0876420128575,15097.992315571755,14212.904673558898,13835.319443183107,25.699761508831216,,
6-266,GPS_TRACKING,893.3375445286847,0.2,200,FogNode_5,27,1.0,782.8923712617282,466.51334739520394,15102.49463500891,14635.981287613706,13465.447828766628,132.7854934592511,,
5-285,GPS_TRACKING,474.50457346141036,0.2,200,FogNode_4,131,1.0,1758.3565909566523,591.103335066296,15110.328198542282,14519.224863475985,14224.66829981463,39.527939038004796,,
9-329,AUGMENTED_REALITY,198.07122741218936,30.0,150,FogNode_6,80,1.0,816.2509881302752,641.7871883423887,15110.35044285376,14468.563254511371,11814.797282453063,26.689163477144607,,
3-449,HEALTH_MONITORING,396.03014558890595,1.0,100,FogNode_7,291,1.0,1727.0272900361456,952.5157682387223,15117.953893672111,14165.43812543339,13844.733067470912,27.143541862318287,,
9-404,SMART_HOME_CONTROL,712.8009689133905,0.1,150,FogNode_1,197,1.0,1597.9384595498836,827.6067019604294,15118.416089043296,14290.809387082867,13829.828140739302,58.88276842080591,,
8-269,E_COMMERCE_TRANSACTION,671.2328303221726,0.5,300,FogNode_4,59,1.0,1758.3565909566523,561.5290420309314,15124.658944099026,14563.129902068094,14130.41294477827,55.91611099495552,,
0-440,HEALTH_MONITORING,353.1859608343304,1.0,100,FogNode_3,267,1.0,1899.4436001125757,893.1754076248885,15129.207729411708,14236.032321786819,13959.275118706033,16.768523366365844,,
5-445,HEALTH_MONITORING,71.07988941788143,1.0,100,FogNode_3,271,1.0,1899.4436001125757,898.3587733658605,15135.413742253584,14237.054968887724,14110.498645042451,3.374723003617729,,
8-423,HEALTH_MONITORING,234.2714104529414,1.0,100,FogNode_3,267,1.0,1899.4436001125757,892.684643240971,15155.617619562958,14262.932976321987,14046.456274375094,11.122711703974911,,
1-173,HEALTH_MONITORING,496.92263205672145,1.0,100,FogNode_8,39,1.0,770.9711269175084,293.6624640698846,15162.113098223314,14868.450634153429,14129.906430387673,47.23481575847979,,
6-510,GPS_TRACKING,753.4877108343252,0.2,200,FogNode_9,202,1.0,1349.236560939329,939.3195752629798,15166.100834001656,14226.781258738676,13639.110499885162,75.7855208725757,,
2-472,HEALTH_MONITORING,642.1021315593963,1.0,100,FogNode_7,292,1.0,1727.0272900361456,955.6754922632626,15167.726600953321,14212.051108690059,13754.397274182851,44.00908941401181,,
5-475,E_COMMERCE_TRANSACTION,268.05619167941074,0.5,300,FogNode_9,205,1.0,1349.236560939329,940.2081135033121,15169.249171936353,14229.041058433042,13980.012246290718,26.960994608722814,,
3-454,HEALTH_MONITORING,695.5248087711038,1.0,100,FogNode_7,292,1.0,1727.0272900361456,956.0346982992776,15200.484299347198,14244.44960104792,13755.897038623103,47.670630565473395,,
8-429,HEALTH_MONITORING,205.1537774940153,1.0,100,FogNode_3,271,1.0,1899.4436001125757,899.2692805954678,15201.915516551684,14302.646235956216,14107.13325372981,9.740267997855897,,
0-239,GPS_TRACKING,473.467885441873,0.2,200,FogNode_5,27,1.0,782.8923712617282,466.50433535694793,15216.07458689019,14749.570251533243,14113.994136349538,70.3761609377748,,
4-454,E_COMMERCE_TRANSACTION,434.9792666656177,0.5,300,FogNode_9,192,1.0,1349.236560939329,932.6390671055804,15216.235414373761,14283.596347268181,13909.63871167526,43.75005699366094,,
5-446,HEALTH_MONITORING,175.4550724434099,1.0,100,FogNode_3,270,1.0,1899.4436001125757,898.4500022638211,15221.579554736245,14323.129552472425,14141.404621460722,8.330236216254354,,
1-216,GPS_TRACKING,709.7391359005884,0.2,200,FogNode_0,53,1.0,1189.2931772946604,387.2947073605853,15226.861216166264,14839.56650880568,14219.876429565451,45.19206187577345,,
1-521,HEALTH_MONITORING,402.38365103250226,1.0,100,FogNode_7,292,1.0,1727.0272900361456,955.4291622498204,15229.822467350834,14274.393305101014,13951.601249968573,27.579005280700937,,
5-373,HEALTH_MONITORING,289.56409368460777,1.0,100,FogNode_2,69,1.0,681.967788340379,787.681398445963,15239.636351391497,14451.954952945534,13935.256282317387,35.54226218033246,,
6-325,GPS_TRACKING,708.6135457206907,0.2,200,FogNode_4,120,1.0,1758.3565909566523,588.0008068811952,15251.34281033574,14663.342003454545,14231.561419569392,59.03005914658444,,
7-434,E_COMMERCE_TRANSACTION,476.2082411147272,0.5,300,FogNode_9,192,1.0,1349.236560939329,933.7905828758996,15261.155829884015,14327.365247008116,13919.436151496036,47.89685230132177,,
9-289,E_COMMERCE_TRANSACTION,909.010980392003,0.5,300,FogNode_4,61,1.0,1758.3565909566523,565.123388569795,15264.599709267393,14699.476320697599,14134.851780912979,75.72388682305129,,
7-200,SENSOR_DATA_LOGGING,702.5901887566494,0.1,10000,FogNode_0,64,1.0,1189.2931772946604,396.1183504377501,15279.735060940397,14883.616710502647,14277.856212937773,44.736858484367424,,
6-294,AUGMENTED_REALITY,836.3830365867284,30.0,150,FogNode_6,79,1.0,816.2509881302752,528.4639621378822,15293.89644300948,14765.432480871597,11326.699364189415,112.69866847707578,,
3-443,E_COMMERCE_TRANSACTION,479.25641909940094,0.5,300,FogNode_9,202,1.0,1349.236560939329,939.1289025063156,15300.63371073731,14361.504808230993,13956.047604314237,48.203436938282906,,
3-427,VOICE_ASSISTANT,174.19772535221665,2.0,150,FogNode_7,247,1.0,1727.0272900361456,900.3467333704295,15301.34994655337,14401.00321318294,14130.250318974391,11.939351847540193,,
1-487,HEALTH_MONITORING,709.9788785337128,1.0,100,FogNode_3,269,1.0,1899.4436001125757,896.6957210757014,15303.683298980979,14406.987577905278,13947.54157364277,33.70829742551182,,
0-296,AUGMENTED_REALITY,545.9661311422394,30.0,150,FogNode_6,79,1.0,816.2509881302752,587.7745313951731,15304.754239100961,14716.979707705788,11640.394247000175,73.56636053310322,,
1-543,HEALTH_MONITORING,137.76183152146135,1.0,100,FogNode_7,308,1.0,1727.0272900361456,985.9323670222162,15309.590651858549,14323.658284836332,14157.329369384586,9.442069202514709,,
9-456,E_COMMERCE_TRANSACTION,338.58388997095653,0.5,300,FogNode_9,208,1.0,1349.236560939329,944.3757186791901,15317.619176250295,14373.243457571105,14070.624783274412,34.05464494185201,,
2-436,VOICE_ASSISTANT,66.69408564590233,2.0,150,FogNode_3,267,1.0,1899.4436001125757,888.4905200291051,15338.795731717571,14450.305211688466,14241.653865226286,3.1664943048976686,,
4-447,HEALTH_MONITORING,555.872169680906,1.0,100,FogNode_3,269,1.0,1899.4436001125757,897.870667448996,15339.020870089382,14441.150202640385,14059.71198212523,26.391636417221704,,
2-396,GPS_TRACKING,903.4124516164158,0.2,200,FogNode_1,197,1.0,1597.9384595498836,812.068184320474,15342.078026644318,14530.009842323843,13934.048331095993,74.62872315969801,,
7-430,E_COMMERCE_TRANSACTION,927.1629204429853,0.5,300,FogNode_9,192,1.0,1349.236560939329,927.9952864108475,15354.766438166856,14426.77115175601,13692.501458682811,93.25371051069457,,
6-479,VOICE_ASSISTANT,84.05512327424881,2.0,150,FogNode_7,247,1.0,1727.0272900361456,902.501083921069,15358.261060113933,14455.759976192865,14232.3671584171,5.7610608251656545,,
0-485,E_COMMERCE_TRANSACTION,753.2232416778535,0.5,300,FogNode_7,310,1.0,1727.0272900361456,992.8734494457804,15359.39788391514,14366.52443446936,13879.130083618189,51.62522807891681,,
9-397,GPS_TRACKING,928.172803365572,0.2,200,FogNode_1,197,1.0,1597.9384595498836,819.0307676093387,15360.249886984782,14541.219119375444,13935.857650363158,76.67411608373656,,
6-477,HEALTH_MONITORING,431.7062221056394,1.0,100,FogNode_3,272,1.0,1899.4436001125757,900.2639125504857,15382.897977916347,14482.634065365863,14162.342088184254,20.49649950887936,,
9-430,HEALTH_MONITORING,841.9401598499355,1.0,100,FogNode_3,269,1.0,1899.4436001125757,896.0142858036447,15390.683028194178,14494.668742390533,13963.432204283261,39.973540313364374,,
3-229,SMART_HOME_CONTROL,738.3837990711189,0.1,150,FogNode_5,35,1.0,782.8923712617282,482.4693513604069,15391.06422960652,14908.594878246113,13951.387751752618,109.75320327962191,,
1-253,SENSOR_DATA_LOGGING,158.58031669773004,0.1,10000,FogNode_5,33,1.0,782.8923712617282,478.84425978403414,15418.63156984068,14939.787310056645,14718.48150949471,23.571342920264183,,
6-409,VOICE_ASSISTANT,287.01734515989233,2.0,150,FogNode_2,66,1.0,681.967788340379,773.5718507711455,15419.689753693703,14646.117902922557,14057.472061110779,35.22966401727636,,
0-202,SENSOR_DATA_LOGGING,689.7257221259923,0.1,10000,FogNode_0,57,1.0,1189.2931772946604,390.73728699305065,15431.421471799737,15040.684184806685,14440.157258032155,43.9177240410712,,
1-223,SENSOR_DATA_LOGGING,253.07632839947922,0.1,10000,FogNode_0,69,1.0,1189.2931772946604,397.5199770456672,15439.65679359921,15042.136816553542,14815.514901209048,16.114429251263367,,
6-313,E_COMMERCE_TRANSACTION,325.1908369496455,0.5,300,FogNode_4,75,1.0,1758.3565909566523,570.2596746630729,15449.539919132743,14879.28024446967,14641.773874175902,27.08956730363046,,
1-496,VOICE_ASSISTANT,284.8573231968569,2.0,150,FogNode_7,246,1.0,1727.0272900361456,908.8748389108071,15466.290781501551,14557.415942590744,14224.158072613944,19.523858885752492,,
9-421,VOICE_ASSISTANT,526.0667289492467,2.0,150,FogNode_3,267,1.0,1899.4436001125757,878.9005967215325,15478.8738473587,14599.973250637167,14153.181560840585,24.976537050947343,,
5-439,VOICE_ASSISTANT,275.10504208979944,2.0,150,FogNode_3,267,1.0,1899.4436001125757,892.4667262270785,15483.630272776592,14591.163546549515,14275.126286393122,13.061406278976472,,
0-409,GPS_TRACKING,594.4710677856781,0.2,200,FogNode_1,197,1.0,1597.9384595498836,819.4473112062083,15490.439845172885,14670.992533966677,14274.463294346524,49.10782075767141,,
0-470,HEALTH_MONITORING,934.7710110847612,1.0,100,FogNode_7,293,1.0,1727.0272900361456,959.0355850548035,15526.95304883454,14567.917463779737,13940.642672659777,64.06834518450755,,
5-153,HEALTH_MONITORING,282.23280583963617,1.0,100,FogNode_8,51,1.0,770.9711269175084,336.3340993831074,15528.187515261547,15191.853415878439,14737.768019335548,26.82754562748979,,
6-274,SMART_HOME_CONTROL,88.65384975319333,0.1,150,FogNode_5,32,1.0,782.8923712617282,476.304280045388,15531.870442778369,15055.566162732981,14919.714836259433,13.177488462942451,,
1-547,E_COMMERCE_TRANSACTION,916.3169106125532,0.5,300,FogNode_7,312,1.0,1727.0272900361456,993.389813765238,15533.034325471494,14539.644511706256,13956.623154938174,62.8035181144522,,
1-219,GPS_TRACKING,127.33596373850636,0.2,200,FogNode_0,57,1.0,1189.2931772946604,390.4323369576024,15538.490078741688,15148.057741784085,15019.208833766099,8.108013861994296,,
5-434,VOICE_ASSISTANT,602.4661870127079,2.0,150,FogNode_3,267,1.0,1899.4436001125757,883.5609004117468,15538.75990532786,14655.199004916114,14165.277731214006,28.603821937041012,,
0-465,E_COMMERCE_TRANSACTION,688.4430601192662,0.5,300,FogNode_9,223,1.0,1349.236560939329,949.5080587380103,15543.241704276308,14593.733645538297,14038.434260922566,69.24335347749343,,
7-383,SMART_HOME_CONTROL,740.1383481494322,0.1,150,FogNode_1,197,1.0,1597.9384595498836,826.169764128971,15546.700761137892,14720.530997008922,14239.800939362587,61.14104336849776,,
8-424,VOICE_ASSISTANT,396.3516361424387,2.0,150,FogNode_3,268,1.0,1899.4436001125757,893.5716185758764,15547.688100913687,14654.116482337811,14275.04947724583,18.817938448774797,,
8-433,HEALTH_MONITORING,336.17209573061945,1.0,100,FogNode_9,192,1.0,1349.236560939329,918.3023240592976,15566.7764444884,14648.474120429102,14312.1641907164,33.81206755125458,,
4-445,VOICE_ASSISTANT,350.6479508792246,2.0,150,FogNode_3,268,1.0,1899.4436001125757,894.1893696426097,15567.503591296203,14673.314221653593,14318.534615539804,16.64802401487485,,
7-449,HEALTH_MONITORING,716.6835712598521,1.0,100,FogNode_7,293,1.0,1727.0272900361456,959.5053686209832,15582.70763535542,14623.202266734437,14113.484778173177,49.120832682067714,,
7-466,E_COMMERCE_TRANSACTION,933.0259479643513,0.5,300,FogNode_7,312,1.0,1727.0272900361456,993.7735457979383,15583.369092332952,14589.595546535014,13996.03563197139,63.94874016355441,,
1-355,AUGMENTED_REALITY,535.3388606152869,30.0,150,FogNode_6,80,1.0,816.2509881302752,647.7045542271289,15593.680343453343,14945.975789226213,11882.91809005128,72.13438596458384,,
3-263,E_COMMERCE_TRANSACTION,830.5208574937027,0.5,300,FogNode_4,72,1.0,1758.3565909566523,569.219787430233,15596.986833541434,15027.767046111201,14505.497431510006,69.18537704562794,,
6-214,SENSOR_DATA_LOGGING,377.8972704838829,0.1,10000,FogNode_0,61,1.0,1189.2931772946604,395.0787600219368,15597.484525663218,15202.40576564128,14868.17093492401,24.062301156217494,,
1-302,E_COMMERCE_TRANSACTION,865.8076100646989,0.5,300,FogNode_4,60,1.0,1758.3565909566523,564.5542126318368,15602.724117844205,15038.16990521237,14492.08629926317,72.12489055611033,,
5-391,GPS_TRACKING,838.501233475634,0.2,200,FogNode_1,197,1.0,1597.9384595498836,812.8865709706783,15604.270585977172,14791.384015006493,14235.967963261344,69.26656402638112,,
5-479,E_COMMERCE_TRANSACTION,609.1005322781624,0.5,300,FogNode_9,225,1.0,1349.236560939329,950.9705038361601,15617.541707983095,14666.571204146934,14165.117586101806,61.26311078298848,,
5-371,HEALTH_MONITORING,706.4946127290701,1.0,100,FogNode_2,67,1.0,681.967788340379,781.8195267391318,15619.029522999077,14837.209996259946,13707.411306930639,86.71799198266355,,
4-328,AUGMENTED_REALITY,560.6756392922781,30.0,150,FogNode_6,80,1.0,816.2509881302752,658.9314032061412,15625.14514081748,14966.213737611339,11868.8196475583,75.5483973630553,,
6-319,E_COMMERCE_TRANSACTION,55.070427553554964,0.5,300,FogNode_4,95,1.0,1758.3565909566523,578.8444951013566,15634.04337801975,15055.198882918394,14977.755889519425,4.587564851597394,,
2-474,HEALTH_MONITORING,898.3652636403731,1.0,100,FogNode_7,293,1.0,1727.0272900361456,959.9823533825436,15638.1340140578,14678.151660675256,14069.142428564377,61.57312874507139,,
1-506,HEALTH_MONITORING,113.9336105696054,1.0,100,FogNode_9,192,1.0,1349.236560939329,925.5490540332826,15651.219464984588,14725.670410951305,14550.046093638086,11.4594012586481,,
7-226,GPS_TRACKING,95.53346043317303,0.2,200,FogNode_5,32,1.0,782.8923712617282,475.2602035562022,15653.89674414494,15178.636540588737,15032.792356959144,14.200072260683314,,
3-426,HEALTH_MONITORING,986.1155540348009,1.0,100,FogNode_3,272,1.0,1899.4436001125757,899.9194444070436,15654.573960528218,14754.654516121174,14145.415126340158,46.81868347968052,,
5-492,HEALTH_MONITORING,361.32726805846465,1.0,100,FogNode_7,308,1.0,1727.0272900361456,987.3592084695293,15675.509981535677,14688.150773066147,14388.692235080029,24.765038560278683,,
1-516,E_COMMERCE_TRANSACTION,622.973693692741,0.5,300,FogNode_9,223,1.0,1349.236560939329,949.9438249038855,15677.958518926333,14728.014694022448,14214.298456179162,62.658468330079685,,
7-421,HEALTH_MONITORING,517.5444911981763,1.0,100,FogNode_9,192,1.0,1349.236560939329,917.6362550058074,15684.216920814173,14766.580665808366,14295.428002090135,52.054437353405056,,
4-13,AUGMENTED_REALITY,71.04529970271959,30.0,150,FogNode_3,6,1.0,1899.4436001125757,31.970430421565368,15691.97717676402,15660.006746342455,13214.883546388344,3.3730807570075947,,
1-498,VOICE_ASSISTANT,205.40908216250216,2.0,150,FogNode_7,246,1.0,1727.0272900361456,911.990359720859,15701.645583439727,14789.655223718868,14503.848998517708,14.07854953134265,,
9-381,HEALTH_MONITORING,761.3565522613115,1.0,100,FogNode_2,67,1.0,681.967788340379,782.6201789861126,15703.76913582572,14921.148956839606,13710.31358740989,93.45196722719201,,
8-276,E_COMMERCE_TRANSACTION,133.90777186410588,0.5,300,FogNode_4,95,1.0,1758.3565909566523,578.8662713917906,15710.19844949547,15131.33217810368,15008.439618037444,11.154999422550132,,
1-305,E_COMMERCE_TRANSACTION,812.2021854262453,0.5,300,FogNode_4,75,1.0,1758.3565909566523,570.2250857014517,15713.25263545509,15143.027549753639,14628.952944974359,67.65936572089505,,
9-368,VOICE_ASSISTANT,548.1822600797027,2.0,150,FogNode_2,64,1.0,681.967788340379,764.9464456980937,15714.90071176746,14949.954266069366,13971.446395556983,67.28609670638757,,
4-382,AUGMENTED_REALITY,340.2198887592464,30.0,150,FogNode_6,76,1.0,816.2509881302752,750.8406200427285,15721.562174045777,14970.721554003048,12148.502397179764,45.84302499613168,,
7-363,VOICE_ASSISTANT,450.3171103379408,2.0,150,FogNode_2,65,1.0,681.967788340379,771.8089026316567,15724.522797108559,14952.713894476901,14120.137567581984,55.273734378661246,,
7-227,SMART_HOME_CONTROL,280.9726326998468,0.1,150,FogNode_5,32,1.0,782.8923712617282,476.8228761932582,15749.954727219907,15273.131851026648,14892.38935040919,41.7637094848375,,
2-195,GPS_TRACKING,370.1465582425886,0.2,200,FogNode_0,55,1.0,1189.2931772946604,389.2101146962785,15750.88918381991,15361.679069123633,15026.480196880962,23.568780861968214,,
8-422,VOICE_ASSISTANT,424.2540088246689,2.0,150,FogNode_3,267,1.0,1899.4436001125757,891.6931316173341,15762.116897238295,14870.42376562096,14472.850977505592,20.142684164017133,,
7-164,HEALTH_MONITORING,616.0841310549661,1.0,100,FogNode_8,51,1.0,770.9711269175084,337.3911456381649,15781.846349956022,15444.455204317857,14559.854171139943,58.56167247134508,,
6-421,VOICE_ASSISTANT,64.87571463773156,2.0,150,FogNode_2,70,1.0,681.967788340379,789.2538873202363,15798.89931022239,15009.645422902155,14746.434739105081,7.963106300404045,,
2-455,HEALTH_MONITORING,754.139219112188,1.0,100,FogNode_9,192,1.0,1349.236560939329,919.2938304276768,15820.093558778022,14900.799728350346,14256.783372260528,75.85104933903995,,
3-446,E_COMMERCE_TRANSACTION,891.4468875578764,0.5,300,FogNode_9,215,1.0,1349.236560939329,947.5098630162552,15829.953835125481,14882.443972109226,14167.588185609851,89.66140486751047,,
2-285,E_COMMERCE_TRANSACTION,413.9624986396216,0.5,300,FogNode_4,75,1.0,1758.3565909566523,569.6350523608857,15832.412628723514,15262.777576362629,14973.40301819941,34.48456627273762,,
6-430,GPS_TRACKING,809.2138023064565,0.2,200,FogNode_1,197,1.0,1597.9384595498836,813.9248253558428,15848.489144963856,15034.564319608013,14497.41286949995,66.84719999296253,,
6-535,HEALTH_MONITORING,306.9379107674888,1.0,100,FogNode_7,308,1.0,1727.0272900361456,987.2141250850232,15853.23613128347,14866.022006198446,14596.388964085874,21.037242045453105,,
5-223,SENSOR_DATA_LOGGING,86.78797443276736,0.1,10000,FogNode_5,36,1.0,782.8923712617282,483.7180979237344,15860.810290025938,15377.092192102204,15250.375284915404,12.900145171290117,,
2-437,VOICE_ASSISTANT,725.6711559966977,2.0,150,FogNode_3,267,1.0,1899.4436001125757,891.8753247045064,15860.917913291318,14969.042588586812,14413.219152707637,34.45333361179724,,
1-23,AUGMENTED_REALITY,332.78133114321395,30.0,150,FogNode_3,6,1.0,1899.4436001125757,30.705291574624496,15867.17655153013,15836.471259955506,13252.119943396654,15.799754650448442,,
8-369,VOICE_ASSISTANT,172.34675059049962,2.0,150,FogNode_2,70,1.0,681.967788340379,789.1946916717245,15871.749304691286,15082.554613019562,14663.866538861783,21.15453375958927,,
9-472,HEALTH_MONITORING,889.5125061264839,1.0,100,FogNode_7,308,1.0,1727.0272900361456,989.4235497703949,15873.31517145219,14883.891621681796,14280.96422009651,60.96636888890468,,
1-507,HEALTH_MONITORING,266.5471108308933,1.0,100,FogNode_9,192,1.0,1349.236560939329,931.2568770069663,15875.512542103206,14944.25566509624,14655.690777707276,26.809211803908273,,
8-273,E_COMMERCE_TRANSACTION,319.83762969692293,0.5,300,FogNode_4,84,1.0,1758.3565909566523,572.6266492462468,15892.094221571437,15319.46757232519,15082.86909149776,26.64362586959994,,
0-246,GPS_TRACKING,619.5735530172309,0.2,200,FogNode_5,28,1.0,782.8923712617282,473.15175312648677,15893.885093979294,15420.733340852807,14605.101676898263,92.09327479357138,,
0-441,VOICE_ASSISTANT,970.2639146724093,2.0,150,FogNode_3,268,1.0,1899.4436001125757,894.6272700831953,15901.497834495825,15006.87056441263,14325.293440692329,46.06608112704016,,
5-453,VOICE_ASSISTANT,956.1128743990757,2.0,150,FogNode_7,247,1.0,1727.0272900361456,903.5814534775916,15913.015582903015,15009.434129425425,14282.0406869773,65.53109686324792,,
9-297,E_COMMERCE_TRANSACTION,822.8457975751539,0.5,300,FogNode_4,89,1.0,1758.3565909566523,576.8589075135019,15917.50290332327,15340.643995809767,14825.976554784627,68.5460169265877,,
1-348,AUGMENTED_REALITY,923.6907102972161,30.0,150,FogNode_6,80,1.0,816.2509881302752,639.1140219854515,15919.71851899627,15280.604497010818,11739.981408847925,124.46296562872261,,
9-431,VOICE_ASSISTANT,698.9223590133103,2.0,150,FogNode_3,272,1.0,1899.4436001125757,900.7408478310948,15935.465219097043,15034.724371265947,14495.343606130107,33.18335723397484,,
6-475,VOICE_ASSISTANT,774.4466239596086,2.0,150,FogNode_3,269,1.0,1899.4436001125757,895.9868943166953,15955.41098561198,15059.424091295285,14477.837767438194,36.76908979958396,,
6-482,VOICE_ASSISTANT,666.6120130312476,2.0,150,FogNode_7,247,1.0,1727.0272900361456,907.7676451999663,15969.357210110347,15061.58956491038,14504.484928644508,45.68897414294415,,
8-313,AUGMENTED_REALITY,826.8056380011403,30.0,150,FogNode_6,79,1.0,816.2509881302752,667.8661731049355,15974.734071172528,15306.867898067592,11880.622092613212,111.4081591998015,,
1-453,SENSOR_DATA_LOGGING,986.8354121503617,0.1,10000,FogNode_1,198,1.0,1597.9384595498836,829.0112383847381,15977.817732762986,15148.806494378248,14514.860233113603,81.52009267282675,,
1-36,AUGMENTED_REALITY,83.18089177869825,30.0,150,FogNode_3,21,1.0,1899.4436001125757,51.96473698278576,15979.257460032108,15927.292723049322,13474.800002500411,3.9492530340992844,,
7-413,VOICE_ASSISTANT,944.4970941959143,2.0,150,FogNode_3,272,1.0,1899.4436001125757,899.6500471122471,15980.879622080745,15081.229574968498,14417.79933703737,44.84272691948225,,
6-277,SENSOR_DATA_LOGGING,255.99385838620407,0.1,10000,FogNode_5,33,1.0,782.8923712617282,478.53320756999767,15980.881484044294,15502.348276474297,15154.568158537273,38.0508700395926,,
8-435,HEALTH_MONITORING,851.1027512136654,1.0,100,FogNode_9,192,1.0,1349.236560939329,920.1083613517804,15985.569646331578,15065.461284979798,14348.368265740744,85.60360625575247,,
2-485,HEALTH_MONITORING,203.97582090767568,1.0,100,FogNode_7,308,1.0,1727.0272900361456,989.873580917453,15991.423218779808,15001.549637862356,14789.213852681256,13.980315123423601,,
9-163,HEALTH_MONITORING,362.03355972616805,1.0,100,FogNode_8,53,1.0,770.9711269175084,340.5700605455321,15997.768731841794,15657.198671296263,15098.83512246547,34.41297978575503,,
1-288,HEALTH_MONITORING,308.05411688254725,1.0,100,FogNode_4,54,1.0,1758.3565909566523,544.9824451077003,16007.606965564455,15462.624520456755,15201.944519920544,25.662016835186552,,
6-502,HEALTH_MONITORING,483.90918554484557,1.0,100,FogNode_9,192,1.0,1349.236560939329,933.5708089356086,16009.873536149064,15076.302727213455,14629.279693431581,48.671410501084644,,
5-25,AUGMENTED_REALITY,473.3348844010616,30.0,150,FogNode_3,9,1.0,1899.4436001125757,37.79565153059781,16011.313495849072,15973.517844318474,13310.909362270626,22.472940460162743,,
7-420,VOICE_ASSISTANT,653.8288510945141,2.0,150,FogNode_7,246,1.0,1727.0272900361456,913.6408770719916,16016.720302107035,15103.079425035043,14559.10351169591,44.81282798329625,,
2-272,HEALTH_MONITORING,568.4665320079456,1.0,100,FogNode_4,54,1.0,1758.3565909566523,541.2103733629426,16036.546860830993,15495.33648746805,15085.776866578113,47.35530841871537,,
9-229,GPS_TRACKING,150.9747160379174,0.2,200,FogNode_5,28,1.0,782.8923712617282,473.4204921127087,16053.652526813356,15580.232034700646,15361.10706057488,22.4408481337722,,
2-486,HEALTH_MONITORING,918.9906672950241,1.0,100,FogNode_7,308,1.0,1727.0272900361456,990.3534631362622,16059.075889392429,15068.722426256167,14449.22304184973,62.986774937824535,,
6-414,VOICE_ASSISTANT,436.5313444406065,2.0,150,FogNode_2,67,1.0,681.967788340379,780.4947403140675,16059.79527173135,15279.300531417282,14470.990132324974,53.5816139929983,,
5-165,E_COMMERCE_TRANSACTION,623.049219715106,0.5,300,FogNode_0,47,1.0,1189.2931772946604,366.4885646428255,16062.37202106678,15695.883456423955,15125.306832720275,39.67215201299159,,
8-338,AUGMENTED_REALITY,790.1894340806236,30.0,150,FogNode_6,78,1.0,816.2509881302752,704.3541633959162,16065.147465494052,15360.793302098136,11977.740994943795,106.47429846134378,,
8-1,AUGMENTED_REALITY,133.0706042497208,30.0,150,FogNode_2,0,0.0,681.967788340379,1.9248125751094625,16066.876708836808,16064.951896261698,13457.457476071493,16.333621494833324,,
1-544,HEALTH_MONITORING,965.9844935509894,1.0,100,FogNode_7,308,1.0,1727.0272900361456,988.9649105186171,16092.367984600165,15103.403074081549,14454.340292122604,66.20768855881289,,
5-469,HEALTH_MONITORING,355.31105341744086,1.0,100,FogNode_9,192,1.0,1349.236560939329,932.4443230876021,16093.296130838307,15160.851807750705,14806.89730445409,35.73705697894927,,
3-390,SENSOR_DATA_LOGGING,981.9942819355136,0.1,10000,FogNode_1,197,1.0,1597.9384595498836,826.5875189405797,16104.978081027179,15278.390562086599,14643.510421264273,81.12017858492868,,
9-39,AUGMENTED_REALITY,240.3826112891342,30.0,150,FogNode_3,22,1.0,1899.4436001125757,68.52108817659656,16107.433846315089,16038.912758138493,13502.225806782646,11.412858610653124,,
7-350,AUGMENTED_REALITY,823.6186605435103,30.0,150,FogNode_6,77,1.0,816.2509881302752,730.2956417074481,16119.376676843518,15389.08103513607,11970.488139398132,110.97872902220354,,
9-30,AUGMENTED_REALITY,418.20393825188285,30.0,150,FogNode_3,18,1.0,1899.4436001125757,45.89515792141546,16121.66964598162,16075.774488060204,13442.261091467653,19.855439593116667,,
9-445,HEALTH_MONITORING,594.1286482854939,1.0,100,FogNode_9,192,1.0,1349.236560939329,929.5363946482929,16124.561235136538,15195.024840488246,14661.824463433868,59.757244117198034,,
9-447,HEALTH_MONITORING,56.63233271937272,1.0,100,FogNode_9,192,1.0,1349.236560939329,933.2356644461789,16135.269743441828,15202.034078995648,15066.060169351389,5.696059499914481,,
2-403,SMART_HOME_CONTROL,960.9636388711432,0.1,150,FogNode_1,198,1.0,1597.9384595498836,830.7091299067031,16148.077887477184,15317.36875757048,14699.204575719297,79.38288789747675,,
4-449,VOICE_ASSISTANT,528.7980516122383,2.0,150,FogNode_7,246,1.0,1727.0272900361456,912.8162588614407,16159.425879797038,15246.609620935596,14773.097879490826,36.24333200520688,,
7-28,AUGMENTED_REALITY,287.7522748023223,30.0,150,FogNode_3,22,1.0,1899.4436001125757,72.49769792702375,16162.806425033843,16090.30872710682,13529.774322336445,13.661870172724742,,
6-300,HEALTH_MONITORING,490.66401275169864,1.0,100,FogNode_4,54,1.0,1758.3565909566523,544.8711100892782,16171.14115396002,15626.270043870742,15258.140451993546,40.87407849983402,,
4-21,AUGMENTED_REALITY,590.3039641949329,30.0,150,FogNode_3,13,1.0,1899.4436001125757,41.805684342178736,16171.695218898047,16129.889534555869,13409.369174545285,28.026385288582404,,
2-31,AUGMENTED_REALITY,426.6816992253818,30.0,150,FogNode_3,22,1.0,1899.4436001125757,53.16526445045421,16180.046083595458,16126.880819145004,13489.652024651205,20.25794577609959,,
9-474,HEALTH_MONITORING,464.27590074430674,1.0,100,FogNode_7,310,1.0,1727.0272900361456,991.9732796315693,16181.845093254638,15189.87181362307,14828.304904721037,31.821043139983747,,
7-35,AUGMENTED_REALITY,123.03003260265804,30.0,150,FogNode_3,23,1.0,1899.4436001125757,83.001786653066,16186.441262572587,16103.439475919522,13627.330663400415,5.841206064898297,,
1-500,VOICE_ASSISTANT,851.8667711922172,2.0,150,FogNode_7,246,1.0,1727.0272900361456,914.1592340490398,16194.901698213911,15280.74246416487,14622.038761259275,58.38616484760245,,
2-457,HEALTH_MONITORING,885.6395074545577,1.0,100,FogNode_9,192,1.0,1349.236560939329,924.1055973726693,16199.642170357647,15275.536572984978,14532.58375299783,89.07730068146115,,
9-408,SENSOR_DATA_LOGGING,998.5347659446609,0.1,10000,FogNode_1,200,1.0,1597.9384595498836,835.4295999685904,16229.159961395255,15393.730361426664,14753.771443419122,82.48654806526675,,
1-290,HEALTH_MONITORING,110.39317516080872,1.0,100,FogNode_4,54,1.0,1758.3565909566523,549.5777737170043,16233.923171969658,15684.345398252653,15532.619373202659,9.1961488719415,,
1-284,AUGMENTED_REALITY,107.85205708494613,30.0,150,FogNode_3,116,1.0,1899.4436001125757,537.8949986564812,16236.826951992158,15698.931953335676,13231.903069831607,5.12058784858628,,
5-367,AUGMENTED_REALITY,160.3129306593474,30.0,150,FogNode_6,76,1.0,816.2509881302752,764.040797388375,16261.548980457685,15497.508183069309,12890.804751265347,21.601411117444123,,
7-357,AUGMENTED_REALITY,446.214559653004,30.0,150,FogNode_6,76,1.0,816.2509881302752,760.4443777307174,16268.225597602683,15507.781219871966,12553.717801135726,60.12530686084005,,
2-460,HEALTH_MONITORING,194.46000960011293,1.0,100,FogNode_9,192,1.0,1349.236560939329,933.8936788948276,16268.687191421574,15334.793512526747,15097.099699605911,19.558717288318213,,
4-376,AUGMENTED_REALITY,795.8705517637875,30.0,150,FogNode_6,77,1.0,816.2509881302752,740.8452146019508,16268.928097901351,15528.082883299401,12143.667538031876,107.23980226802907,,
5-282,E_COMMERCE_TRANSACTION,695.0563999289726,0.5,300,FogNode_4,111,1.0,1758.3565909566523,584.3986820976006,16312.790414118119,15728.391732020518,15283.468759790656,57.90070010063216,,
0-36,AUGMENTED_REALITY,390.43380835262246,30.0,150,FogNode_3,22,1.0,1899.4436001125757,73.04747268437403,16312.98551856768,16239.938045883307,13619.665624826026,18.53697248586607,,
6-508,HEALTH_MONITORING,592.2623927894616,1.0,100,FogNode_9,202,1.0,1349.236560939329,938.7270373783284,16314.473662736591,15375.746625358262,14850.218921519414,59.56953681578563,,
0-201,GPS_TRACKING,862.3109047453123,0.2,200,FogNode_0,55,1.0,1189.2931772946604,389.0485087525104,16322.546201966492,15933.497693213982,15183.62324195026,54.90694509040393,,
7-15,AUGMENTED_REALITY,873.7169546601067,30.0,150,FogNode_3,18,1.0,1899.4436001125757,45.917312752681816,16327.162283461483,16281.244970708802,13410.17566150233,41.482235407087295,,
9-162,HEALTH_MONITORING,257.3141413245952,1.0,100,FogNode_8,52,1.0,770.9711269175084,337.8822689675239,16331.522010454686,15993.639741487163,15565.696357495939,24.458910247684877,,
5-399,GPS_TRACKING,772.1803676068051,0.2,200,FogNode_1,197,1.0,1597.9384595498836,824.582357491355,16331.724505494773,15507.142148003417,14996.748383896937,63.78795729500323,,
8-280,E_COMMERCE_TRANSACTION,526.6500065777578,0.5,300,FogNode_4,122,1.0,1758.3565909566523,588.6966197649416,16336.059490570806,15747.362870805864,15398.657073786442,43.87184132391388,,
1-505,HEALTH_MONITORING,984.6946503447499,1.0,100,FogNode_9,192,1.0,1349.236560939329,924.0791231736836,16347.357871324542,15423.278748150859,14598.961255040558,99.04023105324958,,
3-187,SENSOR_DATA_LOGGING,85.02599006792175,0.1,10000,FogNode_0,69,1.0,1189.2931772946604,399.8219694395882,16394.039078316237,15994.217108876648,15908.187492303776,5.413960721389089,,
3-476,HEALTH_MONITORING,743.61130139661,1.0,100,FogNode_7,312,1.0,1727.0272900361456,993.6446802043455,16399.93019855516,15406.285518350816,14882.293149014151,50.96643453426361,,
9-2,AUGMENTED_REALITY,419.95968340804154,30.0,150,FogNode_2,0,0.0,681.967788340379,3.678007226922502,16414.705057338462,16411.02705011154,13386.335873912321,51.54754162688321,,
1-38,AUGMENTED_REALITY,845.6135781303337,30.0,150,FogNode_3,22,1.0,1899.4436001125757,59.163051944173766,16424.44760838935,16365.284556445176,13511.602687607667,40.14794645375507,,
7-384,GPS_TRACKING,714.5760144512163,0.2,200,FogNode_1,197,1.0,1597.9384595498836,826.2791635406724,16425.003924559445,15598.724761018773,15125.479250639477,59.02940065041625,,
7-266,AUGMENTED_REALITY,379.0221885544476,30.0,150,FogNode_3,140,1.0,1899.4436001125757,547.6172065865358,16436.37074920308,15888.753542616545,13278.437163237959,17.995172883238215,,
6-276,SENSOR_DATA_LOGGING,364.4656484951698,0.1,10000,FogNode_5,33,1.0,782.8923712617282,477.6622622990798,16446.41884508383,15968.75658278475,15480.48068276413,54.174092738831604,,
2-263,AUGMENTED_REALITY,551.2988028318755,30.0,150,FogNode_3,104,1.0,1899.4436001125757,532.053286807733,16453.048684819394,15920.99539801166,13217.11651341845,26.174502619803004,,
5-482,VOICE_ASSISTANT,630.0828314240329,2.0,150,FogNode_7,293,1.0,1727.0272900361456,960.5677517245982,16457.204623290945,15496.636871566347,14963.685948670727,43.1852976395375,,
3-257,AUGMENTED_REALITY,571.468672422316,30.0,150,FogNode_3,141,1.0,1899.4436001125757,548.3813201173529,16487.302352835253,15938.9210327179,13231.121091835375,27.132125422036925,,
6-487,VOICE_ASSISTANT,858.7614745458781,2.0,150,FogNode_7,247,1.0,1727.0272900361456,915.880400666342,16488.671571194613,15572.791170528271,14902.57143201111,58.85872147288174,,
3-474,VOICE_ASSISTANT,535.3322442802382,2.0,150,FogNode_7,308,1.0,1727.0272900361456,985.6868551920321,16491.81833303421,15506.131477842178,15024.322257364673,36.691179559732234,,
9-10,AUGMENTED_REALITY,290.47878690153493,30.0,150,FogNode_2,0,0.0,681.967788340379,14.193879596518554,16492.818801510184,16478.624921913666,13646.744234877859,35.654535306868674,,
6-509,HEALTH_MONITORING,670.3104170425385,1.0,100,FogNode_9,202,1.0,1349.236560939329,939.0398904385852,16506.680720632616,15567.64083019403,14984.147886998107,67.41957880856792,,
6-505,HEALTH_MONITORING,954.726409495708,1.0,100,FogNode_9,194,1.0,1349.236560939329,934.9552998012631,16527.69846449673,15592.743164695468,14797.28632542566,96.02603624990684,,
3-260,AUGMENTED_REALITY,238.06826655510113,30.0,150,FogNode_3,173,1.0,1899.4436001125757,557.9745618155914,16549.783399639477,15991.808837823884,13452.52598562367,11.302978411398367,,
4-394,AUGMENTED_REALITY,229.88945036292455,30.0,150,FogNode_6,85,1.0,816.2509881302752,779.2611378066177,16550.56873749128,15771.307599684664,13081.667110231807,30.97651891477818,,
2-275,HEALTH_MONITORING,967.0628717989856,1.0,100,FogNode_4,54,1.0,1758.3565909566523,549.3192810280245,16557.588054026633,16008.268772998608,15370.483160205986,80.55981834598042,,
4-465,VOICE_ASSISTANT,862.850927248247,2.0,150,FogNode_7,293,1.0,1727.0272900361456,959.2584507187397,16558.692156156914,15599.433705438174,14930.933164052421,59.13900879912975,,
4-200,SMART_HOME_CONTROL,962.9859270038395,0.1,150,FogNode_0,59,1.0,1189.2931772946604,393.38877107480243,16560.601999287657,16167.213228212855,15336.693728226834,61.31734520097286,,
1-296,AUGMENTED_REALITY,477.67880116642067,30.0,150,FogNode_3,168,1.0,1899.4436001125757,555.3138370378456,16564.46905887291,16009.155221835064,13349.36218864974,22.6791804522887,,
7-464,VOICE_ASSISTANT,295.5397190750939,2.0,150,FogNode_7,309,1.0,1727.0272900361456,990.4552724351016,16571.056457404786,15580.601184969684,15234.95460330207,20.256020472289315,,
6-310,AUGMENTED_REALITY,255.9210254805496,30.0,150,FogNode_3,178,1.0,1899.4436001125757,561.4138748044426,16571.105481766543,16009.6916069621,13464.096554830594,12.150589693818233,,
1-519,VOICE_ASSISTANT,962.9015152125165,2.0,150,FogNode_7,291,1.0,1727.0272900361456,952.185182538783,16574.268825380437,15622.083642841655,14897.88139654474,65.99638405958967,,
6-42,AUGMENTED_REALITY,55.96622365906944,30.0,150,FogNode_7,29,1.0,1727.0272900361456,95.96789807009037,16591.098258817805,16495.130360747713,14056.326446870782,3.8358734851026326,,
8-190,SMART_HOME_CONTROL,634.687741483381,0.1,150,FogNode_0,64,1.0,1189.2931772946604,395.68578906020474,16596.040046411996,16200.354257351792,15648.044921043638,40.413225414878916,,
4-271,AUGMENTED_REALITY,807.6489175477226,30.0,150,FogNode_3,111,1.0,1899.4436001125757,535.5132603729194,16596.898113840467,16061.384853467547,13224.84256230303,38.34546456412446,,
2-278,HEALTH_MONITORING,549.1257964395418,1.0,100,FogNode_4,53,1.0,1758.3565909566523,554.7694484567163,16625.08531451758,16070.315866060862,15672.16057074751,45.744155525243386,,
8-359,AUGMENTED_REALITY,820.2526859016201,30.0,150,FogNode_6,76,1.0,816.2509881302752,754.3846670830483,16630.04767426557,15875.663007182522,12463.607204782784,110.52517981845988,,
5-183,GPS_TRACKING,84.07898146308139,0.2,200,FogNode_0,59,1.0,1189.2931772946604,393.3714006219791,16631.298597122634,16237.927196500654,16145.679437033308,5.353660719174149,,
8-390,GPS_TRACKING,782.375166955861,0.2,200,FogNode_1,198,1.0,1597.9384595498836,832.422435548189,16637.693217955082,15805.270782406893,15291.920823007273,64.63012507443561,,
7-40,AUGMENTED_REALITY,271.23759357588585,30.0,150,FogNode_7,22,1.0,1727.0272900361456,87.84843143728705,16648.87294076436,16561.02450932707,13991.870627207954,18.590375146602916,,
2-365,AUGMENTED_REALITY,872.9118664860276,30.0,150,FogNode_6,77,1.0,816.2509881302752,744.2469114730669,16663.096343163852,15918.849431690785,12434.909856350318,117.62075597836831,,
7-275,AUGMENTED_REALITY,407.0353979306452,30.0,150,FogNode_3,182,1.0,1899.4436001125757,562.6978750262118,16667.34059530651,16104.642720280297,13480.634863322499,19.325180890583695,,
9-377,VOICE_ASSISTANT,976.7022508159889,2.0,150,FogNode_2,66,1.0,681.967788340379,778.1039529794907,16671.818732311378,15893.714779331887,14292.630722325051,119.8843649048328,,
8-4,AUGMENTED_REALITY,419.2228639894075,30.0,150,FogNode_2,0,0.0,681.967788340379,6.031919262890423,16674.52058743815,16668.488668175258,13641.31549133802,51.457101446184645,,
1-548,VOICE_ASSISTANT,846.047390487378,2.0,150,FogNode_7,313,1.0,1727.0272900361456,995.0883854106385,16684.78821903992,15689.699833629284,15032.633837572854,57.98730984746179,,
2-482,VOICE_ASSISTANT,924.2300183999907,2.0,150,FogNode_7,307,1.0,1727.0272900361456,983.3186655162821,16694.582459969344,15711.263794453062,15003.444554166195,63.34587524277119,,
0-284,AUGMENTED_REALITY,714.9566506828077,30.0,150,FogNode_3,173,1.0,1899.4436001125757,557.7990118109046,16703.565484188493,16145.766472377589,13363.337902755875,33.94463153233012,,
2-276,HEALTH_MONITORING,848.5492438266206,1.0,100,FogNode_4,54,1.0,1758.3565909566523,551.1349930864851,16716.504036505765,16165.36904341928,15595.064963047245,70.68720652373545,,
4-278,HEALTH_MONITORING,671.637429693331,1.0,100,FogNode_4,54,1.0,1758.3565909566523,549.7190404596205,16718.028331901176,16168.309291441556,15693.77602425333,55.94981557900473,,
5-404,GPS_TRACKING,985.9608744331,0.2,200,FogNode_1,198,1.0,1597.9384595498836,829.0590602196542,16721.998635567703,15892.93957534805,15249.007198108846,81.44784922181226,,
8-442,HEALTH_MONITORING,995.0063736398356,1.0,100,FogNode_9,202,1.0,1349.236560939329,939.4900622929347,16723.02844521494,15783.538382922005,14959.972722560316,100.07738044503812,,
5-365,AUGMENTED_REALITY,656.975057019262,30.0,150,FogNode_6,76,1.0,816.2509881302752,763.2924787025628,16724.587446045465,15961.294967342903,12746.744145068536,88.5242896016629,,
1-459,SENSOR_DATA_LOGGING,640.6982407562182,0.1,10000,FogNode_1,204,1.0,1597.9384595498836,840.7062720824298,16732.677519002373,15891.971246919942,15475.25171658852,52.926535994439824,,
8-443,HEALTH_MONITORING,570.6135747648361,1.0,100,FogNode_9,202,1.0,1349.236560939329,939.7537735305781,16737.389548122603,15797.635774592025,15283.717674119747,57.392106544951936,,
3-165,HEALTH_MONITORING,740.2230041832779,1.0,100,FogNode_8,53,1.0,770.9711269175084,342.52685750974143,16741.964022770608,16399.437165260868,15351.099418887246,70.36165182912123,,
5-270,HEALTH_MONITORING,57.74732164466307,1.0,100,FogNode_4,59,1.0,1758.3565909566523,562.0626359365725,16749.345680767037,16187.283044830465,16063.724047738553,4.810559765371648,,
6-446,SENSOR_DATA_LOGGING,831.7497428426879,0.1,10000,FogNode_1,204,1.0,1597.9384595498836,841.5624359023044,16749.67421391345,15908.111778011147,15372.898464955557,68.70883967305842,,
3-436,AUGMENTED_REALITY,344.62274620991474,30.0,150,FogNode_3,317,1.0,1899.4436001125757,920.1376087494671,16752.53900587302,15832.401397123553,13236.750519607747,16.361960024545827,,
7-468,VOICE_ASSISTANT,458.9743988375129,2.0,150,FogNode_7,314,1.0,1727.0272900361456,997.4933898099009,16754.43135477505,15756.93796496515,15321.310913885045,31.457683076253666,,
9-410,SENSOR_DATA_LOGGING,186.5771690007424,0.1,10000,FogNode_1,203,1.0,1597.9384595498836,839.5981887872737,16754.454391006326,15914.856202219053,15779.60307525096,15.41268981666489,,
5-474,HEALTH_MONITORING,873.8144985018959,1.0,100,FogNode_9,205,1.0,1349.236560939329,940.1630278654459,16782.905987373397,15842.74295950795,15107.474899306604,87.88794556668691,,
0-454,HEALTH_MONITORING,791.7529414692026,1.0,100,FogNode_9,194,1.0,1349.236560939329,934.6956252250993,16786.457680988333,15851.762055763233,15170.79517019543,79.63422390153733,,
0-461,HEALTH_MONITORING,101.80753241436034,1.0,100,FogNode_9,212,1.0,1349.236560939329,946.0065264318388,16798.484103148996,15852.477576717158,15685.02950009385,10.239764712593175,,
3-355,AUGMENTED_REALITY,565.2629267845756,30.0,150,FogNode_6,76,1.0,816.2509881302752,763.1119933098948,16811.887846820024,16048.77585351013,12943.975011701572,76.1665127117516,,
4-424,SENSOR_DATA_LOGGING,142.60855833218267,0.1,10000,FogNode_1,214,1.0,1597.9384595498836,845.9320318248111,16821.922857256734,15975.990825431922,15873.265906905079,11.780548962917038,,
2-379,VOICE_ASSISTANT,760.2055380505067,2.0,150,FogNode_2,72,1.0,681.967788340379,790.2039791748958,16829.624238373497,16039.420259198601,14750.41345221936,93.31068711081726,,
4-61,AUGMENTED_REALITY,275.9756219544705,30.0,150,FogNode_7,35,1.0,1727.0272900361456,122.10087585350807,16844.58628566381,16722.485409810302,14157.189801606988,18.915115253060527,,
9-281,HEALTH_MONITORING,388.35313667835703,1.0,100,FogNode_4,54,1.0,1758.3565909566523,554.1710420439542,16845.946736299535,16291.77569425558,15977.188379956295,32.35121423563783,,
3-28,CLOUD_GAMING,483.32525177912026,50.0,150,FogNode_3,10,1.0,1899.4436001125757,38.8859192660056,16851.35434078528,16812.468421519276,12552.759369115,22.947262000072808,,
3-30,CLOUD_GAMING,300.62478178379126,50.0,150,FogNode_3,14,1.0,1899.4436001125757,42.806235028516724,16861.83540163483,16819.029166606313,12651.485247637862,14.273029612903397,,
0-286,HEALTH_MONITORING,259.04477052141726,1.0,100,FogNode_4,59,1.0,1758.3565909566523,562.4739745078618,16865.350423366413,16302.876448858551,16064.064036671725,21.579361864922596,,
0-381,AUGMENTED_REALITY,497.05084329311654,30.0,150,FogNode_6,76,1.0,816.2509881302752,763.8928387434412,16877.169232000815,16113.276393257374,13091.087302338827,66.97525625716493,,
1-462,SENSOR_DATA_LOGGING,206.63576919753893,0.1,10000,FogNode_1,213,1.0,1597.9384595498836,844.944808829058,16878.988185901926,16034.043377072869,15889.641417297753,17.069682387864685,,
0-18,CLOUD_GAMING,406.89908057823334,50.0,150,FogNode_3,9,1.0,1899.4436001125757,37.93108502708874,16881.560738802276,16843.629653775188,12622.646094421592,19.31870883064179,,
3-57,AUGMENTED_REALITY,535.3713439513548,30.0,150,FogNode_7,29,1.0,1727.0272900361456,102.6053424732379,16884.264705028727,16781.65936255549,14061.836004358393,36.69385941522196,,
8-386,GPS_TRACKING,762.3135719114973,0.2,200,FogNode_1,197,1.0,1597.9384595498836,826.7956538848608,16902.064581905553,16075.268928020692,15568.239710083344,62.97288510610332,,
2-391,AUGMENTED_REALITY,224.5648237944646,30.0,150,FogNode_6,89,1.0,816.2509881302752,802.7422714506739,16905.16504264862,16102.422771197946,13420.67584111791,30.25905060402428,,
7-0,AUGMENTED_REALITY,809.8344447759968,30.0,150,FogNode_2,0,0.0,681.967788340379,6.91705950581269,16912.019418828466,16905.102359322653,13312.240756645198,99.40233884883244,,
6-445,SENSOR_DATA_LOGGING,160.80329673718654,0.1,10000,FogNode_1,204,1.0,1597.9384595498836,841.550854081939,16922.5545779442,16081.00372386226,15961.351758386187,13.283572408034104,,
5-472,HEALTH_MONITORING,887.9725223349736,1.0,100,FogNode_9,202,1.0,1349.236560939329,938.9112836556678,16926.81679451858,15987.905510862915,15238.754462347672,89.31195447258938,,
2-469,HEALTH_MONITORING,195.1143604048099,1.0,100,FogNode_9,218,1.0,1349.236560939329,948.675993261509,16927.516922218634,15978.840928957125,15739.390437052607,19.624531655101233,,
3-352,AUGMENTED_REALITY,783.3572637884878,30.0,150,FogNode_6,76,1.0,816.2509881302752,758.6372369586784,16934.435529645325,16175.798292686646,12801.69299927319,105.55369574578106,,
3-55,AUGMENTED_REALITY,635.2138120417911,30.0,150,FogNode_7,29,1.0,1727.0272900361456,95.7987892122103,16938.864085985162,16843.06529677295,14062.701221227195,43.53697033098315,,
0-255,SENSOR_DATA_LOGGING,694.3699926416291,0.1,10000,FogNode_5,49,1.0,782.8923712617282,487.52397150520693,16940.58158389762,16453.05761239241,15552.586684798222,103.21100090432245,,
7-400,AUGMENTED_REALITY,748.7456442378697,30.0,150,FogNode_3,267,1.0,1899.4436001125757,867.0071946695765,16943.97549051993,16076.968295850353,13275.217038867717,35.54886157198284,,
5-477,HEALTH_MONITORING,805.301535344111,1.0,100,FogNode_9,217,1.0,1349.236560939329,948.487422774038,16944.215056089433,15995.727633315395,15310.554123887658,80.99693656312006,,
8-399,AUGMENTED_REALITY,875.7581896903483,30.0,150,FogNode_3,267,1.0,1899.4436001125757,850.4287257092336,16948.36273369544,16097.934007986209,13230.38900804644,41.57914893451062,,
6-208,GPS_TRACKING,661.8383499982791,0.2,200,FogNode_0,53,1.0,1189.2931772946604,386.4309333071811,16950.53630089662,16564.10536758944,15979.678625001769,42.14201831624999,,
9-9,AUGMENTED_REALITY,368.7420264256541,30.0,150,FogNode_2,0,0.0,681.967788340379,13.510561147826898,16955.40805347706,16941.89749232923,13992.101914311646,45.2608802885713,,
2-445,AUGMENTED_REALITY,767.8657752729503,30.0,150,FogNode_3,276,1.0,1899.4436001125757,903.4531825261389,16968.727324413114,16065.274141886975,13250.1202011919,36.45664500502853,,
6-538,VOICE_ASSISTANT,885.4317571383931,2.0,150,FogNode_7,310,1.0,1727.0272900361456,992.697798797222,16969.895859988115,15977.198061190893,15291.40640791219,60.68667810722658,,
7-45,AUGMENTED_REALITY,687.5817550374303,30.0,150,FogNode_7,29,1.0,1727.0272900361456,104.41183518272705,16989.228478881112,16884.816643698385,14078.233674082594,47.12622096954729,,
1-433,AUGMENTED_REALITY,364.55039535847834,30.0,150,FogNode_6,89,1.0,816.2509881302752,793.853812386954,16997.184301404443,16203.330489017488,13349.890359568119,49.12144597929304,,
4-24,CLOUD_GAMING,116.74183920805015,50.0,150,FogNode_3,18,1.0,1899.4436001125757,46.713519341334354,17005.436562173298,16958.723042831964,12882.268004536512,5.54265592541761,,
7-231,SENSOR_DATA_LOGGING,441.28560329773836,0.1,10000,FogNode_5,42,1.0,782.8923712617282,485.5963654717721,17010.07947008973,16524.48310461796,15945.245313461224,65.59259369454611,,
6-49,AUGMENTED_REALITY,630.4043147513825,30.0,150,FogNode_7,30,1.0,1727.0272900361456,105.93948725779518,17013.895727832296,16907.956240574502,14135.081393845685,43.20733181105486,,
7-443,HEALTH_MONITORING,420.28519327944616,1.0,100,FogNode_9,211,1.0,1349.236560939329,945.3982342189368,17048.888069172794,16103.489834953856,15698.835418672197,42.27213241798632,,
1-515,HEALTH_MONITORING,740.6783604683917,1.0,100,FogNode_9,223,1.0,1349.236560939329,949.6963725861398,17055.641801225287,16105.945428639146,15469.620175992512,74.497161055205,,
0-23,CLOUD_GAMING,438.44883853172007,50.0,150,FogNode_3,19,1.0,1899.4436001125757,48.55185906709222,17082.18448415239,17033.632625085298,12794.69670879324,20.816624693991717,,
6-269,GPS_TRACKING,942.1398723115154,0.2,200,FogNode_5,28,1.0,782.8923712617282,472.49134544171136,17097.29428136624,16624.80293592453,15393.968844122148,140.03946058096454,,
3-437,VOICE_ASSISTANT,70.49767742147566,2.0,150,FogNode_9,192,1.0,1349.236560939329,923.6326472050149,17107.8918509663,16184.259203761287,15958.716596499891,7.090630844897869,,
2-411,SENSOR_DATA_LOGGING,623.8010134915054,0.1,10000,FogNode_1,204,1.0,1597.9384595498836,841.228943667775,17112.377257324653,16271.148313656879,15862.650900671779,51.53069681439698,,
6-305,HEALTH_MONITORING,992.4251711171642,1.0,100,FogNode_4,54,1.0,1758.3565909566523,553.5069565097975,17121.993008187397,16568.4860516776,15911.065062434354,82.67258917556258,,
1-11,AUGMENTED_REALITY,143.81640027601162,30.0,150,FogNode_2,0,0.0,681.967788340379,14.585232203539006,17122.903866356406,17108.318634152867,14483.112179206051,17.652603744472326,,
6-513,HEALTH_MONITORING,848.9296719362017,1.0,100,FogNode_9,208,1.0,1349.236560939329,943.539584754703,17156.891073497172,16213.35148874247,15490.494709628136,85.38503872960445,,
7-224,AUGMENTED_REALITY,250.33575184793133,30.0,150,FogNode_7,145,1.0,1727.0272900361456,470.5022935938463,17158.84754955058,16688.345255956734,14134.85021926907,17.15778214260666,,
8-392,SENSOR_DATA_LOGGING,424.81489083508694,0.1,10000,FogNode_1,203,1.0,1597.9384595498836,840.2840880745424,17167.916428887664,16327.632340813121,16039.371118288602,35.09293327264226,,
8-221,AUGMENTED_REALITY,564.1710480645804,30.0,150,FogNode_7,119,1.0,1727.0272900361456,456.07157125495263,17171.258047783314,16715.18647652836,13981.838481015739,38.667764641697275,,
5-29,CLOUD_GAMING,385.64394310734554,50.0,150,FogNode_3,20,1.0,1899.4436001125757,50.12638868331521,17171.757276491968,17121.630887808653,12904.842635281646,18.309559801915007,,
4-25,CLOUD_GAMING,803.0860645634314,50.0,150,FogNode_3,18,1.0,1899.4436001125757,47.96324739617138,17175.339695778122,17127.37644838195,12696.484447394378,38.128829942794574,,
4-280,HEALTH_MONITORING,749.1814968144793,1.0,100,FogNode_4,57,1.0,1758.3565909566523,561.2112140063705,17175.41483003265,16614.20361602628,16094.772170413366,62.40951550468517,,
3-399,SENSOR_DATA_LOGGING,672.9535313350096,0.1,10000,FogNode_1,214,1.0,1597.9384595498836,846.1445592556538,17175.59296947484,16329.448410219187,15893.937061349694,55.591067733772455,,
6-253,AUGMENTED_REALITY,759.4248462976386,30.0,150,FogNode_7,112,1.0,1727.0272900361456,452.3559102272403,17194.16085452241,16741.80494429517,13893.002038643517,52.05028035457216,,
1-32,CLOUD_GAMING,648.057997277488,50.0,150,FogNode_3,19,1.0,1899.4436001125757,48.98348809146606,17203.01847084472,17154.034982753252,12804.809808278558,30.768424782335,,
1-458,SENSOR_DATA_LOGGING,547.8072844901105,0.1,10000,FogNode_1,203,1.0,1597.9384595498836,839.6962384987401,17221.80945114916,16382.113212650422,16017.89039174031,45.253038195268026,,
1-40,CLOUD_GAMING,97.73112340599513,50.0,150,FogNode_3,22,1.0,1899.4436001125757,64.03077679428172,17223.20977731916,17159.179000524877,13101.871767688597,4.640067296512195,,
3-225,GPS_TRACKING,239.7755788045561,0.2,200,FogNode_5,28,1.0,782.8923712617282,472.67624127506895,17246.850475518222,16774.174234243153,16438.874007419425,35.64018857825828,,
6-17,CLOUD_GAMING,697.6271241737115,50.0,150,FogNode_3,19,1.0,1899.4436001125757,48.31665074508663,17248.840464366313,17200.523813621225,12823.771642748197,33.12186221978618,,
0-91,AUGMENTED_REALITY,965.4357999754238,30.0,150,FogNode_7,47,1.0,1727.0272900361456,163.43999387841177,17253.598409251314,17090.1584153729,14123.250199051443,66.17008160589822,,
7-422,VOICE_ASSISTANT,448.8650973199393,2.0,150,FogNode_9,192,1.0,1349.236560939329,919.2935539299891,17260.19772135696,16340.90416742697,15835.831543248703,45.14668880829385,,
7-23,CLOUD_GAMING,100.3768256610823,50.0,150,FogNode_3,22,1.0,1899.4436001125757,64.03441029443547,17276.05516091209,17212.020750617652,13144.989112195743,4.765679650921961,,
3-166,HEALTH_MONITORING,418.935808435298,1.0,100,FogNode_8,54,1.0,770.9711269175084,347.0059189563018,17285.35117931729,16938.345260360988,16307.379156965479,39.82180413914481,,
6-212,GPS_TRACKING,822.2139890081062,0.2,200,FogNode_0,58,1.0,1189.2931772946604,391.77709430399307,17287.386809939584,16895.60971563559,16181.106513864517,52.353806612667086,,
9-35,CLOUD_GAMING,213.01417500052176,50.0,150,FogNode_3,22,1.0,1899.4436001125757,62.646732222115716,17287.485260399204,17224.83852817709,13103.4304157849,10.113463067516678,,
3-220,AUGMENTED_REALITY,558.9338202129268,30.0,150,FogNode_7,124,1.0,1727.0272900361456,462.27568618771346,17293.535111919813,16831.2594257321,14095.804203931559,38.308809862579466,,
2-199,SENSOR_DATA_LOGGING,409.8686582749613,0.1,10000,FogNode_0,72,1.0,1189.2931772946604,400.97056446361324,17295.168445518277,16894.197881054664,16534.615602940128,26.098053254733788,,
7-377,AUGMENTED_REALITY,399.06195997412976,30.0,150,FogNode_6,97,1.0,816.2509881302752,813.0254860160879,17300.783990012733,16487.758503996643,13586.935164520968,53.771716500222205,,
7-373,AUGMENTED_REALITY,527.8359797624375,30.0,150,FogNode_6,89,1.0,816.2509881302752,803.5617024960094,17309.755259891797,16506.19355739579,13453.424281426549,71.12340816509496,,
4-282,HEALTH_MONITORING,830.6674400680913,1.0,100,FogNode_4,69,1.0,1758.3565909566523,568.4418362082728,17318.35798913657,16749.916152928297,16188.799428417537,69.19758790172612,,
9-440,VOICE_ASSISTANT,717.7655027183473,2.0,150,FogNode_9,192,1.0,1349.236560939329,919.1306309099614,17318.436670809544,16399.306039899584,15697.211939122339,72.19259412690886,,
5-31,CLOUD_GAMING,704.540403467653,50.0,150,FogNode_3,21,1.0,1899.4436001125757,51.864736993106426,17319.282093146754,17267.417356153648,12884.494610145617,33.45009011736404,,
7-198,SENSOR_DATA_LOGGING,818.8046889658978,0.1,10000,FogNode_0,61,1.0,1189.2931772946604,394.7157782545881,17319.77869992493,16925.062921670342,16215.523772650482,52.136722207049445,,
4-287,HEALTH_MONITORING,280.26166297300074,1.0,100,FogNode_4,78,1.0,1758.3565909566523,571.238822855857,17334.803241015044,16763.56441815919,16516.522172079545,23.346805380343845,,
5-273,HEALTH_MONITORING,837.3580132278883,1.0,100,FogNode_4,75,1.0,1758.3565909566523,570.2231070105873,17341.566691178345,16771.343584167756,16207.506074149122,69.75493672991665,,
6-29,CLOUD_GAMING,132.56375032904822,50.0,150,FogNode_3,22,1.0,1899.4436001125757,70.31747966633287,17345.845993512325,17275.52851384599,13193.305915177047,6.293846843953212,,
1-244,AUGMENTED_REALITY,799.73680094485,30.0,150,FogNode_7,111,1.0,1727.0272900361456,451.4681680764628,17347.33602159612,16895.867853519656,14020.013433320175,54.8132246422888,,
9-161,HEALTH_MONITORING,786.4248198395031,1.0,100,FogNode_8,51,1.0,770.9711269175084,337.5072170207168,17351.56646138475,17014.059244364034,15899.052683230884,74.75335007235991,,
3-438,VOICE_ASSISTANT,553.5363002842703,2.0,150,FogNode_9,192,1.0,1349.236560939329,926.1658006460509,17354.473950866864,16428.308150220815,15852.386705922792,55.67448046693592,,
5-389,AUGMENTED_REALITY,520.3892071194231,30.0,150,FogNode_6,91,1.0,816.2509881302752,809.7961157000033,17362.123222034465,16552.327106334462,13508.756250309518,70.11999068218643,,
2-282,HEALTH_MONITORING,427.9064310565172,1.0,100,FogNode_4,60,1.0,1758.3565909566523,564.8421078220553,17365.348897008396,16800.50678918634,16463.14487951192,35.64614603687857,,
6-492,VOICE_ASSISTANT,434.1635373062624,2.0,150,FogNode_9,192,1.0,1349.236560939329,921.4323901581536,17370.67266193835,16449.2402717802,15952.864210277292,43.66801123033809,,
4-419,SENSOR_DATA_LOGGING,724.0595280681232,0.1,10000,FogNode_1,204,1.0,1597.9384595498836,840.608574121342,17375.675612575335,16535.06703845399,16059.327945913552,59.81281083148145,,
6-31,CLOUD_GAMING,179.97833930091429,50.0,150,FogNode_3,22,1.0,1899.4436001125757,71.47183542513841,17382.238449854394,17310.766614429256,13203.475063789545,8.54499137190435,,
4-228,AUGMENTED_REALITY,776.0198375940744,30.0,150,FogNode_7,129,1.0,1727.0272900361456,464.06086015539444,17388.202577664604,16924.14171750921,14069.795509672482,53.187685791953164,,
0-70,CLOUD_GAMING,427.69400358837913,50.0,150,FogNode_6,15,1.0,816.2509881302752,125.05337033001679,17401.14287467666,17276.089504346644,12744.109108590004,57.6297493033168,,
7-360,AUGMENTED_REALITY,935.424068980897,30.0,150,FogNode_6,78,1.0,816.2509881302752,765.7942012228748,17407.54951532209,16641.755314099217,13086.090114929299,126.04398035830296,,
2-239,SENSOR_DATA_LOGGING,252.3759013128288,0.1,10000,FogNode_5,36,1.0,782.8923712617282,483.6246333560667,17419.657751208328,16936.03311785226,16594.562089235835,37.51309770678868,,
6-448,GPS_TRACKING,318.2598697621796,0.2,200,FogNode_1,212,1.0,1597.9384595498836,844.1879787858877,17420.978491646398,16576.79051286051,16355.118312266924,26.290680044122237,,
5-464,VOICE_ASSISTANT,848.84688546267,2.0,150,FogNode_9,192,1.0,1349.236560939329,920.0786222443782,17427.615354137117,16507.53673189274,15708.358774256141,85.37671209610056,,
8-21,CLOUD_GAMING,863.8837550654719,50.0,150,FogNode_3,22,1.0,1899.4436001125757,54.17337932839886,17460.245409887582,17406.072030559182,12940.756266019918,41.01537586154007,,
7-428,VOICE_ASSISTANT,730.8140114981336,2.0,150,FogNode_9,192,1.0,1349.236560939329,925.4956368497577,17468.46681546772,16542.97117861796,15835.781586854102,73.50500841086779,,
4-233,AUGMENTED_REALITY,846.3705758983,30.0,150,FogNode_7,141,1.0,1727.0272900361456,467.5087731572622,17479.30213364113,17011.793360483865,14113.287181378855,58.009460678221416,,
8-13,VIDEO_SURVEILLANCE,52.543600985357216,60.0,800,FogNode_3,7,1.0,1899.4436001125757,33.68072617265113,17487.90803750245,17454.2273113298,12616.429283279176,2.4946591840587202,,
6-272,AUGMENTED_REALITY,575.7036399403437,30.0,150,FogNode_7,157,1.0,1727.0272900361456,474.0242121443496,17504.607522491555,17030.583310347207,14283.384304642741,39.45819787979161,,
0-149,VOICE_ASSISTANT,121.35554265823608,2.0,150,FogNode_8,41,1.0,770.9711269175084,295.6928831020922,17508.972541095463,17213.27965799337,16886.275142883474,11.535410804307684,,
9-412,SMART_HOME_CONTROL,695.7170305146582,0.1,150,FogNode_1,215,1.0,1597.9384595498836,847.0691836039455,17547.761377630908,16700.692194026964,16247.18310837994,57.47150548441938,,
1-465,SENSOR_DATA_LOGGING,277.2089079999543,0.1,10000,FogNode_1,217,1.0,1597.9384595498836,850.5978058584989,17549.154701424624,16698.556895566126,16508.661116233605,22.89955912774456,,
4-486,AUGMENTED_REALITY,97.02030412494585,30.0,150,FogNode_7,313,1.0,1727.0272900361456,996.073935157627,17560.785154822377,16564.71121966475,14096.950984763167,6.649682393733643,,
8-394,GPS_TRACKING,267.9348397308223,0.2,200,FogNode_1,209,1.0,1597.9384595498836,843.2357490784304,17588.653809885058,16745.418060806627,16553.63263006706,22.133450721575443,,
6-498,VOICE_ASSISTANT,594.4765433265741,2.0,150,FogNode_9,192,1.0,1349.236560939329,930.5568069965219,17597.493233664478,16666.936426667955,16054.987877027066,59.792235274343845,,
5-33,CLOUD_GAMING,986.6905068542007,50.0,150,FogNode_3,22,1.0,1899.4436001125757,53.66604386003352,17601.647397816014,17547.98135395598,13015.613118231582,46.845981025041304,,
6-303,CLOUD_GAMING,570.2576670713191,50.0,150,FogNode_3,151,1.0,1899.4436001125757,550.0403121482409,17619.505625468282,17069.46531332004,12761.99573000605,27.074629446044522,,
8-129,VOICE_ASSISTANT,258.6942885198582,2.0,150,FogNode_8,39,1.0,770.9711269175084,293.84239058920485,17620.89459915218,17327.052208562975,16822.91936093145,24.590099680973537,,
1-457,GPS_TRACKING,716.0648408252206,0.2,200,FogNode_1,203,1.0,1597.9384595498836,839.2547434168375,17623.71087823769,16784.45613482085,16309.128333117264,59.152389005402526,,
2-35,CLOUD_GAMING,824.5736665967947,50.0,150,FogNode_3,22,1.0,1899.4436001125757,62.62862036092319,17637.13173777611,17574.503117415188,13129.36913323951,39.14901589790007,,
7-22,CLOUD_GAMING,738.5007941487008,50.0,150,FogNode_3,22,1.0,1899.4436001125757,63.694036893331344,17637.638949409476,17573.944912516145,13170.47089836387,35.062457730507035,,
6-275,GPS_TRACKING,308.7225086640814,0.2,200,FogNode_5,32,1.0,782.8923712617282,477.45154048793927,17641.186299951583,17163.734759463645,16743.594091950912,45.888444861640615,,
9-292,HEALTH_MONITORING,599.9964512762574,1.0,100,FogNode_4,85,1.0,1758.3565909566523,573.8835742582663,17659.583684972145,17085.70011071388,16658.22752067582,49.981864191654395,,
9-446,VOICE_ASSISTANT,747.6874030516478,2.0,150,FogNode_9,192,1.0,1349.236560939329,930.7679512065117,17662.047752679424,16731.279801472912,16006.832738570653,75.20212801797332,,
3-266,HEALTH_MONITORING,569.1231824757994,1.0,100,FogNode_4,87,1.0,1758.3565909566523,575.1368885098764,17665.2343621177,17090.09747360782,16676.918487835334,47.41000976642474,,
7-13,VIDEO_SURVEILLANCE,347.42289304249744,60.0,800,FogNode_3,14,1.0,1899.4436001125757,43.72411336991863,17670.81575480551,17627.091641435592,12639.090382664104,16.49490508125334,,
1-47,VIDEO_SURVEILLANCE,64.0186983749352,60.0,800,FogNode_3,22,1.0,1899.4436001125757,72.29863597605058,17671.34287111115,17599.044235135098,12758.274548579746,3.0394725686392055,,
9-193,SENSOR_DATA_LOGGING,456.5224100091489,0.1,10000,FogNode_0,80,1.0,1189.2931772946604,403.92674844443644,17679.028723811996,17275.10197536756,16877.769151030807,29.068692928468362,,
5-209,CLOUD_GAMING,270.1911325200027,50.0,150,FogNode_6,79,1.0,816.2509881302752,448.53223262411393,17693.13799132609,17244.605758701975,12905.533354519064,36.40698045907811,,
3-455,AUGMENTED_REALITY,692.3720340833039,30.0,150,FogNode_7,292,1.0,1727.0272900361456,956.1587625608607,17694.439045562234,16738.280283001375,13923.722231921021,47.45454228867442,,
6-271,AUGMENTED_REALITY,953.0574127117591,30.0,150,FogNode_7,157,1.0,1727.0272900361456,473.86785245908663,17710.696045639957,17236.82819318087,14275.963780631966,65.32167832998184,,
0-482,AUGMENTED_REALITY,567.1196800513823,30.0,150,FogNode_7,308,1.0,1727.0272900361456,988.6505703423474,17716.58168511896,16727.931114776613,13994.443309912875,38.86986116556495,,
8-437,VOICE_ASSISTANT,627.4377807494384,2.0,150,FogNode_9,192,1.0,1349.236560939329,931.0261734898193,17725.229428111645,16794.203254621825,16157.505348848383,63.10746458834345,,
9-296,HEALTH_MONITORING,723.3658789166928,1.0,100,FogNode_4,88,1.0,1758.3565909566523,576.3321644150536,17746.190716477653,17169.8585520626,16670.88660686362,60.258981605615986,,
7-44,CLOUD_GAMING,324.1189466144575,50.0,150,FogNode_7,29,1.0,1727.0272900361456,98.53360933136388,17748.459633670755,17649.92602433939,13450.890873778373,22.2148144372131,,
4-19,VIDEO_SURVEILLANCE,291.76060196416904,60.0,800,FogNode_3,9,1.0,1899.4436001125757,38.70127685314948,17755.250590849424,17716.549313996275,12751.505262677092,13.852177079360235,,
9-236,AUGMENTED_REALITY,971.2611802677782,30.0,150,FogNode_7,172,1.0,1727.0272900361456,481.526690158318,17756.54987169159,17275.023181533274,14304.201711929483,66.56934781224803,,
0-37,VIDEO_SURVEILLANCE,181.36727226336805,60.0,800,FogNode_3,22,1.0,1899.4436001125757,74.39482161236863,17766.300175744684,17691.905354132316,12790.966473457309,8.610934975042492,,
0-193,E_COMMERCE_TRANSACTION,541.7539950952352,0.5,300,FogNode_0,47,1.0,1189.2931772946604,368.182724279915,17775.304726171533,17407.122001891617,16901.835965055652,34.49574474532092,,
2-383,CLOUD_GAMING,748.6950250621621,50.0,150,FogNode_3,270,1.0,1899.4436001125757,792.5835331424978,17776.403891259335,16983.820358116838,12582.358674009221,35.546458280445904,,
2-463,VOICE_ASSISTANT,571.7104136930128,2.0,150,FogNode_9,201,1.0,1349.236560939329,937.8868241288869,17778.202769255087,16840.3159451262,16251.432573466824,57.50242620682558,,
4-423,GPS_TRACKING,980.7913303678226,0.2,200,FogNode_1,213,1.0,1597.9384595498836,845.191299197638,17781.701850038426,16936.510550840787,16301.52395259655,81.02080565802346,,
2-440,AUGMENTED_REALITY,916.9990383646394,30.0,150,FogNode_7,247,1.0,1727.0272900361456,896.4322003662547,17784.568037615118,16888.13583724886,13950.788277803946,62.850270523076716,,
0-248,CLOUD_GAMING,88.15473300469202,50.0,150,FogNode_6,81,1.0,816.2509881302752,475.88766585331734,17801.137533484834,17325.249867631515,13202.733969399746,11.878434395471768,,
3-14,AUGMENTED_REALITY,893.0266932500246,30.0,150,FogNode_2,0,0.0,681.967788340379,14.958233833453614,17802.303953914925,17787.34572008147,14069.17975156946,109.61369022534613,,
3-227,GPS_TRACKING,138.12439349252543,0.2,200,FogNode_5,33,1.0,782.8923712617282,477.75889240863415,17817.614629774136,17339.855737365502,17135.458162397987,20.530779055459078,,
2-75,CLOUD_GAMING,756.7024465539417,50.0,150,FogNode_6,16,1.0,816.2509881302752,136.49433920591903,17832.211328114397,17695.71698890848,12759.630183504247,101.96208486962998,,
7-265,CLOUD_GAMING,930.7722413931697,50.0,150,FogNode_3,136,1.0,1899.4436001125757,546.5802876615714,17835.86962008276,17289.28933242119,12787.929148524487,44.191099900166186,,
6-443,GPS_TRACKING,357.10559908073753,0.2,200,FogNode_1,204,1.0,1597.9384595498836,840.7851353393495,17847.18982196455,17006.404686625203,16755.24235164742,29.499632028417142,,
5-494,AUGMENTED_REALITY,642.1705059510737,30.0,150,FogNode_7,310,1.0,1727.0272900361456,992.1822152508033,17851.13789423159,16858.955678980787,14078.061518030736,44.01377573191836,,
6-318,HEALTH_MONITORING,862.9116008785405,1.0,100,FogNode_4,91,1.0,1758.3565909566523,577.4641060907499,17856.097818652932,17278.633712562183,16700.298577182723,71.8836425661723,,
6-52,CLOUD_GAMING,253.6188710312231,50.0,150,FogNode_7,31,1.0,1727.0272900361456,111.80351508630149,17863.434530174996,17751.631015088697,13591.547280769626,17.382804111220043,,
6-218,SENSOR_DATA_LOGGING,221.8106619761093,0.1,10000,FogNode_0,69,1.0,1189.2931772946604,398.8241729087655,17865.535016970654,17466.71084406189,17260.865601276717,14.123613386502969,,
8-44,CLOUD_GAMING,229.9926972071192,50.0,150,FogNode_7,34,1.0,1727.0272900361456,118.59389787344044,17881.63222366631,17763.03832579287,13618.478051539903,15.763487891523312,,
0-455,VOICE_ASSISTANT,564.4592457646713,2.0,150,FogNode_9,196,1.0,1349.236560939329,936.2269675636295,17886.821359145146,16950.594391581515,16358.961377045956,56.77310636460096,,
8-452,AUGMENTED_REALITY,940.0249683528111,30.0,150,FogNode_7,294,1.0,1727.0272900361456,963.5589524410609,17891.6383460447,16928.07939360364,13968.798506231315,64.42844658243543,,
8-158,VOICE_ASSISTANT,210.26478125531742,2.0,150,FogNode_8,53,1.0,770.9711269175084,341.0770771149977,17893.621779086916,17552.544701971918,17113.04905008355,19.986648951739234,,
3-36,VIDEO_SURVEILLANCE,539.5557591233514,60.0,800,FogNode_3,21,1.0,1899.4436001125757,51.21997743612179,17921.1916377865,17869.97166035038,12773.188387931317,25.61696770999664,,
1-73,CLOUD_GAMING,289.60528328056233,50.0,150,FogNode_7,38,1.0,1727.0272900361456,128.56099642528952,17924.239916285213,17795.67891985992,13617.00101236922,19.849279702142702,,
8-48,CLOUD_GAMING,250.84503035967583,50.0,150,FogNode_7,38,1.0,1727.0272900361456,128.10013321604688,17929.81474668966,17801.71461347361,13644.070615403038,17.192687623305762,,
1-226,SENSOR_DATA_LOGGING,765.1473635541026,0.1,10000,FogNode_0,70,1.0,1189.2931772946604,400.3426628816905,17930.7499252436,17530.40726236191,16871.07752807367,48.72013567906912,,
1-512,VOICE_ASSISTANT,281.78722028379167,2.0,150,FogNode_9,211,1.0,1349.236560939329,945.3540909613035,17934.078808896,16988.724717934696,16613.32284411109,28.342056489276896,,
1-222,GPS_TRACKING,98.25393769841412,0.2,200,FogNode_0,68,1.0,1189.2931772946604,397.27658435919943,17948.150422132498,17550.8738377733,17445.397917613005,6.256239521540296,,
8-382,E_COMMERCE_TRANSACTION,639.845520022401,0.5,300,FogNode_1,197,1.0,1597.9384595498836,815.1516169683389,17948.18075310713,17133.029136138794,16680.047040366706,52.85609479179455,,
0-291,HEALTH_MONITORING,509.8278253004958,1.0,100,FogNode_4,85,1.0,1758.3565909566523,572.8033224348975,17955.18000108682,17382.376678651923,16998.0928644539,42.470493068905,,
7-220,CLOUD_GAMING,449.2054354538101,50.0,150,FogNode_6,80,1.0,816.2509881302752,453.9748634106783,17957.877100814847,17503.902237404167,12938.802170399207,60.52831326530603,,
0-1,AUGMENTED_REALITY,877.9878407884278,30.0,150,FogNode_2,0,0.0,681.967788340379,16.62068111113868,17961.95359497811,17945.332913866972,14249.700732382174,107.76776095186514,,
4-206,CLOUD_GAMING,788.7821622579193,50.0,150,FogNode_6,76,1.0,816.2509881302752,409.6045626177489,17963.53187553078,17553.927312913034,12573.575752781573,106.28467522215026,,
9-449,VOICE_ASSISTANT,878.6154249970277,2.0,150,FogNode_9,193,1.0,1349.236560939329,934.2828706006701,17969.6311688191,17035.348298218432,16215.550437533624,88.37082101358922,,
7-274,VIDEO_SURVEILLANCE,388.7387158542668,60.0,800,FogNode_3,171,1.0,1899.4436001125757,556.8256123607207,17970.959432714055,17414.133820353334,12397.410030582356,18.45649307468086,,
3-282,VIDEO_SURVEILLANCE,264.8285482188442,60.0,800,FogNode_3,225,1.0,1899.4436001125757,602.4265284674645,17975.293895803898,17372.867367336432,12419.787419807475,12.573500057584338,,
5-43,VIDEO_SURVEILLANCE,582.2172349601221,60.0,800,FogNode_3,22,1.0,1899.4436001125757,73.21018967800883,17977.862756684804,17904.652567006797,12787.558463730176,27.642444466554643,,
5-75,CLOUD_GAMING,854.084140777724,50.0,150,FogNode_6,19,1.0,816.2509881302752,147.32837206047373,17980.785430837004,17833.45705877653,12773.76763952125,115.08380876045638,,
0-63,CLOUD_GAMING,496.7636233249238,50.0,150,FogNode_7,33,1.0,1727.0272900361456,113.7487792890955,17998.336910489597,17884.5881312005,13589.077459596356,34.04772175952938,,
6-19,VIDEO_SURVEILLANCE,769.2707609947935,60.0,800,FogNode_3,21,1.0,1899.4436001125757,50.45346170785694,18024.503573788097,17974.05011208024,12759.209287183672,36.52335075927335,,
1-299,VIDEO_SURVEILLANCE,543.4133235340721,60.0,800,FogNode_3,171,1.0,1899.4436001125757,557.0186205851222,18041.341382648592,17484.32276206347,12391.37844843607,25.800116719673085,,
6-326,VIDEO_SURVEILLANCE,509.6314039872373,60.0,800,FogNode_3,212,1.0,1899.4436001125757,589.506269758305,18044.709517157906,17455.2032473996,12376.85079774697,24.196222538988174,,
4-37,VIDEO_SURVEILLANCE,339.00423567807275,60.0,800,FogNode_7,26,1.0,1727.0272900361456,91.31732613079923,18047.431396733788,17956.114070602987,12946.505815739878,23.23503845634713,,
5-413,GPS_TRACKING,739.9573138496571,0.2,200,FogNode_1,204,1.0,1597.9384595498836,841.5040184110339,18051.72377946204,17210.21976105101,16720.44890914724,61.12608856173574,,
0-453,VOICE_ASSISTANT,942.6255027559753,2.0,150,FogNode_9,192,1.0,1349.236560939329,929.3049083476342,18069.308861138088,17140.003952790456,16267.554446068198,94.80893143570138,,
6-507,VIDEO_SURVEILLANCE,313.2188476566639,60.0,800,FogNode_3,329,1.0,1899.4436001125757,936.9416757989815,18086.091952614537,17149.150276815555,12178.157352106038,14.870969257412302,,
7-47,VIDEO_SURVEILLANCE,406.007240070966,60.0,800,FogNode_7,31,1.0,1727.0272900361456,108.2873430930142,18098.52475857693,17990.237415483913,12948.487820495136,27.827362739982526,,
7-435,VOICE_ASSISTANT,676.2836249517734,2.0,150,FogNode_9,195,1.0,1349.236560939329,936.0877050707779,18098.72752017162,17162.63981510084,16487.255508559032,68.02036189523606,,
3-405,SENSOR_DATA_LOGGING,886.0114187488316,0.1,10000,FogNode_1,218,1.0,1597.9384595498836,851.9347922760812,18103.62625410157,17251.69146182549,16681.035378548375,73.19126581422506,,
9-298,HEALTH_MONITORING,295.61596415945576,1.0,100,FogNode_4,90,1.0,1758.3565909566523,577.2144811701459,18123.30060056012,17546.086119389973,17283.781999111667,24.625873939877373,,
1-509,VOICE_ASSISTANT,940.9587014156932,2.0,150,FogNode_9,206,1.0,1349.236560939329,940.8153419598983,18125.01618706489,17184.200845104995,16320.433203114846,94.6412851609871,,
7-3,AUGMENTED_REALITY,995.1022471109554,30.0,150,FogNode_2,0,0.0,681.967788340379,11.3684385029791,18130.981854271453,18119.613415768476,14248.127959774181,122.14285449900589,,
7-440,VOICE_ASSISTANT,331.1915219133327,2.0,150,FogNode_9,206,1.0,1349.236560939329,940.9513341322605,18132.287225918546,17191.335891786286,16773.447673757742,33.3111232417987,,
5-55,CLOUD_GAMING,764.1055041429231,50.0,150,FogNode_7,31,1.0,1727.0272900361456,107.75371979371249,18136.878784963763,18029.12506517005,13576.91160386328,52.37108833745372,,
4-290,HEALTH_MONITORING,693.9716814629899,1.0,100,FogNode_4,95,1.0,1758.3565909566523,579.0676355830665,18140.86133393496,17561.793698351896,17075.80125425087,57.81033914776718,,
8-51,VIDEO_SURVEILLANCE,182.67636686968194,60.0,800,FogNode_7,38,1.0,1727.0272900361456,132.0069986796722,18153.206428734502,18021.19943005483,13104.599462789505,12.52047013746907,,
9-239,SMART_HOME_CONTROL,895.733700563853,0.1,150,FogNode_5,36,1.0,782.8923712617282,483.37718721805896,18154.21336824008,17670.836181022023,16507.478547559305,133.14165755812263,,
4-289,HEALTH_MONITORING,547.5232595047012,1.0,100,FogNode_4,91,1.0,1758.3565909566523,577.7871011903635,18167.481335694156,17589.694234503793,17184.997659181878,45.610658429937345,,
4-461,VOICE_ASSISTANT,133.26558162288896,2.0,150,FogNode_9,214,1.0,1349.236560939329,947.2655775760342,18168.079962871434,17220.814385295398,16953.861248757683,13.403803900788589,,
2-289,HEALTH_MONITORING,902.0130754954703,1.0,100,FogNode_4,88,1.0,1758.3565909566523,576.2079934520435,18172.570117948588,17596.362124496543,16993.13669671409,75.14093615489213,,
5-40,BATCH_DATA_PROCESSING,294.12135148402285,200.0,30000,FogNode_3,22,1.0,1899.4436001125757,63.125348391146545,18199.55557390136,18136.430225510216,1975.4993750651374,13.964260479822391,,
9-453,VOICE_ASSISTANT,735.9261934274679,2.0,150,FogNode_9,208,1.0,1349.236560939329,943.0205471772837,18207.48671774506,17264.46617056778,16550.986713853203,74.01918981653526,,
7-65,AUGMENTED_REALITY,60.81305901786868,30.0,150,FogNode_9,31,1.0,1349.236560939329,135.965694791557,18213.15216205312,18077.186467261563,15625.543235892745,6.116555435815495,,
3-47,AUGMENTED_REALITY,859.3368724663602,30.0,150,FogNode_2,5,1.0,681.967788340379,77.93830542660902,18215.49230842057,18137.554002993962,14471.82933167732,105.47846604107406,,
9-264,CLOUD_GAMING,342.36461578690177,50.0,150,FogNode_6,80,1.0,816.2509881302752,518.6600254734734,18220.573002189296,17701.912976715823,13276.995268819046,46.13201684518922,,
2-220,CLOUD_GAMING,746.0353558076594,50.0,150,FogNode_6,77,1.0,816.2509881302752,431.3485938598816,18223.733149850064,17792.384555990182,12869.667834265765,100.52474471441091,,
4-4,AUGMENTED_REALITY,958.2904669058742,30.0,150,FogNode_2,0,0.0,681.967788340379,12.442428708228844,18234.808593543625,18222.366164835395,14402.691028532901,117.62442845133835,,
9-65,VIDEO_SURVEILLANCE,529.7427432432347,60.0,800,FogNode_7,34,1.0,1727.0272900361456,115.11211516730253,18236.551499663696,18121.439384496392,13005.178534069242,36.30808030055395,,
4-52,VIDEO_SURVEILLANCE,561.3941259858141,60.0,800,FogNode_7,31,1.0,1727.0272900361456,110.44412089706566,18249.303758197093,18138.859637300025,13001.186654377696,38.47743695696684,,
5-54,VIDEO_SURVEILLANCE,640.644540778853,60.0,800,FogNode_7,31,1.0,1727.0272900361456,107.4720124569451,18252.584405183632,18145.112392726685,12965.587256535673,43.90918748278136,,
7-53,VIDEO_SURVEILLANCE,444.1596332491734,60.0,800,FogNode_7,34,1.0,1727.0272900361456,115.97430192063939,18255.51850559912,18139.54420367848,13068.03576624092,30.442292671239024,,
5-493,CLOUD_GAMING,176.86930420483662,50.0,150,FogNode_7,308,1.0,1727.0272900361456,989.1960137549146,18255.618999297378,17266.422985542464,13153.674671665296,12.122459404457967,,
5-420,SENSOR_DATA_LOGGING,760.8330877808779,0.1,10000,FogNode_1,217,1.0,1597.9384595498836,850.5314450723592,18257.83601104685,17407.30456597449,16913.19940256293,62.85058588371754,,
6-46,VIDEO_SURVEILLANCE,632.6613031338275,60.0,800,FogNode_7,30,1.0,1727.0272900361456,104.8087993535076,18257.96799629625,18153.159196942743,12974.640271221695,43.36202371853721,,
9-34,BATCH_DATA_PROCESSING,373.3093933680711,200.0,30000,FogNode_3,22,1.0,1899.4436001125757,62.445015998282116,18282.62813476069,18220.18311876241,2016.4846687258505,17.7239414352392,,
2-226,CLOUD_GAMING,725.161926873233,50.0,150,FogNode_6,80,1.0,816.2509881302752,454.3990158565332,18289.548447739802,17835.14943188327,12934.333026386485,97.71214863754538,,
7-462,CLOUD_GAMING,278.6862576431409,50.0,150,FogNode_7,308,1.0,1727.0272900361456,985.5143957094534,18298.2463900103,17312.731994300844,13137.58745388576,19.100899729592,,
0-250,GPS_TRACKING,114.34783911291538,0.2,200,FogNode_5,33,1.0,782.8923712617282,478.8821067840163,18300.271553643815,17821.3894468598,17647.179347418656,16.996637313187478,,
2-214,CLOUD_GAMING,822.3329823521044,50.0,150,FogNode_6,76,1.0,816.2509881302752,420.66701103276074,18308.235122458846,17887.568111426084,12867.830218254549,110.80548995119995,,
5-27,BATCH_DATA_PROCESSING,634.3857714865674,200.0,30000,FogNode_3,17,1.0,1899.4436001125757,45.066245013683925,18309.278948820986,18264.2127038073,1922.0766799976864,30.11929638237342,,
3-404,SENSOR_DATA_LOGGING,791.9222896431877,0.1,10000,FogNode_1,217,1.0,1597.9384595498836,850.7984439104924,18342.77980223592,17491.98135832543,16978.253251613096,65.4187898473523,,
4-428,SENSOR_DATA_LOGGING,641.0834983299615,0.1,10000,FogNode_1,219,1.0,1597.9384595498836,853.3458517210055,18349.374863242352,17496.029011521347,17078.77257654867,52.958361193178916,,
2-56,AUGMENTED_REALITY,852.2664662968264,30.0,150,FogNode_2,7,1.0,681.967788340379,101.00146680139505,18372.620467152,18271.619000350605,14608.361267372484,104.61061593368912,,
3-48,BATCH_DATA_PROCESSING,359.8045829436663,200.0,30000,FogNode_3,22,1.0,1899.4436001125757,78.63268728095349,18388.981879016366,18310.34919173541,2109.49418759306,17.082761563239146,,
7-465,VIDEO_SURVEILLANCE,237.0278943610814,60.0,800,FogNode_7,310,1.0,1727.0272900361456,991.6123248660882,18395.214174007848,17403.60184914176,12453.687696146877,16.245673832632097,,
4-470,VIDEO_SURVEILLANCE,818.4481178064547,60.0,800,FogNode_3,332,1.0,1899.4436001125757,966.0815964681921,18401.847782206478,17435.766185738285,12193.245585860002,38.85818778066691,,
0-416,GPS_TRACKING,561.7460023738751,0.2,200,FogNode_1,203,1.0,1597.9384595498836,839.5651399475511,18403.267982567406,17563.702842619856,17181.82411103561,46.4044820527081,,
2-468,VOICE_ASSISTANT,413.7370453551276,2.0,150,FogNode_9,209,1.0,1349.236560939329,945.1967453808431,18405.372816728872,17460.17607134803,16982.845082518274,41.61352207297398,,
4-267,VIDEO_SURVEILLANCE,264.7557519077334,60.0,800,FogNode_7,210,1.0,1727.0272900361456,528.5352270102031,18408.92042854242,17880.385201532215,12919.008128059715,18.14611568144834,,
4-254,CLOUD_GAMING,474.67405748905264,50.0,150,FogNode_6,81,1.0,816.2509881302752,513.2495821628137,18413.740863014384,17900.49128085157,13306.859923410022,63.96008993432042,,
8-395,GPS_TRACKING,518.3092842923369,0.2,200,FogNode_1,215,1.0,1597.9384595498836,847.236951411879,18427.98748415691,17580.75053274503,17233.48259709678,42.816279562391586,,
6-324,HEALTH_MONITORING,506.02425631228493,1.0,100,FogNode_4,118,1.0,1758.3565909566523,587.1947605740851,18428.643834319013,17841.449073744927,17467.86847202924,42.153642080523376,,
7-18,BATCH_DATA_PROCESSING,933.8686121765471,200.0,30000,FogNode_3,21,1.0,1899.4436001125757,50.629276852130175,18469.51652946395,18418.887252611818,1920.8133964045246,44.33810904432736,,
1-315,HEALTH_MONITORING,72.09854060798354,1.0,100,FogNode_4,108,1.0,1758.3565909566523,583.5764975971038,18469.647201314532,17886.07070371743,17750.167351835822,6.006067964934499,,
2-252,CLOUD_GAMING,422.58529461711913,50.0,150,FogNode_6,81,1.0,816.2509881302752,516.7991622295316,18475.591995819268,17958.792833589738,13430.864717878547,56.941374870177285,,
1-311,HEALTH_MONITORING,550.1134536923298,1.0,100,FogNode_4,93,1.0,1758.3565909566523,578.4259515612073,18480.337929471323,17901.911977910117,17494.190017338755,45.82643092965911,,
5-30,BATCH_DATA_PROCESSING,865.8379314734631,200.0,30000,FogNode_3,21,1.0,1899.4436001125757,50.63830552211901,18480.341236681666,18429.702931159547,1966.914101676026,41.10815602947765,,
4-36,BATCH_DATA_PROCESSING,131.6949851312338,200.0,30000,FogNode_7,22,1.0,1727.0272900361456,88.16538326285297,18485.175729133807,18397.010345870953,2305.9675997670674,9.026253131946344,,
4-27,BATCH_DATA_PROCESSING,853.7812460190127,200.0,30000,FogNode_3,21,1.0,1899.4436001125757,50.48520452093133,18490.831562808937,18440.346358288007,1976.163580026412,40.53573007209734,,
0-458,VOICE_ASSISTANT,975.9557079859945,2.0,150,FogNode_9,206,1.0,1349.236560939329,941.2929785650389,18501.5419791758,17560.249000610762,16664.97237030642,98.1612713980213,,
9-196,SENSOR_DATA_LOGGING,685.4802438487914,0.1,10000,FogNode_0,85,1.0,1189.2931772946604,405.68969980521206,18507.126092983908,18101.436393178697,17510.565215125967,43.64739666684227,,
1-514,VOICE_ASSISTANT,516.4930358413515,2.0,150,FogNode_9,221,1.0,1349.236560939329,949.1286668567884,18507.820100621586,17558.691433764798,17003.9211351446,51.94868235468982,,
5-49,BATCH_DATA_PROCESSING,214.609847273598,200.0,30000,FogNode_7,22,1.0,1727.0272900361456,88.17266728465155,18519.47963785533,18431.306970570677,2293.408518469916,14.709161508082493,,
8-225,E_COMMERCE_TRANSACTION,862.1812313809749,0.5,300,FogNode_5,27,1.0,782.8923712617282,459.7053635290542,18520.934584435687,18061.229220906633,16914.333279460265,128.1544260189228,,
4-120,VOICE_ASSISTANT,893.4732334508928,2.0,150,FogNode_0,27,1.0,1189.2931772946604,252.66503581229233,18526.56879672083,18273.903760908535,17356.7619128614,56.89118101008279,,
7-378,SENSOR_DATA_LOGGING,498.26062619396646,0.1,10000,FogNode_8,92,1.0,770.9711269175084,818.4918545675505,18539.898414874962,17721.406560307412,17058.22997734677,47.36199834683789,,
4-42,BATCH_DATA_PROCESSING,418.2927274362237,200.0,30000,FogNode_7,28,1.0,1727.0272900361456,92.99978698039781,18540.450279809556,18447.450492829157,2196.874326846071,28.669398742322635,,
9-233,GPS_TRACKING,568.6477720977922,0.2,200,FogNode_5,33,1.0,782.8923712617282,479.47672510036,18543.956835895453,18064.48011079509,17311.588514727875,84.52367807103238,,
3-273,HEALTH_MONITORING,654.3368012644497,1.0,100,FogNode_4,111,1.0,1758.3565909566523,584.3173299556022,18544.699869461874,17960.38253950627,17499.034029685765,54.50861095400525,,
5-279,HEALTH_MONITORING,756.156424089302,1.0,100,FogNode_4,99,1.0,1758.3565909566523,580.4457402703844,18553.336480641705,17972.89074037132,17451.23328169421,62.99055205424361,,
0-177,VOICE_ASSISTANT,805.2497891218622,2.0,150,FogNode_8,51,1.0,770.9711269175084,336.75672723129054,18553.434208993982,18216.67748176269,17001.72358991229,76.54275127558338,,
2-61,BATCH_DATA_PROCESSING,61.95875267541266,200.0,30000,FogNode_7,30,1.0,1727.0272900361456,106.88975720981269,18555.35559246987,18448.465835260056,2404.8484376432807,4.246595911231058,,
5-71,AUGMENTED_REALITY,596.7153769451774,30.0,150,FogNode_9,30,1.0,1349.236560939329,133.36254610884967,18574.548719729348,18441.1861736205,15592.797672218263,60.01741634829263,,
8-38,BATCH_DATA_PROCESSING,177.3744251538254,200.0,30000,FogNode_7,29,1.0,1727.0272900361456,95.48286358304414,18587.88077970085,18492.397916117803,2377.750893809918,12.15707992963042,,
7-439,VOICE_ASSISTANT,835.1419069602136,2.0,150,FogNode_9,202,1.0,1349.236560939329,939.2779824341364,18588.60483966211,17649.326857227974,16855.725839928564,83.99827032535684,,
6-515,VOICE_ASSISTANT,890.2776557073109,2.0,150,FogNode_9,215,1.0,1349.236560939329,947.8212319044668,18593.916884353654,17646.09565244919,16820.19597085815,89.54380395174,,
2-487,CLOUD_GAMING,619.5468052595241,50.0,150,FogNode_7,312,1.0,1727.0272900361456,993.276404160549,18595.287466856524,17602.011062695976,13236.098936613247,42.46316809853108,,
6-279,VIDEO_SURVEILLANCE,610.7630949692136,60.0,800,FogNode_7,176,1.0,1727.0272900361456,483.1863165698028,18606.234343718435,18123.048027148634,12960.891316690992,41.86114067555048,,
0-207,SENSOR_DATA_LOGGING,787.9534973368138,0.1,10000,FogNode_0,84,1.0,1189.2931772946604,405.1843215041563,18610.6897458081,18205.505424303945,17527.677223022063,50.17229768750569,,
1-510,CLOUD_GAMING,922.8765230245896,50.0,150,FogNode_7,287,1.0,1727.0272900361456,942.985009798989,18632.897624801455,17689.912615002468,13147.18129937068,63.25310791484967,,
4-291,CLOUD_GAMING,130.09248501428158,50.0,150,FogNode_6,79,1.0,816.2509881302752,584.8328567109389,18634.970038732605,18050.137182021666,13884.707827024547,17.52934863410896,,
2-83,AUGMENTED_REALITY,590.443585841875,30.0,150,FogNode_9,36,1.0,1349.236560939329,153.9044204305901,18650.76525595773,18496.86083552714,15649.044441771819,59.38660187217934,,
8-279,HEALTH_MONITORING,189.41716406929044,1.0,100,FogNode_4,115,1.0,1758.3565909566523,586.8533487162777,18652.42384595417,18065.57049723789,17864.64350631018,15.779131609764292,,
8-258,CLOUD_GAMING,302.56946460810764,50.0,150,FogNode_6,79,1.0,816.2509881302752,533.125865148865,18660.23034461711,18127.104479468246,13742.521991188787,40.76980796061319,,
5-415,GPS_TRACKING,418.8307595746678,0.2,200,FogNode_1,209,1.0,1597.9384595498836,843.1789577730743,18665.374922338193,17822.19596456512,17530.07700488627,34.5985986258416,,
5-396,E_COMMERCE_TRANSACTION,669.1243213882879,0.5,300,FogNode_1,197,1.0,1597.9384595498836,818.6745217944399,18676.578245698845,17857.903723904405,17387.307402264738,55.274745937982544,,
0-101,AUGMENTED_REALITY,130.47379309892645,30.0,150,FogNode_9,42,1.0,1349.236560939329,186.48780602366998,18690.618824455316,18504.131018431646,15994.065400554886,13.12300682286372,,
3-276,HEALTH_MONITORING,256.2455278580585,1.0,100,FogNode_4,127,1.0,1758.3565909566523,590.1161232267183,18699.06660681517,18108.95048358845,17869.834253623758,21.34617487466311,,
6-280,VIDEO_SURVEILLANCE,773.3015481659152,60.0,800,FogNode_7,176,1.0,1727.0272900361456,484.65114195047994,18703.283027113852,18218.631885163373,12961.96200928979,53.00137673515796,,
3-58,BATCH_DATA_PROCESSING,283.19181990938824,200.0,30000,FogNode_7,31,1.0,1727.0272900361456,110.07669755522735,18704.426738979153,18594.350041423924,2424.257418029032,19.40970682256041,,
2-413,GPS_TRACKING,453.70267886320477,0.2,200,FogNode_1,212,1.0,1597.9384595498836,844.2296211555328,18711.917491693624,17867.68787053809,17554.493426702018,37.4792837503107,,
9-299,CLOUD_GAMING,50.65745200285783,50.0,150,FogNode_6,79,1.0,816.2509881302752,584.0067024674033,18722.2914664283,18138.2847639609,14064.747103114118,6.825852676857176,,
8-42,BATCH_DATA_PROCESSING,236.42321609767782,200.0,30000,FogNode_7,30,1.0,1727.0272900361456,107.1421665800361,18724.776830771778,18617.63466419174,2467.0505029866217,16.204229740714496,,
7-62,BATCH_DATA_PROCESSING,244.51874977022206,200.0,30000,FogNode_7,38,1.0,1727.0272900361456,130.43876847458407,18736.871071922258,18606.432303447673,2455.1640708187333,16.759090171381334,,
6-103,AUGMENTED_REALITY,161.3684085883135,30.0,150,FogNode_9,45,1.0,1349.236560939329,202.3396201149406,18770.36504539419,18568.025425279247,16040.526560723065,16.230376051790607,,
4-77,AUGMENTED_REALITY,390.65326588202845,30.0,150,FogNode_9,37,1.0,1349.236560939329,160.88700995856513,18791.078504638805,18630.19149468024,15933.645071310133,39.29176389971938,,
5-500,CLOUD_GAMING,942.4091945301964,50.0,150,FogNode_7,318,1.0,1727.0272900361456,999.1148925339373,18794.986620284624,17795.871727750688,13236.231391281963,64.59185925133428,,
7-71,AUGMENTED_REALITY,794.1387994621819,30.0,150,FogNode_9,34,1.0,1349.236560939329,141.14951175134013,18796.070530586087,18654.921018834746,15657.226174791977,79.87419263377546,,
1-121,AUGMENTED_REALITY,156.11580312454737,30.0,150,FogNode_9,45,1.0,1349.236560939329,202.03206815829566,18806.325593486137,18604.29352532784,16078.137873445647,15.702070897923035,,
0-61,BATCH_DATA_PROCESSING,445.73925179816354,200.0,30000,FogNode_7,32,1.0,1727.0272900361456,113.27581550359005,18813.451833548283,18700.17601804469,2435.885248230228,30.550558273462936,,
2-400,SMART_HOME_CONTROL,213.20954722890926,0.1,150,FogNode_8,92,1.0,770.9711269175084,818.1748694005433,18829.980943086815,18011.80607368627,17715.37660095428,20.266562703380504,,
7-81,AUGMENTED_REALITY,585.5314926358768,30.0,150,FogNode_9,37,1.0,1349.236560939329,161.40181102212233,18839.345264250034,18677.943453227912,15837.770799407857,58.89254531778775,,
0-302,CLOUD_GAMING,110.82296543087111,50.0,150,FogNode_6,80,1.0,816.2509881302752,608.2891798675839,18858.062163239003,18249.77298337142,14107.28983576089,14.93287177572386,,
9-399,SENSOR_DATA_LOGGING,251.3967960557464,0.1,10000,FogNode_8,92,1.0,770.9711269175084,819.8532795993116,18865.976509473498,18046.123229874185,17701.895416358235,23.89643895834847,,
0-109,AUGMENTED_REALITY,90.50087835458132,30.0,150,FogNode_9,45,1.0,1349.236560939329,208.0152827661727,18873.40121311771,18665.38593035154,16183.983338175005,9.102545545080057,,
5-257,CLOUD_GAMING,462.993778618782,50.0,150,FogNode_6,79,1.0,816.2509881302752,545.1853140044352,18875.45499153285,18330.269677528413,13749.16064298128,62.38622745918888,,
2-108,AUGMENTED_REALITY,121.31265859839114,30.0,150,FogNode_9,45,1.0,1349.236560939329,208.73441226591555,18880.99057944497,18672.256167179054,16174.974485227161,12.20158323502839,,
9-300,HEALTH_MONITORING,728.2419927641357,1.0,100,FogNode_4,111,1.0,1758.3565909566523,584.6594771520571,18883.80778541308,18299.14830826102,17790.468091205166,60.66517944159905,,
4-79,AUGMENTED_REALITY,426.4593170195012,30.0,150,FogNode_9,40,1.0,1349.236560939329,165.16865129664941,18890.623253555055,18725.454602258407,15999.19213016536,42.893123546101336,,
7-395,GPS_TRACKING,933.2980237673015,0.2,200,FogNode_1,216,1.0,1597.9384595498836,850.0149816977508,18933.438672577162,18083.423690879412,17476.767195104545,77.0974981766098,,
8-189,GPS_TRACKING,393.10756879600405,0.2,200,FogNode_0,61,1.0,1189.2931772946604,395.1012098935304,18941.228570297302,18546.12736040377,18189.45018532521,25.03080452273698,,
8-398,SENSOR_DATA_LOGGING,975.7583647200681,0.1,10000,FogNode_1,216,1.0,1597.9384595498836,849.8274931881125,18953.415561634894,18103.58806844678,17471.811728207496,80.60504450781295,,
4-204,SENSOR_DATA_LOGGING,520.5340492028342,0.1,10000,FogNode_0,83,1.0,1189.2931772946604,404.7342085070894,18964.25233778588,18559.518129278793,18105.75203242855,33.144581959922164,,
2-280,VOICE_ASSISTANT,489.58224355571366,2.0,150,FogNode_4,55,1.0,1758.3565909566523,557.7190967845561,18977.498323153977,18419.77922636942,17975.256495166865,40.78396323177631,,
9-414,GPS_TRACKING,523.9021489575871,0.2,200,FogNode_1,218,1.0,1597.9384595498836,852.1471648222083,18993.2362024936,18141.089037671394,17790.77205275564,43.27829261968985,,
7-92,AUGMENTED_REALITY,568.7180049040792,30.0,150,FogNode_9,42,1.0,1349.236560939329,182.98632480195332,19010.11580472827,18827.129479926316,15996.03012233719,57.201450815359806,,
7-80,AUGMENTED_REALITY,685.685388125656,30.0,150,FogNode_9,37,1.0,1349.236560939329,159.43250318243304,19016.02259674153,18856.590093559098,15938.147577367541,68.9659878278267,,
5-283,HEALTH_MONITORING,958.0251155585282,1.0,100,FogNode_4,111,1.0,1758.3565909566523,585.671038339534,19025.179129763525,18439.50809142399,17800.947993670212,79.80694071804287,,
6-321,CLOUD_GAMING,324.465340080092,50.0,150,FogNode_6,79,1.0,816.2509881302752,580.571166643352,19032.47686542977,18451.905698786417,14040.897485113737,43.72017388494244,,
3-406,AUGMENTED_REALITY,236.3877705273243,30.0,150,FogNode_9,194,1.0,1349.236560939329,856.0013999850137,19048.602343424136,18192.600943439124,15607.35304803618,23.775796286688507,,
3-251,CLOUD_GAMING,694.3499404265657,50.0,150,FogNode_6,79,1.0,816.2509881302752,536.5392559084622,19074.390546317125,18537.851290408664,13676.863477170966,93.56037882183483,,
5-272,VOICE_ASSISTANT,346.8689504568124,2.0,150,FogNode_4,59,1.0,1758.3565909566523,562.940799759343,19081.076617139694,18518.13581738035,18152.844624227808,28.895432193233955,,
2-58,AUGMENTED_REALITY,876.6443286630638,30.0,150,FogNode_2,7,1.0,681.967788340379,102.72990716689034,19087.76690927891,18985.03700211202,15286.047445153567,107.60285286676896,,
5-243,CLOUD_GAMING,908.8859538223855,50.0,150,FogNode_6,79,1.0,816.2509881302752,522.4576168888171,19094.273765968213,18571.816149079397,13446.607112800808,122.4680945363463,,
9-394,GPS_TRACKING,192.85927974038677,0.2,200,FogNode_8,92,1.0,770.9711269175084,816.3726946264326,19116.12761501681,18299.754920390376,18027.123909935308,18.332174785732953,,
5-89,AUGMENTED_REALITY,441.3037925949646,30.0,150,FogNode_9,45,1.0,1349.236560939329,202.76628119834731,19123.147194064382,18920.380912866036,16178.835759420499,44.38617551946535,,
4-56,AUGMENTED_REALITY,807.3051917701142,30.0,150,FogNode_2,9,1.0,681.967788340379,114.0338014444179,19145.741459409,19031.707657964584,15440.331911437464,99.09188815616686,,
7-249,CLOUD_GAMING,969.9263570552841,50.0,150,FogNode_6,80,1.0,816.2509881302752,521.9400210112987,19151.801624859996,18629.861603848698,13435.118004908758,130.69300090905958,,
3-256,VOICE_ASSISTANT,928.0242962446378,2.0,150,FogNode_4,54,1.0,1758.3565909566523,547.7318080302732,19180.20319459001,18632.471386559737,17931.491472461363,77.30776447559069,,
0-108,AUGMENTED_REALITY,553.9185623287042,30.0,150,FogNode_9,45,1.0,1349.236560939329,205.91860851559463,19180.907257460447,18974.98864894485,16154.694994837173,55.71292824482358,,
4-408,SENSOR_DATA_LOGGING,280.0229483633457,0.1,10000,FogNode_8,92,1.0,770.9711269175084,824.0662932014668,19193.189030376583,18369.122737175116,17991.444229405573,26.617488358990965,,
4-285,VOICE_ASSISTANT,205.38670331649035,2.0,150,FogNode_4,75,1.0,1758.3565909566523,570.0136545595319,19197.88267591799,18627.86902135846,18341.693584273704,17.109451714423262,,
8-191,SMART_HOME_CONTROL,823.7332770154943,0.1,150,FogNode_0,72,1.0,1189.2931772946604,401.3297640967456,19199.750327900718,18798.42056380397,18086.350852660355,52.45054604010458,,
5-398,SMART_HOME_CONTROL,68.9216445943849,0.1,150,FogNode_8,92,1.0,770.9711269175084,823.8055909772607,19205.52349793391,18381.717906956652,18276.853016634468,6.551324037532658,,
5-69,AUGMENTED_REALITY,736.3255163947166,30.0,150,FogNode_2,13,1.0,681.967788340379,128.79031007428503,19210.689032504346,19081.89872243006,15594.374591976279,90.37955715004746,,
5-401,E_COMMERCE_TRANSACTION,917.6226402408977,0.5,300,FogNode_1,197,1.0,1597.9384595498836,826.1564383846628,19250.832300826463,18424.6758624418,17801.20165021287,75.80259256010984,,
8-400,SMART_HOME_CONTROL,526.1786576729318,0.1,150,FogNode_1,219,1.0,1597.9384595498836,854.7150545525375,19262.72460629275,18408.009551740215,18056.389505981435,43.466349512623,,
7-442,AUGMENTED_REALITY,341.84393418657453,30.0,150,FogNode_9,208,1.0,1349.236560939329,943.5872325628976,19263.47681204383,18319.889579480932,15659.118100969818,34.3825390075358,,
4-284,VOICE_ASSISTANT,521.8291166879412,2.0,150,FogNode_4,75,1.0,1758.3565909566523,569.8654570071044,19274.269250832553,18704.403793825448,18240.455398138547,43.470243842390126,,
7-256,CLOUD_GAMING,860.1527601318305,50.0,150,FogNode_6,79,1.0,816.2509881302752,530.1132593426983,19274.3576500978,18744.244390755102,13681.158747067599,115.90152658923148,,
0-209,SMART_HOME_CONTROL,101.60437710833953,0.1,150,FogNode_0,85,1.0,1189.2931772946604,405.8765967224094,19285.182901674885,18879.306304952475,18776.886194210572,6.469576024299513,,
3-385,E_COMMERCE_TRANSACTION,916.675846553129,0.5,300,FogNode_1,197,1.0,1597.9384595498836,821.9747294309543,19285.579037339972,18463.60430790902,17836.44130714616,75.72438021768816,,
6-436,SENSOR_DATA_LOGGING,95.91321138766807,0.1,10000,FogNode_8,92,1.0,770.9711269175084,824.8076312873208,19317.59474161398,18492.78711032666,18353.745250541848,9.116998454969742,,
1-91,CLOUD_GAMING,272.5803631763218,50.0,150,FogNode_9,34,1.0,1349.236560939329,150.5163625691762,19325.17282179163,19174.656459222457,14964.647188445562,27.416034138207127,,
2-238,GPS_TRACKING,616.6957057571617,0.2,200,FogNode_5,35,1.0,782.8923712617282,481.5839772883921,19331.6713780148,18850.087400726406,18034.830543837732,91.66551221841816,,
4-152,AUGMENTED_REALITY,656.5913694599739,30.0,150,FogNode_2,38,1.0,681.967788340379,301.98318146649655,19335.409884314708,19033.42670284821,15657.948811551705,80.5926670732464,,
3-156,AUGMENTED_REALITY,140.12234033917196,30.0,150,FogNode_2,53,1.0,681.967788340379,323.26387985447457,19351.20914092541,19027.945261070934,16416.420403119635,17.19917996145307,,
9-243,SMART_HOME_CONTROL,823.5088705695399,0.1,150,FogNode_5,51,1.0,782.8923712617282,488.6571644552699,19352.151608679163,18863.494444223892,17791.98155436449,122.40617492947617,,
3-186,GPS_TRACKING,476.61104866877685,0.2,200,FogNode_0,64,1.0,1189.2931772946604,395.9154388269792,19365.003857905544,18969.088419078565,18542.010855349567,30.347820646505195,,
4-462,AUGMENTED_REALITY,479.9007917383276,30.0,150,FogNode_9,215,1.0,1349.236560939329,947.9874593512724,19371.705807255945,18423.718347904673,15655.041638510429,48.26824770476909,,
3-89,AUGMENTED_REALITY,816.4351468716427,30.0,150,FogNode_2,13,1.0,681.967788340379,173.5856884164428,19412.66783610715,19239.082147690708,15636.88879963122,100.21253558791173,,
4-409,E_COMMERCE_TRANSACTION,734.6677989627127,0.5,300,FogNode_1,197,1.0,1597.9384595498836,825.8183809094594,19413.17531932272,18587.35693841326,18074.110162759116,60.68913449779676,,
5-276,VOICE_ASSISTANT,692.1208385777628,2.0,150,FogNode_4,81,1.0,1758.3565909566523,571.8206368578294,19418.79714907621,18846.97651221838,18286.57736175862,57.656157272969864,,
9-232,GPS_TRACKING,726.9053737117531,0.2,200,FogNode_5,33,1.0,782.8923712617282,478.8144447969962,19449.421564760014,18970.607119963017,18011.85920961552,108.04705269319078,,
5-173,AUGMENTED_REALITY,838.0308162450241,30.0,150,FogNode_9,130,1.0,1349.236560939329,380.35139400777956,19460.460078735636,19080.108684727857,16049.17096783645,84.28883577420875,,
4-88,CLOUD_GAMING,186.24982542674653,50.0,150,FogNode_9,42,1.0,1349.236560939329,182.0020192938948,19463.213719006188,19281.211699712294,15128.434322232823,18.73293993974091,,
3-188,GPS_TRACKING,125.3790491226557,0.2,200,FogNode_0,70,1.0,1189.2931772946604,400.2217626769038,19470.42702144194,19070.205258765036,18940.34762676958,7.983408916413959,,
7-280,VOICE_ASSISTANT,513.5987473115896,2.0,150,FogNode_4,85,1.0,1758.3565909566523,572.9654089528618,19472.293405388584,18899.32799643572,18440.56612946229,42.78462444657381,,
7-186,E_COMMERCE_TRANSACTION,631.7923187259645,0.5,300,FogNode_0,47,1.0,1189.2931772946604,370.9383030769888,19472.462021214033,19101.523718137043,18519.77271042263,40.228861727164755,,
3-75,CLOUD_GAMING,600.7200917203215,50.0,150,FogNode_9,33,1.0,1349.236560939329,138.80624562280167,19493.83197113457,19355.02572551177,14901.32138578664,60.420209108965985,,
9-327,CLOUD_GAMING,350.46719131511554,50.0,150,FogNode_6,80,1.0,816.2509881302752,639.7364866525467,19503.75258864421,18864.016101991663,14426.284154696255,47.22380067307648,,
7-93,CLOUD_GAMING,193.27979517907477,50.0,150,FogNode_9,42,1.0,1349.236560939329,185.35614458255614,19514.957035968953,19329.6008913864,15171.802706890485,19.440011749589967,,
2-98,CLOUD_GAMING,340.4658004142857,50.0,150,FogNode_9,42,1.0,1349.236560939329,180.89904822381456,19515.81640190586,19334.917353682045,15075.12990988926,34.24392681218977,,
4-288,VOICE_ASSISTANT,193.8911386494515,2.0,150,FogNode_4,85,1.0,1758.3565909566523,573.8234185333237,19529.065532432945,18955.24211389962,18674.221431359743,16.151829797206677,,
9-151,AUGMENTED_REALITY,223.67643129221057,30.0,150,FogNode_2,54,1.0,681.967788340379,327.9144325304931,19538.675830585446,19210.761398054954,16470.3100535217,27.4549453400391,,
1-108,AUGMENTED_REALITY,899.0119725553601,30.0,150,FogNode_2,15,1.0,681.967788340379,187.84318777950904,19553.07022983465,19365.227042055143,15637.298889366391,110.34834749443579,,
9-104,CLOUD_GAMING,131.0713481410007,50.0,150,FogNode_9,45,1.0,1349.236560939329,201.72608791954445,19557.60490265721,19355.878814737665,15252.99936384162,13.183108692426377,,
0-419,GPS_TRACKING,918.8213516094725,0.2,200,FogNode_1,219,1.0,1597.9384595498836,855.0152194550047,19568.24041878131,18713.225199326305,18113.261107841492,75.90161521439548,,
3-265,VOICE_ASSISTANT,545.3610382449829,2.0,150,FogNode_4,85,1.0,1758.3565909566523,573.811338351817,19584.42308484427,19010.611746492454,18532.786914726083,45.43053761567975,,
8-413,AUGMENTED_REALITY,950.2893128999596,30.0,150,FogNode_9,194,1.0,1349.236560939329,873.2165539080806,19585.306887208208,18712.090333300126,15595.413171722459,95.5797546824233,,
6-312,VOICE_ASSISTANT,698.5226692153096,2.0,150,FogNode_4,75,1.0,1758.3565909566523,570.1661075069601,19595.14149862088,19024.97539111392,18456.70445581489,58.18945280967382,,
3-270,CLOUD_GAMING,971.1668361341639,50.0,150,FogNode_6,79,1.0,816.2509881302752,580.742256029168,19603.53033985011,19022.788083820942,13826.751759799474,130.86014961288066,,
7-98,CLOUD_GAMING,196.3523074081525,50.0,150,FogNode_9,45,1.0,1349.236560939329,199.42982075682127,19608.7421704969,19409.312349740077,15251.593532959667,19.749043916033905,,
4-427,GPS_TRACKING,576.1671047610828,0.2,200,FogNode_1,219,1.0,1597.9384595498836,852.7631400137378,19611.401321064815,18758.63818105108,18370.553482512085,47.595774530232575,,
8-412,AUGMENTED_REALITY,979.0834017729751,30.0,150,FogNode_9,194,1.0,1349.236560939329,873.0532557120614,19616.28058460999,18743.22732889793,15602.665837574998,98.4758537055599,,
4-84,CLOUD_GAMING,591.5426949365947,50.0,150,FogNode_9,41,1.0,1349.236560939329,171.97817844285564,19619.334966923616,19447.35678848076,15000.626388026598,59.49714986658111,,
9-202,CLOUD_GAMING,145.40281877351924,50.0,150,FogNode_9,161,1.0,1349.236560939329,412.75073000058836,19622.72377086405,19209.97304086346,15094.640498442026,14.624562814555057,,
9-413,GPS_TRACKING,598.216146393258,0.2,200,FogNode_1,217,1.0,1597.9384595498836,850.9985113474992,19637.09205631443,18786.09354496693,18382.43032154611,49.417192666500334,,
8-290,CLOUD_GAMING,625.0474238056987,50.0,150,FogNode_6,80,1.0,816.2509881302752,619.8844115120355,19641.20894821405,19021.324536702014,14247.090078481995,84.2221916472648,,
7-393,E_COMMERCE_TRANSACTION,373.3797719457019,0.5,300,FogNode_1,203,1.0,1597.9384595498836,839.39482272843,19646.838743414082,18807.44392068565,18523.951373288794,30.84400218760571,,
9-238,GPS_TRACKING,255.47665122555753,0.2,200,FogNode_5,36,1.0,782.8923712617282,483.27852039506956,19657.995481561527,19174.716961166458,18821.83997782697,37.97399248253958,,
1-199,AUGMENTED_REALITY,172.03315754513017,30.0,150,FogNode_2,57,1.0,681.967788340379,356.8646013785035,19664.927782231272,19308.06318085277,16641.88875097563,21.116042087177046,,
8-297,CLOUD_GAMING,526.931797001722,50.0,150,FogNode_6,80,1.0,816.2509881302752,634.9781541790878,19678.028055767347,19043.04990158826,14390.384740751892,71.00157380364207,,
3-167,AUGMENTED_REALITY,243.26245301881437,30.0,150,FogNode_2,57,1.0,681.967788340379,347.54340237326466,19707.915802409836,19360.372400036573,16593.458277927904,29.85901246873104,,
6-217,GPS_TRACKING,299.912352971738,0.2,200,FogNode_0,69,1.0,1189.2931772946604,398.55656054318007,19724.63899380372,19326.08243326054,19047.38752449086,19.09667499962412,,
7-195,CLOUD_GAMING,347.2625205097818,50.0,150,FogNode_9,144,1.0,1349.236560939329,387.9442113531664,19751.209017208697,19363.26480585553,15094.664423888966,34.92753845609027,,
4-460,CLOUD_GAMING,193.8186282466949,50.0,150,FogNode_9,213,1.0,1349.236560939329,946.9810838085621,19762.98555708533,18816.004473276767,14666.764900044014,19.49420738424437,,
6-444,E_COMMERCE_TRANSACTION,343.7082191546146,0.5,300,FogNode_1,204,1.0,1597.9384595498836,841.4117189498988,19783.335197369615,18941.923478419718,18673.295404477336,28.392906793688535,,
2-312,CLOUD_GAMING,416.45292540479596,50.0,150,FogNode_6,80,1.0,816.2509881302752,645.2541265764867,19784.55969758167,19139.305571005185,14621.136202650307,56.115067048752486,,
2-421,SENSOR_DATA_LOGGING,335.0275080680699,0.1,10000,FogNode_4,243,1.0,1758.3565909566523,861.4372992370838,19785.675949818742,18924.238650581658,18716.98936340621,27.90899741674739,,
1-84,VIDEO_SURVEILLANCE,232.29058512355817,60.0,800,FogNode_9,31,1.0,1349.236560939329,136.08816811634514,19788.445045497294,19652.35687738095,14673.694208439962,23.363702863702073,,
6-442,E_COMMERCE_TRANSACTION,835.0418941811043,0.5,300,FogNode_1,203,1.0,1597.9384595498836,840.227881863493,19808.153538999017,18967.925657135525,18399.150545975055,68.98079635286167,,
9-303,VOICE_ASSISTANT,609.620810183383,2.0,150,FogNode_4,132,1.0,1758.3565909566523,591.442963616468,19818.992597872464,19227.549634255996,18708.165684885622,50.783607933312304,,
1-351,CLOUD_GAMING,266.4391144237252,50.0,150,FogNode_6,80,1.0,816.2509881302752,640.739765478585,19830.170710396244,19189.430944917658,14849.206947272109,35.90141372104621,,
1-395,CLOUD_GAMING,63.52082443256243,50.0,150,FogNode_6,77,1.0,816.2509881302752,724.394961245088,19862.379908958155,19137.984947713067,15045.661554675884,8.559131427785204,,
5-394,GPS_TRACKING,528.4789114484224,0.2,200,FogNode_8,92,1.0,770.9711269175084,817.4683620162733,19890.995227026262,19073.52686500999,18364.95620168427,50.234387415984756,,
8-299,CLOUD_GAMING,654.8216418146519,50.0,150,FogNode_6,80,1.0,816.2509881302752,638.7095439616775,19896.504515256005,19257.794971294326,14443.334644995737,88.23412706174788,,
2-243,SMART_HOME_CONTROL,355.3998288776578,0.1,150,FogNode_5,51,1.0,782.8923712617282,488.6097712017655,19903.37902037411,19414.769249172343,18939.313854812975,52.82655133200648,,
9-317,CLOUD_GAMING,859.6003944718698,50.0,150,FogNode_6,80,1.0,816.2509881302752,618.5957936215322,19911.17010059157,19292.57430697004,14232.792074714089,115.82709792238036,,
5-74,VIDEO_SURVEILLANCE,390.9784969092927,60.0,800,FogNode_9,34,1.0,1349.236560939329,145.72883827958256,19912.501344514363,19766.77250623478,14663.359942927651,39.324475518569606,,
0-94,VIDEO_SURVEILLANCE,170.71560163218047,60.0,800,FogNode_9,40,1.0,1349.236560939329,168.10911939038758,19914.972599355846,19746.863479965457,14808.700051057753,17.17051334048188,,
6-388,CLOUD_GAMING,210.36261866230325,50.0,150,FogNode_6,77,1.0,816.2509881302752,730.6890281570818,19935.746112739216,19205.057084582135,14942.153082477484,28.345370462489143,,
0-93,VIDEO_SURVEILLANCE,260.1097048450621,60.0,800,FogNode_9,40,1.0,1349.236560939329,165.3247987020151,19943.991893373848,19778.667094671833,14778.477924442173,26.161739842933283,,
7-399,SENSOR_DATA_LOGGING,667.6011640063944,0.1,10000,FogNode_4,243,1.0,1758.3565909566523,861.5468818109435,19964.096449985285,19102.54956817434,18706.358648518682,55.61358011798362,,
2-417,E_COMMERCE_TRANSACTION,565.2810533900721,0.5,300,FogNode_1,216,1.0,1597.9384595498836,849.6900023514256,19965.15778146649,19115.467779115064,18713.342052938104,46.696504088901136,,
1-258,SMART_HOME_CONTROL,482.0013594789625,0.1,150,FogNode_5,52,1.0,782.8923712617282,489.1108116289756,19967.819070992224,19478.708259363248,18842.115538419854,71.64457461620634,,
5-395,CLOUD_GAMING,610.381784068463,50.0,150,FogNode_9,194,1.0,1349.236560939329,817.8210945477583,19968.206888303233,19150.385793755475,14683.865873132689,61.39197862369863,,
1-481,CLOUD_GAMING,538.688374894082,50.0,150,FogNode_9,194,1.0,1349.236560939329,880.509877756381,19984.561095468805,19104.051217712426,14698.697945261441,54.18108151245718,,
3-400,CLOUD_GAMING,576.1201337335918,50.0,150,FogNode_9,194,1.0,1349.236560939329,847.0976316453022,19984.602028596713,19137.50439695141,14700.903784996193,57.94595425031214,,
8-396,E_COMMERCE_TRANSACTION,548.387906286552,0.5,300,FogNode_1,216,1.0,1597.9384595498836,847.8815266392297,19990.0233654558,19142.14183881657,18745.437810352363,45.3010019611311,,
8-193,SMART_HOME_CONTROL,865.6401755367503,0.1,150,FogNode_0,77,1.0,1189.2931772946604,403.19629781403637,20013.04394726321,19609.847649449173,18861.089432853103,55.11893369860849,,
9-415,E_COMMERCE_TRANSACTION,103.96483361492793,0.5,300,FogNode_1,219,1.0,1597.9384595498836,855.590431303542,20030.219632249034,19174.629200945492,19055.83536462978,8.588284091402864,,
7-307,CLOUD_GAMING,724.820492309555,50.0,150,FogNode_6,80,1.0,816.2509881302752,642.0847221023446,20039.788901873708,19397.704179771365,14498.757217981694,97.66614194083427,,
8-405,SENSOR_DATA_LOGGING,907.9226773494722,0.1,10000,FogNode_4,243,1.0,1758.3565909566523,862.8930517680673,20045.412831961938,19182.51978019387,18652.680407995005,75.6332272620565,,
8-403,SENSOR_DATA_LOGGING,457.99679150510065,0.1,10000,FogNode_4,243,1.0,1758.3565909566523,860.8062908016693,20046.14461349061,19185.338322688942,18907.165538515146,38.152781378170864,,
6-220,VIDEO_SURVEILLANCE,88.91130373702646,60.0,800,FogNode_9,156,1.0,1349.236560939329,399.41593940244735,20050.458586176534,19651.042646774087,14779.889956069772,8.942666706148724,,
0-411,SENSOR_DATA_LOGGING,581.7472363666906,0.1,10000,FogNode_8,92,1.0,770.9711269175084,823.2351565735205,20072.158973730722,19248.923817157203,18475.57751909463,55.29779035028707,,
5-419,E_COMMERCE_TRANSACTION,724.1555059449134,0.5,300,FogNode_1,215,1.0,1597.9384595498836,847.2550410923454,20090.27315450822,19243.018113415874,18737.18704831557,59.820739332337965,,
8-149,AUGMENTED_REALITY,559.867072135598,30.0,150,FogNode_2,54,1.0,681.967788340379,329.3263270989709,20156.368119744093,19827.041792645123,16592.947382405986,68.72033756247552,,
5-422,SENSOR_DATA_LOGGING,247.45735329789406,0.1,10000,FogNode_4,243,1.0,1758.3565909566523,860.357959966445,20186.145010275817,19325.787050309373,19165.230049576596,20.61408829911027,,
7-101,VIDEO_SURVEILLANCE,304.5400558973996,60.0,800,FogNode_9,45,1.0,1349.236560939329,205.66015179788113,20193.91975787251,19988.25960607463,14948.801666867452,30.630528449086356,,
2-91,VIDEO_SURVEILLANCE,432.1795065631272,60.0,800,FogNode_9,41,1.0,1349.236560939329,172.6289777010375,20232.815453303592,20060.186475602553,14932.567505113588,43.46845813725683,,
9-420,CLOUD_GAMING,856.6701195190468,50.0,150,FogNode_9,194,1.0,1349.236560939329,877.3603164758409,20243.671688655402,19366.31137217956,14717.339736045777,86.16357014215164,,
5-226,SENSOR_DATA_LOGGING,217.94664615870863,0.1,10000,FogNode_5,52,1.0,782.8923712617282,488.7231009277142,20246.205544227952,19757.48244330024,19456.236023884925,32.395540896292935,,
8-408,SMART_HOME_CONTROL,354.2264544930395,0.1,150,FogNode_4,243,1.0,1758.3565909566523,864.4232050244242,20247.5977523561,19383.174547331677,19164.63860881045,29.508338764174542,,
2-375,CLOUD_GAMING,280.2274006089629,50.0,150,FogNode_6,81,1.0,816.2509881302752,773.7025756181301,20254.480436118218,19480.777860500086,15124.877665280726,37.75932023717869,,
7-83,VIDEO_SURVEILLANCE,671.2951144975176,60.0,800,FogNode_9,40,1.0,1349.236560939329,165.6016639717482,20260.522559810906,20094.920895839157,14783.56929634123,67.51861932171028,,
7-398,SMART_HOME_CONTROL,780.1792371746232,0.1,150,FogNode_4,243,1.0,1758.3565909566523,859.4151156250794,20262.69056061059,19403.27544498551,18940.21722857916,64.9917388588955,,
1-445,HEALTH_MONITORING,728.4347884856676,1.0,100,FogNode_1,197,1.0,1597.9384595498836,816.2090757427559,20264.012639286808,19447.803563544054,18900.586560209267,60.174240539327826,,
6-223,SENSOR_DATA_LOGGING,973.3347408329994,0.1,10000,FogNode_0,78,1.0,1189.2931772946604,403.62085096374943,20288.84148762688,19885.22063666313,19045.65237045342,61.97629749943223,,
1-469,SMART_HOME_CONTROL,610.69318129544,0.1,150,FogNode_4,243,1.0,1758.3565909566523,861.2541525956326,20311.405513707785,19450.15136111215,19084.13756764044,50.872940307148646,,
3-231,SMART_HOME_CONTROL,61.251621985614904,0.1,150,FogNode_5,52,1.0,782.8923712617282,489.385084244867,20324.44314652685,19835.058062281983,19733.97460350127,9.104427436586072,,
0-206,SENSOR_DATA_LOGGING,717.8768694157651,0.1,10000,FogNode_0,77,1.0,1189.2931772946604,403.1935068698232,20328.255396488174,19925.06188961835,19299.464801749386,45.710225434670015,,
5-191,VIDEO_SURVEILLANCE,407.091608812118,60.0,800,FogNode_9,159,1.0,1349.236560939329,409.70567503228887,20352.17855182044,19942.472876788153,14831.910876960254,40.945126473953565,,
5-225,GPS_TRACKING,544.8042244104431,0.2,200,FogNode_5,42,1.0,782.8923712617282,485.7618226670463,20353.88197172163,19868.120149054583,19147.860823783743,80.97957845843385,,
3-91,VIDEO_SURVEILLANCE,599.613575341823,60.0,800,FogNode_9,41,1.0,1349.236560939329,174.86075106321348,20359.382121526203,20184.52137046299,14930.649211779837,60.30891609264632,,
1-480,CLOUD_GAMING,266.8270643278162,50.0,150,FogNode_6,147,1.0,816.2509881302752,880.4612836418296,20366.682306240687,19486.221022598857,15144.708415218354,35.95368814043818,,
1-110,VIDEO_SURVEILLANCE,572.8953443792374,60.0,800,FogNode_9,42,1.0,1349.236560939329,188.7664471303111,20368.59893484061,20179.8324877103,14949.356518644872,57.621606105796985,,
6-231,VIDEO_SURVEILLANCE,194.85750997268357,60.0,800,FogNode_9,161,1.0,1349.236560939329,414.3936310546576,20377.236020914825,19962.84238986017,15005.407185153708,19.598697731727107,,
0-410,HEALTH_MONITORING,619.9363678071707,1.0,100,FogNode_1,197,1.0,1597.9384595498836,822.8006673023833,20377.983467487385,19555.182800185,19076.48564989074,51.21144775781104,,
8-380,HEALTH_MONITORING,973.01113975689,1.0,100,FogNode_1,197,1.0,1597.9384595498836,812.92828345457,20392.251726001745,19579.323442547175,18881.76463373367,80.37810288124183,,
9-194,GPS_TRACKING,457.3772459395178,0.2,200,FogNode_0,82,1.0,1189.2931772946604,404.4728520139668,20397.62300200893,19993.150149994966,19586.01696235289,29.12312391064865,,
8-192,VIDEO_SURVEILLANCE,605.2209264072443,60.0,800,FogNode_9,156,1.0,1349.236560939329,401.51340325809207,20433.16749437826,20031.654091120166,14772.278703571528,60.87290143055952,,
6-458,SENSOR_DATA_LOGGING,300.98587835185947,0.1,10000,FogNode_4,243,1.0,1758.3565909566523,868.2591551967014,20433.865099324667,19565.605944127965,19380.251203427935,25.073207122123115,,
4-432,GPS_TRACKING,357.3265493255019,0.2,200,FogNode_4,243,1.0,1758.3565909566523,857.957327287204,20450.813955009908,19592.856627722704,19365.393102081514,29.766587823094458,,
6-433,HEALTH_MONITORING,672.2447633368008,1.0,100,FogNode_1,197,1.0,1597.9384595498836,822.142174779183,20450.914659219074,19628.77248443989,19116.149475091326,55.532518119332074,,
4-153,AUGMENTED_REALITY,930.0838364648174,30.0,150,FogNode_2,41,1.0,681.967788340379,305.4860008134573,20451.590615275712,20146.104614462256,16371.813913967459,114.16223311626433,,
9-176,AUGMENTED_REALITY,635.3309955463877,30.0,150,FogNode_2,58,1.0,681.967788340379,368.92767686644834,20484.68460577536,20115.75692890891,16774.883010802652,77.98308321886279,,
8-194,GPS_TRACKING,256.6283728095232,0.2,200,FogNode_0,78,1.0,1189.2931772946604,403.4629604941179,20504.623750326216,20101.160789832098,19861.418888628526,16.340602788334156,,
1-471,SMART_HOME_CONTROL,362.16586716756484,0.1,150,FogNode_4,243,1.0,1758.3565909566523,866.3247882631623,20517.373898636193,19651.04911037303,19426.89735443653,30.169720419375224,,
1-261,SMART_HOME_CONTROL,156.04925028555925,0.1,150,FogNode_5,56,1.0,782.8923712617282,492.2405056031229,20523.76716093009,20031.526655326965,19812.039969466103,23.19512577303172,,
1-237,VIDEO_SURVEILLANCE,229.8923329057554,60.0,800,FogNode_9,169,1.0,1349.236560939329,432.3681334468142,20529.769094101055,20097.400960654242,15121.927664757075,23.122487524823168,,
1-452,SENSOR_DATA_LOGGING,493.5761488171534,0.1,10000,FogNode_8,92,1.0,770.9711269175084,828.3787162425523,20531.19578912846,19702.817072885908,19047.031559060444,46.91671690553442,,
2-404,HEALTH_MONITORING,724.0160349706563,1.0,100,FogNode_1,198,1.0,1597.9384595498836,832.1495321180852,20543.36697088373,19711.217438765645,19170.62534640693,59.80921797162612,,
9-401,VIDEO_SURVEILLANCE,51.24199747252357,60.0,800,FogNode_9,194,1.0,1349.236560939329,824.533324895542,20567.747606510213,19743.21428161467,14892.839504985266,5.1539015343812,,
5-196,VIDEO_SURVEILLANCE,457.91789087595436,60.0,800,FogNode_9,163,1.0,1349.236560939329,421.00843728486717,20599.912926283894,20178.904488999025,15025.376338954264,46.057215503194854,,
4-194,AUGMENTED_REALITY,102.87474625657038,30.0,150,FogNode_2,58,1.0,681.967788340379,384.0851484464454,20602.44047653811,20218.355328091668,17659.90373363532,12.627260364569716,,
0-425,SENSOR_DATA_LOGGING,289.0310281974789,0.1,10000,FogNode_4,243,1.0,1758.3565909566523,864.1461301418424,20615.18961674086,19751.043486599017,19564.770099402253,24.077325070526268,,
4-396,VIDEO_SURVEILLANCE,325.3802603238674,60.0,800,FogNode_9,195,1.0,1349.236560939329,790.2319885175225,20618.39481377865,19828.162825261126,14779.203419028703,32.72662865727952,,
9-357,CLOUD_GAMING,619.8213892640342,50.0,150,FogNode_6,77,1.0,816.2509881302752,736.2725283766597,20621.73138084282,19885.45885246616,15117.84448481891,83.51800814700592,,
9-191,GPS_TRACKING,308.4146049681308,0.2,200,FogNode_0,71,1.0,1189.2931772946604,400.6964735040432,20656.94897045491,20256.252496950867,19969.8881130249,19.638048976158245,,
6-396,CLOUD_GAMING,623.6414567469767,50.0,150,FogNode_6,77,1.0,816.2509881302752,742.7932466383953,20660.53600289378,19917.742756255386,15146.833383580466,84.03274421886258,,
9-204,AUGMENTED_REALITY,133.4711640932175,30.0,150,FogNode_2,64,1.0,681.967788340379,415.9517531281095,20680.399368811355,20264.447615683246,17659.718355167224,16.38278782203679,,
5-198,VIDEO_SURVEILLANCE,594.3751357568163,60.0,800,FogNode_9,164,1.0,1349.236560939329,423.1269410269058,20684.198689601046,20261.07174857414,15014.818276924518,59.7820357377303,,
0-253,GPS_TRACKING,267.4868876342732,0.2,200,FogNode_5,40,1.0,782.8923712617282,484.9845931672865,20695.546927791114,20210.562334623828,19841.201227489542,39.75919134478483,,
7-319,CLOUD_GAMING,903.231934458777,50.0,150,FogNode_6,79,1.0,816.2509881302752,671.9186169974661,20710.09186025665,20038.17324325918,14925.284826354375,121.70624210038264,,
6-455,SENSOR_DATA_LOGGING,941.4332099227911,0.1,10000,FogNode_4,243,1.0,1758.3565909566523,862.880275362364,20721.55018051526,19858.669905152896,19304.017639297253,78.4247752528936,,
8-411,SENSOR_DATA_LOGGING,197.0055745342438,0.1,10000,FogNode_4,243,1.0,1758.3565909566523,869.1349605478284,20727.22921982675,19858.09425927892,19728.930807677636,16.411273517409,,
1-230,SENSOR_DATA_LOGGING,266.41044989456003,0.1,10000,FogNode_0,90,1.0,1189.2931772946604,408.9027640726706,20728.63113133262,20319.728367259948,20076.55421761174,16.96346858583541,,
1-447,SMART_HOME_CONTROL,507.45703787012013,0.1,150,FogNode_8,92,1.0,770.9711269175084,821.6236737647785,20730.363957228652,19908.740283463874,19227.94876395866,48.23616020451852,,
9-249,SMART_HOME_CONTROL,179.1391696897529,0.1,150,FogNode_5,56,1.0,782.8923712617282,492.39198724284597,20752.584270746916,20260.19228350407,20010.3350773459,26.627206245634916,,
7-205,VIDEO_SURVEILLANCE,759.1437612420643,60.0,800,FogNode_9,163,1.0,1349.236560939329,419.4495880973125,20756.56665258277,20337.117064485457,14967.785490537512,76.35440437268936,,
4-469,VIDEO_SURVEILLANCE,190.6061327151992,60.0,800,FogNode_9,258,1.0,1349.236560939329,963.4393522651063,20759.66443115583,19796.225078890722,14847.852852536333,19.171095747976747,,
7-57,VIDEO_SURVEILLANCE,412.66317281771876,60.0,800,FogNode_6,15,1.0,816.2509881302752,123.17832611258021,20760.03960703325,20636.861280920668,15319.672221829394,55.60441576610077,,
2-414,HEALTH_MONITORING,592.8606992336939,1.0,100,FogNode_1,212,1.0,1597.9384595498836,844.6229666211013,20763.26770330083,19918.64473667973,19462.59962379705,48.974792096580806,,
4-412,CLOUD_GAMING,705.9068495685822,50.0,150,FogNode_6,123,1.0,816.2509881302752,827.7765745112439,20800.562033128543,19972.785458617298,15100.393677279366,95.11761780809056,,
1-384,CLOUD_GAMING,954.9008283490117,50.0,150,FogNode_6,78,1.0,816.2509881302752,713.842319900027,20811.070721412427,20097.2284015124,14921.02586001322,128.6683818000069,,
1-233,VIDEO_SURVEILLANCE,628.7246012570242,60.0,800,FogNode_9,164,1.0,1349.236560939329,426.1537610042396,20818.163998300864,20392.010237296625,15115.987839960246,63.2368925286199,,
5-405,HEALTH_MONITORING,897.6722262551434,1.0,100,FogNode_1,198,1.0,1597.9384595498836,830.322852678007,20825.781599092687,19995.45874641468,19343.596320699133,74.15453699080675,,
6-434,SENSOR_DATA_LOGGING,80.46464666539174,0.1,10000,FogNode_8,92,1.0,770.9711269175084,822.4281193093324,20834.73186914658,20012.303749837247,19885.201224348388,7.648540265876073,,
3-173,AUGMENTED_REALITY,893.2749202345609,30.0,150,FogNode_2,56,1.0,681.967788340379,360.75928868383886,20848.524969367227,20487.765680683387,16764.20922172257,109.64415860439259,,
1-438,VIDEO_SURVEILLANCE,562.606161588535,60.0,800,FogNode_9,195,1.0,1349.236560939329,805.8999752487687,20850.148606420506,20044.248631171737,14818.362208245984,56.58672382977008,,
3-409,SENSOR_DATA_LOGGING,223.34014943640167,0.1,10000,FogNode_4,243,1.0,1758.3565909566523,871.1925103619911,20854.245634236122,19983.05312387413,19840.01859270847,18.6050384030259,,
0-422,GPS_TRACKING,593.1703626615279,0.2,200,FogNode_4,243,1.0,1758.3565909566523,860.439314568377,20854.71751011537,19994.278195546995,19631.15471434754,49.413226438254554,,
8-178,E_COMMERCE_TRANSACTION,183.7498577949798,0.5,300,FogNode_0,50,1.0,1189.2931772946604,383.3628960785982,20883.134546725083,20499.771650646486,20300.125685936382,11.700122655062984,,
4-184,AUGMENTED_REALITY,836.4607632211807,30.0,150,FogNode_2,57,1.0,681.967788340379,370.45605263929156,20891.467770662064,20521.01171802277,16884.598463521776,102.67056032972684,,
4-418,HEALTH_MONITORING,831.3078149151895,1.0,100,FogNode_1,203,1.0,1597.9384595498836,840.18605084883,20971.15235044365,20130.96629959482,19518.518198156962,68.67233307311196,,
5-342,CLOUD_GAMING,934.2939710347888,50.0,150,FogNode_6,77,1.0,816.2509881302752,728.0336422661206,20974.78674715585,20246.75310488973,15088.965283922595,125.89170499139114,,
7-73,BATCH_DATA_PROCESSING,218.8075317887846,200.0,30000,FogNode_9,34,1.0,1349.236560939329,142.08359503361154,20980.335361072455,20838.251766038844,4664.576638937138,22.00758224589254,,
0-423,GPS_TRACKING,991.9779074012234,0.2,200,FogNode_4,243,1.0,1758.3565909566523,862.6869070667543,20998.01568885982,20135.32878179307,19548.1755955267,82.63533049801465,,
7-387,HEALTH_MONITORING,993.8259446072167,1.0,100,FogNode_1,198,1.0,1597.9384595498836,830.9841106217834,20999.926032714313,20168.94192209253,19456.926759348815,82.09756369453791,,
6-418,VIDEO_SURVEILLANCE,871.1830696003657,60.0,800,FogNode_9,195,1.0,1349.236560939329,782.9185333263115,21014.28486925811,20231.366335931798,14776.126909543444,87.62327740146787,,
9-221,E_COMMERCE_TRANSACTION,882.9148433989208,0.5,300,FogNode_5,27,1.0,782.8923712617282,456.9052978050602,21031.139202755236,20574.233904950175,19392.61675085373,131.2362654869462,,
4-192,E_COMMERCE_TRANSACTION,837.5241558710145,0.5,300,FogNode_0,49,1.0,1189.2931772946604,381.13054052564166,21032.475492811413,20651.34495228577,19900.60724971511,53.328669027882526,,
7-447,VIDEO_SURVEILLANCE,604.4344064512835,60.0,800,FogNode_9,235,1.0,1349.236560939329,955.2177559995828,21047.895455033693,20092.67769903411,14838.649759172054,60.79379353844386,,
7-77,BATCH_DATA_PROCESSING,299.92722512682934,200.0,30000,FogNode_9,35,1.0,1349.236560939329,152.17637792144907,21072.442630915382,20920.266252993933,4691.674778996066,30.166571601989773,,
5-427,SENSOR_DATA_LOGGING,134.67230092086592,0.1,10000,FogNode_4,243,1.0,1758.3565909566523,868.5613147308584,21074.605557839466,20206.04424310861,20109.75108518231,11.218687445044718,,
6-449,HEALTH_MONITORING,856.2992029849999,1.0,100,FogNode_1,213,1.0,1597.9384595498836,844.85083984921,21079.24443091195,20234.39359106274,19610.46200567254,70.73681135022825,,
5-325,AUGMENTED_REALITY,134.6932309055134,30.0,150,FogNode_2,65,1.0,681.967788340379,673.1593283715907,21088.97450515652,20415.815176784927,17806.713127848034,16.53278922066259,,
5-72,BATCH_DATA_PROCESSING,445.35638730253487,200.0,30000,FogNode_9,34,1.0,1349.236560939329,144.03879570975243,21089.744715218458,20945.705919508706,4610.589380225752,44.79378402638921,,
4-426,HEALTH_MONITORING,159.22351582624796,1.0,100,FogNode_1,216,1.0,1597.9384595498836,849.4656015099105,21099.569116510607,20250.103515000697,20062.29510035267,13.153070518178074,,
3-386,SENSOR_DATA_LOGGING,448.64534020305445,0.1,10000,FogNode_8,92,1.0,770.9711269175084,821.9797715937339,21113.118152416984,20291.13838082325,19686.649534222615,42.64583381457424,,
8-410,SENSOR_DATA_LOGGING,520.6306844323865,0.1,10000,FogNode_4,243,1.0,1758.3565909566523,866.6336148030094,21150.33499808304,20283.70138328003,19966.618994460776,43.37041012151957,,
0-196,AUGMENTED_REALITY,994.5613599543897,30.0,150,FogNode_2,58,1.0,681.967788340379,375.8533182785704,21166.285797237204,20790.432478958635,16925.66860204544,122.07646383266321,,
4-433,SMART_HOME_CONTROL,566.19954072354,0.1,150,FogNode_4,243,1.0,1758.3565909566523,865.4937197773513,21176.722468401727,20311.228748624377,19966.470775737285,47.16645988426187,,
9-190,GPS_TRACKING,619.407671969924,0.2,200,FogNode_0,69,1.0,1189.2931772946604,398.5913341854591,21177.768969926292,20779.177635740834,20228.4492026958,39.44027942389584,,
2-429,SENSOR_DATA_LOGGING,61.2259576852197,0.1,10000,FogNode_4,244,1.0,1758.3565909566523,876.4181422112886,21211.542457703163,20335.124315491874,20285.589054785065,5.1003426695562615,,
1-276,VIDEO_SURVEILLANCE,198.0436731387182,60.0,800,FogNode_6,79,1.0,816.2509881302752,527.4562723824673,21217.412699244876,20689.95642686241,15641.213617460344,26.685450668783826,,
0-92,BATCH_DATA_PROCESSING,226.20085271095576,200.0,30000,FogNode_9,39,1.0,1349.236560939329,163.91276062171178,21240.09362649282,21076.18086587111,4895.527118546082,22.751199784716675,,
3-410,SENSOR_DATA_LOGGING,63.798907266307836,0.1,10000,FogNode_4,243,1.0,1758.3565909566523,875.2960066380504,21247.82571651109,20372.52970987304,20320.155664045,5.3146786314779915,,
6-260,VIDEO_SURVEILLANCE,493.9364198512766,60.0,800,FogNode_6,80,1.0,816.2509881302752,462.71379180971314,21265.664115489024,20802.95032367931,15382.877311365937,66.55560239091538,,
6-459,SMART_HOME_CONTROL,980.0323502067863,0.1,150,FogNode_4,243,1.0,1758.3565909566523,869.046024342755,21278.90717809309,20409.861153750335,19834.42489132864,81.64022258343284,,
6-356,AUGMENTED_REALITY,464.63719793891516,30.0,150,FogNode_2,66,1.0,681.967788340379,661.2921426662713,21283.758869991336,20622.466727325063,17528.505146230433,57.03143956055278,,
1-460,HEALTH_MONITORING,848.4135578994976,1.0,100,FogNode_1,207,1.0,1597.9384595498836,842.5506999309538,21294.2102767329,20451.659576801947,19829.93673766975,70.08539723370968,,
2-434,VIDEO_SURVEILLANCE,983.6943149010938,60.0,800,FogNode_9,194,1.0,1349.236560939329,884.2065216848805,21296.82236135991,20412.615839675032,14873.422691657392,98.93961767687371,,
2-235,VIDEO_SURVEILLANCE,486.44550818336273,60.0,800,FogNode_6,81,1.0,816.2509881302752,474.6646708374309,21306.042756803345,20831.378085965913,15429.136391468892,65.546237382631,,
6-89,BATCH_DATA_PROCESSING,95.69941565399989,200.0,30000,FogNode_9,41,1.0,1349.236560939329,174.63017798010839,21311.022193376135,21136.392015396028,5052.6732757285135,9.625412542573233,,
0-86,BATCH_DATA_PROCESSING,446.2020052184455,200.0,30000,FogNode_9,36,1.0,1349.236560939329,154.08447433642363,21311.042383203403,21156.957908866978,4816.607612362821,44.87883596989802,,
1-463,HEALTH_MONITORING,575.7068311936148,1.0,100,FogNode_1,214,1.0,1597.9384595498836,845.9406284808689,21331.433328570798,20485.49270008993,20034.61814433061,47.55775244122679,,
6-86,BATCH_DATA_PROCESSING,335.3542995946392,200.0,30000,FogNode_9,41,1.0,1349.236560939329,170.86131005931188,21338.295865775162,21167.434555715852,4912.56917592953,33.72981391228783,,
1-92,BATCH_DATA_PROCESSING,440.247520936927,200.0,30000,FogNode_9,36,1.0,1349.236560939329,153.19656781082978,21340.578666567035,21187.382098756207,4849.844881521805,44.279936098919684,,
8-406,GPS_TRACKING,473.26857228868926,0.2,200,FogNode_4,243,1.0,1758.3565909566523,863.417784930679,21343.759479588185,20480.341694657505,20184.49646604501,39.42497569109787,,
6-222,GPS_TRACKING,552.0457121744873,0.2,200,FogNode_0,75,1.0,1189.2931772946604,402.1014291184472,21347.314214710947,20945.2127855925,20454.572827027372,35.15106145469661,,
3-464,VIDEO_SURVEILLANCE,918.9612251734837,60.0,800,FogNode_9,276,1.0,1349.236560939329,974.9986886762248,21365.295875800708,20390.297187124484,14904.194320520852,92.4287869729914,,
1-118,BATCH_DATA_PROCESSING,77.17499935867839,200.0,30000,FogNode_9,45,1.0,1349.236560939329,198.66823442103095,21368.241396032518,21169.573161611486,5104.9382359105075,7.762233465310152,,
2-412,HEALTH_MONITORING,875.912297735149,1.0,100,FogNode_1,206,1.0,1597.9384595498836,842.4615316078907,21373.933057930393,20531.4715263225,19889.880013442453,72.35700179125539,,
9-81,VIDEO_SURVEILLANCE,856.5740873923994,60.0,800,FogNode_6,19,1.0,816.2509881302752,151.53205781718057,21416.08267432415,21264.550616506967,15405.996500813799,115.41931732026421,,
6-438,SENSOR_DATA_LOGGING,458.2624293806156,0.1,10000,FogNode_8,92,1.0,770.9711269175084,826.9232734937355,21429.12822639129,20602.204952897555,19989.553042849282,43.55998303244105,,
7-316,AUGMENTED_REALITY,523.7590248240334,30.0,150,FogNode_2,65,1.0,681.967788340379,667.0453976406008,21448.410752602136,20781.365354961534,17604.718157496805,64.28829052226025,,
3-463,VIDEO_SURVEILLANCE,965.4444638693828,60.0,800,FogNode_9,273,1.0,1349.236560939329,968.9918973028357,21472.11535013455,20503.123452831715,14972.802027345551,97.10405427431513,,
7-202,BATCH_DATA_PROCESSING,146.53268628404868,200.0,30000,FogNode_9,157,1.0,1349.236560939329,403.10877427105135,21473.900023157963,21070.79124888691,4955.475588035417,14.738204479271339,,
4-193,AUGMENTED_REALITY,912.409551237207,30.0,150,FogNode_2,58,1.0,681.967788340379,383.83613483096184,21494.275227435537,21110.439092604574,17366.726356671148,111.99282021904953,,
5-428,SENSOR_DATA_LOGGING,619.4123009813521,0.1,10000,FogNode_4,243,1.0,1758.3565909566523,872.8508179350496,21502.602737270317,20629.751919335267,20259.33354610134,51.59927436310022,,
3-401,HEALTH_MONITORING,356.93572174057726,1.0,100,FogNode_1,215,1.0,1597.9384595498836,847.4872261551313,21517.58291014528,20670.09568399015,20354.14562741446,29.485598871172915,,
7-401,SENSOR_DATA_LOGGING,321.54377453506174,0.1,10000,FogNode_4,243,1.0,1758.3565909566523,870.4386808471061,21526.62555816905,20656.186877321943,20451.316075214614,26.785753876206904,,
5-417,HEALTH_MONITORING,739.9110369182,1.0,100,FogNode_1,210,1.0,1597.9384595498836,843.5877757105974,21542.28544009238,20698.69766438178,20141.14312233433,61.122265736070446,,
7-386,SENSOR_DATA_LOGGING,331.58924752403686,0.1,10000,FogNode_8,92,1.0,770.9711269175084,827.3756311762994,21543.21110395175,20715.835472775452,20267.656292404656,31.519105800162112,,
3-412,SENSOR_DATA_LOGGING,76.4224150008454,0.1,10000,FogNode_4,244,1.0,1758.3565909566523,878.0612487433165,21570.08796812269,20692.026719379373,20631.808236087254,6.366262266460939,,
8-409,GPS_TRACKING,512.5303138866905,0.2,200,FogNode_4,243,1.0,1758.3565909566523,865.0295938860946,21570.389757066358,20705.360163180263,20387.15804192383,42.69562009625218,,
1-259,GPS_TRACKING,704.4197987454265,0.2,200,FogNode_5,53,1.0,782.8923712617282,490.425675510005,21595.312750786896,21104.887075276893,20180.988089509952,104.70480184310038,,
2-405,SENSOR_DATA_LOGGING,133.14416493538886,0.1,10000,FogNode_8,92,1.0,770.9711269175084,832.8349507724467,21601.824920582323,20768.989969809878,20582.76677558656,12.655974379774019,,
4-429,HEALTH_MONITORING,846.6438710953167,1.0,100,FogNode_1,219,1.0,1597.9384595498836,854.2905484935923,21629.40420874176,20775.113660248167,20159.658825579452,69.93920767615788,,
7-323,AUGMENTED_REALITY,370.51549382176194,30.0,150,FogNode_2,64,1.0,681.967788340379,679.2152812339295,21632.278016196888,20953.062734962958,18002.633863173316,45.4785628139102,,
8-81,BATCH_DATA_PROCESSING,413.2840102083625,200.0,30000,FogNode_9,45,1.0,1349.236560939329,199.00979974331435,21646.888191651826,21447.87839190851,5131.262759034842,41.56795596210382,,
4-336,AUGMENTED_REALITY,547.163552626268,30.0,150,FogNode_2,65,1.0,681.967788340379,671.3265817131643,21650.85546353592,20979.528881822756,17766.194517122298,67.16105645386762,,
8-328,AUGMENTED_REALITY,106.86040727747731,30.0,150,FogNode_2,64,1.0,681.967788340379,691.8502018001237,21650.969442476882,20959.11924067676,18388.235192299595,13.116476438166536,,
5-220,VIDEO_SURVEILLANCE,699.2047173853831,60.0,800,FogNode_6,81,1.0,816.2509881302752,480.58401796940547,21657.167081763153,21176.583063793747,15506.344259279318,94.21453711424202,,
4-75,BATCH_DATA_PROCESSING,831.5233456878128,200.0,30000,FogNode_9,37,1.0,1349.236560939329,157.7678148643988,21664.187193458652,21506.419378594255,4883.208711892739,83.63431674403755,,
6-150,VIDEO_SURVEILLANCE,852.5942033826421,60.0,800,FogNode_6,42,1.0,816.2509881302752,291.7302855822776,21666.25593980919,21374.525654226913,15523.410682217822,114.88304672536634,,
3-408,GPS_TRACKING,246.44205716038815,0.2,200,FogNode_4,243,1.0,1758.3565909566523,866.8818300105795,21710.544523413442,20843.66269340286,20674.353511422483,20.529510476106168,,
5-421,HEALTH_MONITORING,333.5877931791357,1.0,100,FogNode_1,219,1.0,1597.9384595498836,855.412278797362,21726.34426211443,20870.93198331707,20574.889421819775,27.556882819222757,,
1-120,BATCH_DATA_PROCESSING,530.5877390931894,200.0,30000,FogNode_9,45,1.0,1349.236560939329,201.07575317818475,21731.54620782326,21530.470454645074,5129.502929604709,53.36632249948017,,
1-209,E_COMMERCE_TRANSACTION,831.5001991717353,0.5,300,FogNode_0,48,1.0,1189.2931772946604,376.49851106096617,21731.630432103328,21355.13192104236,20603.58580354987,52.94509848749607,,
6-457,GPS_TRACKING,864.8341442394108,0.2,200,FogNode_4,243,1.0,1758.3565909566523,868.049476112497,21739.668013282582,20871.618537170085,20356.294732340364,72.04379734869006,,
7-91,BATCH_DATA_PROCESSING,612.9058292943894,200.0,30000,FogNode_9,42,1.0,1349.236560939329,182.78058710554495,21751.083568799833,21568.302981694287,5101.480962011055,61.64584617774401,,
5-81,BATCH_DATA_PROCESSING,595.823758967207,200.0,30000,FogNode_9,42,1.0,1349.236560939329,191.02082020821146,21752.6228557184,21561.60203551019,5107.5878046457965,59.92773773521344,,
2-428,SENSOR_DATA_LOGGING,323.3131164705879,0.1,10000,FogNode_4,243,1.0,1758.3565909566523,876.2155136389204,21753.96029421025,20877.74478057133,20674.980539188262,26.933146428516096,,
8-239,VIDEO_SURVEILLANCE,778.4617247853764,60.0,800,FogNode_6,81,1.0,816.2509881302752,496.85841859268896,21764.774589592165,21267.916170999477,15502.025981038943,104.89404496020342,,
3-403,HEALTH_MONITORING,221.46979584398218,1.0,100,FogNode_1,216,1.0,1597.9384595498836,850.1850197978345,21768.001408477703,20917.81638867987,20684.98459240602,18.295085542271327,,
1-251,VIDEO_SURVEILLANCE,830.3359917566746,60.0,800,FogNode_6,80,1.0,816.2509881302752,471.2791975582847,21777.29533331257,21306.016135754286,15474.044717771856,111.88385771363728,,
9-197,BATCH_DATA_PROCESSING,160.0515297391565,200.0,30000,FogNode_9,158,1.0,1349.236560939329,405.83168546663774,21782.81096513271,21376.979279666073,5249.283147570433,16.097924854412838,,
4-202,BATCH_DATA_PROCESSING,575.149174047646,200.0,30000,FogNode_9,156,1.0,1349.236560939329,398.9342612686253,21794.518885613168,21395.58462434454,4957.734251497459,57.848295477000235,,
6-221,BATCH_DATA_PROCESSING,446.6311543289037,200.0,30000,FogNode_9,156,1.0,1349.236560939329,400.2910141885628,21803.14044036629,21402.849426177727,5060.546329750472,44.921999631893335,,
1-466,HEALTH_MONITORING,131.16761762653573,1.0,100,FogNode_1,217,1.0,1597.9384595498836,851.4683083188886,21808.429787275072,20956.961478956182,20781.532884778502,10.835440452313097,,
5-281,VIDEO_SURVEILLANCE,455.7087882252026,60.0,800,FogNode_6,79,1.0,816.2509881302752,583.7180035325707,21864.33768673545,21280.61968320288,15916.50985035146,61.4046093711712,,
0-211,SENSOR_DATA_LOGGING,825.7088993872454,0.1,10000,FogNode_0,92,1.0,1189.2931772946604,409.7485844764852,21872.054378395147,21462.305793918662,20748.46363270946,52.57634218681706,,
4-308,VIDEO_SURVEILLANCE,186.22978262629414,60.0,800,FogNode_6,80,1.0,816.2509881302752,617.051608942318,21894.408536662857,21277.35692772054,16239.652059589476,25.093584655195578,,
1-464,HEALTH_MONITORING,910.7712354182752,1.0,100,FogNode_1,216,1.0,1597.9384595498836,849.5779029441535,21901.399731203615,21051.82182825946,20390.574144813476,75.2366145366194,,
5-331,AUGMENTED_REALITY,430.76882899005045,30.0,150,FogNode_2,64,1.0,681.967788340379,681.2949721381992,21915.414552788847,21234.119580650648,18190.871961547517,52.87429965593494,,
6-265,E_COMMERCE_TRANSACTION,925.1250374929955,0.5,300,FogNode_5,27,1.0,782.8923712617282,466.0110233229115,21934.260158074878,21468.249134751968,20236.658138955023,137.51037932680453,,
4-229,E_COMMERCE_TRANSACTION,708.774435819655,0.5,300,FogNode_5,27,1.0,782.8923712617282,464.37488857230016,21936.467268064363,21472.092379492064,20514.82980315125,105.35207412699667,,
7-396,HEALTH_MONITORING,680.5305933400246,1.0,100,FogNode_1,217,1.0,1597.9384595498836,850.571896688396,21968.16579191251,21117.593895224112,20599.35109986194,56.21699054646379,,
6-451,HEALTH_MONITORING,957.7005484413268,1.0,100,FogNode_1,219,1.0,1597.9384595498836,853.1459163947419,21973.26812162934,21120.1222052346,20431.486509216815,79.11333186922396,,
4-329,VIDEO_SURVEILLANCE,102.78530440471138,60.0,800,FogNode_6,80,1.0,816.2509881302752,661.6236296405964,21990.261337547992,21328.637707907397,16393.163940747632,13.849834870749094,,
1-236,BATCH_DATA_PROCESSING,257.9419773558911,200.0,30000,FogNode_9,165,1.0,1349.236560939329,429.5701304200414,21994.3166838979,21564.74655347786,5367.869184793137,25.943710597712126,,
0-342,AUGMENTED_REALITY,375.3661794408234,30.0,150,FogNode_2,64,1.0,681.967788340379,695.6256957840902,21998.827041844044,21303.201346059956,18346.30248593688,46.073955487888746,,
1-228,BATCH_DATA_PROCESSING,720.2673322332911,200.0,30000,FogNode_9,158,1.0,1349.236560939329,406.1765087018381,22007.733268628162,21601.556759926323,5061.393151384822,72.44422723279514,,
6-447,VOICE_ASSISTANT,71.75119585711667,2.0,150,FogNode_1,209,1.0,1597.9384595498836,843.5188246130274,22018.170474049923,21174.651649436895,20964.116411021205,5.9271931911246325,,
5-412,VOICE_ASSISTANT,95.10470405606875,2.0,150,FogNode_1,203,1.0,1597.9384595498836,839.402188401951,22027.682917548787,21188.280729146838,20961.354774913514,7.85637016346875,,
3-192,BATCH_DATA_PROCESSING,527.2688368323662,200.0,30000,FogNode_9,159,1.0,1349.236560939329,408.35155266137485,22037.678696517247,21629.327143855873,5233.157158377802,53.0325085129413,,
6-456,GPS_TRACKING,990.534823319068,0.2,200,FogNode_4,243,1.0,1758.3565909566523,866.5552605288341,22065.932626334605,21199.37736580577,20609.796877525343,82.51511639931788,,
0-351,AUGMENTED_REALITY,287.92742659438784,30.0,150,FogNode_2,64,1.0,681.967788340379,711.4353575309012,22073.056381991442,21361.621024460543,18533.890080104957,35.34137107507726,,
7-263,VIDEO_SURVEILLANCE,664.0928371725814,60.0,800,FogNode_6,79,1.0,816.2509881302752,544.6187860900543,22079.253130178942,21534.63434408889,15912.384258756978,89.48337689863307,,
4-437,SENSOR_DATA_LOGGING,660.4843160429815,0.1,10000,FogNode_4,243,1.0,1758.3565909566523,874.3992802405701,22086.17044561824,21211.77116537767,20813.21528941972,55.02072106419537,,
9-347,AUGMENTED_REALITY,312.0344778958145,30.0,150,FogNode_2,64,1.0,681.967788340379,700.3030559213795,22089.828186792445,21389.525130871065,18525.03177134573,38.30036756821041,,
9-183,E_COMMERCE_TRANSACTION,911.6406981190821,0.5,300,FogNode_0,48,1.0,1189.2931772946604,378.80337719164413,22113.85413566873,21735.050758477086,20916.113342664758,58.047979537712166,,
8-201,BATCH_DATA_PROCESSING,499.02501182562344,200.0,30000,FogNode_9,163,1.0,1349.236560939329,419.0775739820554,22122.48017079012,21703.402596808064,5327.336785035004,50.19175483004478,,
8-388,SMART_HOME_CONTROL,405.4251687181326,0.1,150,FogNode_8,92,1.0,770.9711269175084,830.0947423038815,22127.687893349022,21297.59315104514,20754.19251964651,38.53755476781278,,
2-216,BATCH_DATA_PROCESSING,186.52205657590724,200.0,30000,FogNode_9,164,1.0,1349.236560939329,422.71418138081316,22132.55934791677,21709.845166535957,5558.835147390921,18.76032085005999,,
6-238,BATCH_DATA_PROCESSING,545.4277585540324,200.0,30000,FogNode_9,165,1.0,1349.236560939329,428.56335446097296,22198.768054620497,21770.204700159524,5360.122878594004,54.85892627845067,,
1-234,BATCH_DATA_PROCESSING,579.3795942158473,200.0,30000,FogNode_9,165,1.0,1349.236560939329,427.80928346469693,22212.22387239375,21784.414588929056,5348.719810527902,58.27378960430589,,
2-424,GPS_TRACKING,841.6825932852771,0.2,200,FogNode_4,243,1.0,1758.3565909566523,869.2570620902022,22218.343725373128,21349.086663282927,20841.609698985685,70.11518981583838,,
9-411,VOICE_ASSISTANT,343.4600331069348,2.0,150,FogNode_1,204,1.0,1597.9384595498836,840.7808834381738,22233.109936239027,21392.329052800855,21007.6580084392,28.372404743034647,,
6-381,AUGMENTED_REALITY,241.95115102691278,30.0,150,FogNode_2,64,1.0,681.967788340379,713.3452078686374,22270.198393262777,21556.85318539414,18795.344428632685,29.69805798504246,,
6-224,BATCH_DATA_PROCESSING,755.0362188236636,200.0,30000,FogNode_9,157,1.0,1349.236560939329,404.6195366296194,22291.148756910734,21886.529220281114,5316.592842026046,75.94126924492461,,
6-467,SMART_HOME_CONTROL,952.1332049123032,0.1,150,FogNode_4,244,1.0,1758.3565909566523,877.4236524566084,22295.450689167217,21418.02703671061,20855.732753081455,79.31612335216917,,
4-425,VOICE_ASSISTANT,104.95307657375014,2.0,150,FogNode_1,214,1.0,1597.9384595498836,846.8487554609006,22298.790235718967,21451.941480258065,21220.394348293736,8.669920458110566,,
3-384,VOICE_ASSISTANT,873.7415573556685,2.0,150,FogNode_1,197,1.0,1597.9384595498836,821.2621653893391,22314.794404249136,21493.532238859796,20774.750112954607,72.17768216538353,,
7-404,GPS_TRACKING,416.0319835468159,0.2,200,FogNode_4,244,1.0,1758.3565909566523,876.8895132204839,22322.77318347386,21445.883670253374,21187.440793190857,34.65696181500798,,
3-185,E_COMMERCE_TRANSACTION,540.2401386320363,0.5,300,FogNode_0,49,1.0,1189.2931772946604,382.6037761112971,22326.307500288058,21943.70372417676,21438.211586249854,34.399351167039356,,
4-410,VOICE_ASSISTANT,679.7902524552305,2.0,150,FogNode_1,197,1.0,1597.9384595498836,826.1141927208869,22326.816773013048,21500.70258029216,20904.515204442214,56.1558327720317,,
0-299,VIDEO_SURVEILLANCE,552.8223773805803,60.0,800,FogNode_6,80,1.0,816.2509881302752,598.7551459693263,22334.43716831691,21735.68202234758,16248.58074917391,74.49020736883689,,
6-282,GPS_TRACKING,592.1591276536794,0.2,200,FogNode_5,53,1.0,782.8923712617282,489.65359156104535,22351.68635894882,21862.032767387776,21078.321591261007,88.0184007192689,,
9-200,BATCH_DATA_PROCESSING,823.6802646835397,200.0,30000,FogNode_9,159,1.0,1349.236560939329,409.92063933409094,22361.562330293,21951.64169095891,5334.5519955769305,82.8454624991601,,
2-227,BATCH_DATA_PROCESSING,313.1887158070666,200.0,30000,FogNode_9,188,1.0,1349.236560939329,454.48053984513604,22364.682257178156,21910.20171733302,5671.077094368986,31.500407528305995,,
9-402,VOICE_ASSISTANT,899.774056890376,2.0,150,FogNode_1,197,1.0,1597.9384595498836,824.7158753195087,22371.514085993203,21546.798210673696,20812.369351287798,74.32816414894992,,
6-330,VIDEO_SURVEILLANCE,783.0178835365282,60.0,800,FogNode_6,80,1.0,816.2509881302752,597.4308782470474,22375.368353512273,21777.937475265226,16008.956727029872,105.50796585788261,,
9-478,SENSOR_DATA_LOGGING,55.390318078090225,0.1,10000,FogNode_1,291,1.0,1597.9384595498836,999.8176713528219,22406.17769756539,21406.360026212566,21355.233924586973,4.575660548159639,,
8-311,VIDEO_SURVEILLANCE,419.13911981180297,60.0,800,FogNode_6,79,1.0,816.2509881302752,666.0374631173913,22407.901476833005,21741.864013715614,16413.93074912561,56.477019072762566,,
9-271,VIDEO_SURVEILLANCE,980.0822411210958,60.0,800,FogNode_6,79,1.0,816.2509881302752,532.6316422857853,22418.124557941792,21885.492915656007,15870.491446347562,132.06145837574306,,
0-258,GPS_TRACKING,388.550115491139,0.2,200,FogNode_5,59,1.0,782.8923712617282,496.27494644363026,22430.560964870252,21934.28601842662,21416.4696479422,57.7540025437532,,
8-324,VIDEO_SURVEILLANCE,79.47708117778464,60.0,800,FogNode_6,79,1.0,816.2509881302752,680.7085746815196,22431.805603189907,21751.097028508386,16846.15059405772,10.709161749303368,,
1-368,VIDEO_SURVEILLANCE,288.5859351448361,60.0,800,FogNode_6,79,1.0,816.2509881302752,680.8464244565449,22432.803618131034,21751.95719367449,16591.296332302853,38.88559333384124,,
8-391,SMART_HOME_CONTROL,691.2245086777169,0.1,150,FogNode_8,92,1.0,770.9711269175084,834.0505781239507,22439.774521885916,21605.723943761965,20696.08489323974,65.70411611160193,,
2-427,GPS_TRACKING,277.32778008339653,0.2,200,FogNode_4,243,1.0,1758.3565909566523,874.280844357676,22453.170563230142,21578.889718872466,21391.005099775473,23.102402374575234,,
2-193,E_COMMERCE_TRANSACTION,420.88387342158103,0.5,300,FogNode_0,53,1.0,1189.2931772946604,388.36647642075576,22467.748264935482,22079.381788514725,21679.15842855942,26.79943811474906,,
9-419,SENSOR_DATA_LOGGING,464.04517713959694,0.1,10000,FogNode_4,244,1.0,1758.3565909566523,876.7963835904739,22482.25218371782,21605.455800127347,21319.51520451282,38.656633673828786,,
5-187,GPS_TRACKING,931.2716893951305,0.2,200,FogNode_0,75,1.0,1189.2931772946604,402.4276430104735,22514.676788690973,22112.2491456805,21298.781707801147,59.297966931043966,,
4-227,BATCH_DATA_PROCESSING,315.75385626978806,200.0,30000,FogNode_9,189,1.0,1349.236560939329,463.94473990968396,22525.17284535521,22061.228105445527,5822.155848339204,31.75840842637427,,
1-449,GPS_TRACKING,310.6532254493866,0.2,200,FogNode_8,92,1.0,770.9711269175084,822.1793136415423,22530.62545430729,21708.446140665746,21278.414518931953,29.529039174863605,,
4-435,GPS_TRACKING,842.5768008269026,0.2,200,FogNode_4,243,1.0,1758.3565909566523,873.8678751108249,22545.11688575066,21671.249010639836,21167.604945719442,70.1896805229244,,
8-404,E_COMMERCE_TRANSACTION,165.54110136421733,0.5,300,FogNode_4,243,1.0,1758.3565909566523,861.8309617229291,22547.315915893876,21685.48495417095,21546.125087319746,13.790169640042702,,
4-358,AUGMENTED_REALITY,613.4188232397155,30.0,150,FogNode_2,64,1.0,681.967788340379,709.6441259589967,22550.453015934974,21840.80888997598,18533.924760065885,75.29349500661489,,
1-550,SENSOR_DATA_LOGGING,432.59530913080397,0.1,10000,FogNode_1,291,1.0,1597.9384595498836,999.5213254523743,22569.511117706286,21569.989792253913,21284.25362716401,35.73565485791465,,
0-332,AUGMENTED_REALITY,964.3794619444114,30.0,150,FogNode_2,64,1.0,681.967788340379,675.9255473539798,22580.398719331813,21904.473171977832,18078.435636978553,118.3718162069147,,
5-416,VOICE_ASSISTANT,411.1392904630655,2.0,150,FogNode_1,209,1.0,1597.9384595498836,843.3423272092205,22584.110342740933,21740.768015531714,21310.870655666964,33.963224918080435,,
0-210,GPS_TRACKING,86.11446818586595,0.2,200,FogNode_0,86,1.0,1189.2931772946604,406.94941058247383,22587.084896153385,22180.13548557091,22077.672881538238,5.483268679719641,,
9-409,VOICE_ASSISTANT,925.3850395654248,2.0,150,FogNode_1,203,1.0,1597.9384595498836,839.0884332569843,22606.794731295413,21767.70629803843,21016.76895211905,76.44382564164273,,
4-317,VIDEO_SURVEILLANCE,689.3534516600445,60.0,800,FogNode_6,80,1.0,816.2509881302752,639.7488622054741,22609.31072086117,21969.561858655696,16312.702705282314,92.8871255318762,,
1-379,VIDEO_SURVEILLANCE,160.25394558161761,60.0,800,FogNode_6,79,1.0,816.2509881302752,698.7774835632301,22628.1348547461,21929.35737118287,16919.52277228459,21.593463156486795,,
9-416,E_COMMERCE_TRANSACTION,308.336595372495,0.5,300,FogNode_4,243,1.0,1758.3565909566523,858.4680031097284,22657.607169707746,21799.13916659802,21574.148751437657,25.685548310233784,,
4-217,BATCH_DATA_PROCESSING,860.3295941264221,200.0,30000,FogNode_9,182,1.0,1349.236560939329,443.51937534757235,22675.320470416013,22231.80109506844,5587.593821205206,86.53163877187461,,
9-220,BATCH_DATA_PROCESSING,646.1755817516951,200.0,30000,FogNode_9,189,1.0,1349.236560939329,456.57869238001757,22677.68746761197,22221.10877523195,5736.530484317365,64.99210582209402,,
6-452,E_COMMERCE_TRANSACTION,245.01227738581258,0.5,300,FogNode_4,243,1.0,1758.3565909566523,859.6569482787796,22684.458517957646,21824.801569678868,21636.59457487797,20.41040467412217,,
6-246,BATCH_DATA_PROCESSING,937.9035712132907,200.0,30000,FogNode_9,177,1.0,1349.236560939329,439.5820826124314,22702.869761638944,22263.28767902651,5559.719280623791,94.33400127248645,,
6-267,BATCH_DATA_PROCESSING,253.69755594667805,200.0,30000,FogNode_9,189,1.0,1349.236560939329,469.12372119991744,22713.2032940484,22244.07957284848,6041.899932603286,25.51680823065992,,
5-353,AUGMENTED_REALITY,98.23363405216267,30.0,150,FogNode_2,63,1.0,681.967788340379,743.1929559086253,22724.44310930399,21981.250153395365,19427.203110079718,12.057591574912843,,
4-430,E_COMMERCE_TRANSACTION,716.1949621630257,0.5,300,FogNode_4,244,1.0,1758.3565909566523,856.4559600949952,22730.082466384087,21873.626506289093,21418.063104673918,59.661618426968744,,
6-450,VOICE_ASSISTANT,245.868133392985,2.0,150,FogNode_1,216,1.0,1597.9384595498836,849.0747142117735,22737.97617651168,21888.901462299906,21562.54888786172,20.310573346588757,,
6-534,BATCH_DATA_PROCESSING,116.92956757926878,200.0,30000,FogNode_9,280,1.0,1349.236560939329,985.3182361410494,22764.350971229054,21779.032735088003,5684.697642718937,11.760733528868904,,
5-418,VOICE_ASSISTANT,574.0813162649463,2.0,150,FogNode_1,214,1.0,1597.9384595498836,846.7151204521679,22765.44141816365,21918.72629771148,21387.544894954346,47.42347257449869,,
1-542,BATCH_DATA_PROCESSING,132.1694895030825,200.0,30000,FogNode_9,280,1.0,1349.236560939329,984.5654426714704,22773.279192651546,21788.713749980074,5683.68721880229,13.293559352630162,,
8-343,AUGMENTED_REALITY,347.17463294057126,30.0,150,FogNode_2,63,1.0,681.967788340379,719.124840945035,22779.276151591286,22060.15131064625,19142.418699920774,42.613611616412875,,
8-222,BATCH_DATA_PROCESSING,773.5105961877839,200.0,30000,FogNode_9,189,1.0,1349.236560939329,457.1116534516156,22785.518888687464,22328.40723523585,5746.806133377788,77.79941542462288,,
6-368,VIDEO_SURVEILLANCE,309.1837504431236,60.0,800,FogNode_6,79,1.0,816.2509881302752,681.1752717552322,22786.68662372924,22105.511351974008,16913.582871265207,41.66105177346614,,
4-242,GPS_TRACKING,668.3940053593678,0.2,200,FogNode_5,56,1.0,782.8923712617282,491.9536492040982,22790.2168125671,22298.263163363004,21413.930364642303,99.34993594573943,,
0-420,VOICE_ASSISTANT,316.33139877793496,2.0,150,FogNode_1,219,1.0,1597.9384595498836,855.1185988499592,22804.75692244703,21949.63832359707,21584.964562523073,26.131373708519714,,
6-250,BATCH_DATA_PROCESSING,927.3892772558886,200.0,30000,FogNode_9,183,1.0,1349.236560939329,448.9222225510239,22809.82389101235,22360.901668461327,5662.569579048351,93.27647739689891,,
3-336,AUGMENTED_REALITY,511.2561819616194,30.0,150,FogNode_2,64,1.0,681.967788340379,711.0285005705258,22822.734285702703,22111.705785132177,18947.380944691056,62.75364127289776,,
2-491,GPS_TRACKING,53.02456510573839,0.2,200,FogNode_1,291,1.0,1597.9384595498836,999.981741655705,22837.94003083825,21837.958289182545,21777.181366036693,4.380231402455499,,
5-314,VIDEO_SURVEILLANCE,878.5102985082984,60.0,800,FogNode_6,80,1.0,816.2509881302752,643.6858545294411,22853.570046952595,22209.884192423153,16319.644701570065,118.37511828232437,,
8-227,BATCH_DATA_PROCESSING,663.5879742808247,200.0,30000,FogNode_9,189,1.0,1349.236560939329,463.71350180403374,22856.50703682898,22392.793535024946,5890.048544457713,66.74343795197925,,
3-402,VOICE_ASSISTANT,871.5257264411322,2.0,150,FogNode_1,216,1.0,1597.9384595498836,848.4777815962933,22860.200719012115,22011.722937415823,21300.175885620025,71.99463771919092,,
0-358,AUGMENTED_REALITY,588.7272974317644,30.0,150,FogNode_2,63,1.0,681.967788340379,719.1490918092667,22862.104321940333,22142.955230131065,18873.873813750703,72.26275776039225,,
6-540,GPS_TRACKING,234.8934384416338,0.2,200,FogNode_1,291,1.0,1597.9384595498836,999.2109413350536,22884.97397673222,21885.76303539717,21714.928120048306,19.403980272936636,,
0-487,BATCH_DATA_PROCESSING,265.74085904848255,200.0,30000,FogNode_9,284,1.0,1349.236560939329,995.3596099420411,22910.15975575551,21914.800145813468,5704.554823526822,26.728119291839583,,
0-428,E_COMMERCE_TRANSACTION,345.6604561333392,0.5,300,FogNode_4,243,1.0,1758.3565909566523,866.8207121907203,22926.66401185165,22059.84329966093,21816.629593879163,28.794760265885486,,
9-475,E_COMMERCE_TRANSACTION,196.74575339318034,0.5,300,FogNode_1,289,1.0,1597.9384595498836,994.9432956426962,22961.064768350734,21966.121472708037,21797.146741948283,16.252692041774235,,
0-354,VIDEO_SURVEILLANCE,443.115055141991,60.0,800,FogNode_6,78,1.0,816.2509881302752,714.857359899507,22975.669797266695,22260.81243736719,16904.36350874421,59.7076632501382,,
5-179,E_COMMERCE_TRANSACTION,499.30245365479914,0.5,300,FogNode_0,55,1.0,1189.2931772946604,389.17948409622227,23006.916156592113,22617.736672495892,22147.6810106388,31.79267739218167,,
8-228,BATCH_DATA_PROCESSING,877.4282688474273,200.0,30000,FogNode_9,189,1.0,1349.236560939329,465.02144899819837,23011.876955799864,22546.855506801665,5888.638714029734,88.25141727831803,,
2-419,E_COMMERCE_TRANSACTION,666.774892132229,0.5,300,FogNode_4,243,1.0,1758.3565909566523,861.2557873197493,23036.810623410765,22175.554836091018,21745.54513727078,55.544748696544254,,
9-476,GPS_TRACKING,753.742214290016,0.2,200,FogNode_1,289,1.0,1597.9384595498836,995.8906357458485,23041.207765211933,22045.317129466086,21548.67035284071,62.26482593125824,,
6-210,E_COMMERCE_TRANSACTION,690.2299042938511,0.5,300,FogNode_0,53,1.0,1189.2931772946604,387.4067798209468,23048.11811609695,22660.711336276003,22030.869837978953,43.949827430294086,,
4-365,AUGMENTED_REALITY,660.7791851013112,30.0,150,FogNode_2,63,1.0,681.967788340379,721.0002653237854,23058.758386134217,22337.75812081043,18963.005701021488,81.10669641850573,,
5-498,BATCH_DATA_PROCESSING,484.614752972347,200.0,30000,FogNode_9,284,1.0,1349.236560939329,995.7903079529881,23062.046771069345,22066.256463116355,5701.706029598252,48.742376217227125,,
0-421,E_COMMERCE_TRANSACTION,909.988748353452,0.5,300,FogNode_4,244,1.0,1758.3565909566523,856.7937607914038,23064.838216565757,22208.044455774354,21636.20754161574,75.8053384139001,,
9-407,SENSOR_DATA_LOGGING,483.2859129417382,0.1,10000,FogNode_8,92,1.0,770.9711269175084,833.8420181587494,23066.627974717554,22232.785956558804,21590.224184183095,45.93858195186008,,
7-194,E_COMMERCE_TRANSACTION,897.5712419760367,0.5,300,FogNode_0,53,1.0,1189.2931772946604,387.19423461438566,23081.017322148622,22693.823087534238,21891.43945537484,57.15211836786391,,
6-539,VOICE_ASSISTANT,256.72817098347844,2.0,150,FogNode_1,289,1.0,1597.9384595498836,994.9214942854412,23121.72688236969,22126.80538808425,21795.138333583964,21.2076948522695,,
7-385,SENSOR_DATA_LOGGING,458.8526535441126,0.1,10000,FogNode_8,92,1.0,770.9711269175084,827.1057055975763,23125.78737091329,22298.681665315715,21680.56938670044,43.61608659428446,,
5-343,VIDEO_SURVEILLANCE,415.0630155353434,60.0,800,FogNode_6,77,1.0,816.2509881302752,730.7570070692057,23136.63410506382,22405.877097994613,17089.26339990979,55.92778325085327,,
1-193,AUGMENTED_REALITY,165.27217426660727,30.0,150,FogNode_1,141,1.0,1597.9384595498836,346.6817267183874,23144.636137737096,22797.95441101871,20283.29687927923,13.65273559964278,,
2-196,E_COMMERCE_TRANSACTION,81.94660420209951,0.5,300,FogNode_0,64,1.0,1189.2931772946604,396.33651196986693,23149.92094134579,22753.584429375922,22634.225903530685,5.217883332460781,,
2-329,VIDEO_SURVEILLANCE,637.1365240748603,60.0,800,FogNode_6,79,1.0,816.2509881302752,682.8350483669731,23155.93282858176,22473.097780214786,16886.10083966953,85.85114087724968,,
2-422,E_COMMERCE_TRANSACTION,211.25599599700453,0.5,300,FogNode_4,243,1.0,1758.3565909566523,866.8080908036096,23156.954624396407,22290.146533592797,22121.81893138311,17.59838492233562,,
9-477,HEALTH_MONITORING,449.19508965613727,1.0,100,FogNode_1,291,1.0,1597.9384595498836,999.7961251248352,23166.0831064184,22166.286981293564,21795.041360869516,37.10692268040294,,
7-379,AUGMENTED_REALITY,57.45817859782957,30.0,150,FogNode_1,197,1.0,1597.9384595498836,821.4098402922323,23180.59382950829,22359.183989216057,19910.243552104424,4.746481517014317,,
8-407,E_COMMERCE_TRANSACTION,884.5351915251543,0.5,300,FogNode_4,243,1.0,1758.3565909566523,864.2215153990736,23187.505053611665,22323.283538212592,21771.302811763566,73.6849655052264,,
0-433,E_COMMERCE_TRANSACTION,66.65375791087801,0.5,300,FogNode_4,244,1.0,1758.3565909566523,876.9933458961499,23194.86147346996,22317.86812757381,22233.64043829473,5.5524979667438,,
2-324,VIDEO_SURVEILLANCE,996.1989391129848,60.0,800,FogNode_6,79,1.0,816.2509881302752,668.0345944752435,23210.717978458044,22542.6833839828,16508.543408546277,134.23310739835534,,
0-376,AUGMENTED_REALITY,343.25343340514195,30.0,150,FogNode_2,63,1.0,681.967788340379,752.3986115467493,23227.771036625127,22475.372425078378,19560.795630738234,42.13230780496233,,
1-468,E_COMMERCE_TRANSACTION,536.8297806243856,0.5,300,FogNode_4,243,1.0,1758.3565909566523,860.1023612327133,23231.966009970427,22371.863648737715,22012.820675629468,44.71985314601382,,
6-215,E_COMMERCE_TRANSACTION,117.90265798397016,0.5,300,FogNode_0,64,1.0,1189.2931772946604,396.06112361912363,23249.057689319212,22852.996565700087,22702.7506113769,7.507355795124213,,
0-357,VIDEO_SURVEILLANCE,528.6385988437926,60.0,800,FogNode_6,77,1.0,816.2509881302752,718.3344088158832,23256.952936957845,22538.61852814196,17080.563143849664,71.23155729988869,,
8-186,E_COMMERCE_TRANSACTION,255.64368218404476,0.5,300,FogNode_0,57,1.0,1189.2931772946604,391.275197758736,23263.072415898423,22871.797218139687,22607.614182857273,16.277903414121617,,
6-268,E_COMMERCE_TRANSACTION,393.84155183989725,0.5,300,FogNode_5,28,1.0,782.8923712617282,472.3859175368734,23293.276449238707,22820.890531701833,22266.65724910909,58.54052046296679,,
2-378,AUGMENTED_REALITY,351.69657797159545,30.0,150,FogNode_2,68,1.0,681.967788340379,785.2813279818698,23338.44277514247,22553.1614471606,19623.60905619529,43.16865334763239,,
5-497,E_COMMERCE_TRANSACTION,769.0234642817459,0.5,300,FogNode_1,289,1.0,1597.9384595498836,995.4374968787765,23341.46046946481,22346.022972586034,21811.52859451655,63.52717312729972,,
0-412,SENSOR_DATA_LOGGING,175.60325974871557,0.1,10000,FogNode_8,92,1.0,770.9711269175084,829.17855451799,23353.556289382148,22524.37773486416,22274.55481475849,16.691909536276185,,
1-467,VOICE_ASSISTANT,952.1037092378701,2.0,150,FogNode_1,219,1.0,1597.9384595498836,854.6183450107857,23361.273944471366,22506.65559946058,21739.55684486078,78.65099048491297,,
2-418,HEALTH_MONITORING,293.0032440026421,1.0,100,FogNode_4,244,1.0,1758.3565909566523,856.8973029240368,23361.496185399028,22504.59888247499,22251.70317173276,24.40822494583602,,
0-432,E_COMMERCE_TRANSACTION,313.5549970381294,0.5,300,FogNode_4,244,1.0,1758.3565909566523,876.7488251314023,23365.82781172044,22489.078986589037,22256.97918946775,26.12025995360173,,
6-461,E_COMMERCE_TRANSACTION,539.1627434759514,0.5,300,FogNode_4,243,1.0,1758.3565909566523,870.7056205951011,23371.4670006525,22500.7613800574,22143.856940112855,44.914197349488866,,
2-178,AUGMENTED_REALITY,473.3691292103795,30.0,150,FogNode_1,144,1.0,1597.9384595498836,350.3988884270371,23417.964278986154,23067.565390559117,20361.76621066752,39.103881768488584,,
2-358,VIDEO_SURVEILLANCE,526.094039674447,60.0,800,FogNode_6,77,1.0,816.2509881302752,737.0628653534206,23431.211466363162,22694.14860100974,17235.39426290773,70.88868995597808,,
1-263,GPS_TRACKING,845.3731850615123,0.2,200,FogNode_5,57,1.0,782.8923712617282,495.4232528967894,23431.49402612418,22936.07077322739,21828.282513078964,125.65608176116156,,
6-394,AUGMENTED_REALITY,610.2290428806548,30.0,150,FogNode_2,63,1.0,681.967788340379,737.7887346592566,23445.25927117717,22707.47053651791,19400.394486243764,74.90196852839452,,
8-3,CLOUD_GAMING,419.6681778620379,50.0,150,FogNode_2,0,0.0,681.967788340379,3.770921836166572,23477.48262138074,23473.711699544572,18851.7056113448,51.51176106303206,,
3-398,VIDEO_SURVEILLANCE,538.2218380379107,60.0,800,FogNode_6,140,1.0,816.2509881302752,844.6283429659101,23512.95281752758,22668.324474561672,17199.862859501925,72.52285357160886,,
6-464,AUGMENTED_REALITY,620.6420302692553,30.0,150,FogNode_1,253,1.0,1597.9384595498836,873.9333440966474,23568.995539574196,22695.06219547755,19900.414281334124,51.26974083140425,,
7-402,AUGMENTED_REALITY,371.28101067855465,30.0,150,FogNode_1,251,1.0,1597.9384595498836,872.9772742664368,23573.810475473892,22700.833201207457,20055.461275921287,30.67062858255523,,
5-403,SENSOR_DATA_LOGGING,422.8145787172458,0.1,10000,FogNode_8,92,1.0,770.9711269175084,828.4903707281007,23615.046150126716,22786.555779398615,22215.965532406808,40.19049936012714,,
3-327,VIDEO_SURVEILLANCE,984.9317656023472,60.0,800,FogNode_6,79,1.0,816.2509881302752,698.7476886523277,23624.777633925758,22926.02994527343,16907.710469092854,132.7149089215772,,
2-488,AUGMENTED_REALITY,434.8133840572714,30.0,150,FogNode_1,289,1.0,1597.9384595498836,995.5929563887549,23633.382911784007,22637.789955395252,19952.14656228207,35.91888467651924,,
6-270,E_COMMERCE_TRANSACTION,955.5081771065778,0.5,300,FogNode_5,28,1.0,782.8923712617282,473.39605904824765,23651.045685607354,23177.649626559105,21907.08398302741,142.0265224253904,,
4-431,HEALTH_MONITORING,759.924381044115,1.0,100,FogNode_4,244,1.0,1758.3565909566523,857.3538796898201,23664.144775615834,22806.790895926013,22282.27645748757,63.304436432050935,,
1-215,E_COMMERCE_TRANSACTION,816.943470516327,0.5,300,FogNode_0,53,1.0,1189.2931772946604,386.4428172928165,23693.831280728842,23307.388463436026,22567.438267230118,52.01821063697714,,
9-418,HEALTH_MONITORING,95.31923693437545,1.0,100,FogNode_4,243,1.0,1758.3565909566523,867.105950951265,23718.354051154485,22851.248100203222,22708.43466573064,7.9404355561971105,,
2-420,HEALTH_MONITORING,621.591409866165,1.0,100,FogNode_4,243,1.0,1758.3565909566523,861.364830958885,23719.334838146737,22857.97000718785,22413.818077463213,51.78080197731839,,
5-454,BATCH_DATA_PROCESSING,243.5920594897173,200.0,30000,FogNode_6,159,1.0,816.2509881302752,905.1213581872039,23729.639355617783,22824.51799743058,6516.428549431741,32.82288085147348,,
6-439,AUGMENTED_REALITY,915.7946265745239,30.0,150,FogNode_1,198,1.0,1597.9384595498836,829.2420014113159,23739.19317902563,22909.951177614315,19922.01524818154,75.65158476118494,,
8-366,AUGMENTED_REALITY,665.2323930340308,30.0,150,FogNode_2,67,1.0,681.967788340379,784.3053925468402,23754.736289749606,22970.430897202765,19583.576823579668,81.65330108165381,,
6-185,CLOUD_GAMING,604.9658880765953,50.0,150,FogNode_1,142,1.0,1597.9384595498836,347.7818055000653,23796.555760066723,23448.77395456666,19062.17346235175,49.974772543315154,,
3-11,CLOUD_GAMING,219.63950209422893,50.0,150,FogNode_2,0,0.0,681.967788340379,12.63325388320955,23799.549888852034,23786.916634968824,19454.83663716724,26.959436404064526,,
8-166,CLOUD_GAMING,368.9809448526106,50.0,150,FogNode_1,152,1.0,1597.9384595498836,356.69450105860983,23799.90614983421,23443.2116487756,19205.778547909787,30.48062569354663,,
8-402,HEALTH_MONITORING,870.1059702931141,1.0,100,FogNode_4,243,1.0,1758.3565909566523,860.4820499244067,23856.336637425728,22995.854587501322,22410.65427597818,72.48295943589531,,
9-417,HEALTH_MONITORING,281.601513600762,1.0,100,FogNode_4,243,1.0,1758.3565909566523,862.394264018737,23879.48523940724,23017.090975388503,22762.181104273648,23.45841976068129,,
4-1,CLOUD_GAMING,380.5187665261439,50.0,150,FogNode_2,0,0.0,681.967788340379,9.557711070816524,23896.41453426641,23886.85682319559,19316.216401057627,46.706404762807914,,
1-224,E_COMMERCE_TRANSACTION,789.2118928062224,0.5,300,FogNode_0,69,1.0,1189.2931772946604,397.65567645790003,23912.655116659607,23514.999440201707,22800.444029374077,50.25242499490793,,
1-474,HEALTH_MONITORING,345.7916216729151,1.0,100,FogNode_4,243,1.0,1758.3565909566523,869.4611276804823,23915.010192150767,23045.549064470284,22761.79631026043,28.805686827487243,,
8-2,CLOUD_GAMING,596.5580935593151,50.0,150,FogNode_2,0,0.0,681.967788340379,3.0899339228199834,23933.51831432831,23930.42838040549,19044.513553300196,73.22394119133686,,
5-424,HEALTH_MONITORING,990.0240102357993,1.0,100,FogNode_4,243,1.0,1758.3565909566523,861.3786842702543,23934.506383748943,23073.12769947869,22416.874180651554,82.47256383071361,,
5-426,HEALTH_MONITORING,135.6854544681459,1.0,100,FogNode_4,243,1.0,1758.3565909566523,864.910792197419,23956.65130183507,23091.740509637653,22921.742228517487,11.303086782570343,,
9-175,CLOUD_GAMING,554.1509876624141,50.0,150,FogNode_1,152,1.0,1597.9384595498836,357.771282304161,23980.174106620452,23622.40282431629,19263.99159141632,45.77707621024787,,
4-178,HEALTH_MONITORING,856.5315457716749,1.0,100,FogNode_0,45,1.0,1189.2931772946604,361.732309343515,23983.27460163707,23621.542292293554,22808.302659368463,54.53894911113823,,
5-8,CLOUD_GAMING,387.1794918342326,50.0,150,FogNode_2,0,0.0,681.967788340379,12.904140539921022,24012.99795100025,24000.093810460326,19422.78678148403,47.523968992539785,,
2-426,HEALTH_MONITORING,140.6084088225699,1.0,100,FogNode_4,243,1.0,1758.3565909566523,870.2069559662675,24014.472193611247,23144.26523764498,22976.2708125063,11.713186601396172,,
6-198,CLOUD_GAMING,361.3844767484486,50.0,150,FogNode_1,154,1.0,1597.9384595498836,360.33696493258265,24022.712452515472,23662.37548758289,19426.251731405086,29.853099789821663,,
5-224,E_COMMERCE_TRANSACTION,303.27541365332786,0.5,300,FogNode_5,40,1.0,782.8923712617282,484.9931023356704,24038.423855054276,23553.430752718607,23114.322897019618,45.07878987361038,,
3-230,E_COMMERCE_TRANSACTION,493.5336770021009,0.5,300,FogNode_5,42,1.0,782.8923712617282,486.08312574297025,24061.89188810195,23575.808762358978,22895.15564888512,73.35873572184599,,
1-499,VIDEO_SURVEILLANCE,909.6170016402873,60.0,800,FogNode_6,159,1.0,816.2509881302752,912.414808466026,24090.05374885477,23177.638940388744,17256.00452713367,122.56659978103278,,
9-405,SENSOR_DATA_LOGGING,575.0955122163881,0.1,10000,FogNode_8,92,1.0,770.9711269175084,830.1968270029216,24099.492800021308,23269.295973018387,22502.147094642383,54.665512920266735,,
4-183,HEALTH_MONITORING,483.4658029168894,1.0,100,FogNode_0,47,1.0,1189.2931772946604,369.34097973787294,24100.346522005726,23731.005542267852,23238.751264123166,30.784291544690685,,
1-109,BATCH_DATA_PROCESSING,731.7982335099464,200.0,30000,FogNode_6,23,1.0,816.2509881302752,188.20735961260007,24107.253779518724,23919.046419906124,7014.18035086248,98.60635964954218,,
0-427,HEALTH_MONITORING,343.463089117865,1.0,100,FogNode_4,243,1.0,1758.3565909566523,866.7600765979221,24110.34206674567,23243.581990147748,22957.236285080442,28.61171168365965,,
2-181,CLOUD_GAMING,878.15722884542,50.0,150,FogNode_1,149,1.0,1597.9384595498836,354.6368366974908,24123.366826406695,23768.729989709205,19207.55975745449,72.54245013441387,,
9-181,CLOUD_GAMING,200.19335555855974,50.0,150,FogNode_1,163,1.0,1597.9384595498836,378.0779655398121,24147.994721280036,23769.916755740225,19635.42665641554,16.537490139370213,,
4-240,E_COMMERCE_TRANSACTION,93.26595294345368,0.5,300,FogNode_5,42,1.0,782.8923712617282,485.4466767007121,24181.02186862934,23695.57519192863,23524.932688861394,13.863030452926557,,
6-93,BATCH_DATA_PROCESSING,786.2890200513067,200.0,30000,FogNode_6,23,1.0,816.2509881302752,186.0445844458578,24220.246129229992,24034.201544784133,7058.092239207501,105.94873607140434,,
6-199,CLOUD_GAMING,399.8909924795874,50.0,150,FogNode_1,155,1.0,1597.9384595498836,362.6280243110533,24230.428420289223,23867.80039597817,19603.59735425384,33.03403015800732,,
9-438,BATCH_DATA_PROCESSING,419.1951292514352,200.0,30000,FogNode_6,159,1.0,816.2509881302752,913.8715317817773,24243.20091370135,23329.32938191957,6808.555876122398,56.484566080524054,,
2-423,HEALTH_MONITORING,427.81342236970073,1.0,100,FogNode_4,243,1.0,1758.3565909566523,867.4776777160986,24257.775187196265,23390.297509480166,23054.738767689738,35.638398078464455,,
3-81,BATCH_DATA_PROCESSING,902.9930565020471,200.0,30000,FogNode_6,19,1.0,816.2509881302752,151.46578783978904,24262.20169640937,24110.735908569583,6997.059845651442,121.6740544226389,,
8-440,VIDEO_SURVEILLANCE,921.6045632058749,60.0,800,FogNode_6,162,1.0,816.2509881302752,936.940063979587,24265.704178616717,23328.76411463713,17384.947384219184,124.18186714972794,,
0-188,CLOUD_GAMING,879.2498228570261,50.0,150,FogNode_1,152,1.0,1597.9384595498836,357.95429239294083,24289.43328220501,23931.47898981207,19369.395017281964,72.63270668984677,,
6-463,HEALTH_MONITORING,55.774466508603645,1.0,100,FogNode_4,243,1.0,1758.3565909566523,872.8477720231346,24289.494843377186,23416.64707135405,23296.39768426249,4.646213830873898,,
1-473,HEALTH_MONITORING,822.8904996217822,1.0,100,FogNode_4,243,1.0,1758.3565909566523,868.3909234620666,24324.32504424489,23455.934120782826,22898.88840607366,68.54974076798527,,
1-10,CLOUD_GAMING,759.9985588229257,50.0,150,FogNode_2,0,0.0,681.967788340379,13.816026441303755,24342.191060292873,24328.375033851567,19208.527909078246,93.28528164745694,,
0-187,CLOUD_GAMING,891.3161684924178,50.0,150,FogNode_1,152,1.0,1597.9384595498836,357.435473038567,24357.697448470008,24000.26197543144,19427.840624243043,73.62947839291738,,
1-478,HEALTH_MONITORING,475.4052138173573,1.0,100,FogNode_4,243,1.0,1758.3565909566523,875.4310630709095,24380.711124001973,23505.280060931065,23149.15564720705,39.60296562167992,,
3-207,CLOUD_GAMING,245.70038802405722,50.0,150,FogNode_1,188,1.0,1597.9384595498836,443.9947383844648,24384.189277946574,23940.194539562108,19779.642724461966,20.2967163063447,,
5-192,E_COMMERCE_TRANSACTION,496.5045077265975,0.5,300,FogNode_0,95,1.0,1189.2931772946604,411.3355620469431,24400.753249632024,23989.41768758508,23525.649209935513,31.614520462238794,,
4-417,SENSOR_DATA_LOGGING,606.1953770407804,0.1,10000,FogNode_8,93,1.0,770.9711269175084,836.2972880143276,24401.321220458423,23565.023932444095,22763.333043753046,57.62170024265481,,
1-472,HEALTH_MONITORING,782.087967390297,1.0,100,FogNode_4,243,1.0,1758.3565909566523,867.6146564583348,24401.434783986886,23533.82012752855,22997.74352958259,65.1507429566954,,
1-221,CLOUD_GAMING,430.4383184936192,50.0,150,FogNode_1,168,1.0,1597.9384595498836,393.14432972460804,24417.36574487682,24024.221415152213,19746.73132629261,35.557471065082815,,
8-234,E_COMMERCE_TRANSACTION,908.9565272410408,0.5,300,FogNode_5,36,1.0,782.8923712617282,483.35385961333157,24454.300059388523,23970.94619977519,22764.129400878555,135.1070955675403,,
9-437,BATCH_DATA_PROCESSING,237.2925541881967,200.0,30000,FogNode_6,159,1.0,816.2509881302752,913.3701465019702,24510.95641030634,23597.58626380437,7296.59920213258,31.974052230507024,,
7-190,CLOUD_GAMING,656.6459035234545,50.0,150,FogNode_1,164,1.0,1597.9384595498836,383.6335108576553,24534.299988193427,24150.66647733577,19733.235450991655,54.24393394215556,,
8-432,BATCH_DATA_PROCESSING,742.5037647702832,200.0,30000,FogNode_6,159,1.0,816.2509881302752,911.9917892995439,24534.42892448172,23622.437135182176,6704.084803324484,100.04887948268392,,
6-486,BATCH_DATA_PROCESSING,354.9609483857545,200.0,30000,FogNode_6,159,1.0,816.2509881302752,913.6887570652755,24542.121183721,23628.432426655723,7184.225535061316,47.82931323869144,,
3-191,E_COMMERCE_TRANSACTION,553.1768506152603,0.5,300,FogNode_0,88,1.0,1189.2931772946604,408.1588535978139,24565.47729142088,24157.318437823065,23642.692532231562,35.223085774365295,,
1-20,CLOUD_GAMING,462.10732307049403,50.0,150,FogNode_2,0,0.0,681.967788340379,25.60234732716766,24574.02325856564,24548.420911238474,19857.245699113853,56.720912537976574,,
1-255,E_COMMERCE_TRANSACTION,422.60214656983146,0.5,300,FogNode_5,48,1.0,782.8923712617282,487.2949585596973,24578.219824567626,24090.92486600793,23501.68639117621,62.815488851775214,,
6-227,E_COMMERCE_TRANSACTION,840.4925516571597,0.5,300,FogNode_0,92,1.0,1189.2931772946604,409.6988658980699,24619.371145729132,24209.672279831062,23455.849129496743,53.51767921381378,,
4-16,CLOUD_GAMING,487.1768906368982,50.0,150,FogNode_2,0,0.16666666666666666,681.967788340379,33.29884406979779,24647.887671600274,24614.588827530475,19890.57340375732,59.79805215102266,,
3-433,BATCH_DATA_PROCESSING,956.5410609859291,200.0,30000,FogNode_6,159,1.0,816.2509881302752,908.3926686108157,24684.8240616617,23776.431393050883,6594.670217244271,128.8893954099046,,
6-529,BATCH_DATA_PROCESSING,387.0746478630848,200.0,30000,FogNode_6,168,1.0,816.2509881302752,977.558348829688,24717.41124053933,23739.852891709645,7260.3888872038115,52.156482744349866,,
7-235,CLOUD_GAMING,538.5247832314369,50.0,150,FogNode_1,201,1.0,1597.9384595498836,494.609301034399,24721.201495164958,24226.59219413056,19882.841673488598,44.48623316017733,,
8-231,CLOUD_GAMING,601.0718954473435,50.0,150,FogNode_1,189,1.0,1597.9384595498836,469.8196390964195,24733.852044321375,24264.032405224956,19881.40273336467,49.653099206408655,,
0-466,SENSOR_DATA_LOGGING,831.826623785466,0.1,10000,FogNode_4,296,1.0,1758.3565909566523,951.110921198115,24797.395539765315,23846.2846185672,23359.813489803146,69.29415207808377,,
3-448,SENSOR_DATA_LOGGING,982.4494521416872,0.1,10000,FogNode_4,296,1.0,1758.3565909566523,951.3298929548939,24848.22647790143,23896.896584946535,23325.04889972504,81.84157587542418,,
3-13,CLOUD_GAMING,747.4945415055087,50.0,150,FogNode_2,0,0.0,681.967788340379,12.732536315416693,24850.821111181707,24838.08857486629,19730.841546037766,91.75048824076089,,
6-262,HEALTH_MONITORING,223.91009845964123,1.0,100,FogNode_5,27,1.0,782.8923712617282,463.98164584128165,24864.223503590303,24400.24185774902,24025.92556459016,33.281947116819374,,
0-257,E_COMMERCE_TRANSACTION,534.938613438087,0.5,300,FogNode_5,56,1.0,782.8923712617282,493.952841247788,24864.306868042437,24370.35402679465,23633.071324492645,79.51315624292911,,
9-459,SMART_HOME_CONTROL,830.1132182651936,0.1,150,FogNode_4,297,1.0,1758.3565909566523,953.4657460923177,24873.53084375913,23920.06509766681,23434.062527696056,69.15141923051888,,
3-212,CLOUD_GAMING,941.8522719851765,50.0,150,FogNode_1,188,1.0,1597.9384595498836,449.0932030516934,24878.850394207235,24429.757191155542,19831.252118322478,77.80414398489913,,
5-172,HEALTH_MONITORING,388.73265797145,1.0,100,FogNode_0,48,1.0,1189.2931772946604,377.4895009647783,24892.3375352976,24514.848034332823,24102.64180974552,24.752235636390644,,
3-411,HEALTH_MONITORING,914.8208220094767,1.0,100,FogNode_4,244,1.0,1758.3565909566523,876.692724167181,24900.98148708672,24024.28876291954,23415.443290242594,76.20786754340705,,
9-199,E_COMMERCE_TRANSACTION,336.64857897712074,0.5,300,FogNode_0,91,1.0,1189.2931772946604,409.5528585138104,24902.437243646982,24492.884385133173,24155.573097921562,21.435824293696854,,
5-409,SMART_HOME_CONTROL,626.93527392664,0.1,150,FogNode_8,93,1.0,770.9711269175084,836.9416500367632,24912.66887372623,24075.727223689468,23247.502237695848,59.59312425326744,,
5-9,CLOUD_GAMING,770.0269406336272,50.0,150,FogNode_2,0,0.0,681.967788340379,13.125928110944646,24928.674979213774,24915.54905110283,19771.76656925268,94.51620558911338,,
6-417,CLOUD_GAMING,393.34436598492215,50.0,150,FogNode_1,198,1.0,1597.9384595498836,782.6681839533479,24980.00943770167,24197.34125374832,19939.356014568108,32.493229136916504,,
1-407,CLOUD_GAMING,913.3252607683561,50.0,150,FogNode_1,198,1.0,1597.9384595498836,749.3239045456731,24988.930472736007,24239.606568190335,19663.030084345723,75.4475964092436,,
5-429,HEALTH_MONITORING,367.6999373398656,1.0,100,FogNode_4,243,1.0,1758.3565909566523,875.8187885062985,25006.51122155078,24130.69243304448,23828.528241782242,30.63072838565678,,
1-479,HEALTH_MONITORING,204.33062505158955,1.0,100,FogNode_4,247,1.0,1758.3565909566523,878.6662748608053,25017.186940578053,24138.520665717246,23928.233960116144,17.02147659340421,,
8-229,HEALTH_MONITORING,120.41852917642382,1.0,100,FogNode_5,27,1.0,782.8923712617282,467.7805496915271,25018.035871160515,24550.255321468987,24311.321829180935,17.898983330835744,,
3-353,CLOUD_GAMING,821.1881346286845,50.0,150,FogNode_1,198,1.0,1597.9384595498836,759.0460003482126,25048.20471945573,24289.15871910752,19766.476942199195,67.83637069821336,,
9-186,HEALTH_MONITORING,198.45014955644834,1.0,100,FogNode_0,49,1.0,1189.2931772946604,382.59389002268955,25069.301187159945,24686.707297137254,24433.24533508339,12.636151769525203,,
7-419,BATCH_DATA_PROCESSING,818.767368507944,200.0,30000,FogNode_6,159,1.0,816.2509881302752,912.5512506740073,25093.13660010305,24180.585349429042,7168.287212219195,110.32504030676405,,
8-196,E_COMMERCE_TRANSACTION,856.1576434194902,0.5,300,FogNode_0,85,1.0,1189.2931772946604,406.70642676514626,25120.64104497533,24713.934618210184,23942.065814432026,54.51514118315356,,
6-406,CLOUD_GAMING,663.3216948102006,50.0,150,FogNode_1,198,1.0,1597.9384595498836,769.5259753464703,25136.312409384427,24366.786434037956,19944.45727907555,54.79540495511214,,
0-400,CLOUD_GAMING,315.03181495187187,50.0,150,FogNode_1,197,1.0,1597.9384595498836,795.6756295176723,25177.158341070957,24381.482711553286,20172.16231680663,26.024018223874183,,
9-470,BATCH_DATA_PROCESSING,749.5672970240166,200.0,30000,FogNode_6,168,1.0,816.2509881302752,982.0069964298825,25184.009096986243,24202.00210055636,7270.309488379451,101.00065713110361,,
9-460,SENSOR_DATA_LOGGING,552.7425873614453,0.1,10000,FogNode_4,297,1.0,1758.3565909566523,953.4931983216945,25187.882659655996,24234.3894613343,23901.84939608119,46.04544722835874,,
6-441,SMART_HOME_CONTROL,614.7866852297758,0.1,150,FogNode_8,92,1.0,770.9711269175084,834.902778430973,25198.73977968231,24363.837001251337,23549.103882494797,58.43834418932294,,
9-182,HEALTH_MONITORING,382.0948770879073,1.0,100,FogNode_0,48,1.0,1189.2931772946604,378.338296498309,25213.61649693856,24835.27820044025,24427.91835645744,24.329580340616022,,
7-36,CLOUD_GAMING,605.6513039473467,50.0,150,FogNode_2,7,1.0,681.967788340379,84.01487097380368,25230.284771318795,25146.269900344992,20251.608352304975,74.34007842907175,,
2-483,BATCH_DATA_PROCESSING,792.5500599122146,200.0,30000,FogNode_6,168,1.0,816.2509881302752,983.5993424834899,25233.165372334162,24249.566029850674,7269.233841049747,106.79238165571198,,
7-33,CLOUD_GAMING,839.7008082171177,50.0,150,FogNode_2,5,1.0,681.967788340379,77.63937159688143,25244.288962941726,25166.649591344845,19925.355097479885,103.06825649176237,,
1-461,CLOUD_GAMING,350.07540229649226,50.0,150,FogNode_1,213,1.0,1597.9384595498836,844.7329600275499,25267.28412154679,24422.551161519237,20190.38124450834,28.918884432309838,,
4-407,GPS_TRACKING,278.9578908444878,0.2,200,FogNode_8,92,1.0,770.9711269175084,822.9253993009635,25274.49551172215,24451.57011242119,24060.168722200295,26.516249670249387,,
9-379,CLOUD_GAMING,677.00226666652,50.0,150,FogNode_1,198,1.0,1597.9384595498836,780.7898947663763,25302.522696867265,24521.732802100887,20084.122419395135,55.9255239919982,,
8-447,GPS_TRACKING,206.556263403796,0.2,200,FogNode_4,296,1.0,1758.3565909566523,951.2398362169921,25305.353862292668,24354.114026075677,24207.06638891923,17.20688027974785,,
7-403,HEALTH_MONITORING,849.0576079892057,1.0,100,FogNode_4,244,1.0,1758.3565909566523,876.4249062681989,25331.0964556727,24454.671549404502,23877.240893527443,70.72955508843144,,
4-436,CLOUD_GAMING,279.9559023170745,50.0,150,FogNode_1,253,1.0,1597.9384595498836,874.0310514090141,25352.35651634733,24478.325464938316,20294.6279127976,23.126481701201264,,
3-217,HEALTH_MONITORING,723.3175037835416,1.0,100,FogNode_5,27,1.0,782.8923712617282,458.89067691012775,25378.204200410903,24919.313523500776,23904.64758318381,107.51375250693641,,
2-151,CLOUD_GAMING,101.87150215346722,50.0,150,FogNode_2,38,1.0,681.967788340379,301.47205966623477,25393.667722313014,25092.19566264678,20930.368577475037,12.504118145900149,,
9-225,HEALTH_MONITORING,420.7285005422992,1.0,100,FogNode_5,28,1.0,782.8923712617282,468.48353650344535,25401.709601785064,24933.22606528162,24310.284912330677,62.536990523950976,,
2-489,SMART_HOME_CONTROL,199.34257372636006,0.1,150,FogNode_4,320,1.0,1758.3565909566523,997.750495450328,25444.465140245327,24446.714644795,24319.736525900997,16.605953962581463,,
1-212,HEALTH_MONITORING,412.1608342168533,1.0,100,FogNode_0,48,1.0,1189.2931772946604,379.55983164286374,25467.200532648854,25087.640701005992,24651.07584728594,26.244005692406112,,
0-467,E_COMMERCE_TRANSACTION,291.22292731321943,0.5,300,FogNode_4,296,1.0,1758.3565909566523,951.8323424679822,25470.976085231403,24519.14374276342,24306.288214016196,24.259918157021552,,
1-448,CLOUD_GAMING,805.468416447126,50.0,150,FogNode_1,197,1.0,1597.9384595498836,822.0375951299307,25492.997704883368,24670.960109753436,20155.538136616742,66.53780270280774,,
8-446,GPS_TRACKING,890.1575010510057,0.2,200,FogNode_4,295,1.0,1758.3565909566523,950.7820158570923,25512.755236916688,24561.973221059594,24031.396432867212,74.15332412729292,,
1-477,CLOUD_GAMING,624.1309613348266,50.0,150,FogNode_1,251,1.0,1597.9384595498836,872.8284204244248,25526.89751458969,24654.069094165265,20257.91970879396,51.55795300973976,,
2-471,GPS_TRACKING,903.1213460204731,0.2,200,FogNode_4,297,1.0,1758.3565909566523,954.0950360034021,25530.803661250804,24576.708625247404,24039.479430936346,75.23325907905357,,
2-191,HEALTH_MONITORING,551.2506367382832,1.0,100,FogNode_0,50,1.0,1189.2931772946604,383.685231079599,25532.812327442643,25149.127096363045,24600.034648913268,35.10043567334773,,
1-451,GPS_TRACKING,211.6950536775616,0.2,200,FogNode_8,92,1.0,770.9711269175084,828.0636920089187,25549.077848578214,24721.014156569294,24421.60665807548,20.122603021831633,,
8-428,CLOUD_GAMING,477.80309891745213,50.0,150,FogNode_1,265,1.0,1597.9384595498836,898.1518985573659,25566.296324464816,24668.14442590745,20360.07778751766,39.470161309107645,,
0-198,HEALTH_MONITORING,172.3077019810425,1.0,100,FogNode_0,49,1.0,1189.2931772946604,381.040064307784,25612.08297649924,25231.042912191457,24992.72271398242,10.971552695510796,,
7-397,VOICE_ASSISTANT,212.67572183789545,2.0,150,FogNode_4,244,1.0,1758.3565909566523,856.9493564723687,25633.70665424108,24776.757297768712,24484.484389974205,17.71665319545265,,
6-440,SMART_HOME_CONTROL,359.7754576113818,0.1,150,FogNode_8,92,1.0,770.9711269175084,829.7772034161559,25665.392090061083,24835.614886644926,24346.04398915338,34.19833663916639,,
8-401,VOICE_ASSISTANT,363.86184675968997,2.0,150,FogNode_4,243,1.0,1758.3565909566523,858.2264188830276,25677.908995558613,24819.682576675586,24444.026049192627,30.311001624397523,,
5-462,CLOUD_GAMING,630.7765294607434,50.0,150,FogNode_1,271,1.0,1597.9384595498836,916.8379346205844,25697.26664065996,24780.428706039376,20380.44209429024,52.10692736029314,,
3-183,HEALTH_MONITORING,615.96691164502,1.0,100,FogNode_0,49,1.0,1189.2931772946604,382.19865322636065,25731.543382760094,25349.344729533732,24742.580562405095,39.22119181038069,,
9-168,VIDEO_SURVEILLANCE,270.1065442722986,60.0,800,FogNode_1,138,1.0,1597.9384595498836,345.6875383156724,25735.33070914843,25389.64317083276,20413.655809873722,22.31284999454374,,
1-537,CLOUD_GAMING,345.80847393537044,50.0,150,FogNode_1,288,1.0,1597.9384595498836,974.2176743269173,25743.306645910543,24769.088971583627,20540.45983855988,28.566403774295143,,
2-470,CLOUD_GAMING,675.8332342482842,50.0,150,FogNode_1,288,1.0,1597.9384595498836,950.1276237195908,25775.2972311222,24825.169607402608,20392.01479411802,55.82895304420006,,
5-425,VOICE_ASSISTANT,220.65816594593497,2.0,150,FogNode_4,243,1.0,1758.3565909566523,864.6665980347575,25803.40013147541,24938.733533440653,24643.878305856964,18.381619523964822,,
0-424,VOICE_ASSISTANT,446.8441024726233,2.0,150,FogNode_4,243,1.0,1758.3565909566523,862.9248982751891,25887.83264027302,25024.90774199783,24601.730745782243,37.223722235558746,,
1-475,VOICE_ASSISTANT,170.58023880143207,2.0,150,FogNode_4,243,1.0,1758.3565909566523,869.9976274010438,25900.411306386537,25030.413678985493,24768.26512059246,14.209947927887912,,
8-471,SENSOR_DATA_LOGGING,818.870615489365,0.1,10000,FogNode_4,320,1.0,1758.3565909566523,998.268480111962,25910.167387275807,24911.898907163846,24430.756996983222,68.21486994942414,,
4-416,SMART_HOME_CONTROL,342.0419011877946,0.1,150,FogNode_8,92,1.0,770.9711269175084,833.0052796803673,25992.728575882807,25159.72329620244,24695.873748862763,32.51267932276722,,
0-45,CLOUD_GAMING,969.5710764803249,50.0,150,FogNode_2,7,1.0,681.967788340379,86.5419630529992,25995.748878246082,25909.206915193085,20474.379742621095,119.00905586818169,,
1-549,GPS_TRACKING,823.0209301152389,0.2,200,FogNode_4,320,1.0,1758.3565909566523,998.2216303032858,25998.866245568508,25000.64461526522,24502.40453953944,68.56060609759938,,
6-40,CLOUD_GAMING,932.1980607638395,50.0,150,FogNode_2,7,1.0,681.967788340379,94.14120104700747,26014.811559651374,25920.670358604366,20546.56764146297,114.42174151520872,,
0-426,VOICE_ASSISTANT,184.6094317349999,2.0,150,FogNode_4,243,1.0,1758.3565909566523,866.1679279047441,26015.157144577857,25148.98921667311,24871.35541516374,15.378630199978964,,
5-160,VIDEO_SURVEILLANCE,477.36737677353403,60.0,800,FogNode_1,146,1.0,1597.9384595498836,352.40510122857114,26034.070234391475,25681.665133162904,20573.147532620846,39.434167353971404,,
0-190,VIDEO_SURVEILLANCE,529.1094618430991,60.0,800,FogNode_1,157,1.0,1597.9384595498836,364.99448775957785,26074.426695422426,25709.43220766285,20572.447995374998,43.70845617460154,,
0-430,VOICE_ASSISTANT,333.73483672824597,2.0,150,FogNode_4,243,1.0,1758.3565909566523,870.2328169845048,26077.63193266039,25207.399115675886,24851.912801039336,27.801313240925865,,
2-425,VOICE_ASSISTANT,321.70894437321607,2.0,150,FogNode_4,243,1.0,1758.3565909566523,869.2707554166072,26083.371319177906,25214.100563761298,24862.001405399995,26.79951311828513,,
7-450,CLOUD_GAMING,986.2835615989394,50.0,150,FogNode_1,288,1.0,1597.9384595498836,960.9844810939586,26110.220199094292,25149.235718000335,20523.104541936846,81.47450563010455,,
6-462,VOICE_ASSISTANT,77.27168491373672,2.0,150,FogNode_4,243,1.0,1758.3565909566523,871.9797988496565,26121.57733333233,25249.597534482673,25033.47639338622,6.437009507311948,,
1-213,HEALTH_MONITORING,758.2788268193798,1.0,100,FogNode_0,49,1.0,1189.2931772946604,382.0977211954808,26170.40013278453,25788.302411589048,25056.904811662625,48.28278719226522,,
8-135,CLOUD_GAMING,536.7812690441399,50.0,150,FogNode_2,44,1.0,681.967788340379,308.2928293138867,26180.77420772406,25872.48137841017,21079.359940613744,65.88669318454431,,
1-249,HEALTH_MONITORING,911.8849562980417,1.0,100,FogNode_5,27,1.0,782.8923712617282,461.74356325214086,26182.800007038382,25721.05644378624,24462.40147812914,135.54237660971285,,
5-70,CLOUD_GAMING,655.9552336933363,50.0,150,FogNode_2,13,1.0,681.967788340379,129.75582945875726,26192.141394033562,26062.385564574804,21092.754512543357,80.51458520918509,,
8-181,HEALTH_MONITORING,705.3944479729296,1.0,100,FogNode_0,53,1.0,1189.2931772946604,386.396735935194,26205.20371530439,25818.806979369194,25135.5068963645,44.9154174077908,,
3-226,VIDEO_SURVEILLANCE,240.6912589484523,60.0,800,FogNode_1,189,1.0,1597.9384595498836,472.93582386428915,26225.052808405682,25752.116984541393,20792.02907989818,19.88292423785411,,
3-387,GPS_TRACKING,433.10120810398035,0.2,200,FogNode_8,92,1.0,770.9711269175084,823.543731381312,26227.152696888996,25403.608965507683,24811.36386627202,41.16829150021769,,
1-70,CLOUD_GAMING,885.7825079441961,50.0,150,FogNode_2,11,1.0,681.967788340379,118.94954911948135,26227.537657317407,26108.588108197924,20804.239733766193,108.7245097674158,,
0-431,VOICE_ASSISTANT,204.47449147859047,2.0,150,FogNode_4,243,1.0,1758.3565909566523,874.4654521461204,26237.86460551035,25363.39915336423,25073.023577802036,17.033461184647713,,
1-56,CLOUD_GAMING,972.3595071822531,50.0,150,FogNode_2,7,1.0,681.967788340379,96.73840609356188,26276.635532048364,26179.8971259548,20741.737705374166,119.35131907429441,,
9-147,CLOUD_GAMING,67.28747421764677,50.0,150,FogNode_2,48,1.0,681.967788340379,313.9861757667284,26290.8080398313,25976.821864064572,21867.087797151507,8.259135377125968,,
9-173,VIDEO_SURVEILLANCE,979.7030584506973,60.0,800,FogNode_1,149,1.0,1597.9384595498836,354.23713383631826,26310.37101435822,25956.133880521902,20537.88406585968,80.93090614038863,,
3-392,SMART_HOME_CONTROL,245.57772330376213,0.1,150,FogNode_8,92,1.0,770.9711269175084,831.9691407260926,26311.258952351807,25479.289811625713,25138.349300161313,23.34330893046559,,
5-178,HEALTH_MONITORING,693.2419753420514,1.0,100,FogNode_0,53,1.0,1189.2931772946604,386.9342132052657,26314.44589038147,25927.511677176204,25254.746982266985,44.141618602992736,,
8-197,VIDEO_SURVEILLANCE,868.5658471154557,60.0,800,FogNode_1,178,1.0,1597.9384595498836,408.07254288641815,26318.851234672573,25910.778691786156,20557.962155345955,71.75012922875912,,
1-248,VIDEO_SURVEILLANCE,473.38053706734377,60.0,800,FogNode_1,187,1.0,1597.9384595498836,460.9200040064157,26330.314770117016,25869.3947661106,20766.632096506688,39.10482414403112,,
6-161,CLOUD_GAMING,229.92508392160462,50.0,150,FogNode_2,46,1.0,681.967788340379,311.9964474102381,26332.89835634848,26020.901908938242,21675.809056431,28.22193011084307,,
0-251,VIDEO_SURVEILLANCE,431.81090453507136,60.0,800,FogNode_1,192,1.0,1597.9384595498836,479.5422111609277,26380.45019572176,25900.907984560836,20822.48245411677,35.67085708662493,,
7-196,HEALTH_MONITORING,212.24317513853168,1.0,100,FogNode_0,57,1.0,1189.2931772946604,390.6645697747607,26383.665325267822,25993.000755493063,25727.846129834143,13.514411448370003,,
4-237,HEALTH_MONITORING,769.7650580002596,1.0,100,FogNode_5,32,1.0,782.8923712617282,474.8968487749089,26384.94189048356,25910.04504170865,24837.71207457061,114.41770661075296,,
0-434,VOICE_ASSISTANT,548.8939106089533,2.0,150,FogNode_4,244,1.0,1758.3565909566523,877.3487078404894,26395.534343124215,25518.185635283724,25038.076943926888,45.7248386008386,,
6-460,VOICE_ASSISTANT,753.5050308520713,2.0,150,FogNode_4,243,1.0,1758.3565909566523,869.3658573986529,26443.685143237173,25574.31928583852,24974.94635763131,62.76968145339246,,
6-281,VIDEO_SURVEILLANCE,431.86238909685943,60.0,800,FogNode_1,196,1.0,1597.9384595498836,485.2072509678511,26495.31502439772,26010.10777342987,20934.655242497465,35.67511010206855,,
8-415,VOICE_ASSISTANT,229.57300625446874,2.0,150,FogNode_4,244,1.0,1758.3565909566523,877.3160686446628,26526.095463340203,25648.77939469554,25345.715925287823,19.124257812314067,,
1-518,HEALTH_MONITORING,928.9546770180236,1.0,100,FogNode_4,296,1.0,1758.3565909566523,951.3358142703495,26527.17471371183,25575.838899441478,24959.54921325702,77.38526854309472,,
2-430,VOICE_ASSISTANT,558.9040325504021,2.0,150,FogNode_4,244,1.0,1758.3565909566523,876.4476438880921,26555.720514502234,25679.272870614142,25188.248000063926,46.5587177918824,,
0-166,CLOUD_GAMING,235.06005051826358,50.0,150,FogNode_2,46,1.0,681.967788340379,311.99921052391926,26572.21676758785,26260.217557063934,21901.10376467551,28.85221657607204,,
9-237,HEALTH_MONITORING,155.97034946902505,1.0,100,FogNode_5,35,1.0,782.8923712617282,481.5785918292055,26584.16512370738,26102.586531878173,25812.804462888736,23.18339797325212,,
0-488,HEALTH_MONITORING,300.4454196436219,1.0,100,FogNode_4,320,1.0,1758.3565909566523,997.934258124182,26614.55231613534,25616.618058011158,25358.261946625338,25.028184966243916,,
2-234,HEALTH_MONITORING,974.8642791051162,1.0,100,FogNode_5,28,1.0,782.8923712617282,472.92686047978725,26623.41275638904,26150.485895909253,24817.388502428927,144.90360911122931,,
7-267,VIDEO_SURVEILLANCE,543.1327790194961,60.0,800,FogNode_1,201,1.0,1597.9384595498836,547.7746275922383,26670.210700259715,26122.436072667475,20969.05587594811,44.86688857551151,,
7-445,VOICE_ASSISTANT,292.4080732363575,2.0,150,FogNode_4,296,1.0,1758.3565909566523,951.3684052054572,26692.391694002534,25741.023288797078,25406.3238557765,24.358645078575137,,
2-237,HEALTH_MONITORING,416.1320753501934,1.0,100,FogNode_5,35,1.0,782.8923712617282,481.4354402827904,26714.33165893013,26232.896218647336,25613.403868559722,61.853778908117334,,
7-192,HEALTH_MONITORING,698.293188829725,1.0,100,FogNode_0,53,1.0,1189.2931772946604,386.5385737426926,26757.549880349856,26371.011306607164,25693.232187509453,44.46325051102191,,
3-148,CLOUD_GAMING,413.6514284203985,50.0,150,FogNode_2,45,1.0,681.967788340379,308.81462159353725,26787.32987720377,26478.515255610233,21859.6666624485,50.773241022764076,,
7-446,VOICE_ASSISTANT,460.2400625051024,2.0,150,FogNode_4,297,1.0,1758.3565909566523,954.5521186032585,26788.919154442538,25834.367035839277,25402.74223465852,38.33965392754789,,
5-184,HEALTH_MONITORING,497.19749718133664,1.0,100,FogNode_0,59,1.0,1189.2931772946604,393.47053347903443,26801.726663442092,26408.256129963058,25902.5266515577,31.6586460017979,,
2-490,VOICE_ASSISTANT,361.31988258120225,2.0,150,FogNode_4,320,1.0,1758.3565909566523,998.1976448497464,26820.039578752887,25821.84193390314,25449.735873023827,30.099246858050208,,
1-269,VIDEO_SURVEILLANCE,846.0936299953862,60.0,800,FogNode_1,202,1.0,1597.9384595498836,508.00882271955356,26848.341982541373,26340.33315982182,20995.975854850363,69.89375358634062,,
1-374,VIDEO_SURVEILLANCE,568.4931000698731,60.0,800,FogNode_1,200,1.0,1597.9384595498836,694.2213294959555,26851.081603937968,26156.860274442013,20989.72490037466,46.96184351610739,,
4-413,GPS_TRACKING,484.2891771444718,0.2,200,FogNode_8,92,1.0,770.9711269175084,830.1666426929792,26855.307449040032,26025.14080634705,25370.339530720463,46.03394689745947,,
8-270,VIDEO_SURVEILLANCE,825.470086360822,60.0,800,FogNode_1,201,1.0,1597.9384595498836,562.561282273329,26897.034599474922,26334.473317201595,21010.860297106177,68.19009240066401,,
6-174,CLOUD_GAMING,385.57625650718103,50.0,150,FogNode_2,53,1.0,681.967788340379,327.24988952789687,26898.28614019896,26571.036250671063,21991.793465051862,47.327181436438636,,
8-138,CLOUD_GAMING,435.85765057360936,50.0,150,FogNode_2,48,1.0,681.967788340379,314.64679460345747,26915.753182508517,26601.10638790506,21947.036100809375,53.49892209655007,,
2-240,VIDEO_SURVEILLANCE,974.3054018741153,60.0,800,FogNode_1,196,1.0,1597.9384595498836,485.469942098897,26920.097500413613,26434.627558314714,21019.811511125,80.4850187523588,,
6-403,VIDEO_SURVEILLANCE,149.84415041233677,60.0,800,FogNode_1,198,1.0,1597.9384595498836,760.7607339465447,26942.115400107494,26181.35466616095,21279.9560866589,12.37826376890645,,
8-417,VIDEO_SURVEILLANCE,145.87146461952278,60.0,800,FogNode_1,257,1.0,1597.9384595498836,879.0670517034644,26942.368889595145,26063.301837891682,21166.575445584225,12.050089779604093,,
4-473,VIDEO_SURVEILLANCE,69.64693495957417,60.0,800,FogNode_1,288,1.0,1597.9384595498836,970.5963204438208,26963.682993048413,25993.086672604593,21136.432922581946,5.753365274874974,,
7-469,VOICE_ASSISTANT,772.8042313990206,2.0,150,FogNode_4,320,1.0,1758.3565909566523,998.4770687006026,26995.22421663729,25996.747147936687,25391.526311973204,64.37737433006414,,
9-152,CLOUD_GAMING,490.6436697835093,50.0,150,FogNode_2,54,1.0,681.967788340379,328.8050593848028,27010.260891083304,26681.455831698502,21953.103870834566,60.22357857518067,,
7-352,VIDEO_SURVEILLANCE,655.1444339242054,60.0,800,FogNode_1,199,1.0,1597.9384595498836,739.240302825116,27080.204232869695,26340.963930044578,21117.622492674043,54.11990116083338,,
1-257,HEALTH_MONITORING,308.62815382437674,1.0,100,FogNode_5,52,1.0,782.8923712617282,488.8990484820125,27108.546962531804,26619.64791404979,26135.615330116172,45.87441997930226,,
7-286,AUGMENTED_REALITY,603.8247380196261,30.0,150,FogNode_4,111,1.0,1758.3565909566523,586.0637189515585,27132.322046168334,26546.258327216776,23797.829165844272,50.30077425801688,,
4-197,HEALTH_MONITORING,983.1113635587162,1.0,100,FogNode_0,53,1.0,1189.2931772946604,386.4005009564253,27141.080888654178,26754.680387697754,25836.202589844033,62.59881599504266,,
2-293,AUGMENTED_REALITY,588.0988423571129,30.0,150,FogNode_4,139,1.0,1758.3565909566523,595.1381799978274,27154.498951431753,26559.360771433927,23814.01268140632,48.99075054100333,,
9-172,BATCH_DATA_PROCESSING,348.830771171224,200.0,30000,FogNode_1,144,1.0,1597.9384595498836,350.65860481075896,27160.41590416413,26809.75729935337,10586.340542192744,28.816068457704443,,
8-207,CLOUD_GAMING,111.86608678169219,50.0,150,FogNode_2,66,1.0,681.967788340379,429.4291828540505,27174.295158821853,26744.8659759678,22573.935880871646,13.73089368536606,,
5-229,HEALTH_MONITORING,58.30963137049124,1.0,100,FogNode_5,56,1.0,782.8923712617282,494.17223782078344,27183.026716723965,26688.85447890318,26526.85299914704,8.667130607437594,,
8-71,AUGMENTED_REALITY,996.8185926104871,30.0,150,FogNode_4,34,1.0,1758.3565909566523,176.24294136453955,27259.2952434516,27083.05230208706,24105.698565910072,83.03857700090533,,
4-446,AUGMENTED_REALITY,222.07605657499343,30.0,150,FogNode_4,273,1.0,1758.3565909566523,895.5167227592244,27280.796459978737,26385.279737219513,23847.62992828012,18.499734917330024,,
5-149,CLOUD_GAMING,488.9721442531518,50.0,150,FogNode_2,54,1.0,681.967788340379,332.9563486708125,27289.218585874758,26956.262237203944,22224.717005244187,60.0184088046987,,
4-158,CLOUD_GAMING,878.5537381829683,50.0,150,FogNode_2,48,1.0,681.967788340379,313.58253751884183,27303.07436795937,26989.491830440526,21694.35217686554,107.83722147546803,,
6-493,VIDEO_SURVEILLANCE,661.1291852923816,60.0,800,FogNode_1,274,1.0,1597.9384595498836,922.1057157095995,27310.773427363583,26388.667711653983,21168.013458336965,54.614287033239854,,
0-301,AUGMENTED_REALITY,568.5058827767185,30.0,150,FogNode_4,164,1.0,1758.3565909566523,603.8214751618034,27318.540821301314,26714.71934613951,23985.98215297346,47.35858647940466,,
5-411,SENSOR_DATA_LOGGING,783.1505503397256,0.1,10000,FogNode_8,93,1.0,770.9711269175084,837.8803465931261,27327.056461489294,26489.176114896167,25454.426453635886,74.4421154724676,,
1-194,BATCH_DATA_PROCESSING,612.4032306367619,200.0,30000,FogNode_1,144,1.0,1597.9384595498836,349.07569298008485,27346.928810167847,26997.853117187762,10602.10118372555,50.589153469738534,,
9-241,HEALTH_MONITORING,582.5104897189722,1.0,100,FogNode_5,42,1.0,782.8923712617282,485.522593879317,27367.462016672653,26881.939422793337,26047.641168663078,86.5842293277086,,
6-213,HEALTH_MONITORING,692.5857544344316,1.0,100,FogNode_0,60,1.0,1189.2931772946604,394.0721637524326,27384.07739718622,26990.00523343379,26318.006126940112,44.099834270748325,,
4-174,BATCH_DATA_PROCESSING,706.8689577036026,200.0,30000,FogNode_1,144,1.0,1597.9384595498836,349.8403355677639,27384.731956507447,27034.89162093968,10585.573752350027,58.3927392856491,,
1-320,CLOUD_GAMING,479.9881635944356,50.0,150,FogNode_4,139,1.0,1758.3565909566523,594.9175862941864,27532.270683167895,26937.35309687371,22655.351423409244,39.98474183530228,,
0-205,HEALTH_MONITORING,990.7037282064865,1.0,100,FogNode_0,64,1.0,1189.2931772946604,395.8890690583992,27590.56880883651,27194.679739778112,26274.684158830903,63.08225363514136,,
2-185,BATCH_DATA_PROCESSING,776.5348587169325,200.0,30000,FogNode_1,157,1.0,1597.9384595498836,364.2734170409632,27646.376332787688,27282.102915746724,10783.798955817181,64.14767130046953,,
6-453,AUGMENTED_REALITY,926.3009086980296,30.0,150,FogNode_4,243,1.0,1758.3565909566523,860.9214888355529,27659.12128214928,26798.199793313728,23862.59423198741,77.16420008929985,,
7-201,HEALTH_MONITORING,89.03804600979458,1.0,100,FogNode_0,69,1.0,1189.2931772946604,398.78322386026974,27665.435164508654,27266.651940648382,27102.079813284217,5.669425118380687,,
4-309,CLOUD_GAMING,234.67674368782025,50.0,150,FogNode_4,188,1.0,1758.3565909566523,617.7448233386066,27665.734364479627,27047.98954114102,22901.145380263166,19.549417512377335,,
0-189,BATCH_DATA_PROCESSING,954.7947486087406,200.0,30000,FogNode_1,154,1.0,1597.9384595498836,360.14141604749426,27677.720828645037,27317.57941259754,10707.923610592969,78.87329075525042,,
8-187,HEALTH_MONITORING,357.23349565224504,1.0,100,FogNode_0,59,1.0,1189.2931772946604,393.73844258456086,27684.452025135288,27290.71358255073,26896.890906912504,22.7465521104875,,
4-236,CLOUD_GAMING,397.7176652500632,50.0,150,FogNode_2,70,1.0,681.967788340379,474.0340605936772,27757.486435667844,27283.45237507417,22689.251276481773,48.81746680741465,,
3-393,GPS_TRACKING,723.6541534485834,0.2,200,FogNode_8,92,1.0,770.9711269175084,833.4335666522355,27793.934238271286,26960.50067161905,25998.203942912918,68.7867052251724,,
0-254,HEALTH_MONITORING,960.3131766296394,1.0,100,FogNode_5,44,1.0,782.8923712617282,486.5378206479876,27810.787341371826,27324.24952072384,26011.600588687077,142.74073648327803,,
9-312,CLOUD_GAMING,943.5457881806161,50.0,150,FogNode_4,180,1.0,1758.3565909566523,609.9863368298564,27817.40308063426,27207.416743804402,22665.236277106033,78.60076062639415,,
5-182,HEALTH_MONITORING,807.8969590637149,1.0,100,FogNode_0,59,1.0,1189.2931772946604,393.0398719734143,27820.389384227554,27427.34951225414,26656.611780454758,51.44218138249962,,
8-236,HEALTH_MONITORING,515.0683600892197,1.0,100,FogNode_5,56,1.0,782.8923712617282,493.3266515175255,27840.9311477751,27347.604496257576,26601.154848243717,76.55964621500152,,
0-305,CLOUD_GAMING,938.0819627753071,50.0,150,FogNode_4,183,1.0,1758.3565909566523,611.2392729009531,27852.04009420189,27240.800821300938,22699.6857011428,78.14560430206228,,
2-197,HEALTH_MONITORING,204.5429359643485,1.0,100,FogNode_0,69,1.0,1189.2931772946604,397.44968512761545,27856.43900014647,27458.989315018855,27192.737027587944,13.024104985592835,,
3-377,CLOUD_GAMING,436.14236502881306,50.0,150,FogNode_4,245,1.0,1758.3565909566523,798.7015752144058,27907.161052507538,27108.45947729313,22845.840375913278,36.332228983567845,,
2-188,CLOUD_GAMING,698.6919181603389,50.0,150,FogNode_2,58,1.0,681.967788340379,373.1177345731006,27922.809482951936,27549.691748378835,22512.434338255494,85.76025785014033,,
1-262,HEALTH_MONITORING,436.87137567776307,1.0,100,FogNode_5,57,1.0,782.8923712617282,494.8662913203364,27925.484283480146,27430.61799215981,26784.57956898522,64.93646388521505,,
2-203,HEALTH_MONITORING,171.5489520180571,1.0,100,FogNode_0,86,1.0,1189.2931772946604,407.2463646764145,27964.633844124557,27557.38747944814,27326.714453635257,10.92323990910658,,
8-198,HEALTH_MONITORING,131.3301735694631,1.0,100,FogNode_0,88,1.0,1189.2931772946604,408.2500371903974,27966.866080766074,27558.616043575676,27361.191826885566,8.362341922396904,,
7-389,SENSOR_DATA_LOGGING,562.6776828725486,0.1,10000,FogNode_8,93,1.0,770.9711269175084,837.2224589401176,28056.886234910566,27219.663775970446,26469.51572354458,53.4851402760408,,
2-438,CLOUD_GAMING,336.6944821308655,50.0,150,FogNode_4,271,1.0,1758.3565909566523,893.6729454301585,28098.643533286755,27204.970587856595,22999.147136872,28.04786235676567,,
3-194,CLOUD_GAMING,811.7542721184684,50.0,150,FogNode_2,63,1.0,681.967788340379,411.0841037317913,28106.0649332936,27694.98082956181,22494.53306244443,99.63798618299889,,
2-198,HEALTH_MONITORING,533.7019139855926,1.0,100,FogNode_0,69,1.0,1189.2931772946604,398.8418370747381,28114.19071459062,27715.34887751588,27175.412257432887,33.98303503364077,,
6-437,CLOUD_GAMING,910.8784441137122,50.0,150,FogNode_4,244,1.0,1758.3565909566523,825.9491276985486,28183.76264656895,27357.8135188704,22826.440588873462,75.8794532733574,,
6-285,CLOUD_GAMING,639.6119203119944,50.0,150,FogNode_2,70,1.0,681.967788340379,501.01947839489134,28240.966056170244,27739.946577775354,22790.00392510771,78.50854115274319,,
5-157,CLOUD_GAMING,993.903994580887,50.0,150,FogNode_2,57,1.0,681.967788340379,346.9669797962773,28244.735947657082,27897.768967860804,22428.777471342764,121.99577616121887,,
1-326,VIDEO_SURVEILLANCE,262.7097131491695,60.0,800,FogNode_4,157,1.0,1758.3565909566523,601.6814325881647,28248.049924743587,27646.368492155423,22689.644210674815,21.884664778466284,,
5-237,CLOUD_GAMING,658.1274370239478,50.0,150,FogNode_2,70,1.0,681.967788340379,503.78476515118933,28254.26040790209,27750.4756427509,22776.752182085227,80.78121018779751,,
5-230,HEALTH_MONITORING,354.75741849129605,1.0,100,FogNode_5,57,1.0,782.8923712617282,495.84639124864356,28263.9242367021,27768.077845453456,27226.323189967323,52.73106359539579,,
5-348,VIDEO_SURVEILLANCE,96.61138978611294,60.0,800,FogNode_4,238,1.0,1758.3565909566523,738.1177805915227,28302.99406422189,27564.87628363037,22697.323429374803,8.048076540094641,,
3-190,HEALTH_MONITORING,416.236961794538,1.0,100,FogNode_0,86,1.0,1189.2931772946604,407.370261762876,28316.85292147206,27909.48265970918,27468.61322366429,26.503549798665,,
5-407,GPS_TRACKING,410.6629180990706,0.2,200,FogNode_8,93,1.0,770.9711269175084,835.858143570882,28326.59091471646,27490.73277114558,26936.048214660004,39.03542729572263,,
0-414,CLOUD_GAMING,916.0804737568156,50.0,150,FogNode_4,244,1.0,1758.3565909566523,833.615365499769,28338.389823862726,27504.774458362957,22977.932690218644,76.31280106831433,,
2-409,SENSOR_DATA_LOGGING,219.91934869651425,0.1,10000,FogNode_8,93,1.0,770.9711269175084,836.6153440301086,28342.136020561804,27505.520676531694,27198.852418185346,20.904360653509134,,
4-207,HEALTH_MONITORING,284.3653510678997,1.0,100,FogNode_0,96,1.0,1189.2931772946604,411.4916214640869,28353.29521505934,27941.803593595254,27609.867378216488,18.106732305919486,,
5-408,CLOUD_GAMING,918.6172577129241,50.0,150,FogNode_4,244,1.0,1758.3565909566523,836.5362830042712,28374.46953908095,27537.933256076678,23006.76071457947,76.52412430349027,,
7-294,VIDEO_SURVEILLANCE,340.1824204108944,60.0,800,FogNode_4,188,1.0,1758.3565909566523,617.191791943782,28377.228762691513,27760.03697074773,22755.984449499807,28.33842017098349,,
5-228,HEALTH_MONITORING,374.34615239992246,1.0,100,FogNode_5,56,1.0,782.8923712617282,492.48501959385754,28403.642158229413,27911.157138635557,27340.552602730517,55.64272863648755,,
0-278,CLOUD_GAMING,454.49342475782265,50.0,150,FogNode_2,70,1.0,681.967788340379,540.8523478286469,28423.930558877633,27883.078211048985,23208.303786424785,55.786352017713625,,
1-418,VIDEO_SURVEILLANCE,261.1363912335428,60.0,800,FogNode_4,244,1.0,1758.3565909566523,762.38067023399,28451.505687277524,27689.125017043534,22732.716868049647,21.75360139942573,,
6-484,VIDEO_SURVEILLANCE,143.72324226192262,60.0,800,FogNode_4,285,1.0,1758.3565909566523,909.9956487358813,28456.2067947668,27546.211146030917,22652.826518504193,11.97266343932445,,
9-195,HEALTH_MONITORING,592.9544088308636,1.0,100,FogNode_0,83,1.0,1189.2931772946604,405.0101865283048,28463.210999153467,28058.200812625164,27469.223167081454,37.75588942181488,,
5-410,GPS_TRACKING,141.83311428814682,0.2,200,FogNode_8,93,1.0,770.9711269175084,837.1732958563987,28510.55774477821,27673.38444892181,27465.426537783278,13.48189957483625,,
4-273,CLOUD_GAMING,401.7232628511253,50.0,150,FogNode_2,70,1.0,681.967788340379,542.715159830519,28511.874347479847,27969.159187649326,23371.930924534925,49.309129977092475,,
8-371,VIDEO_SURVEILLANCE,305.49852571310066,60.0,800,FogNode_4,245,1.0,1758.3565909566523,795.6045341676052,28512.130763149045,27716.52622898144,22734.153723801403,25.44912689143944,,
1-360,CLOUD_GAMING,189.84689335995208,50.0,150,FogNode_2,65,1.0,681.967788340379,665.0593111380332,28523.11697474629,27858.05766360826,23568.354943836952,23.30257171067102,,
0-329,CLOUD_GAMING,89.82362620472742,50.0,150,FogNode_2,65,1.0,681.967788340379,668.819082929922,28555.642976590676,27886.823893660752,23741.084155418954,11.025313366490463,,
2-318,CLOUD_GAMING,226.687151819897,50.0,150,FogNode_2,66,1.0,681.967788340379,654.2210194513058,28573.367608993667,27919.14658954236,23575.529184142786,27.824493293948372,,
0-279,CLOUD_GAMING,357.81866388775705,50.0,150,FogNode_2,70,1.0,681.967788340379,541.0233568173771,28630.75051229805,28089.727155480672,23554.9199523065,43.920102810699234,,
4-482,VIDEO_SURVEILLANCE,319.3468183058697,60.0,800,FogNode_4,320,1.0,1758.3565909566523,983.1537750230934,28637.82343609444,27654.669661071348,22661.741540203897,26.602739513957076,,
8-317,CLOUD_GAMING,100.37219288550831,50.0,150,FogNode_2,64,1.0,681.967788340379,676.2749540272915,28659.054602327033,27982.77964829974,23824.83148765536,12.320086892531974,,
9-454,VIDEO_SURVEILLANCE,508.2224501142811,60.0,800,FogNode_4,294,1.0,1758.3565909566523,943.3477691635351,28666.261404152356,27722.91363498882,22619.093492232245,42.336759537042674,,
7-458,VIDEO_SURVEILLANCE,574.7698482034557,60.0,800,FogNode_4,318,1.0,1758.3565909566523,975.6932658372732,28778.384689613875,27802.691423776603,22667.479087388816,47.88039734777635,,
9-180,VOICE_ASSISTANT,660.8574058587211,2.0,150,FogNode_0,47,1.0,1189.2931772946604,372.98255642525777,28908.967624920468,28535.98506849521,27810.718880429296,42.07955749647945,,
3-177,VOICE_ASSISTANT,744.1942337986019,2.0,150,FogNode_0,47,1.0,1189.2931772946604,369.58485451250164,28942.59790009159,28573.01304557909,27776.99211094008,47.38596219404611,,
2-407,GPS_TRACKING,469.94059823348323,0.2,200,FogNode_8,93,1.0,770.9711269175084,835.7561924490363,28951.679726968032,28115.923534518995,27478.31917852962,44.67004749434436,,
4-186,VOICE_ASSISTANT,627.9150895946568,2.0,150,FogNode_0,47,1.0,1189.2931772946604,370.96802009916837,28991.18433792516,28620.21631782599,27919.351092962843,39.981982317610615,,
6-360,CLOUD_GAMING,507.8560526495704,50.0,150,FogNode_2,65,1.0,681.967788340379,669.4491158960757,28998.95254927944,28329.50343338336,23574.823738133724,62.33629571765946,,
8-199,VOICE_ASSISTANT,940.8348640751956,2.0,150,FogNode_5,25,1.0,782.8923712617282,411.5975807308277,29042.67342884871,28631.075848117882,27256.106690652072,139.84548444765477,,
2-401,E_COMMERCE_TRANSACTION,205.81831156842208,0.5,300,FogNode_8,92,1.0,770.9711269175084,818.5339648518338,29218.63954476474,28400.105579912906,28087.35877624201,19.563991252356782,,
9-251,HEALTH_MONITORING,142.12109937606795,1.0,100,FogNode_5,65,1.0,782.8923712617282,497.8363305014772,29224.206810183136,28726.37047968166,28451.109883062345,21.124848526968503,,
1-455,GPS_TRACKING,591.1375641369858,0.2,200,FogNode_8,92,1.0,770.9711269175084,834.4926312714101,29277.301846467813,28442.809215196405,27646.4426037538,56.190384837895365,,
4-422,GPS_TRACKING,91.25985599339754,0.2,200,FogNode_8,101,1.0,770.9711269175084,843.825636080027,29395.67185126718,28551.846215187154,28408.9728755591,8.674675303381012,,
5-335,CLOUD_GAMING,577.7265922662751,50.0,150,FogNode_2,64,1.0,681.967788340379,692.8790056586914,29420.514060986974,28727.635055328283,23871.569187078134,70.91248693715191,,
6-232,VOICE_ASSISTANT,923.0619338233363,2.0,150,FogNode_5,25,1.0,782.8923712617282,415.20483204123275,29442.964891212127,29027.760059170894,27676.720441876943,137.203720057292,,
6-203,VOICE_ASSISTANT,628.2781916109234,2.0,150,FogNode_0,48,1.0,1189.2931772946604,378.21373952009367,29470.876547952077,29092.662808431982,28394.81575976029,40.00510254299527,,
7-390,GPS_TRACKING,196.3435338676107,0.2,200,FogNode_8,93,1.0,770.9711269175084,837.8134289687281,29473.309955902743,28635.496526934014,28352.535887904534,18.66336940464973,,
7-341,CLOUD_GAMING,369.6348265403053,50.0,150,FogNode_2,64,1.0,681.967788340379,717.6293054856282,29540.96469832806,28823.335392842433,24268.912450264157,45.37046616762759,,
3-195,VOICE_ASSISTANT,963.7463268908656,2.0,150,FogNode_5,25,1.0,782.8923712617282,417.6680247649974,29634.64958947781,29216.981564712813,27815.385712122723,143.2510391727247,,
8-323,CLOUD_GAMING,784.2124935365232,50.0,150,FogNode_2,64,1.0,681.967788340379,678.95358553877,29673.042978502224,28994.089392963455,23834.55598906675,96.25739744074144,,
5-168,VOICE_ASSISTANT,937.6298107090993,2.0,150,FogNode_0,47,1.0,1189.2931772946604,372.02439837734454,29697.360116031843,29325.3357176545,28363.68284919091,59.702815131319625,,
5-176,VOICE_ASSISTANT,860.5744153074415,2.0,150,FogNode_0,53,1.0,1189.2931772946604,384.5816333561661,29714.78591215182,29330.204278795652,28441.067682621244,54.79637553864418,,
3-219,VOICE_ASSISTANT,337.7423857234164,2.0,150,FogNode_5,27,1.0,782.8923712617282,462.1148379978853,29874.368233639776,29412.253395641892,28808.576758407566,50.2019529180871,,
3-319,CLOUD_GAMING,928.7313525988595,50.0,150,FogNode_2,64,1.0,681.967788340379,680.3880395851031,29917.483474745288,29237.095435160183,23860.434201186858,113.99622380362179,,
5-402,E_COMMERCE_TRANSACTION,414.72751562659977,0.5,300,FogNode_8,92,1.0,770.9711269175084,826.5749127287584,29933.60057667193,29107.025663943172,28522.29651631059,39.42178626381909,,
8-384,E_COMMERCE_TRANSACTION,373.80248768081816,0.5,300,FogNode_8,92,1.0,770.9711269175084,824.0257351786393,29958.156242138328,29134.13050695969,28599.176473589192,35.5316713239365,,
7-337,CLOUD_GAMING,946.3096196511797,50.0,150,FogNode_2,64,1.0,681.967788340379,709.3347005005011,30046.67090302372,29337.33620252322,23940.34248265895,116.15385104358602,,
4-350,CLOUD_GAMING,970.650849372269,50.0,150,FogNode_2,64,1.0,681.967788340379,698.8147192977762,30054.059451470122,29355.244732172345,23921.850603243256,119.14159153837599,,
2-192,VOICE_ASSISTANT,710.3108048732105,2.0,150,FogNode_0,53,1.0,1189.2931772946604,387.7169183071308,30068.131134486397,29680.414216179266,28917.615761213794,45.228462432367266,,
0-371,CLOUD_GAMING,399.37397201037294,50.0,150,FogNode_2,63,1.0,681.967788340379,746.4750075525296,30126.58469217305,29380.109684620522,24789.087812474078,49.02076856481454,,
0-199,VOICE_ASSISTANT,531.3538630113144,2.0,150,FogNode_0,49,1.0,1189.2931772946604,382.1791231129195,30144.141341347546,29761.962218234625,29143.72814577757,33.833524798753686,,
2-402,E_COMMERCE_TRANSACTION,165.67075342941735,0.5,300,FogNode_8,92,1.0,770.9711269175084,826.0520177688234,30148.486384512493,29322.43436674367,29058.25316098932,15.747778446753912,,
0-242,VOICE_ASSISTANT,234.9877249428358,2.0,150,FogNode_5,27,1.0,782.8923712617282,469.3013974931305,30174.521528739744,29705.220131246613,29236.04534116411,34.92852304764999,,
5-174,VOICE_ASSISTANT,598.277583736835,2.0,150,FogNode_0,50,1.0,1189.2931772946604,383.18594915127096,30217.838981957335,29834.653032806065,29159.994385252412,38.09483825182545,,
5-400,E_COMMERCE_TRANSACTION,65.03725662173035,0.5,300,FogNode_8,92,1.0,770.9711269175084,826.0746855313041,30232.843962054678,29406.769276523373,29270.394571982823,6.18209482882588,,
4-199,VOICE_ASSISTANT,168.22850651860023,2.0,150,FogNode_0,58,1.0,1189.2931772946604,391.5233517383129,30285.593852578862,29894.07050084055,29584.779401400938,10.71181324418669,,
3-343,CLOUD_GAMING,596.3031933263694,50.0,150,FogNode_2,63,1.0,681.967788340379,736.0341868194901,30294.900217520142,29558.86603070065,24670.50702819845,73.19265371092483,,
8-385,E_COMMERCE_TRANSACTION,346.8291401176584,0.5,300,FogNode_8,92,1.0,770.9711269175084,824.3100951253027,30408.016331587267,29583.706236461963,29082.736340832776,32.96772872936806,,
0-217,VOICE_ASSISTANT,945.250722949795,2.0,150,FogNode_5,25,1.0,782.8923712617282,422.72578146848423,30431.5895330808,30008.863751612316,28630.019101120604,140.50185672630948,,
8-383,CLOUD_GAMING,131.39609809244297,50.0,150,FogNode_2,105,1.0,681.967788340379,819.045890801455,30487.57221807343,29668.526327271975,25466.298362425983,16.128085870207936,,
0-374,CLOUD_GAMING,440.48807596311707,50.0,150,FogNode_2,63,1.0,681.967788340379,751.7647250502232,30563.390925938955,29811.62620088873,25153.115119865186,54.0672791435381,,
9-406,E_COMMERCE_TRANSACTION,330.7862167649657,0.5,300,FogNode_8,92,1.0,770.9711269175084,832.7276336583376,30661.895330148724,29829.167696490385,29349.76733510235,31.44277397805104,,
1-218,VOICE_ASSISTANT,559.9063223897383,2.0,150,FogNode_0,57,1.0,1189.2931772946604,390.20881031882675,30688.62813057028,30298.419320251454,29657.657965901235,35.65157941299998,,
7-392,E_COMMERCE_TRANSACTION,77.88271500923491,0.5,300,FogNode_8,96,1.0,770.9711269175084,838.7855554483968,30762.91430776028,29924.12875231188,29769.342712766676,7.403115609778635,,
5-214,VOICE_ASSISTANT,893.0492741953055,2.0,150,FogNode_5,27,1.0,782.8923712617282,460.25994898534873,30775.354630141377,30315.094681156028,29000.117722512445,132.7426450211642,,
8-185,VOICE_ASSISTANT,588.9460387570779,2.0,150,FogNode_0,57,1.0,1189.2931772946604,390.53320093901505,30780.800627494347,30390.267426555332,29724.213178427886,37.50065971947407,,
1-217,VOICE_ASSISTANT,856.9978174683488,2.0,150,FogNode_0,55,1.0,1189.2931772946604,389.21527987261646,30788.725378050294,30399.510098177678,29509.27657985735,54.568638581960876,,
3-8,VIDEO_SURVEILLANCE,543.2517102960066,60.0,800,FogNode_2,0,0.0,681.967788340379,10.993659649218447,30843.26528707528,30832.27162742606,25228.21594458777,66.68090118343652,,
5-218,VOICE_ASSISTANT,623.2059055872642,2.0,150,FogNode_5,27,1.0,782.8923712617282,470.074459803538,30970.5516453481,30500.47718554456,29531.624248764725,92.63318686978924,,
3-348,CLOUD_GAMING,896.8327234089844,50.0,150,FogNode_2,63,1.0,681.967788340379,748.2281968713822,30988.109083884556,30239.880887013172,24909.989461729692,110.08085768404129,,
3-394,E_COMMERCE_TRANSACTION,473.39120039666903,0.5,300,FogNode_8,93,1.0,770.9711269175084,836.332962834894,31022.035694788814,30185.70273195392,29524.169741042253,44.99804333699556,,
6-432,HEALTH_MONITORING,207.32950830115655,1.0,100,FogNode_8,92,1.0,770.9711269175084,819.92863194611,31031.834246604292,30211.905614658182,29857.399851845148,19.707637555907276,,
3-396,CLOUD_GAMING,194.9472869013413,50.0,150,FogNode_2,113,1.0,681.967788340379,838.2390707611046,31129.125250308676,30290.88617954757,25998.848005641732,23.92861453996041,,
9-231,VOICE_ASSISTANT,315.3816224012978,2.0,150,FogNode_5,31,1.0,782.8923712617282,474.7290926620664,31178.196238998826,30703.46714633676,30130.212737695594,46.87825404296644,,
9-393,HEALTH_MONITORING,126.05297349236639,1.0,100,FogNode_8,92,1.0,770.9711269175084,813.6715797341183,31185.534649667126,30371.86306993301,30115.187597374017,11.981923532194507,,
3-383,HEALTH_MONITORING,164.56307250651076,1.0,100,FogNode_8,92,1.0,770.9711269175084,819.5403451907983,31245.2833198069,30425.7429746161,30123.249990217668,15.642488204496033,,
1-6,VIDEO_SURVEILLANCE,813.7699103302186,60.0,800,FogNode_2,0,0.0,681.967788340379,8.878683936631186,31247.326823101546,31238.448139164917,25231.831605252584,99.88539372884176,,
7-228,VOICE_ASSISTANT,649.446333028332,2.0,150,FogNode_5,32,1.0,782.8923712617282,477.2522628407739,31261.13693559498,30783.884672754204,29787.745309277565,96.53355815462332,,
6-216,VOICE_ASSISTANT,738.7640894274571,2.0,150,FogNode_0,67,1.0,1189.2931772946604,397.0715831176739,31309.807250682577,30912.735667564903,30125.10090512058,47.04020217039491,,
1-225,VOICE_ASSISTANT,668.9006426712666,2.0,150,FogNode_0,69,1.0,1189.2931772946604,399.60865525546944,31351.16082747652,30951.55217222105,30221.001559012733,42.59170405473965,,
6-273,VOICE_ASSISTANT,314.0436238878172,2.0,150,FogNode_5,32,1.0,782.8923712617282,474.8111146244788,31371.68420892347,30896.873094298993,30325.189288280402,46.6793742422143,,
9-189,VOICE_ASSISTANT,705.8150151873987,2.0,150,FogNode_0,59,1.0,1189.2931772946604,393.76289843006333,31374.274994170653,30980.51209574059,30214.726131925156,44.94219668290445,,
5-13,VIDEO_SURVEILLANCE,851.5795983712364,60.0,800,FogNode_2,0,0.0,681.967788340379,18.541037422812746,31375.294107677295,31356.753070254483,25299.65652861935,104.52630700027154,,
4-8,VIDEO_SURVEILLANCE,638.744983559997,60.0,800,FogNode_2,0,0.0,681.967788340379,18.391991564340202,31424.19267798464,31405.800686420298,25655.471210371397,78.40212984690353,,
2-18,VIDEO_SURVEILLANCE,413.9889275719041,60.0,800,FogNode_2,0,0.16666666666666666,681.967788340379,33.86202333432233,31595.159643529576,31561.297620195255,26142.52757283101,50.81466702685117,,
9-400,HEALTH_MONITORING,291.69717851400384,1.0,100,FogNode_8,92,1.0,770.9711269175084,823.9940496942158,31623.63364750369,30799.639597809477,30330.653051179084,27.727178428863823,,
1-227,VOICE_ASSISTANT,341.8604285606302,2.0,150,FogNode_0,85,1.0,1189.2931772946604,405.91733858444576,31661.723400574763,31255.80606199032,30802.11211094832,21.76768457439888,,
6-219,VOICE_ASSISTANT,409.2487298687676,2.0,150,FogNode_0,69,1.0,1189.2931772946604,398.9921561141837,31695.27171424685,31296.279558132665,30779.42625002849,26.058579817981975,,
3-422,CLOUD_GAMING,306.6350769171337,50.0,150,FogNode_2,130,1.0,681.967788340379,890.9739341809319,31696.959609517096,30805.985675336164,26351.06343520289,37.63762336274258,,
7-380,HEALTH_MONITORING,421.81316494353706,1.0,100,FogNode_8,92,1.0,770.9711269175084,821.5777568847504,31732.653925884417,30911.076168999665,30276.656392550227,40.095310306444155,,
9-192,VOICE_ASSISTANT,505.0792900406165,2.0,150,FogNode_0,75,1.0,1189.2931772946604,402.2291894532491,31734.49588060438,31332.26669115113,30741.73003270776,32.160512747720865,,
7-9,VIDEO_SURVEILLANCE,818.588939502681,60.0,800,FogNode_2,0,0.0,681.967788340379,25.78432596555485,31763.72465650236,31737.940330536803,25730.71942752267,100.47690076316653,,
7-229,VOICE_ASSISTANT,412.9283507129424,2.0,150,FogNode_5,33,1.0,782.8923712617282,480.3985335798859,31899.123695972576,31418.72516239269,30724.443846984734,61.377577992270496,,
7-204,VOICE_ASSISTANT,242.4091340171532,2.0,150,FogNode_0,93,1.0,1189.2931772946604,410.84102139673575,31938.322101628008,31527.48108023127,31151.929567735828,15.435204330186867,,
4-238,VOICE_ASSISTANT,559.1819955376052,2.0,150,FogNode_5,32,1.0,782.8923712617282,477.3248762692317,31975.388365375056,31498.063489105825,30614.33081468504,83.1166871534139,,
5-190,VOICE_ASSISTANT,387.83440892639965,2.0,150,FogNode_0,85,1.0,1189.2931772946604,406.6942954038598,31987.82836470869,31581.13406930483,31081.646457343966,24.695040359463636,,
7-381,HEALTH_MONITORING,316.2227506955333,1.0,100,FogNode_8,92,1.0,770.9711269175084,822.3817859390879,32033.795247147315,31211.413461208227,30708.71865487586,30.05844854745566,,
8-232,VOICE_ASSISTANT,699.3623151712878,2.0,150,FogNode_5,33,1.0,782.8923712617282,479.9106418115964,32071.502063456126,31591.59142164453,30532.49427289699,103.95305861214912,,
3-388,HEALTH_MONITORING,326.5612895535864,1.0,100,FogNode_8,92,1.0,770.9711269175084,823.596062921663,32156.225286927784,31332.62922400612,30817.13424133104,31.04117492510288,,
7-37,VIDEO_SURVEILLANCE,536.8715853090882,60.0,800,FogNode_2,7,1.0,681.967788340379,84.56017421973601,32162.533027884372,32077.972853664636,26477.773536084875,65.89777896637277,,
0-469,SMART_HOME_CONTROL,276.47839858765815,0.1,150,FogNode_0,200,1.0,1189.2931772946604,955.1373337171841,32170.794971956395,31215.657638239212,30967.408027628127,17.604537025330806,,
4-464,SENSOR_DATA_LOGGING,259.90036422970525,0.1,10000,FogNode_0,200,1.0,1189.2931772946604,954.3578259527194,32206.361834160616,31252.004008207896,31016.8842150052,16.548944179189316,,
0-413,HEALTH_MONITORING,159.11178908117617,1.0,100,FogNode_8,92,1.0,770.9711269175084,829.489996720131,32240.173649043292,31410.68365232316,31114.22675158777,15.124318268912292,,
8-34,VIDEO_SURVEILLANCE,584.260070192284,60.0,800,FogNode_2,7,1.0,681.967788340379,89.46964620557438,32280.919462125174,32191.4498159196,26522.18168033432,71.71443231111307,,
3-29,VIDEO_SURVEILLANCE,828.86254397358,60.0,800,FogNode_2,0,0.16666666666666666,681.967788340379,39.77515935394224,32344.523628567393,32304.74846921345,26277.04925579684,101.73792432100947,,
2-208,VOICE_ASSISTANT,801.8911487994376,2.0,150,FogNode_0,98,1.0,1189.2931772946604,412.71682320339653,32369.53031095682,31956.81348775342,31113.27562415551,51.059766301593896,,
8-448,SENSOR_DATA_LOGGING,266.79006127414914,0.1,10000,FogNode_0,200,1.0,1189.2931772946604,958.9539387369982,32395.12154371142,31436.16760497442,31191.951261368198,16.98764003149392,,
5-484,SMART_HOME_CONTROL,100.80825651440094,0.1,150,FogNode_0,200,1.0,1189.2931772946604,966.0350235603341,32454.29347822203,31488.258454661696,31389.27401576334,6.418883693382466,,
0-415,HEALTH_MONITORING,284.76293423302434,1.0,100,FogNode_8,92,1.0,770.9711269175084,834.1784069563365,32525.581446050837,31691.4030390945,31233.898066510395,27.068046141648995,,
8-451,SENSOR_DATA_LOGGING,386.06559233907643,0.1,10000,FogNode_0,200,1.0,1189.2931772946604,963.3595979304788,32530.979514400973,31567.619916470496,31226.24256187993,24.582412402771105,,
3-228,VOICE_ASSISTANT,362.2479036407511,2.0,150,FogNode_5,35,1.0,782.8923712617282,481.56238691921686,32534.20666620624,32052.644279287022,31420.75937614938,53.84444763809192,,
3-460,SENSOR_DATA_LOGGING,50.44937073782127,0.1,10000,FogNode_0,200,1.0,1189.2931772946604,965.263913533848,32573.39913952031,31608.13522598646,31548.184293500613,3.2123226248253496,,
6-522,SENSOR_DATA_LOGGING,215.70699827425395,0.1,10000,FogNode_0,200,1.0,1189.2931772946604,965.4248008942717,32635.667593866863,31670.242792972593,31471.661389807534,13.734967567594945,,
5-406,HEALTH_MONITORING,145.5752499073347,1.0,100,FogNode_8,92,1.0,770.9711269175084,831.5529143091944,32714.402070876793,31882.849156567598,31600.525547749417,13.837607033327307,,
5-221,VOICE_ASSISTANT,631.1913743860096,2.0,150,FogNode_5,34,1.0,782.8923712617282,481.0685306638692,32781.618439336264,32300.549908672394,31326.21882731816,93.82014517176488,,
2-55,VIDEO_SURVEILLANCE,748.7400411551947,60.0,800,FogNode_2,7,1.0,681.967788340379,100.73297764236749,32794.870763029656,32694.137785387287,26789.026938712945,91.90336588015107,,
4-471,SENSOR_DATA_LOGGING,477.53913962370575,0.1,10000,FogNode_0,200,1.0,1189.2931772946604,967.6452387512268,32796.65343571301,31829.008196961782,31414.049995234676,30.406916082757665,,
2-72,VIDEO_SURVEILLANCE,704.9509554413498,60.0,800,FogNode_2,13,1.0,681.967788340379,131.38249811240883,32797.425906757744,32666.043408645335,26824.288140002125,86.52851727487575,,
2-406,HEALTH_MONITORING,440.1838852256986,1.0,100,FogNode_8,92,1.0,770.9711269175084,833.5936886128652,32811.12095155206,31977.527262939195,31317.70913182062,41.8415330218133,,
1-530,SENSOR_DATA_LOGGING,247.76238175418246,0.1,10000,FogNode_0,200,1.0,1189.2931772946604,968.8600778433361,32843.99501597297,31875.134938129635,31651.233091898233,15.776068023241063,,
0-55,VIDEO_SURVEILLANCE,942.8789165352881,60.0,800,FogNode_2,7,1.0,681.967788340379,100.34524325309042,32977.74535015049,32877.4001068974,26689.0612707757,115.73275273662288,,
3-456,SENSOR_DATA_LOGGING,537.9676371952778,0.1,10000,FogNode_0,200,1.0,1189.2931772946604,961.6469841137741,33025.741461384976,32064.094477271203,31590.585119255175,34.25465148746982,,
6-278,VOICE_ASSISTANT,921.2430697705016,2.0,150,FogNode_5,33,1.0,782.8923712617282,479.1205062077208,33075.84108853805,32596.72058233033,31251.215980674166,136.93336450997379,,
2-241,VOICE_ASSISTANT,536.484178173441,2.0,150,FogNode_5,42,1.0,782.8923712617282,485.72035206100173,33219.465838305245,32733.745486244243,31882.41366122279,79.74288864062598,,
1-79,VIDEO_SURVEILLANCE,724.0202902162739,60.0,800,FogNode_2,13,1.0,681.967788340379,132.64326862177393,33224.1965002578,33091.553231636026,27222.347972902022,88.869164167764,,
9-242,VOICE_ASSISTANT,351.50211576964284,2.0,150,FogNode_5,49,1.0,782.8923712617282,487.50698564965285,33230.59728837416,32743.09030272451,32128.453060524338,52.24719612458215,,
3-70,VIDEO_SURVEILLANCE,721.5151159431275,60.0,800,FogNode_2,13,1.0,681.967788340379,131.06289441154414,33338.90948493694,33207.8465905254,27339.197592931905,88.56166899565687,,
2-408,HEALTH_MONITORING,490.0071859816177,1.0,100,FogNode_8,93,1.0,770.9711269175084,836.0221975078382,33349.973454646715,32513.951257138877,31786.21938399037,46.57747032848146,,
3-458,GPS_TRACKING,700.8630500584537,0.2,200,FogNode_0,200,1.0,1189.2931772946604,964.2445892764505,33433.305594255056,32469.061004978605,31858.502684285944,44.62688433334664,,
8-454,SENSOR_DATA_LOGGING,932.3886593473806,0.1,10000,FogNode_0,200,1.0,1189.2931772946604,968.8303184200387,33580.638980360905,32611.808661940868,31811.55917252863,59.36908908373661,,
7-64,VIDEO_SURVEILLANCE,599.134610648813,60.0,800,FogNode_2,13,1.0,681.967788340379,134.30643912554723,33673.408753961536,33539.10231483599,27847.493139111746,73.54019326783495,,
6-521,SENSOR_DATA_LOGGING,771.9184524326437,0.1,10000,FogNode_0,200,1.0,1189.2931772946604,965.2139918494956,33674.79794902797,32709.583957178475,32039.67486481616,49.15127925293601,,
3-71,VIDEO_SURVEILLANCE,972.2653357537737,60.0,800,FogNode_2,13,1.0,681.967788340379,132.7633814975122,33770.19996163857,33637.43658014106,27402.46693266437,119.33976009417943,,
5-142,VIDEO_SURVEILLANCE,129.30022638560638,60.0,800,FogNode_2,52,1.0,681.967788340379,319.9187676152578,33863.007483690795,33543.08871607554,28543.990217172814,15.870830142286561,,
7-388,HEALTH_MONITORING,844.1317724779113,1.0,100,FogNode_8,93,1.0,770.9711269175084,836.9003069494048,33906.01509610053,33069.11478915112,31882.826739675984,80.23866529049914,,
4-241,VOICE_ASSISTANT,708.0865834825652,2.0,150,FogNode_5,49,1.0,782.8923712617282,487.91936425130604,33980.29054988788,33492.37118563658,32422.38491612688,105.24983190896053,,
4-474,SENSOR_DATA_LOGGING,370.59185505095525,0.1,10000,FogNode_0,200,1.0,1189.2931772946604,970.730740315231,33986.40476064187,33015.67402032664,32687.920482258953,23.59713477384776,,
7-162,VIDEO_SURVEILLANCE,179.9538575941826,60.0,800,FogNode_2,53,1.0,681.967788340379,326.02879503753826,34034.074386018816,33708.04559098128,28637.871684338967,22.08826068725605,,
9-398,VOICE_ASSISTANT,120.45024832870985,2.0,150,FogNode_8,92,1.0,770.9711269175084,819.1693743401411,34062.24694982804,33243.0775754879,32917.78559713121,11.449358352469494,,
9-396,VOICE_ASSISTANT,573.3596521771084,2.0,150,FogNode_8,92,1.0,770.9711269175084,817.4700705563207,34093.65844122917,33276.18837067285,32365.816686655573,54.50051132072492,,
8-141,VIDEO_SURVEILLANCE,535.707334762735,60.0,800,FogNode_2,49,1.0,681.967788340379,316.1810387759694,34124.44121227325,33808.26017349728,28215.399722435784,65.75487416890448,,
1-256,VOICE_ASSISTANT,710.7017456343748,2.0,150,FogNode_5,52,1.0,782.8923712617282,488.68800826782797,34138.38713500275,33649.69912673492,32575.559514931174,105.63854902818471,,
3-389,VOICE_ASSISTANT,60.42209552662957,2.0,150,FogNode_8,92,1.0,770.9711269175084,824.9766255533141,34140.61836143746,33315.64173588414,33065.16086010618,5.74340222366012,,
8-233,VOICE_ASSISTANT,781.8714947398774,2.0,150,FogNode_5,34,1.0,782.8923712617282,481.15201786861275,34218.16185763137,33737.00983976276,32564.67384126357,116.21720466873674,,
0-475,SMART_HOME_CONTROL,981.4587602410259,0.1,150,FogNode_0,200,1.0,1189.2931772946604,970.1571029580763,34258.551024884364,33288.39392192629,32447.17265175682,62.493587823716865,,
8-82,VIDEO_SURVEILLANCE,997.8695684449004,60.0,800,FogNode_2,18,1.0,681.967788340379,202.02069066541284,34260.6468762896,34058.62618562418,27784.761544148194,122.48252665633984,,
6-159,VIDEO_SURVEILLANCE,905.475171559109,60.0,800,FogNode_2,45,1.0,681.967788340379,309.6570967520305,34305.484265448315,33995.82716869628,27860.729256676317,111.1416665506483,,
0-476,SENSOR_DATA_LOGGING,910.8860751891141,0.1,10000,FogNode_0,202,1.0,1189.2931772946604,972.976428239206,34346.54438752144,33373.567959282234,32593.895272771526,57.99992953677665,,
9-244,VOICE_ASSISTANT,317.6861762214038,2.0,150,FogNode_5,53,1.0,782.8923712617282,489.7928564781835,34386.07579941,33896.282942931815,33323.24273632652,47.22080240901281,,
0-252,VOICE_ASSISTANT,262.74452930269604,2.0,150,FogNode_5,36,1.0,782.8923712617282,483.86025023476475,34473.99460666485,33990.134356430084,33480.72657335029,39.054288259634305,,
6-171,VIDEO_SURVEILLANCE,330.4334697053435,60.0,800,FogNode_2,53,1.0,681.967788340379,324.77169624247273,34518.603824732454,34193.83212848998,28899.372931633512,40.55873386779844,,
3-150,VIDEO_SURVEILLANCE,894.4656610426251,60.0,800,FogNode_2,45,1.0,681.967788340379,309.46014822743,34535.79167577097,34226.33152754354,28103.974329328365,109.79031492319064,,
4-472,SENSOR_DATA_LOGGING,348.0139872732416,0.1,10000,FogNode_0,200,1.0,1189.2931772946604,969.5283488047155,34551.173562301825,33581.64521349711,33269.03095022868,22.159507417511044,,
4-414,VOICE_ASSISTANT,320.8112748477483,2.0,150,FogNode_8,92,1.0,770.9711269175084,831.0862369596355,34556.731577155944,33725.64534019631,33139.43450969089,30.494609186861737,,
1-254,VOICE_ASSISTANT,286.5191472362209,2.0,150,FogNode_5,44,1.0,782.8923712617282,486.5833270368161,34584.13700026108,34097.55367322426,33557.380286224616,42.58814216899151,,
1-527,GPS_TRACKING,731.5178333673839,0.2,200,FogNode_0,200,1.0,1189.2931772946604,966.1990037504464,34601.49097094991,33635.29196719947,32997.97002687943,46.578802712946384,,
9-403,VOICE_ASSISTANT,448.33289802533596,2.0,150,FogNode_8,92,1.0,770.9711269175084,826.1104496281495,34675.175546568586,33849.06509694044,33095.48584860623,42.61613472713556,,
5-144,VIDEO_SURVEILLANCE,554.6293761549591,60.0,800,FogNode_2,53,1.0,681.967788340379,322.4724132459022,34676.28545024211,34353.81303699621,28729.945758173184,68.0774416792328,,
9-160,VIDEO_SURVEILLANCE,455.1766382803972,60.0,800,FogNode_2,55,1.0,681.967788340379,336.84743136368,34928.092826175445,34591.24539481176,29108.87157269555,55.870212394998326,,
8-156,VIDEO_SURVEILLANCE,589.0653094199395,60.0,800,FogNode_2,56,1.0,681.967788340379,340.0953707580102,34988.21413453029,34648.118763772276,28974.12141855797,72.304246712116,,
0-472,SENSOR_DATA_LOGGING,519.7078539153244,0.1,10000,FogNode_0,200,1.0,1189.2931772946604,968.4242303953125,35038.47981763406,34070.05558723875,33610.129282686765,33.09197464736748,,
5-212,VIDEO_SURVEILLANCE,149.21735694923703,60.0,800,FogNode_2,67,1.0,681.967788340379,456.21561711604994,35146.89693906818,34690.68132195213,29658.450332147593,18.315538902149292,,
1-528,SENSOR_DATA_LOGGING,981.2441121620662,0.1,10000,FogNode_0,200,1.0,1189.2931772946604,967.4956829949998,35171.60933441212,34204.113651417116,33356.53157645184,62.479920281974856,,
6-526,SENSOR_DATA_LOGGING,803.7380893402302,0.1,10000,FogNode_0,202,1.0,1189.2931772946604,972.2779301110172,35226.985132303875,34254.707202192854,33560.747821547426,51.17736873744445,,
8-389,VOICE_ASSISTANT,544.9012303653915,2.0,150,FogNode_8,92,1.0,770.9711269175084,831.6704941370906,35263.504128475746,34431.833634338655,33552.290351508986,51.79540548666399,,
7-214,VIDEO_SURVEILLANCE,525.9200934928809,60.0,800,FogNode_2,68,1.0,681.967788340379,439.82780980869364,35289.78408058112,34849.956270772425,29270.103942044032,64.55354878767746,,
8-67,AUGMENTED_REALITY,499.2236586824634,30.0,150,FogNode_8,19,1.0,770.9711269175084,171.45017344975417,35322.70129851011,35151.25112506036,32091.634310988786,47.45353908020178,,
7-237,VOICE_ASSISTANT,737.0311640815672,2.0,150,FogNode_5,59,1.0,782.8923712617282,496.40767530707734,35327.496601472165,34831.08892616509,33718.15311351467,109.55214791632962,,
9-253,AUGMENTED_REALITY,618.9473086823747,30.0,150,FogNode_5,73,1.0,782.8923712617282,500.9933256811764,35374.72754808423,34873.73422240305,31677.890684634225,92.00018997525244,,
1-191,VIDEO_SURVEILLANCE,739.4286368596296,60.0,800,FogNode_2,56,1.0,681.967788340379,342.29728556624735,35389.74168860181,35047.444403035566,29152.374141144977,90.76044664410615,,
9-210,VIDEO_SURVEILLANCE,546.9214751555886,60.0,800,FogNode_2,68,1.0,681.967788340379,439.741685963762,35478.26097534215,35038.51928937839,29423.648970491442,67.13134289090007,,
3-204,VIDEO_SURVEILLANCE,718.1391004145613,60.0,800,FogNode_2,68,1.0,681.967788340379,441.0338304630982,35588.83129537266,35147.79746490956,29285.859812832365,88.14728326324673,,
0-477,SENSOR_DATA_LOGGING,455.853444436247,0.1,10000,FogNode_0,202,1.0,1189.2931772946604,978.5114317470461,35610.28292055252,34631.771488805476,34234.42835568032,29.026097090034018,,
2-244,AUGMENTED_REALITY,935.7328387158059,30.0,150,FogNode_5,57,1.0,782.8923712617282,495.3782836122896,35669.219995319174,35173.84171170688,31569.154946644998,139.08712053567388,,
3-239,VIDEO_SURVEILLANCE,151.86149694870426,60.0,800,FogNode_2,70,1.0,681.967788340379,507.4888596804853,35700.942309482976,35193.45344980249,30159.45109003148,18.640091286758587,,
7-453,GPS_TRACKING,727.4364791392627,0.2,200,FogNode_0,200,1.0,1189.2931772946604,964.6662092316632,35783.26379693413,34818.59758770247,34179.73990396004,46.31892580397452,,
2-121,AUGMENTED_REALITY,355.6790740118373,30.0,150,FogNode_8,31,1.0,770.9711269175084,229.7235077954393,35784.04033131398,35554.316823518544,32685.59270716057,33.8089562565509,,
8-235,VIDEO_SURVEILLANCE,449.6595703548945,60.0,800,FogNode_2,70,1.0,681.967788340379,491.6130406631037,35806.252964444655,35314.63992378155,29847.973383271306,55.19302527493882,,
6-527,SENSOR_DATA_LOGGING,915.3691884907822,0.1,10000,FogNode_0,202,1.0,1189.2931772946604,974.6963129806867,35808.154785898,34833.45847291731,34046.909236828906,58.285388127795464,,
7-452,CLOUD_GAMING,352.6326430313788,50.0,150,FogNode_5,151,1.0,782.8923712617282,962.1080000843176,35825.15043630712,34863.04243622281,30403.452511775613,52.41523744472833,,
1-470,VIDEO_SURVEILLANCE,262.97622446806633,60.0,800,FogNode_5,151,1.0,782.8923712617282,862.8617589334126,36005.123414641355,35142.261655707945,29994.174067305445,39.08872737736114,,
8-416,VIDEO_SURVEILLANCE,187.2517952877162,60.0,800,FogNode_5,151,1.0,782.8923712617282,878.5272349397325,36064.32992273632,35185.80268779658,30141.503918346112,27.833065105898143,,
9-462,GPS_TRACKING,340.4411437832695,0.2,200,FogNode_0,200,1.0,1189.2931772946604,965.214735925812,36094.40980718525,35129.19507125944,34815.029659007174,21.677312771248364,,
3-105,AUGMENTED_REALITY,304.7972029610533,30.0,150,FogNode_8,29,1.0,770.9711269175084,225.67604367814843,36179.38224791687,35953.70620423872,33146.48257097305,28.972396902063352,,
3-459,GPS_TRACKING,714.6874900209051,0.2,200,FogNode_0,200,1.0,1189.2931772946604,965.245757824759,36211.21757961332,35245.97182178857,34617.69354102971,45.507144297295596,,
3-441,VIDEO_SURVEILLANCE,127.46298974184305,60.0,800,FogNode_5,151,1.0,782.8923712617282,929.4123852453483,36227.14028393121,35297.72789868586,30328.844195052407,18.94607037879692,,
4-475,SMART_HOME_CONTROL,582.3859495707054,0.1,150,FogNode_0,202,1.0,1189.2931772946604,972.9589273454451,36272.9546155559,35299.99568821045,34790.41871852861,37.082951379289405,,
5-102,AUGMENTED_REALITY,114.79128722774655,30.0,150,FogNode_8,31,1.0,770.9711269175084,229.9112333652765,36328.2740588031,36098.36282543783,33538.88576046069,10.911447684400153,,
4-261,VIDEO_SURVEILLANCE,536.0403640587303,60.0,800,FogNode_2,70,1.0,681.967788340379,517.3724239127846,36374.85135852436,35857.47893461158,30265.375765636687,65.79575152493777,,
7-225,VIDEO_SURVEILLANCE,964.5448161488138,60.0,800,FogNode_2,69,1.0,681.967788340379,473.3413625130142,36402.56952292203,35929.22816040902,29707.555556982952,118.39211244741436,,
0-113,AUGMENTED_REALITY,901.8098984077097,30.0,150,FogNode_8,28,1.0,770.9711269175084,214.47436490364373,36433.210576515274,36218.73621161163,32635.655225208917,85.72124039542501,,
3-233,AUGMENTED_REALITY,870.6250349181985,30.0,150,FogNode_5,57,1.0,782.8923712617282,495.4807944146235,36439.55882978981,35944.07803537518,32419.234398360626,129.40951109424532,,
7-456,SENSOR_DATA_LOGGING,433.4039964747335,0.1,10000,FogNode_0,200,1.0,1189.2931772946604,970.3970953036686,36458.831301186096,35488.434205882426,35101.26938694781,27.59664676098273,,
8-264,VIDEO_SURVEILLANCE,69.93279164894652,60.0,800,FogNode_2,70,1.0,681.967788340379,545.5663872146082,36477.396952091374,35931.830564876764,31014.68605627803,8.583832284456841,,
7-250,VIDEO_SURVEILLANCE,472.81030290946836,60.0,800,FogNode_2,70,1.0,681.967788340379,523.2122241105126,36499.55594882767,35976.34372471716,30468.430602432887,58.034639356474926,,
6-283,VIDEO_SURVEILLANCE,777.4164557735394,60.0,800,FogNode_2,70,1.0,681.967788340379,491.76030410533644,36529.70235692816,36037.94205282282,30083.43991008371,95.42322441574443,,
9-469,VIDEO_SURVEILLANCE,242.79032728147666,60.0,800,FogNode_5,151,1.0,782.8923712617282,981.0242309093576,36537.25995835106,35556.2357274417,30434.74390882118,36.088300119763716,,
7-455,GPS_TRACKING,122.78684241515516,0.2,200,FogNode_0,200,1.0,1189.2931772946604,969.3658507085989,36562.074845132476,35592.708994423876,35465.03788408811,7.818352263913725,,
0-473,GPS_TRACKING,104.69813204052062,0.2,200,FogNode_0,200,1.0,1189.2931772946604,968.7073791263496,36650.108758081245,35681.4013789549,35567.59363881602,6.6665683518343295,,
8-302,VIDEO_SURVEILLANCE,121.16909140414829,60.0,800,FogNode_2,68,1.0,681.967788340379,641.3419186656033,36707.378038207804,36066.0361195422,31077.73682374769,14.872781911729936,,
7-234,VIDEO_SURVEILLANCE,982.5864820153141,60.0,800,FogNode_2,70,1.0,681.967788340379,492.0156218810243,36730.594774010664,36238.57915212964,29986.99404482892,120.60661912273284,,
8-462,SENSOR_DATA_LOGGING,656.3692366158033,0.1,10000,FogNode_0,204,1.0,1189.2931772946604,980.2408737831032,36763.11617715584,35782.87530337273,35217.71308934465,41.79377697251621,,
8-105,AUGMENTED_REALITY,326.0058143565012,30.0,150,FogNode_8,31,1.0,770.9711269175084,247.97035526596213,36856.06144988058,36608.09109461462,33778.55791275526,30.988374414721356,,
2-286,VIDEO_SURVEILLANCE,342.4183441014141,60.0,800,FogNode_2,70,1.0,681.967788340379,569.766740935123,36979.500350456736,36409.733609521616,31100.57556578458,42.029805583090116,,
4-443,VIDEO_SURVEILLANCE,769.923206288269,60.0,800,FogNode_5,151,1.0,782.8923712617282,890.5423441436385,36988.557708486165,36098.01536434253,30300.78117817951,114.44121373702531,,
5-485,SMART_HOME_CONTROL,956.3393488687984,0.1,150,FogNode_0,202,1.0,1189.2931772946604,971.0601996404569,37077.07875174596,36106.0185521055,35279.23529959522,60.89412974736849,,
8-304,VIDEO_SURVEILLANCE,264.5587600173102,60.0,800,FogNode_2,67,1.0,681.967788340379,643.8029621600954,37095.31243121064,36451.50946905054,31251.070141515323,32.47300689456556,,
3-242,VIDEO_SURVEILLANCE,957.1520800370195,60.0,800,FogNode_2,70,1.0,681.967788340379,518.9243377376863,37104.45739685436,36585.53305911668,30372.081794913254,117.48469826573202,,
7-467,VIDEO_SURVEILLANCE,496.64468291689593,60.0,800,FogNode_5,151,1.0,782.8923712617282,994.1812487715991,37171.631554176536,36177.450305404935,30730.62780877973,73.82115494745757,,
0-288,VIDEO_SURVEILLANCE,627.070218417407,60.0,800,FogNode_2,70,1.0,681.967788340379,566.1060176827689,37322.070750309074,36755.96473262631,31031.439181653957,76.96912218938748,,
0-471,GPS_TRACKING,865.5608310387635,0.2,200,FogNode_0,200,1.0,1189.2931772946604,966.1467758504548,37377.90308799382,36411.75631214337,35655.54609503658,55.11388150227163,,
3-473,VIDEO_SURVEILLANCE,827.0451515920187,60.0,800,FogNode_5,151,1.0,782.8923712617282,985.4355808610176,37495.95582885512,36510.5202479941,30640.141441045445,122.9318069522836,,
7-461,SENSOR_DATA_LOGGING,882.6775348265568,0.1,10000,FogNode_0,206,1.0,1189.2931772946604,981.5756295399755,37505.302840358956,36523.72721081898,35768.16015549544,56.20377368597613,,
1-364,VIDEO_SURVEILLANCE,362.0557720287348,60.0,800,FogNode_2,64,1.0,681.967788340379,674.0614459810952,37510.39899144655,36836.33754546545,31498.717337857124,44.44018251573712,,
2-480,SMART_HOME_CONTROL,174.75272503640602,0.1,150,FogNode_0,203,1.0,1189.2931772946604,979.8105049247032,37524.841394185,36545.0308892603,36381.03304482877,11.127237548742784,,
4-124,AUGMENTED_REALITY,522.495934356875,30.0,150,FogNode_8,33,1.0,770.9711269175084,259.0855959141764,37533.772866189924,37274.68727027575,34189.74170369069,49.66567751553854,,
7-120,AUGMENTED_REALITY,943.5331208252105,30.0,150,FogNode_8,31,1.0,770.9711269175084,232.4414052453715,37552.098256471356,37319.656851225984,33684.78311206327,89.6872274457306,,
8-461,SENSOR_DATA_LOGGING,885.7249213489091,0.1,10000,FogNode_0,202,1.0,1189.2931772946604,978.1365802023505,37821.82776591563,36843.69118571328,36081.95219012731,56.39781354275083,,
7-320,VIDEO_SURVEILLANCE,525.8945944488387,60.0,800,FogNode_2,65,1.0,681.967788340379,673.941647430685,37866.455296665685,37192.513649235,31610.716045184272,64.55041893239338,,
0-295,VIDEO_SURVEILLANCE,934.046121476515,60.0,800,FogNode_2,70,1.0,681.967788340379,580.0764809166867,37869.18973131113,37289.11325039445,31104.56401062404,114.64857992441641,,
6-377,VIDEO_SURVEILLANCE,416.5279252415809,60.0,800,FogNode_2,64,1.0,681.967788340379,693.2685705075004,37932.84435628133,37239.575785773835,31823.594600142496,51.12631381876728,,
7-312,VIDEO_SURVEILLANCE,869.1533907392411,60.0,800,FogNode_2,65,1.0,681.967788340379,664.9562816067482,38005.073430626384,37340.117149019636,31260.08105295819,106.68338499947497,,
7-457,GPS_TRACKING,749.433038855428,0.2,200,FogNode_0,200,1.0,1189.2931772946604,970.9125324110372,38154.991346411414,37184.07881400038,36527.09358434009,47.71953884257456,,
8-460,SENSOR_DATA_LOGGING,831.2854101397038,0.1,10000,FogNode_0,202,1.0,1189.2931772946604,977.181708952815,38204.27717739389,37227.095468441075,36507.66569895932,52.93142197068192,,
8-283,BATCH_DATA_PROCESSING,977.6800507724956,200.0,30000,FogNode_5,131,1.0,782.8923712617282,596.7084720297013,38237.36289124308,37640.65441921338,20383.851188475368,145.3221447841242,,
3-465,GPS_TRACKING,538.0567173137968,0.2,200,FogNode_0,202,1.0,1189.2931772946604,975.2677669833816,38274.24498951204,37298.97722252866,36823.754555409156,34.26032359152099,,
3-290,BATCH_DATA_PROCESSING,935.9308453673694,200.0,30000,FogNode_5,131,1.0,782.8923712617282,620.9480333464545,38367.109859654214,37746.16182630776,20543.252814206782,139.11655220021893,,
0-344,VIDEO_SURVEILLANCE,363.6717429008901,60.0,800,FogNode_2,64,1.0,681.967788340379,699.4018813215259,38402.45794297537,37703.05606165385,32361.931948017766,44.63853328389722,,
6-531,SENSOR_DATA_LOGGING,395.6179574952643,0.1,10000,FogNode_0,203,1.0,1189.2931772946604,979.5705565989936,38487.64099499949,37508.0704384005,37156.85041115985,25.190651480147963,,
8-381,VIDEO_SURVEILLANCE,64.82167130960545,60.0,800,FogNode_2,102,1.0,681.967788340379,814.5675747837466,38497.50887121254,37682.9412964288,32780.374134850004,7.956472804817924,,
5-384,VIDEO_SURVEILLANCE,360.8887723187109,60.0,800,FogNode_2,89,1.0,681.967788340379,803.2382041320238,38534.26084752325,37731.022643391225,32387.356991948232,44.296940274856176,,
3-324,VIDEO_SURVEILLANCE,991.5875210023281,60.0,800,FogNode_2,64,1.0,681.967788340379,692.1974628274596,38558.46671805036,37866.2692552229,31606.134019073015,121.71144287177232,,
0-321,BATCH_DATA_PROCESSING,865.9225939474012,200.0,30000,FogNode_5,133,1.0,782.8923712617282,639.1271343926029,38602.011559800434,37962.88442540783,20847.218016653016,128.710541316702,,
9-128,AUGMENTED_REALITY,836.981190091964,30.0,150,FogNode_8,33,1.0,770.9711269175084,259.66080463412015,38637.71762776789,38378.05682313377,34883.15099179414,79.55896905656407,,
6-1,BATCH_DATA_PROCESSING,87.60149780166782,200.0,30000,FogNode_2,0,0.0,681.967788340379,3.3484044991900124,38686.92072907463,38683.572324575434,22543.273926002777,10.75256038356734,,
6-533,SENSOR_DATA_LOGGING,240.2277360389707,0.1,10000,FogNode_0,209,1.0,1189.2931772946604,983.5116631448312,38689.63301902289,37706.12135587806,37488.25679365247,15.296305589199982,,
1-370,VIDEO_SURVEILLANCE,825.6035613841951,60.0,800,FogNode_2,64,1.0,681.967788340379,686.4208435863535,38721.01857715069,38034.59773356433,32009.915213625958,101.3379036825417,,
8-110,AUGMENTED_REALITY,928.4953175216427,30.0,150,FogNode_8,34,1.0,770.9711269175084,262.3967103274275,38738.09204897689,38475.695338649464,34865.31032270203,88.25781404687537,,
0-140,AUGMENTED_REALITY,91.11399312124834,30.0,150,FogNode_8,33,1.0,770.9711269175084,260.93662294259445,38755.89843887756,38494.96181593496,35968.541895665534,8.660810356511005,,
6-346,BATCH_DATA_PROCESSING,332.1166600531173,200.0,30000,FogNode_5,134,1.0,782.8923712617282,643.6830998389718,38791.32737951313,38147.64427967416,21712.26693767982,49.36574630864569,,
8-0,BATCH_DATA_PROCESSING,225.05712404249047,200.0,30000,FogNode_2,0,0.0,681.967788340379,1.8786081987527694,38864.27221740068,38862.39360920193,22525.77239136156,27.624417124667143,,
1-154,AUGMENTED_REALITY,106.91624662328041,30.0,150,FogNode_8,34,1.0,770.9711269175084,268.3531776663795,38876.76941689695,38608.416239230566,36061.818771895356,10.162888315101704,,
2-336,VIDEO_SURVEILLANCE,692.3171346938042,60.0,800,FogNode_2,64,1.0,681.967788340379,693.6367044266135,38881.631008085446,38187.99430365883,32360.4502361643,84.9777912727849,,
0-478,SMART_HOME_CONTROL,816.1869233453547,0.1,150,FogNode_0,206,1.0,1189.2931772946604,982.347198660087,38890.5561697631,37908.20897110301,37205.32289631618,51.97003811156168,,
7-308,BATCH_DATA_PROCESSING,324.0903959013257,200.0,30000,FogNode_5,149,1.0,782.8923712617282,657.2507293007304,39015.97701379894,38358.72628449821,21936.29124306126,48.17272419448812,,
4-479,SENSOR_DATA_LOGGING,915.8411933164081,0.1,10000,FogNode_0,206,1.0,1189.2931772946604,981.6186797995877,39044.31683621994,38062.69815642035,37275.18470518966,58.31544265093836,,
1-541,SMART_HOME_CONTROL,228.03105456066842,0.1,150,FogNode_0,205,1.0,1189.2931772946604,980.3619506923144,39082.29279023155,38101.930839539236,37889.63664567121,14.519691822020402,,
3-2,BATCH_DATA_PROCESSING,271.03980325065163,200.0,30000,FogNode_2,0,0.0,681.967788340379,2.3580862693216615,39084.358566879615,39082.000480610295,22670.21146535191,33.268516223330565,,
6-350,BATCH_DATA_PROCESSING,744.6472155229676,200.0,30000,FogNode_5,138,1.0,782.8923712617282,646.2331032508621,39188.51178840614,38542.27868515528,21582.717899836367,110.68419610466692,,
1-539,SMART_HOME_CONTROL,732.2557785497808,0.1,150,FogNode_0,203,1.0,1189.2931772946604,979.2143844526012,39305.33971988489,38326.12533543229,37689.17828355058,46.62579077187805,,
6-525,GPS_TRACKING,346.1049639762648,0.2,200,FogNode_0,200,1.0,1189.2931772946604,970.8583731449211,39373.3101529676,38402.45177982268,38081.09965653669,22.0379519126849,,
4-353,VIDEO_SURVEILLANCE,999.4435844825558,60.0,800,FogNode_2,64,1.0,681.967788340379,701.8683163681927,39398.3733762293,38696.505059861105,32422.519125264887,122.6757277192704,,
1-3,BATCH_DATA_PROCESSING,466.34856895457284,200.0,30000,FogNode_2,0,0.0,681.967788340379,4.450084723836425,39404.84643079385,39400.39634607001,22704.04285688261,57.241500126254614,,
4-326,BATCH_DATA_PROCESSING,367.09584036737243,200.0,30000,FogNode_5,150,1.0,782.8923712617282,657.8396573100609,39484.87395780128,38827.03430049122,22347.541630663407,54.565043872344305,,
6-140,AUGMENTED_REALITY,610.9708958122659,30.0,150,FogNode_8,39,1.0,770.9711269175084,283.8560011672001,39669.238647560676,39385.382646393475,36184.4991027061,58.07563559349335,,
3-440,VIDEO_SURVEILLANCE,809.8118453093356,60.0,800,FogNode_2,130,1.0,681.967788340379,928.1616475834759,39684.97235431938,38756.81070673591,32759.039340260035,99.39956489934518,,
8-457,GPS_TRACKING,891.0831728502626,0.2,200,FogNode_0,202,1.0,1189.2931772946604,972.6476321968377,39793.57125881509,38820.923626618256,38043.362899905595,56.738995846426185,,
8-458,GPS_TRACKING,657.5745335185978,0.2,200,FogNode_0,202,1.0,1189.2931772946604,972.9240577951151,39858.25177392897,38885.327716133856,38302.31592770914,41.87052327190219,,
2-146,AUGMENTED_REALITY,161.03251287230992,30.0,150,FogNode_8,39,1.0,770.9711269175084,286.2283090294583,39878.108353896045,39591.880044866586,36970.76842579854,15.30689203099197,,
1-13,BATCH_DATA_PROCESSING,685.1176334826656,200.0,30000,FogNode_2,0,0.0,681.967788340379,14.74807466508539,39886.24976749922,39871.501692834136,22860.73455512109,84.09409552046341,,
2-484,SMART_HOME_CONTROL,160.46142244106426,0.1,150,FogNode_0,210,1.0,1189.2931772946604,984.6357333708813,39928.49292952212,38943.85719615124,38790.25424901139,10.217250486588515,,
6-354,BATCH_DATA_PROCESSING,913.3976570980832,200.0,30000,FogNode_5,144,1.0,782.8923712617282,652.4638138740318,39958.02371048648,39305.559896612445,22125.129730489945,135.76722411939147,,
8-117,AUGMENTED_REALITY,940.6525298072023,30.0,150,FogNode_8,35,1.0,770.9711269175084,273.98943570536926,39975.98632150439,39701.99688579902,36071.55695494796,89.41341382317937,,
4-6,BATCH_DATA_PROCESSING,656.2088603195888,200.0,30000,FogNode_2,0,0.0,681.967788340379,15.530541247130458,40046.58709370861,40031.05655246148,23059.318869055518,80.5457163619861,,
5-16,BATCH_DATA_PROCESSING,271.0018902927976,200.0,30000,FogNode_2,0,0.0,681.967788340379,24.683160274228353,40082.354598651335,40057.6714383771,23654.977306271543,33.26386263430669,,
1-9,BATCH_DATA_PROCESSING,880.8021175572917,200.0,30000,FogNode_2,0,0.0,681.967788340379,11.54202172148497,40155.83192537573,40144.289903654244,22846.20467124934,108.11319660824844,,
3-470,SMART_HOME_CONTROL,938.4196785611264,0.1,150,FogNode_0,206,1.0,1189.2931772946604,982.2218433937851,40162.36679306016,39180.14494966637,38370.17665625089,59.753109323984084,,
1-8,BATCH_DATA_PROCESSING,562.2820249410107,200.0,30000,FogNode_2,0,0.0,681.967788340379,10.900780319961136,40222.872765429725,40211.97198510976,23372.807933073433,69.01675858854581,,
2-147,AUGMENTED_REALITY,249.64356987678255,30.0,150,FogNode_8,39,1.0,770.9711269175084,290.50011964324284,40299.7903670267,40009.290247383455,37271.74633305435,23.72978662616641,,
9-14,BATCH_DATA_PROCESSING,620.399646093246,200.0,30000,FogNode_2,0,0.0,681.967788340379,18.54434613217154,40314.56629835979,40296.02195222762,23378.577847442473,76.15034929727457,,
6-358,BATCH_DATA_PROCESSING,901.2086796727239,200.0,30000,FogNode_5,151,1.0,782.8923712617282,666.6446583536571,40339.63895831369,39672.99429996003,22510.547571154577,133.9554572322806,,
7-148,AUGMENTED_REALITY,76.99945461432026,30.0,150,FogNode_8,41,1.0,770.9711269175084,298.2406734696566,40399.663698110024,40101.42302464037,37595.292801520816,7.319157586277316,,
1-534,GPS_TRACKING,566.861358941155,0.2,200,FogNode_0,202,1.0,1189.2931772946604,972.617037913739,40405.13012021939,39432.51308230565,38925.05176066537,36.09443570523622,,
5-489,GPS_TRACKING,296.0331602884397,0.2,200,FogNode_0,202,1.0,1189.2931772946604,978.5151387719874,40411.28200248046,39432.76686370847,39158.308289535686,18.849670562494957,,
0-331,BATCH_DATA_PROCESSING,725.4652401970459,200.0,30000,FogNode_5,152,1.0,782.8923712617282,670.5268564055197,40411.52143429651,39740.99457789099,22802.43639690323,107.83299156862616,,
4-480,SENSOR_DATA_LOGGING,813.0694798127527,0.1,10000,FogNode_0,206,1.0,1189.2931772946604,982.07803664208,40541.909508905876,39559.831472263795,38854.913056269186,51.77153743167341,,
6-37,BATCH_DATA_PROCESSING,315.8875230486017,200.0,30000,FogNode_2,7,1.0,681.967788340379,82.47492888966902,40545.5546624217,40463.07973353203,23993.5648271983,38.77330583645503,,
3-452,E_COMMERCE_TRANSACTION,191.6645169778942,0.5,300,FogNode_0,200,1.0,1189.2931772946604,955.7572156344696,40572.44034479424,39616.68312915977,39406.338842202706,12.204082137395977,,
6-528,GPS_TRACKING,251.06762338372255,0.2,200,FogNode_0,202,1.0,1189.2931772946604,976.2635301513774,40753.01609572313,39776.75256557175,39535.88937438462,15.98652659411728,,
5-15,BATCH_DATA_PROCESSING,599.4834581302916,200.0,30000,FogNode_2,0,0.0,681.967788340379,24.491154346315707,40765.29928916238,40740.80813481606,23849.544674762823,73.58301221161312,,
4-334,BATCH_DATA_PROCESSING,682.6520422123712,200.0,30000,FogNode_5,152,1.0,782.8923712617282,670.3334673070724,40829.98525625067,40159.6517889436,23275.454798951676,101.46924736490195,,
4-476,GPS_TRACKING,687.1733864253338,0.2,200,FogNode_0,203,1.0,1189.2931772946604,979.4790747037787,40982.9299424537,40003.450867749925,39400.91475392643,43.75520614248365,,
5-488,GPS_TRACKING,557.4616795566188,0.2,200,FogNode_0,202,1.0,1189.2931772946604,977.8978300649185,41041.173950770775,40063.27612070586,39566.108615288846,35.495918770109945,,
4-14,BATCH_DATA_PROCESSING,678.996049448687,200.0,30000,FogNode_2,0,0.16666666666666666,681.967788340379,32.716747515044275,41042.22949949008,41009.51275197504,23999.67932017571,83.34270766043548,,
7-142,AUGMENTED_REALITY,981.3398928659561,30.0,150,FogNode_8,39,1.0,770.9711269175084,289.5627085300715,41150.97040878199,40861.40770025192,37173.90481090072,93.28093760615577,,
3-468,GPS_TRACKING,527.5550941918252,0.2,200,FogNode_0,202,1.0,1189.2931772946604,976.6142383391165,41196.60318111437,40219.98894277525,39745.40221169506,33.591641285701705,,
2-479,GPS_TRACKING,321.97279821909984,0.2,200,FogNode_0,202,1.0,1189.2931772946604,978.7349093610745,41253.65612197447,40274.92121261339,39973.96335845164,20.501355897431523,,
9-54,BATCH_DATA_PROCESSING,748.9054981481221,200.0,30000,FogNode_2,7,1.0,681.967788340379,87.22912572519984,41253.98569590885,41166.75657018365,24057.243466932636,91.92367473732794,,
2-475,E_COMMERCE_TRANSACTION,71.1473293118422,0.5,300,FogNode_0,200,1.0,1189.2931772946604,962.1040189443715,41256.42638591378,40294.322366969405,40186.68829411204,4.530248292532035,,
4-339,BATCH_DATA_PROCESSING,438.4849811678591,200.0,30000,FogNode_5,152,1.0,782.8923712617282,677.7580370183256,41390.06860520601,40712.310568187684,24137.431865707767,65.17630984552785,,
0-182,AUGMENTED_REALITY,790.4352713339875,30.0,150,FogNode_8,55,1.0,770.9711269175084,348.65293222451766,41424.90996705177,41076.25703482725,37643.46390589772,75.13456220726759,,
5-328,BATCH_DATA_PROCESSING,838.2244546285945,200.0,30000,FogNode_5,152,1.0,782.8923712617282,680.6223266903476,41482.197922403924,40801.57559571358,23719.404295162938,124.59349606334116,,
8-325,BATCH_DATA_PROCESSING,896.6709574909626,200.0,30000,FogNode_5,152,1.0,782.8923712617282,681.2892790998869,41484.970028593336,40803.68074949345,23648.304457650152,133.2809712188174,,
4-45,BATCH_DATA_PROCESSING,816.2091926857356,200.0,30000,FogNode_2,7,1.0,681.967788340379,98.39109631663545,41511.41049927438,41413.01940295775,24209.07947706192,100.18480106180367,,
0-479,GPS_TRACKING,586.3663369459618,0.2,200,FogNode_0,209,1.0,1189.2931772946604,984.2488189242254,41534.21162065786,40549.96280173363,40031.546358257525,37.33639930607434,,
1-437,AUGMENTED_REALITY,313.13825713101863,30.0,150,FogNode_8,92,1.0,770.9711269175084,802.3040805464608,41557.13121843903,40754.82713789257,37939.90475248606,29.765253036063786,,
4-40,BATCH_DATA_PROCESSING,697.4432974708195,200.0,30000,FogNode_2,7,1.0,681.967788340379,92.60536129365309,41568.24709657332,41475.64173527967,24439.25268761599,85.60699712176073,,
9-340,BATCH_DATA_PROCESSING,79.43451667724179,200.0,30000,FogNode_5,152,1.0,782.8923712617282,686.2919469204799,41583.66080490618,40897.368857985704,24782.39633099996,11.807128849878957,,
5-491,GPS_TRACKING,406.57336093854553,0.2,200,FogNode_0,209,1.0,1189.2931772946604,983.1564003850823,41595.517463400305,40612.361063015225,40242.69710125391,25.888227878629355,,
8-35,BATCH_DATA_PROCESSING,966.0950051190229,200.0,30000,FogNode_2,7,1.0,681.967788340379,90.13533927208435,41639.50126553835,41549.36592626626,24119.44801958427,118.58238888019696,,
2-335,BATCH_DATA_PROCESSING,135.79666209512516,200.0,30000,FogNode_5,152,1.0,782.8923712617282,692.4322166465922,41658.42511268909,40965.992896042495,24782.361201197546,20.184785579490864,,
1-531,E_COMMERCE_TRANSACTION,156.1479253144028,0.5,300,FogNode_0,200,1.0,1189.2931772946604,970.7845451974072,41665.506349573734,40694.72180437633,40518.01157679287,9.942592067475552,,
1-454,AUGMENTED_REALITY,285.0313868249814,30.0,150,FogNode_8,92,1.0,770.9711269175084,829.4894773873066,41794.61432675275,40965.12484936544,38182.74343249772,27.09356381362239,,
3-466,E_COMMERCE_TRANSACTION,298.42136636518933,0.5,300,FogNode_0,202,1.0,1189.2931772946604,975.3026401319388,41916.429647598554,40941.12700746662,40644.227802341506,19.00173764085272,,
6-520,E_COMMERCE_TRANSACTION,912.1422249865108,0.5,300,FogNode_0,200,1.0,1189.2931772946604,965.1621790378135,42023.388008498216,41058.2258294604,40244.31049658956,58.07991385284111,,
9-57,BATCH_DATA_PROCESSING,906.6059551328103,200.0,30000,FogNode_2,7,1.0,681.967788340379,98.19812870488592,42094.69632320574,41996.498194500855,24654.036455331177,111.28046347720881,,
8-453,E_COMMERCE_TRANSACTION,657.1918717879114,0.5,300,FogNode_0,200,1.0,1189.2931772946604,967.7131676821563,42148.10776185208,41180.39459416992,40578.67284846584,41.84615759762001,,
0-155,BATCH_DATA_PROCESSING,52.54740129535961,200.0,30000,FogNode_2,39,1.0,681.967788340379,303.1390950897554,42171.74893799747,41868.60984290772,25778.79712697231,6.449879506707951,,
6-370,BATCH_DATA_PROCESSING,651.0982392330608,200.0,30000,FogNode_5,152,1.0,782.8923712617282,684.9374478898127,42221.72601193708,41536.78856404727,24693.297037463013,96.77909712462042,,
9-463,E_COMMERCE_TRANSACTION,365.61287702774524,0.5,300,FogNode_0,200,1.0,1189.2931772946604,967.7146037457177,42223.84995741604,41256.13535367032,40894.178788755,23.28010240023135,,
4-96,CLOUD_GAMING,367.3918602559003,50.0,150,FogNode_8,25,1.0,770.9711269175084,208.85700082236383,42271.14560973971,42062.28860891735,37577.536002068904,34.922311263077596,,
2-54,BATCH_DATA_PROCESSING,847.0239620133318,200.0,30000,FogNode_2,7,1.0,681.967788340379,100.45032850454575,42284.25878077715,42183.808452272606,24929.763759804824,103.96712986000338,,
8-95,CLOUD_GAMING,78.19018584371506,50.0,150,FogNode_8,28,1.0,770.9711269175084,215.6391104790595,42372.5633971429,42156.92428666384,38048.52804043807,7.432342147836813,,
1-538,E_COMMERCE_TRANSACTION,540.2892752284899,0.5,300,FogNode_0,202,1.0,1189.2931772946604,976.7754602859783,42477.68244618894,41500.90698590296,40993.95363587464,34.402479899830006,,
0-75,BATCH_DATA_PROCESSING,675.5234344898504,200.0,30000,FogNode_2,13,1.0,681.967788340379,131.38592317539374,42501.96085376222,42370.57493058682,25366.072351008403,82.91646492519928,,
4-57,BATCH_DATA_PROCESSING,878.9870905671733,200.0,30000,FogNode_2,10,1.0,681.967788340379,118.64038258972535,42542.8839482827,42424.243565692974,25122.606812158658,107.8904128910883,,
3-472,E_COMMERCE_TRANSACTION,452.05139642781336,0.5,300,FogNode_0,210,1.0,1189.2931772946604,984.4606713553558,42603.95084848153,41619.49017712617,41185.93613849057,28.78400477729468,,
4-467,HEALTH_MONITORING,155.40263367128395,1.0,100,FogNode_0,200,1.0,1189.2931772946604,960.4424748589904,42608.35050738541,41647.90803252642,41428.70218865309,9.895136228636138,,
4-101,CLOUD_GAMING,200.67351189622386,50.0,150,FogNode_8,28,1.0,770.9711269175084,218.1768511415409,42632.85007311552,42414.67322197398,38147.149161512614,19.074954028141903,,
7-391,AUGMENTED_REALITY,871.1052922799225,30.0,150,FogNode_8,93,1.0,770.9711269175084,837.9745118968766,42687.01178317921,41849.03727128233,38306.507277111894,82.8026242571744,,
8-142,BATCH_DATA_PROCESSING,404.07797070586287,200.0,30000,FogNode_2,50,1.0,681.967788340379,316.4888588990002,42764.266616419234,42447.777757520234,25846.205957850438,49.59815629546718,,
6-163,BATCH_DATA_PROCESSING,341.4333854140764,200.0,30000,FogNode_2,49,1.0,681.967788340379,315.67022816390676,42784.91788997786,42469.247661813955,25957.89722337758,41.908907789939406,,
9-461,HEALTH_MONITORING,231.24508138921385,1.0,100,FogNode_0,200,1.0,1189.2931772946604,959.7153886862656,42802.78959591633,41843.07420723006,41556.54694316532,14.724342364676069,,
5-138,BATCH_DATA_PROCESSING,859.5918978908194,200.0,30000,FogNode_2,39,1.0,681.967788340379,303.81632237963385,42828.7053067517,42524.88898437206,25256.646075917986,105.50976888799629,,
0-157,BATCH_DATA_PROCESSING,820.4713004545806,200.0,30000,FogNode_2,40,1.0,681.967788340379,304.00148327398296,42842.59518651555,42538.59370324157,25324.140709272993,100.70794932177446,,
9-341,BATCH_DATA_PROCESSING,994.8572167019465,200.0,30000,FogNode_5,152,1.0,782.8923712617282,692.237222820622,42854.40663564995,42162.16941282933,24880.557688931574,147.87535489842307,,
1-522,HEALTH_MONITORING,303.3270600905449,1.0,100,FogNode_0,200,1.0,1189.2931772946604,955.6375576107614,42858.99902825881,41903.36147064805,41553.77745078354,19.31410369644376,,
4-162,BATCH_DATA_PROCESSING,71.86469348776296,200.0,30000,FogNode_2,53,1.0,681.967788340379,324.88994707320285,42869.645044427765,42544.755097354566,26430.507574430096,8.820961690897231,,
4-481,E_COMMERCE_TRANSACTION,859.6008730716646,0.5,300,FogNode_0,206,1.0,1189.2931772946604,982.1295872159997,42870.89074714343,41888.76115992743,41114.186339351974,54.73438602907306,,
5-148,BATCH_DATA_PROCESSING,74.86050188101942,200.0,30000,FogNode_2,54,1.0,681.967788340379,332.4725873657042,42894.68920639619,42562.21661903049,26444.91222510759,9.188679269414187,,
1-375,BATCH_DATA_PROCESSING,987.2856883662733,200.0,30000,FogNode_5,152,1.0,782.8923712617282,695.1471568719976,42919.49971835314,42224.35256148114,24954.44782799066,146.74992461459513,,
6-166,BATCH_DATA_PROCESSING,292.64985990244077,200.0,30000,FogNode_2,53,1.0,681.967788340379,321.5583917739761,42931.08648829494,42609.52809652096,26174.1674736164,35.92102154426413,,
7-113,CLOUD_GAMING,236.55092015117924,50.0,150,FogNode_8,28,1.0,770.9711269175084,220.5010665629875,42939.672095228016,42719.17102866503,38405.81982489411,22.485269154664742,,
7-330,BATCH_DATA_PROCESSING,119.9404151509091,200.0,30000,FogNode_5,152,1.0,782.8923712617282,700.7908232891145,43007.60830110699,42306.81747781788,26144.19766040068,17.827916568673345,,
8-450,HEALTH_MONITORING,387.1472982888123,1.0,100,FogNode_0,200,1.0,1189.2931772946604,962.8774826301013,43128.31681298948,42165.439330359375,41748.91314869569,24.651289148802345,,
2-340,BATCH_DATA_PROCESSING,717.8846734867706,200.0,30000,FogNode_5,152,1.0,782.8923712617282,702.4618544915508,43138.69071850308,42436.22886401153,25512.878521197486,106.70621782281236,,
9-464,BATCH_DATA_PROCESSING,202.6309784535496,200.0,30000,FogNode_2,139,1.0,681.967788340379,971.7457836750402,43139.72209180043,42167.97630812539,25858.407567162518,24.871741763319974,,
0-353,BATCH_DATA_PROCESSING,181.57018956369276,200.0,30000,FogNode_5,152,1.0,782.8923712617282,713.8276378518577,43151.422005794855,42437.594367943,26200.456737775577,26.98855249772898,,
0-117,CLOUD_GAMING,294.3564255374006,50.0,150,FogNode_8,28,1.0,770.9711269175084,222.2732204489594,43321.47164032161,43099.19841987265,38705.70486859326,27.979952271517245,,
3-462,HEALTH_MONITORING,537.3745998886698,1.0,100,FogNode_0,200,1.0,1189.2931772946604,967.1004481505005,43322.73442214967,42355.63397399917,41813.833286687106,34.21689031959951,,
1-532,HEALTH_MONITORING,251.85404780527003,1.0,100,FogNode_0,202,1.0,1189.2931772946604,971.2388962823409,43340.084653429105,42368.845757146766,42069.83456912031,16.0366015291483,,
2-123,CLOUD_GAMING,83.72009392016345,50.0,150,FogNode_8,31,1.0,770.9711269175084,233.96851287991134,43430.06208034871,43196.0935674688,39081.51625539229,7.957985723520349,,
2-124,CLOUD_GAMING,109.68993944190626,50.0,150,FogNode_8,31,1.0,770.9711269175084,234.076626377847,43572.33710935073,43338.26048297288,39188.64874762241,10.426540764812337,,
0-168,BATCH_DATA_PROCESSING,702.5955306256459,200.0,30000,FogNode_2,52,1.0,681.967788340379,317.76669135537816,43573.131333332174,43255.3646419768,26211.41480361671,86.23940295382668,,
8-94,CLOUD_GAMING,705.0546375775579,50.0,150,FogNode_8,28,1.0,770.9711269175084,214.0145000706139,43601.51378326902,43387.49928319841,38459.93792213714,67.0187344210885,,
0-474,HEALTH_MONITORING,354.31504552580645,1.0,100,FogNode_0,200,1.0,1189.2931772946604,969.1746399443778,43620.65511343942,42651.48047349504,42264.12700555063,22.560722173791092,,
2-476,HEALTH_MONITORING,992.3500549175003,1.0,100,FogNode_0,200,1.0,1189.2931772946604,964.5597552020035,43693.40224679475,42728.842491592746,41802.688595153355,63.18708214864508,,
5-151,BATCH_DATA_PROCESSING,619.053392074515,200.0,30000,FogNode_2,54,1.0,681.967788340379,334.6060327961522,43736.451101580264,43401.84506878411,26487.0023295069,75.98510466115205,,
9-350,BATCH_DATA_PROCESSING,677.3653827934335,200.0,30000,FogNode_5,152,1.0,782.8923712617282,708.7616004575002,43872.817118638035,43164.05551818053,26287.232244176892,100.68343948747192,,
1-535,HEALTH_MONITORING,681.257656036883,1.0,100,FogNode_0,202,1.0,1189.2931772946604,972.9972534725572,43912.910319163246,42939.913065690685,42280.43901210252,43.37852682436203,,
3-338,BATCH_DATA_PROCESSING,123.64355828255302,200.0,30000,FogNode_5,152,1.0,782.8923712617282,716.1474225499439,44030.74886356395,43314.60144101401,27145.622420518815,18.378350938187058,,
7-335,BATCH_DATA_PROCESSING,872.7212519978524,200.0,30000,FogNode_5,152,1.0,782.8923712617282,708.8694555890222,44266.16176317856,43557.29230758954,26428.576214805595,129.72109233363722,,
6-382,BATCH_DATA_PROCESSING,887.0791758865481,200.0,30000,FogNode_5,152,1.0,782.8923712617282,715.5051916493757,44271.77006433565,43556.264872686275,26417.281434045693,131.85525093951637,,
6-530,BATCH_DATA_PROCESSING,995.9967288927888,200.0,30000,FogNode_2,139,1.0,681.967788340379,979.0823616648541,44330.11978520199,43351.037423537135,25878.213760526527,122.2526467926598,,
6-122,CLOUD_GAMING,591.1347554661284,50.0,150,FogNode_8,31,1.0,770.9711269175084,238.18847900796672,44339.07756801045,44100.889089002485,39324.605319802366,56.19011786061979,,
5-486,HEALTH_MONITORING,575.9993660328342,1.0,100,FogNode_0,202,1.0,1189.2931772946604,972.2414402070332,44397.23107121119,43424.98963100415,42851.74372333386,36.676290870070005,,
4-369,BATCH_DATA_PROCESSING,122.26259332450506,200.0,30000,FogNode_5,152,1.0,782.8923712617282,726.2183968409045,44427.93788230463,43701.71948546372,27532.164735048093,18.173084614693312,,
2-477,HEALTH_MONITORING,988.1575765621624,1.0,100,FogNode_0,200,1.0,1189.2931772946604,967.2765944662365,44451.5331470711,43484.256552604864,42560.83789641325,62.920129501308175,,
6-523,HEALTH_MONITORING,909.28485613056,1.0,100,FogNode_0,200,1.0,1189.2931772946604,968.0897245881374,44457.96129202442,43489.87156743628,42632.467369323684,57.89797321633361,,
5-111,CLOUD_GAMING,741.3162583606068,50.0,150,FogNode_8,31,1.0,770.9711269175084,238.8620922317424,44563.04947828854,44324.1873860568,39352.5227047069,70.46557074186944,,
5-487,HEALTH_MONITORING,173.44441958239372,1.0,100,FogNode_0,202,1.0,1189.2931772946604,972.6374975048077,44603.79952846073,43631.16203095592,43390.958164826676,11.043932263688843,,
7-459,HEALTH_MONITORING,429.25203432901486,1.0,100,FogNode_0,203,1.0,1189.2931772946604,979.0497655161068,44812.46352363767,43833.41375812156,43386.26066082953,27.33227395032027,,
6-130,CLOUD_GAMING,195.51897861435867,50.0,150,FogNode_8,31,1.0,770.9711269175084,247.86862889923154,44816.65038730842,44568.78175840919,40308.89323203297,18.58499157889274,,
8-459,HEALTH_MONITORING,549.2505036811726,1.0,100,FogNode_0,202,1.0,1189.2931772946604,974.6283645366186,44859.06042848588,43884.43206394926,43333.79079646997,34.97307882869237,,
3-467,HEALTH_MONITORING,246.24207830334015,1.0,100,FogNode_0,202,1.0,1189.2931772946604,976.4712397629826,45019.51262053359,44043.041380770606,43742.22288573309,15.679263938268017,,
1-140,CLOUD_GAMING,529.4551489515875,50.0,150,FogNode_8,30,1.0,770.9711269175084,244.30931957508633,45025.81554102437,44781.50622144929,40084.92424328921,50.327183347632435,,
4-478,HEALTH_MONITORING,580.858740253496,1.0,100,FogNode_0,206,1.0,1189.2931772946604,981.4036273999086,45092.206215174265,44110.80258777436,43536.11418437045,36.98570756889559,,
9-355,BATCH_DATA_PROCESSING,567.8074312096682,200.0,30000,FogNode_5,152,1.0,782.8923712617282,730.4066404256746,45153.20670858605,44422.80006816037,27686.95393567912,84.3987699887661,,
6-519,VOICE_ASSISTANT,239.703719833201,2.0,150,FogNode_0,200,1.0,1189.2931772946604,963.2498609274078,45221.064033094844,44257.81417216744,43889.63741380711,15.262939283754527,,
3-339,BATCH_DATA_PROCESSING,787.974745465238,200.0,30000,FogNode_5,152,1.0,782.8923712617282,723.3858293698615,45272.65355488592,44549.26772551605,27535.74569239188,117.12439049590367,,
3-461,VOICE_ASSISTANT,218.11030397249473,2.0,150,FogNode_0,200,1.0,1189.2931772946604,966.1202032192828,45275.60111572237,44309.48091250309,43959.071651644095,13.887996102062726,,
4-366,BATCH_DATA_PROCESSING,977.5042226863367,200.0,30000,FogNode_5,152,1.0,782.8923712617282,723.8537829224606,45279.329458506996,44555.47567558454,27300.62981503034,145.2960097365964,,
1-419,BATCH_DATA_PROCESSING,132.51674849938482,200.0,30000,FogNode_5,152,1.0,782.8923712617282,762.445397907082,45448.595060477055,44686.14966256997,28504.48839221294,19.697259953839623,,
2-374,BATCH_DATA_PROCESSING,60.47979337799619,200.0,30000,FogNode_5,152,1.0,782.8923712617282,769.4380030258174,45525.84679468482,44756.408791659,28670.336585895548,8.989703004420075,,
8-464,HEALTH_MONITORING,822.0522465706166,1.0,100,FogNode_0,206,1.0,1189.2931772946604,981.3829080065123,45550.27119321975,44568.88828521324,43787.42594022651,52.343507794589804,,
9-120,CLOUD_GAMING,570.9789768111211,50.0,150,FogNode_8,31,1.0,770.9711269175084,245.97578564331778,45557.247482162034,45311.271696518714,40561.47184088861,54.27421701445085,,
1-525,VOICE_ASSISTANT,120.82521076305473,2.0,150,FogNode_0,200,1.0,1189.2931772946604,962.1915001367184,45651.86532750874,44689.673827372026,44413.64663963034,7.69344696488902,,
6-524,VOICE_ASSISTANT,552.8924801994297,2.0,150,FogNode_0,200,1.0,1189.2931772946604,970.4517920178004,45740.49277637842,44770.040984360625,44139.69277671926,35.20497871956473,,
7-451,VOICE_ASSISTANT,694.5003066799247,2.0,150,FogNode_0,200,1.0,1189.2931772946604,962.0078284880624,45805.02459045694,44843.01676196887,44086.20281231814,44.22174182687166,,
7-128,CLOUD_GAMING,715.9288782995269,50.0,150,FogNode_8,31,1.0,770.9711269175084,251.73422710267337,45954.422142885,45702.68791578233,40765.15083725713,68.05238176149969,,
1-529,VOICE_ASSISTANT,361.5736444854974,2.0,150,FogNode_0,200,1.0,1189.2931772946604,968.5431867499319,45955.889306951714,44987.34612020178,44512.74627430043,23.022907555327844,,
9-466,VOICE_ASSISTANT,225.61636756233236,2.0,150,FogNode_0,202,1.0,1189.2931772946604,977.3405542035986,45994.73085622023,45017.39030201663,44660.293886291285,14.365938592531425,,
1-533,VOICE_ASSISTANT,158.05304122396439,2.0,150,FogNode_0,202,1.0,1189.2931772946604,972.6121648065699,46088.78592507871,45116.17376027214,44809.37758312162,10.063898772587958,,
0-370,BATCH_DATA_PROCESSING,841.9758611839342,200.0,30000,FogNode_5,152,1.0,782.8923712617282,744.8150141128688,46228.67492374695,45483.85990963408,28394.567780657748,125.15110429739323,,
1-412,BATCH_DATA_PROCESSING,846.9566050835695,200.0,30000,FogNode_5,152,1.0,782.8923712617282,753.6152846816673,46354.48374786454,45600.86846318287,28513.80423258237,125.89144096023456,,
1-427,BATCH_DATA_PROCESSING,727.41269173006,200.0,30000,FogNode_5,152,1.0,782.8923712617282,781.1262964411353,46454.98177981406,45673.85548337292,28738.36463913762,108.12246033033111,,
3-469,VOICE_ASSISTANT,555.9067576734235,2.0,150,FogNode_0,203,1.0,1189.2931772946604,979.1330941833598,46462.15702857747,45483.023934394114,44848.157723842996,35.39691038463013,,
8-455,VOICE_ASSISTANT,921.6628653947083,2.0,150,FogNode_0,200,1.0,1189.2931772946604,968.8831577506805,46515.45969201419,45546.57653426351,44598.45553868796,58.68613288270805,,
0-391,BATCH_DATA_PROCESSING,366.6420430855199,200.0,30000,FogNode_5,152,1.0,782.8923712617282,782.9444336961399,46696.992225772294,45914.047792076155,29436.041009835135,54.49759154553871,,
9-467,VOICE_ASSISTANT,726.1650633857072,2.0,150,FogNode_0,202,1.0,1189.2931772946604,977.6695353217317,46699.37133601796,45721.70180069623,44941.21398129971,46.23796944057545,,
1-147,CLOUD_GAMING,910.4746298502522,50.0,150,FogNode_8,33,1.0,770.9711269175084,261.3868507645459,46738.19265385803,46476.805803093484,41289.9485498161,86.54486356507466,,
8-108,CLOUD_GAMING,607.9114564622304,50.0,150,FogNode_8,32,1.0,770.9711269175084,256.1803282059314,46742.92308051774,46486.74275231181,41685.06645323048,57.7848216021381,,
3-128,CLOUD_GAMING,128.30185453472643,50.0,150,FogNode_8,34,1.0,770.9711269175084,265.51510983297413,46909.33898126321,46643.823871430235,42468.015279509265,12.195690172806058,,
6-426,BATCH_DATA_PROCESSING,369.9294501109628,200.0,30000,FogNode_5,151,1.0,782.8923712617282,792.7493104447794,46927.498135433634,46134.748824988856,29652.446980961562,54.986230992910365,,
0-389,BATCH_DATA_PROCESSING,473.1636419810624,200.0,30000,FogNode_5,152,1.0,782.8923712617282,781.4045111729647,46958.86266296177,46177.45815178881,29560.434101324543,70.33093825758755,,
4-132,CLOUD_GAMING,57.02510783879788,50.0,150,FogNode_8,35,1.0,770.9711269175084,271.2404401177128,46983.30427756009,46712.06383744238,42631.52321622861,5.420502687157949,,
4-477,VOICE_ASSISTANT,560.4414713004755,2.0,150,FogNode_0,203,1.0,1189.2931772946604,979.644004041527,46986.69881286355,46007.054808822024,45361.15306018727,35.68565458437418,,
3-130,CLOUD_GAMING,238.182527007607,50.0,150,FogNode_8,34,1.0,770.9711269175084,269.18406139789016,47047.13097682728,46777.946915429384,42463.54402089806,22.64036100253381,,
3-376,BATCH_DATA_PROCESSING,111.53639610510939,200.0,30000,FogNode_5,151,1.0,782.8923712617282,795.4870449837151,47069.96522311946,46274.478178135745,30122.56475095367,16.578745051286585,,
6-225,AUGMENTED_REALITY,103.57214049920073,30.0,150,FogNode_0,83,1.0,1189.2931772946604,405.1041962998387,47073.78595207913,46668.6817557793,44175.97480836803,6.594871756799653,,
0-401,BATCH_DATA_PROCESSING,338.1816485738277,200.0,30000,FogNode_5,151,1.0,782.8923712617282,796.0355255214209,47128.956645132785,46332.92111961136,29893.606266034796,50.26724485024356,,
9-465,VOICE_ASSISTANT,940.2490745880074,2.0,150,FogNode_0,202,1.0,1189.2931772946604,977.0751458234884,47252.751889910855,46275.67674408737,45310.82267619645,59.869594627189464,,
7-374,BATCH_DATA_PROCESSING,169.6109579457157,200.0,30000,FogNode_5,151,1.0,782.8923712617282,807.2087442369341,47286.61180721169,46479.40306297475,30253.38887639257,25.210934976208176,,
9-392,BATCH_DATA_PROCESSING,231.59227571557554,200.0,30000,FogNode_5,151,1.0,782.8923712617282,813.2749236089338,47424.772882736856,46611.49795912792,30309.364451342513,34.423824231486996,,
2-200,AUGMENTED_REALITY,982.7513744852381,30.0,150,FogNode_0,76,1.0,1189.2931772946604,402.77585949323566,47525.70364267488,47122.92778318164,43888.697930534,62.57589398375667,,
2-209,AUGMENTED_REALITY,395.266431136056,30.0,150,FogNode_0,107,1.0,1189.2931772946604,415.06490389321226,47585.105962634276,47170.041058741066,44427.673992168,25.16826832530594,,
3-197,AUGMENTED_REALITY,140.11231007549657,30.0,150,FogNode_0,119,1.0,1189.2931772946604,421.10218399941067,47702.917375959805,47281.81519196039,44753.07881993409,8.921537317305694,,
5-383,BATCH_DATA_PROCESSING,600.99156028683,200.0,30000,FogNode_5,151,1.0,782.8923712617282,801.2702777746522,47726.51806790365,46925.247790129,30144.11024253737,89.33125153676953,,
5-457,AUGMENTED_REALITY,54.99918463077591,30.0,150,FogNode_0,200,1.0,1189.2931772946604,908.0383737429207,47749.16264641186,46841.12427266894,44385.13022627929,3.502028321711789,,
0-208,AUGMENTED_REALITY,955.0794165303881,30.0,150,FogNode_0,85,1.0,1189.2931772946604,405.817605874583,47876.85069235028,47471.0330864757,44253.98092904705,60.813904581083314,,
4-406,BATCH_DATA_PROCESSING,485.1751384775488,200.0,30000,FogNode_5,151,1.0,782.8923712617282,817.3956549204091,47906.33318436041,47088.93752944,30460.965953580286,72.11632441899812,,
8-387,BATCH_DATA_PROCESSING,406.4787281314624,200.0,30000,FogNode_5,151,1.0,782.8923712617282,827.8944172550212,47943.974171512185,47116.07975425717,30591.38743033227,60.418907529629635,,
7-137,CLOUD_GAMING,775.8369253685421,50.0,150,FogNode_8,36,1.0,770.9711269175084,274.6253824043993,47989.615536543926,47714.99015413953,42696.05661982766,73.74692127974056,,
3-391,BATCH_DATA_PROCESSING,257.89335335175616,200.0,30000,FogNode_5,151,1.0,782.8923712617282,827.8444067773572,48055.92906080441,47228.08465402705,30892.58465904293,38.333210547801364,,
2-213,AUGMENTED_REALITY,783.1713259051699,30.0,150,FogNode_0,114,1.0,1189.2931772946604,419.97619295753896,48184.221946535574,47764.245753578034,44698.02992274806,49.86779681344134,,
8-449,AUGMENTED_REALITY,570.4625273968179,30.0,150,FogNode_0,200,1.0,1189.2931772946604,961.0035082737991,48228.827827620145,47267.82431934635,44382.174009768074,36.32373717593347,,
3-395,BATCH_DATA_PROCESSING,138.13164835818205,200.0,30000,FogNode_5,151,1.0,782.8923712617282,837.067957504618,48232.36665737412,47395.298699869505,31208.90860444375,20.531857417072885,,
4-135,CLOUD_GAMING,932.4954457890561,50.0,150,FogNode_8,35,1.0,770.9711269175084,273.99156840824264,48256.63858772492,47982.647019316675,42759.67819180009,88.63804491086225,,
5-397,BATCH_DATA_PROCESSING,306.9391520440689,200.0,30000,FogNode_5,151,1.0,782.8923712617282,820.917877748692,48298.3911010181,47477.47322326941,31071.70134619897,45.62336713122114,,
8-120,CLOUD_GAMING,318.5551806084492,50.0,150,FogNode_8,36,1.0,770.9711269175084,276.37277520142976,48402.80245040683,48126.4296752054,43701.3480220623,30.2801568982107,,
1-456,BATCH_DATA_PROCESSING,144.7337727405604,200.0,30000,FogNode_5,151,1.0,782.8923712617282,838.021449917558,48483.26168866644,47645.240238748884,31449.2849925922,21.513195713400712,,
2-478,AUGMENTED_REALITY,378.98724052251384,30.0,150,FogNode_0,202,1.0,1189.2931772946604,975.4294023892886,48502.88789683104,47527.45849444175,44795.567468280715,24.131704111383613,,
7-460,AUGMENTED_REALITY,351.44456380915864,30.0,150,FogNode_0,203,1.0,1189.2931772946604,979.4156964807574,48524.3349157955,47544.91921931475,44839.10458490736,22.377946586550266,,
8-463,AUGMENTED_REALITY,887.0823241989135,30.0,150,FogNode_0,206,1.0,1189.2931772946604,981.0797763282594,48622.74105911148,47641.66128278322,44488.55829738734,56.48424506453792,,
1-540,AUGMENTED_REALITY,179.2995778869826,30.0,150,FogNode_0,203,1.0,1189.2931772946604,979.6091719814099,48675.096377569665,47695.48720558826,45130.544435245014,11.416754703665568,,
8-203,CLOUD_GAMING,76.89835483695379,50.0,150,FogNode_0,121,1.0,1189.2931772946604,421.46972641010905,48739.75524916252,48318.285522752405,44243.5317610099,4.896440162521292,,
5-490,AUGMENTED_REALITY,200.75142627661583,30.0,150,FogNode_0,206,1.0,1189.2931772946604,982.0755768340522,48791.53999793435,47809.464421100296,45226.64840452928,12.782683691847792,,
4-421,BATCH_DATA_PROCESSING,312.71912483797007,200.0,30000,FogNode_5,151,1.0,782.8923712617282,842.984873973178,48882.702450024204,48039.71757605103,31633.751290510318,46.4825009987271,,
2-481,AUGMENTED_REALITY,526.7629127328828,30.0,150,FogNode_0,204,1.0,1189.2931772946604,980.132860557768,48945.80888787812,47965.676027320354,45112.68063076692,33.54119977599977,,
7-382,BATCH_DATA_PROCESSING,838.2075228406783,200.0,30000,FogNode_5,151,1.0,782.8923712617282,824.2189945088988,49014.62903239658,48190.41003788768,31108.291857980075,124.59097932616004,,
4-140,CLOUD_GAMING,700.1830806157881,50.0,150,FogNode_8,39,1.0,770.9711269175084,283.6319372036862,49310.98572234758,49027.35378514389,44109.25719946021,66.55567019196747,,
6-454,CLOUD_GAMING,801.4014115573228,50.0,150,FogNode_0,200,1.0,1189.2931772946604,862.1018293310144,49413.60205738209,48551.50022805108,43865.69930557897,51.02858268126214,,
8-414,CLOUD_GAMING,753.8292617468442,50.0,150,FogNode_0,200,1.0,1189.2931772946604,875.8651181031886,49425.386450717015,48549.521332613826,43908.99624194682,47.99946475743407,,
2-410,BATCH_DATA_PROCESSING,949.4592121980049,200.0,30000,FogNode_5,151,1.0,782.8923712617282,841.1070360312676,49445.124945806325,48604.01790977506,31384.30851881821,141.12740562992835,,
6-138,CLOUD_GAMING,952.0577477221337,50.0,150,FogNode_8,36,1.0,770.9711269175084,275.78305120793857,49491.519784286254,49215.736733078316,43966.675026699486,90.49753302432615,,
4-434,CLOUD_GAMING,726.6132232233549,50.0,150,FogNode_0,200,1.0,1189.2931772946604,872.8960278456369,49556.771127547414,48683.87509970178,44062.95761186669,46.266505653514464,,
0-417,BATCH_DATA_PROCESSING,554.8108459555906,200.0,30000,FogNode_5,151,1.0,782.8923712617282,839.5987553168147,49591.370545820624,48751.77179050381,32028.83761059231,82.46696045404157,,
5-423,BATCH_DATA_PROCESSING,196.1248005194248,200.0,30000,FogNode_5,151,1.0,782.8923712617282,861.1336081843466,49695.63805299543,48834.504444811086,32573.327703014656,29.151946625403244,,
4-141,CLOUD_GAMING,326.5210426969453,50.0,150,FogNode_8,39,1.0,770.9711269175084,283.7509682244142,49734.50488058433,49450.75391235992,45015.93504347267,31.037349273511136,,
3-407,BATCH_DATA_PROCESSING,120.12417860412943,200.0,30000,FogNode_5,151,1.0,782.8923712617282,863.2547257172049,49744.8069350532,48881.552209336,32716.596832613937,17.855231127392035,,
9-425,CLOUD_GAMING,461.5940274777118,50.0,150,FogNode_0,200,1.0,1189.2931772946604,891.314825747368,49801.72673201255,48910.41190626518,44514.66345798446,29.39162404337541,,
7-394,BATCH_DATA_PROCESSING,701.0127964411392,200.0,30000,FogNode_5,151,1.0,782.8923712617282,846.3008517476292,49910.04304098038,49063.742189232755,32155.63677054773,104.19838578014372,,
7-412,CLOUD_GAMING,642.9721347391144,50.0,150,FogNode_0,200,1.0,1189.2931772946604,895.6492466328112,49966.02028854135,49070.37104190854,44521.35069425015,40.94072741340021,,
1-524,CLOUD_GAMING,273.53708867522147,50.0,150,FogNode_0,200,1.0,1189.2931772946604,956.9730298925665,50031.72644436055,49074.75341446799,44835.638290613824,17.41725151036481,,
7-414,CLOUD_GAMING,633.8972797707601,50.0,150,FogNode_0,200,1.0,1189.2931772946604,904.078765598275,50089.77450457234,49185.695738974064,44641.49671721221,40.36289340862444,,
7-454,CLOUD_GAMING,197.5184447903066,50.0,150,FogNode_0,200,1.0,1189.2931772946604,968.0656224899909,50132.100821551394,49164.0351990614,44991.32453526541,12.576826226784767,,
4-148,CLOUD_GAMING,368.2993229837936,50.0,150,FogNode_8,39,1.0,770.9711269175084,294.7531676630095,50212.213202109066,49917.460034446056,45432.444324080025,35.008569831302424,,
1-476,BATCH_DATA_PROCESSING,429.4383727151073,200.0,30000,FogNode_5,151,1.0,782.8923712617282,870.654749963906,50244.1660352301,49373.51128526619,32814.387891725535,63.831623981949775,,
1-168,CLOUD_GAMING,602.3114154232823,50.0,150,FogNode_8,39,1.0,770.9711269175084,285.9491330842673,50272.757102253585,49986.80796916932,45194.48861869344,57.25251156099583,,
1-526,CLOUD_GAMING,339.7139285705925,50.0,150,FogNode_0,200,1.0,1189.2931772946604,965.0071456835288,50375.418057445786,49410.41091176226,45110.066626073945,21.6310079344063,,
8-456,CLOUD_GAMING,434.10536650449694,50.0,150,FogNode_0,200,1.0,1189.2931772946604,970.1814679856551,50396.73767522625,49426.556207240596,45052.96967592589,27.6413059268362,,
0-151,CLOUD_GAMING,189.95564623935837,50.0,150,FogNode_8,42,1.0,770.9711269175084,299.3950064131456,50519.14200514721,50219.74699873407,45961.342515054705,18.056170867610806,,
5-441,BATCH_DATA_PROCESSING,216.80779143196682,200.0,30000,FogNode_5,151,1.0,782.8923712617282,894.1262193630112,50521.09783248667,49626.97161312366,33341.86167772816,32.2262617836048,,
2-218,VIDEO_SURVEILLANCE,256.5831776574547,60.0,800,FogNode_0,123,1.0,1189.2931772946604,423.947190472517,50591.16231845392,50167.215127981406,45144.55833999833,16.337725023807092,,
1-485,BATCH_DATA_PROCESSING,118.68644065913328,200.0,30000,FogNode_5,151,1.0,782.8923712617282,895.8193827592402,50672.69777778675,49776.87839502751,33617.36597401866,17.641526079775204,,
4-149,CLOUD_GAMING,158.43807089397305,50.0,150,FogNode_8,42,1.0,770.9711269175084,299.21663731016577,50724.646550469726,50425.42991315956,46207.38819545699,15.06027821037448,,
3-417,BATCH_DATA_PROCESSING,796.4471451273881,200.0,30000,FogNode_5,151,1.0,782.8923712617282,884.0114809503127,50762.12064810397,49878.109167153656,32852.74904993712,118.38372609286007,,
2-149,CLOUD_GAMING,441.5118818595582,50.0,150,FogNode_8,39,1.0,770.9711269175084,292.560512627805,50784.883003149225,50492.32249052142,45905.75771527917,41.967765300807336,,
1-536,CLOUD_GAMING,853.2411162336256,50.0,150,FogNode_0,202,1.0,1189.2931772946604,973.6197057304634,50849.53629711221,49875.91659138175,45149.16206080732,54.32943368813326,,
4-415,VIDEO_SURVEILLANCE,78.66533412724746,60.0,800,FogNode_0,200,1.0,1189.2931772946604,832.1255776037241,50915.68090773395,50083.55533013023,45203.19537510638,5.0089511308207015,,
5-393,VIDEO_SURVEILLANCE,495.50812653395957,60.0,800,FogNode_0,201,1.0,1189.2931772946604,816.4113363682585,51007.80317370638,50191.391837338124,44964.87856554399,31.551076700676436,,
5-414,VIDEO_SURVEILLANCE,161.80236161125498,60.0,800,FogNode_0,200,1.0,1189.2931772946604,842.3379305671293,51051.73008778501,50209.39215721788,45265.882591782334,10.302633696962017,,
6-251,VIDEO_SURVEILLANCE,787.9455094315168,60.0,800,FogNode_0,151,1.0,1189.2931772946604,449.87268528633297,51059.27028238699,50609.39759710066,45138.21900325302,50.17178906413666,,
3-420,BATCH_DATA_PROCESSING,931.7443635089678,200.0,30000,FogNode_5,151,1.0,782.8923712617282,887.9188225676043,51100.17389128787,50212.25506872027,33014.99855363164,138.49427447011485,,
1-175,CLOUD_GAMING,454.78167674483814,50.0,150,FogNode_8,43,1.0,770.9711269175084,300.37700820800615,51314.52814378327,51014.15113557526,46410.6502709674,43.229121246630854,,
9-426,BATCH_DATA_PROCESSING,513.1034972988008,200.0,30000,FogNode_5,151,1.0,782.8923712617282,892.8473076443032,51328.092460547385,50435.24515290308,33766.09123026253,76.26758944787757,,
2-415,VIDEO_SURVEILLANCE,594.8025677501635,60.0,800,FogNode_0,200,1.0,1189.2931772946604,845.2860782206169,51559.40143516396,50714.115356943345,45403.33138933942,37.87356943692532,,
1-206,CLOUD_GAMING,213.2223734981144,50.0,150,FogNode_8,77,1.0,770.9711269175084,370.91104297640527,51591.09151438655,51220.180471410145,46934.49937760929,20.2677819001401,,
0-418,VIDEO_SURVEILLANCE,932.6069013024597,60.0,800,FogNode_0,200,1.0,1189.2931772946604,843.930366255857,51791.97222395176,50948.0418576959,45357.77141644186,59.38298546261575,,
8-393,VIDEO_SURVEILLANCE,956.2173194554755,60.0,800,FogNode_0,200,1.0,1189.2931772946604,841.879909861847,51855.751617304435,51013.87170744259,45396.98268766559,60.88635962378561,,
6-466,VIDEO_SURVEILLANCE,172.72235052952533,60.0,800,FogNode_0,200,1.0,1189.2931772946604,877.284779460294,51937.20331904845,51059.91853958816,46106.79515913188,10.997955104384527,,
0-429,VIDEO_SURVEILLANCE,458.58960030278615,60.0,800,FogNode_0,200,1.0,1189.2931772946604,867.9065165124948,51944.99988057501,51077.093364062515,45883.880015584735,29.200319588086764,,
6-201,CLOUD_GAMING,353.1520828123052,50.0,150,FogNode_8,80,1.0,770.9711269175084,376.2847137988952,52049.15287425132,51672.868160452424,47208.180062409214,33.56875394731179,,
7-182,CLOUD_GAMING,996.0735831331921,50.0,150,FogNode_8,72,1.0,770.9711269175084,364.5304402409506,52076.85561840874,51712.32517816779,46409.585870246876,94.68144364134065,,
6-465,VIDEO_SURVEILLANCE,378.41052144811727,60.0,800,FogNode_0,200,1.0,1189.2931772946604,874.9466143951413,52173.93264169146,51298.98602729632,46167.10800481876,24.094981993669197,,
8-431,VIDEO_SURVEILLANCE,366.00070456610274,60.0,800,FogNode_0,200,1.0,1189.2931772946604,909.8355851133432,52244.94972805305,51335.1141429397,46219.232115345556,23.30479700311293,,
2-201,CLOUD_GAMING,182.20102585527647,50.0,150,FogNode_8,86,1.0,770.9711269175084,403.4102044997368,52313.18227124171,51909.77206674198,47661.08552536578,17.319058002368536,,
1-208,CLOUD_GAMING,243.45761183323216,50.0,150,FogNode_8,78,1.0,770.9711269175084,372.74883601377877,52364.93332741384,51992.18449140006,47663.84253605801,23.14178243873902,,
4-223,CLOUD_GAMING,359.5739531183391,50.0,150,FogNode_8,93,1.0,770.9711269175084,451.4983270500707,52779.573217107594,52328.07489005752,47851.89466806103,34.17918269650134,,
9-468,VIDEO_SURVEILLANCE,998.7077936513917,60.0,800,FogNode_0,203,1.0,1189.2931772946604,979.434407647548,52784.74891194774,51805.31450430019,46153.43348936518,63.59190598844567,,
9-234,BATCH_DATA_PROCESSING,763.6356075310156,200.0,30000,FogNode_0,171,1.0,1189.2931772946604,480.13519781397355,52887.04170512811,52406.90650731414,35756.622837146046,48.62387584460227,,
5-495,VIDEO_SURVEILLANCE,890.0251290221603,60.0,800,FogNode_0,225,1.0,1189.2931772946604,992.6050923819074,52922.297423407224,51929.69233102532,46372.6384085416,56.671625766733165,,
0-249,BATCH_DATA_PROCESSING,422.5402758492139,200.0,30000,FogNode_0,171,1.0,1189.2931772946604,478.3589040652469,53140.03580328465,52661.676899219405,36295.74584277757,26.904908191308643,,
1-416,CLOUD_GAMING,634.4609163870102,50.0,150,FogNode_8,93,1.0,770.9711269175084,760.2430459007135,53187.87065182923,52427.627605928516,47595.67362389074,60.308471698016554,,
9-240,BATCH_DATA_PROCESSING,322.8930701737119,200.0,30000,FogNode_0,174,1.0,1189.2931772946604,484.2150661655863,53193.797400316376,52709.58233415079,36427.43913219709,20.559953465202103,,
5-227,BATCH_DATA_PROCESSING,284.68311196921564,200.0,30000,FogNode_0,177,1.0,1189.2931772946604,489.72106930052115,53433.16908545191,52943.44801615139,36692.63535364676,18.12696547270935,,
1-421,CLOUD_GAMING,544.1497163724991,50.0,150,FogNode_8,93,1.0,770.9711269175084,766.7408552283993,53485.3710056034,52718.63015037501,48007.26732519014,51.72397057365295,,
4-239,BATCH_DATA_PROCESSING,434.39204516786674,200.0,30000,FogNode_0,175,1.0,1189.2931772946604,484.4969585226362,53505.28808376607,53020.791125243435,36643.807371627845,27.659559957420313,,
7-230,BATCH_DATA_PROCESSING,938.9576815173054,200.0,30000,FogNode_0,171,1.0,1189.2931772946604,480.4037154898545,53676.55071723999,53196.147001750134,36396.884609967965,59.787366224379106,,
5-368,CLOUD_GAMING,406.92791662782804,50.0,150,FogNode_8,93,1.0,770.9711269175084,766.5375574533774,53715.68278696691,52949.14522951353,48409.04742167138,38.68039797129521,,
5-232,BATCH_DATA_PROCESSING,504.6032903707389,200.0,30000,FogNode_0,182,1.0,1189.2931772946604,496.7620107907996,53857.457477922624,53360.69546713182,36929.20939778578,32.130203856121334,,
7-238,BATCH_DATA_PROCESSING,479.57892116304976,200.0,30000,FogNode_0,182,1.0,1189.2931772946604,497.5306239892485,53908.5350966296,53411.00447264036,36995.656971011034,30.536797512252353,,
4-257,BATCH_DATA_PROCESSING,144.69230169988816,200.0,30000,FogNode_0,183,1.0,1189.2931772946604,514.7909600209452,53979.119911090726,53464.32895106978,37337.08870287695,9.213164556682022,,
9-256,BATCH_DATA_PROCESSING,427.7221668106244,200.0,30000,FogNode_0,183,1.0,1189.2931772946604,504.31398204200576,54036.194726788235,53531.88074474623,37163.65621572826,27.23486088112956,,
8-245,BATCH_DATA_PROCESSING,234.440137431041,200.0,30000,FogNode_0,184,1.0,1189.2931772946604,512.2819472819307,54105.66070191083,53593.378754628895,37385.25720929407,14.927784957926333,,
4-398,CLOUD_GAMING,540.6227988652978,50.0,150,FogNode_8,93,1.0,770.9711269175084,794.1532564670979,54186.594151309015,53392.440894841915,48678.78166892834,51.388720601321246,,
4-411,CLOUD_GAMING,415.510537247321,50.0,150,FogNode_8,92,1.0,770.9711269175084,826.7651963828299,54254.62714265064,53427.86194626781,48881.327208121606,39.49621612392949,,
2-257,BATCH_DATA_PROCESSING,238.59605320420917,200.0,30000,FogNode_0,183,1.0,1189.2931772946604,524.9524674472389,54306.2807489769,53781.328281529655,37574.73526561672,15.192409512599086,,
9-263,BATCH_DATA_PROCESSING,405.8220264576139,200.0,30000,FogNode_0,183,1.0,1189.2931772946604,516.3672716611761,54377.42431946172,53861.05704780055,37510.19124847761,25.840387267010023,,
4-258,BATCH_DATA_PROCESSING,823.4705408574584,200.0,30000,FogNode_0,183,1.0,1189.2931772946604,516.5243381122546,54671.523228101796,54154.99888998954,37453.75940260591,52.43381652906262,,
7-258,BATCH_DATA_PROCESSING,113.46865074195591,200.0,30000,FogNode_0,183,1.0,1189.2931772946604,533.2042885579111,54766.9317050932,54233.72741653529,38126.93826421904,7.225023992490178,,
4-265,BATCH_DATA_PROCESSING,639.617581256981,200.0,30000,FogNode_0,183,1.0,1189.2931772946604,527.4102910096302,54844.09395893069,54316.683667921054,37772.66075975951,40.72712895044128,,
2-261,BATCH_DATA_PROCESSING,571.0939134128787,200.0,30000,FogNode_0,183,1.0,1189.2931772946604,531.5496656876952,54857.620392487195,54326.0707267995,37836.1503989106,36.363940166669096,,
5-262,BATCH_DATA_PROCESSING,139.20876255388373,200.0,30000,FogNode_0,187,1.0,1189.2931772946604,548.0715401042719,54974.6720709224,54426.600530818134,38301.923598919966,8.864004664195596,,
3-397,CLOUD_GAMING,746.8388465908821,50.0,150,FogNode_8,96,1.0,770.9711269175084,838.6903225821268,55155.293004632986,54316.602682050856,49338.432530833576,70.99051853200596,,
4-420,CLOUD_GAMING,728.0555147124892,50.0,150,FogNode_8,101,1.0,770.9711269175084,842.6578208770514,55198.96278544364,54356.30496456659,49404.32777007616,69.20507515838841,,
5-259,BATCH_DATA_PROCESSING,547.6449345469844,200.0,30000,FogNode_0,186,1.0,1189.2931772946604,546.0505361421093,55304.57329657621,54758.5227604341,38290.77313494217,34.87084552072353,,
4-269,BATCH_DATA_PROCESSING,683.5207741739445,200.0,30000,FogNode_0,183,1.0,1189.2931772946604,532.3530864644003,55341.66028104348,54809.30719457908,38221.23606169544,43.52262902995972,,
1-294,BATCH_DATA_PROCESSING,290.35465586208454,200.0,30000,FogNode_0,190,1.0,1189.2931772946604,553.9001819891538,55548.713817522075,54994.81363553292,38742.01512681196,18.488096414449608,,
6-307,BATCH_DATA_PROCESSING,477.6459408367522,200.0,30000,FogNode_0,190,1.0,1189.2931772946604,555.7963483329239,55743.28197530332,55187.485626970396,38777.14993678148,30.41371656308101,,
0-282,BATCH_DATA_PROCESSING,937.6794227533451,200.0,30000,FogNode_0,187,1.0,1189.2931772946604,548.3607607472148,55763.106277605,55214.74551685779,38415.653611607166,59.7059741378615,,
9-291,BATCH_DATA_PROCESSING,94.61530222218803,200.0,30000,FogNode_0,200,1.0,1189.2931772946604,572.3890138730558,55842.662188652444,55270.27317477939,39181.61209398078,6.024552368800242,,
8-421,CLOUD_GAMING,664.1549701235409,50.0,150,FogNode_8,143,1.0,770.9711269175084,890.1080590438277,56060.41524058157,55170.30718153774,50300.04114298837,63.13103011432818,,
2-283,BATCH_DATA_PROCESSING,272.1321452964333,200.0,30000,FogNode_0,198,1.0,1189.2931772946604,568.6251678120061,56071.48057464156,55502.85540682955,39260.3795212046,17.327792884097022,,
1-300,BATCH_DATA_PROCESSING,949.1514034228121,200.0,30000,FogNode_0,192,1.0,1189.2931772946604,559.9787000120352,56346.794073545985,55786.81537353395,38979.602394719266,60.43644317081736,,
2-416,CLOUD_GAMING,968.9610224236133,50.0,150,FogNode_8,110,1.0,770.9711269175084,849.0550463571601,56412.09885454556,55563.0438081884,50293.493143447835,92.10426818737307,,
3-272,BATCH_DATA_PROCESSING,197.269653708648,200.0,30000,FogNode_0,203,1.0,1189.2931772946604,582.886872231294,56512.66541416646,55929.77854193517,39753.68708586358,12.560984657132293,,
1-301,BATCH_DATA_PROCESSING,947.7099462312856,200.0,30000,FogNode_0,194,1.0,1189.2931772946604,563.1686320628462,56540.15020285599,55976.98157079315,39167.27837875342,60.34465955723928,,
1-489,CLOUD_GAMING,408.2083327927684,50.0,150,FogNode_8,144,1.0,770.9711269175084,898.4518482781746,56589.88815926902,55691.43631099085,51154.17052478759,38.80210750461796,,
9-434,CLOUD_GAMING,176.02020443991944,50.0,150,FogNode_8,145,1.0,770.9711269175084,905.575967246213,56640.408577561626,55734.83261031541,51493.56025401865,16.73154207542816,,
5-278,BATCH_DATA_PROCESSING,932.8251427317169,200.0,30000,FogNode_0,201,1.0,1189.2931772946604,580.2457615639107,56855.83313004229,56275.58736847837,39485.51408607492,59.3968818080136,,
4-297,BATCH_DATA_PROCESSING,536.4192968334742,200.0,30000,FogNode_0,203,1.0,1189.2931772946604,596.1739451207886,56991.19062507862,56395.01667995783,39934.5435157327,34.15606217500842,,
8-289,BATCH_DATA_PROCESSING,114.20721872142607,200.0,30000,FogNode_0,203,1.0,1189.2931772946604,619.1589675545422,57087.22011629392,56468.061148739376,40366.269435017064,7.272051707518641,,
8-434,CLOUD_GAMING,395.2538661056477,50.0,150,FogNode_8,152,1.0,770.9711269175084,920.0755932555855,57102.558286989566,56182.48269373398,51664.55599399127,37.57072497594765,,
2-291,BATCH_DATA_PROCESSING,734.6370323353692,200.0,30000,FogNode_0,203,1.0,1189.2931772946604,587.5139750075654,57130.37435789931,56542.86038289174,39914.53457003771,46.77741516875407,,
0-309,BATCH_DATA_PROCESSING,184.95796730694,200.0,30000,FogNode_0,203,1.0,1189.2931772946604,620.5258250533121,57242.73935312976,56622.21352807644,40458.76343250307,11.77704804504861,,
6-532,CLOUD_GAMING,511.6451255239857,50.0,150,FogNode_8,157,1.0,770.9711269175084,981.3587687473147,57304.045784793554,56322.68701604624,51648.20137066181,48.63425748556191,,
5-309,BATCH_DATA_PROCESSING,325.68963175927263,200.0,30000,FogNode_0,203,1.0,1189.2931772946604,630.8220273598287,57404.22578324771,56773.403755887884,40494.05460816946,20.738022248253927,,
6-333,BATCH_DATA_PROCESSING,727.1422844260062,200.0,30000,FogNode_0,203,1.0,1189.2931772946604,600.5614923774242,57467.24022318653,56866.6787308091,40244.30207334657,46.300193195030616,,
9-322,BATCH_DATA_PROCESSING,614.7998623858015,200.0,30000,FogNode_0,203,1.0,1189.2931772946604,624.5850608665229,57759.6849424287,57135.09988156218,40604.39166744948,39.14688089857257,,
3-102,VIDEO_SURVEILLANCE,831.088743619834,60.0,800,FogNode_8,27,1.0,770.9711269175084,212.79776991824042,58180.53476964033,57967.736999722096,52083.119218670545,78.99886451408068,,
3-100,VIDEO_SURVEILLANCE,953.8912095885353,60.0,800,FogNode_8,25,1.0,770.9711269175084,206.69611827213308,58541.305101367936,58334.6089830958,52283.62274465186,90.67181213313074,,
8-96,VIDEO_SURVEILLANCE,320.6243812840552,60.0,800,FogNode_8,28,1.0,770.9711269175084,215.76519864238003,58596.405572177355,58380.640373534974,53159.52121311339,30.476844081233622,,
1-133,VIDEO_SURVEILLANCE,504.9773988062398,60.0,800,FogNode_8,28,1.0,770.9711269175084,223.21467596631695,59251.394301554596,59028.17962558828,53565.054299953284,48.00045893680781,,
6-109,VIDEO_SURVEILLANCE,902.8312560425841,60.0,800,FogNode_8,28,1.0,770.9711269175084,214.63671491173855,59712.33631709229,59497.69960218055,53518.09886431088,85.81832520620759,,
4-105,VIDEO_SURVEILLANCE,673.399503609129,60.0,800,FogNode_8,29,1.0,770.9711269175084,227.1743297542288,60124.83752153809,59897.66319178386,54216.0647629983,64.009766174623,,
3-115,VIDEO_SURVEILLANCE,98.71985000321828,60.0,800,FogNode_8,31,1.0,770.9711269175084,238.96244820937454,60252.88362671185,60013.92117850248,55077.550414993275,9.38378255646548,,
5-109,VIDEO_SURVEILLANCE,772.0671594991446,60.0,800,FogNode_8,31,1.0,770.9711269175084,234.77927369843047,60713.75794306941,60478.978669370976,54670.537879170966,73.38858743699205,,
5-110,VIDEO_SURVEILLANCE,579.0259833987259,60.0,800,FogNode_8,31,1.0,770.9711269175084,235.18578419383167,61003.91821566434,60768.732431470504,55205.47886899136,55.03912255316538,,
7-125,VIDEO_SURVEILLANCE,452.13151949116804,60.0,800,FogNode_8,30,1.0,770.9711269175084,244.49315734990202,61590.3623816072,61345.869224257294,55951.51534946591,42.97721142902002,,
3-113,VIDEO_SURVEILLANCE,687.3132970280099,60.0,800,FogNode_8,31,1.0,770.9711269175084,236.06767142314914,61605.24826356432,61369.180592141165,55666.14819967519,65.33233718718128,,
6-125,VIDEO_SURVEILLANCE,258.2988601721205,60.0,800,FogNode_8,31,1.0,770.9711269175084,243.8779169193297,61925.39290500027,61681.51498808094,56537.836842013,24.552512370704,,
6-124,VIDEO_SURVEILLANCE,384.23350624055314,60.0,800,FogNode_8,31,1.0,770.9711269175084,241.62823870325312,62103.62426342412,61861.996024720866,56550.2717093124,36.523188328913896,,
9-119,VIDEO_SURVEILLANCE,423.96796492190975,60.0,800,FogNode_8,31,1.0,770.9711269175084,242.4710943150643,62475.30709778854,62232.83600347348,56868.776870747,40.3001341027634,,
9-123,VIDEO_SURVEILLANCE,794.2061307604406,60.0,800,FogNode_8,31,1.0,770.9711269175084,248.67151047746466,63133.76158378764,62885.09007331017,57040.579405305085,75.49299999771885,,
2-131,VIDEO_SURVEILLANCE,626.4675707116916,60.0,800,FogNode_8,32,1.0,770.9711269175084,255.96423134177203,63287.87652981959,63031.912298477815,57411.45194073556,59.54866687949821,,
1-149,VIDEO_SURVEILLANCE,453.66228240151736,60.0,800,FogNode_8,34,1.0,770.9711269175084,263.2522371899183,63876.30619542243,63613.053958232515,58211.768384935574,43.12271758908562,,
6-133,VIDEO_SURVEILLANCE,978.7019402225278,60.0,800,FogNode_8,32,1.0,770.9711269175084,255.3771240197862,64403.202041480996,64147.82491746121,58065.56929848538,93.03018789371822,,
1-160,VIDEO_SURVEILLANCE,356.6139898794826,60.0,800,FogNode_8,35,1.0,770.9711269175084,272.3348186870393,64865.753721341294,64593.41890265425,59316.149541195366,33.89782437385747,,
8-122,VIDEO_SURVEILLANCE,62.76873324257322,60.0,800,FogNode_8,37,1.0,770.9711269175084,279.3310663492484,64947.168875620206,64667.83780927096,59777.868318424116,5.966461092413447,,
4-126,VIDEO_SURVEILLANCE,882.2579315367766,60.0,800,FogNode_8,34,1.0,770.9711269175084,266.44003143449805,65020.65246305014,64754.21243161564,58799.61320851049,83.86273467786089,,
6-141,VIDEO_SURVEILLANCE,285.68829683503776,60.0,800,FogNode_8,39,1.0,770.9711269175084,284.48975566917113,65317.72529058904,65033.23553491987,59852.52174952912,27.156006176463638,,
4-142,VIDEO_SURVEILLANCE,562.2226258733139,60.0,800,FogNode_8,39,1.0,770.9711269175084,286.8900244095234,65749.89199776681,65463.00197335729,59921.9178243308,53.44188498410632,,
8-125,VIDEO_SURVEILLANCE,342.3507575367402,60.0,800,FogNode_8,39,1.0,770.9711269175084,287.2187374326152,65761.7766247882,65474.55788735558,60218.9707845518,32.54203756044277,,
6-153,VIDEO_SURVEILLANCE,121.11364761495149,60.0,800,FogNode_8,43,1.0,770.9711269175084,300.246544935464,65918.8689507994,65618.62240586393,60647.21270132813,11.512417551303395,,
0-191,VIDEO_SURVEILLANCE,258.82997991624495,60.0,800,FogNode_8,76,1.0,770.9711269175084,366.75565608736434,66254.58837125434,65887.83271516698,60746.58398924504,24.602997781592965,,
3-141,VIDEO_SURVEILLANCE,703.5655435740157,60.0,800,FogNode_8,41,1.0,770.9711269175084,296.1315347897227,66662.46254549538,66366.33101070566,60642.677729798364,66.87718908512089,,
7-185,VIDEO_SURVEILLANCE,558.9609262871352,60.0,800,FogNode_8,77,1.0,770.9711269175084,369.30807917508304,66979.59726817888,66610.2891890038,61074.200170771655,53.131845213176604,,
4-185,VIDEO_SURVEILLANCE,290.8305529046778,60.0,800,FogNode_8,77,1.0,770.9711269175084,370.7315517551298,67039.68880306935,66668.95725131422,61479.62234700607,27.644801619382097,,
9-179,VIDEO_SURVEILLANCE,79.30302751390495,60.0,800,FogNode_8,77,1.0,770.9711269175084,370.31929552679077,67142.55001893741,66772.23072341063,61854.93948466961,7.538122943213786,,
4-190,VIDEO_SURVEILLANCE,529.0058770224293,60.0,800,FogNode_8,80,1.0,770.9711269175084,378.2894012514364,67828.70525686117,67450.41585560974,61956.45627458142,50.28447795361283,,
3-180,VIDEO_SURVEILLANCE,810.583124809886,60.0,800,FogNode_8,80,1.0,770.9711269175084,375.05553141080475,68030.97662145084,67655.92109004004,61796.29314892536,77.04970972816837,,
0-197,VIDEO_SURVEILLANCE,424.2429158054891,60.0,800,FogNode_8,80,1.0,770.9711269175084,377.275969105167,68378.97607893682,68001.70010983165,62636.98171748115,40.32626946768882,,
7-197,VIDEO_SURVEILLANCE,345.08175361441,60.0,800,FogNode_8,85,1.0,770.9711269175084,392.9723480511718,68478.57023626508,68085.5978882139,62832.95051170095,32.801631485621726,,
4-195,VIDEO_SURVEILLANCE,599.9192798888441,60.0,800,FogNode_8,82,1.0,770.9711269175084,384.13033921337677,69157.11064058692,68772.98030137355,63180.35018468223,57.02512791221567,,
6-211,VIDEO_SURVEILLANCE,802.5470798808183,60.0,800,FogNode_8,85,1.0,770.9711269175084,391.68410686412733,69519.52631342656,69127.84220656243,63279.807101512844,76.28584614626563,,
2-341,VIDEO_SURVEILLANCE,242.68110845730786,60.0,800,FogNode_8,94,1.0,770.9711269175084,702.9815681208555,69834.29959090012,69131.31802277926,64004.58887970831,23.06797216822304,,
8-344,VIDEO_SURVEILLANCE,259.4443047966512,60.0,800,FogNode_8,94,1.0,770.9711269175084,719.2210650652204,70170.81583092322,69451.594765858,64303.96810935962,24.661392229078157,,
7-199,VIDEO_SURVEILLANCE,918.333679612782,60.0,800,FogNode_8,85,1.0,770.9711269175084,395.9244875490437,70348.24951408074,69952.3250265317,63949.68834115963,87.29190293020352,,
5-346,VIDEO_SURVEILLANCE,365.84065795603715,60.0,800,FogNode_8,94,1.0,770.9711269175084,734.9827338010653,70645.33510302455,69910.35236922349,64621.20716854485,34.774862243629826,,
6-400,VIDEO_SURVEILLANCE,87.69528621410493,60.0,800,FogNode_8,93,1.0,770.9711269175084,750.1443029364407,70759.08162757305,70008.9373246366,65084.61533532338,8.335846306830272,,
4-379,VIDEO_SURVEILLANCE,975.8207293607411,60.0,800,FogNode_8,93,1.0,770.9711269175084,744.8643825219004,71613.95285275474,70869.08847023283,64791.04124862104,92.75631535212247,,
1-432,VIDEO_SURVEILLANCE,751.2991485310423,60.0,800,FogNode_8,93,1.0,770.9711269175084,791.1620813060725,71733.56578437264,70942.40370306656,65162.44510065535,71.41449105162873,,
0-406,VIDEO_SURVEILLANCE,630.2481814871663,60.0,800,FogNode_8,92,1.0,770.9711269175084,813.2230642418443,72431.4259843453,71618.20292010346,65993.40717406293,59.90803158119223,,
5-468,VIDEO_SURVEILLANCE,391.82617490022807,60.0,800,FogNode_8,157,1.0,770.9711269175084,931.8047782422178,72939.65017228192,72007.8453940397,66684.68120920639,37.24490692677802,,
8-397,VIDEO_SURVEILLANCE,971.2481021497257,60.0,800,FogNode_8,110,1.0,770.9711269175084,848.6616691093883,72993.33812634472,72144.67645723533,66070.70874901266,92.32166579118264,,
5-476,VIDEO_SURVEILLANCE,92.25287871562564,60.0,800,FogNode_8,157,1.0,770.9711269175084,947.1262243990105,73059.30819253033,72112.18196813132,67182.33536463803,8.769066748452232,,
3-478,VIDEO_SURVEILLANCE,546.249632686737,60.0,800,FogNode_8,159,1.0,770.9711269175084,996.9140180498033,73701.85964370782,72704.94562565802,67182.21201111932,51.92357742150513,,
9-105,BATCH_DATA_PROCESSING,957.9774759267657,200.0,30000,FogNode_8,22,1.0,770.9711269175084,204.83241931474726,74301.86766392966,74097.03524461492,56847.27579751295,91.06023082283203,,
4-99,BATCH_DATA_PROCESSING,890.0300769469775,200.0,30000,FogNode_8,28,1.0,770.9711269175084,215.11353737947871,74856.28689250181,74641.17335512233,57480.80972825126,84.60151337864072,,
4-103,BATCH_DATA_PROCESSING,211.3187690621195,200.0,30000,FogNode_8,28,1.0,770.9711269175084,220.80225966174473,75130.38116358951,74909.57890392777,58625.610431578476,20.08683541267768,,
9-111,BATCH_DATA_PROCESSING,768.4184846169029,200.0,30000,FogNode_8,28,1.0,770.9711269175084,218.81057470912023,75298.55671983398,75079.74614512487,58071.27924785602,73.0417638578124,,
3-111,BATCH_DATA_PROCESSING,453.10707512336194,200.0,30000,FogNode_8,31,1.0,770.9711269175084,231.4522900590699,75718.09068902268,75486.63839896361,58892.64149965916,43.06994254564899,,
3-116,BATCH_DATA_PROCESSING,356.87402612345835,200.0,30000,FogNode_8,31,1.0,770.9711269175084,239.00198737090116,75761.44568371816,75522.44369634727,59054.42320629612,33.92254203266863,,
4-117,BATCH_DATA_PROCESSING,163.87494254885183,200.0,30000,FogNode_8,31,1.0,770.9711269175084,250.30742976763102,75974.002207338,75723.69477757036,59502.66245783583,15.577078239903798,,
8-104,BATCH_DATA_PROCESSING,405.1462973813396,200.0,30000,FogNode_8,31,1.0,770.9711269175084,235.90017927169367,76243.59194741765,76007.69176814596,59469.37386272583,38.51104674550915,,
9-127,BATCH_DATA_PROCESSING,225.88050296901363,200.0,30000,FogNode_8,32,1.0,770.9711269175084,254.83896364443495,76266.98400014796,76012.14503650353,59710.73699011737,21.47099619313825,,
2-134,BATCH_DATA_PROCESSING,115.71630911178394,200.0,30000,FogNode_8,34,1.0,770.9711269175084,261.87177086278655,76393.68357221615,76131.81180135337,59969.3529138222,10.999375332380737,,
7-135,BATCH_DATA_PROCESSING,293.4899407623175,200.0,30000,FogNode_8,34,1.0,770.9711269175084,266.98164875253565,76647.65965778996,76380.67800903742,59990.523177577496,27.89758884898771,,
8-113,BATCH_DATA_PROCESSING,201.2770575674939,200.0,30000,FogNode_8,34,1.0,770.9711269175084,266.52725904280095,76908.72917199114,76642.20191294834,60370.56414085389,19.13232386148251,,
3-127,BATCH_DATA_PROCESSING,580.5991182709954,200.0,30000,FogNode_8,34,1.0,770.9711269175084,261.7648379291078,77146.75862003583,76884.99378210673,60116.94602602658,55.188656365999265,,
1-153,BATCH_DATA_PROCESSING,283.73406365496356,200.0,30000,FogNode_8,34,1.0,770.9711269175084,267.49466969516993,77276.75081865046,77009.25614895529,60630.91151539147,26.970247190546935,,
5-128,BATCH_DATA_PROCESSING,697.3771999389203,200.0,30000,FogNode_8,35,1.0,770.9711269175084,273.0104588775745,78051.30248113627,77778.2920222587,60862.25788500955,66.28895813608148,,
9-136,BATCH_DATA_PROCESSING,770.359858331112,200.0,30000,FogNode_8,36,1.0,770.9711269175084,278.717064162118,78275.95796329563,77997.24089913351,60990.974245244885,73.22630049147202,,
8-116,BATCH_DATA_PROCESSING,499.8742170781938,200.0,30000,FogNode_8,35,1.0,770.9711269175084,272.531836247968,78699.67204988626,78427.14021363828,61764.56804741171,47.51537769245269,,
1-166,BATCH_DATA_PROCESSING,403.15404107426866,200.0,30000,FogNode_8,39,1.0,770.9711269175084,283.408232809866,78798.87513489732,78515.46690208746,61985.92113403462,38.32167348388354,,
1-170,BATCH_DATA_PROCESSING,128.733626393956,200.0,30000,FogNode_8,39,1.0,770.9711269175084,286.4453847057786,78866.64798698608,78580.2026022803,62404.98171997896,12.236732103490505,,
7-145,BATCH_DATA_PROCESSING,448.42904720175477,200.0,30000,FogNode_8,39,1.0,770.9711269175084,292.8663120041149,79448.28980409882,79155.4234920947,62564.89068201887,42.6252741551682,,
8-126,BATCH_DATA_PROCESSING,683.2083619804365,200.0,30000,FogNode_8,39,1.0,770.9711269175084,287.22803460034913,79685.04108602967,79397.81305142932,62497.602779464345,64.94214394951341,,
7-147,BATCH_DATA_PROCESSING,431.35898711662276,200.0,30000,FogNode_8,41,1.0,770.9711269175084,296.41094918191254,80007.79063630414,79711.37968712223,63138.94653075888,41.00268526286885,,
0-194,BATCH_DATA_PROCESSING,618.5023459294308,200.0,30000,FogNode_8,77,1.0,770.9711269175084,369.2237794467772,80487.27910031474,80118.05532086796,63307.41189179105,58.79153508313032,,
7-191,BATCH_DATA_PROCESSING,598.8861503027049,200.0,30000,FogNode_8,82,1.0,770.9711269175084,384.15317066362394,80784.58516127833,80400.4319906147,63618.119043389976,56.92692412251516,,
0-200,BATCH_DATA_PROCESSING,788.7209163233632,200.0,30000,FogNode_8,82,1.0,770.9711269175084,384.5909675032108,81510.30173862913,81125.71077112592,64091.60461429225,74.97160476108265,,
1-220,BATCH_DATA_PROCESSING,890.2792474115548,200.0,30000,FogNode_8,85,1.0,770.9711269175084,391.6622974588531,81939.3356004693,81547.67330301045,64386.81856270896,84.62519819439976,,
8-188,BATCH_DATA_PROCESSING,638.0674430884927,200.0,30000,FogNode_8,85,1.0,770.9711269175084,394.31970603226,82337.91696416891,81943.59725813665,65109.9398930905,60.65128889587185,,
0-204,BATCH_DATA_PROCESSING,773.5449899074142,200.0,30000,FogNode_8,85,1.0,770.9711269175084,394.3169482431752,82942.67406918757,82548.3571209444,65538.84830129641,73.52906211565174,,
4-201,BATCH_DATA_PROCESSING,807.8973446901308,200.0,30000,FogNode_8,85,1.0,770.9711269175084,394.37745622076176,83385.8126848819,82991.43522866114,65937.31247592441,76.79441379085242,,
5-185,BATCH_DATA_PROCESSING,672.5322856657741,200.0,30000,FogNode_8,85,1.0,770.9711269175084,394.50477508502235,83814.99245075225,83420.48767566723,66537.23655246591,63.92733306102687,,
1-504,BATCH_DATA_PROCESSING,965.9800718867707,200.0,30000,FogNode_8,151,1.0,770.9711269175084,918.9541838588233,84638.7520468901,83719.79786303129,66461.16672399193,91.82091492408914,,
7-424,BATCH_DATA_PROCESSING,852.7580835140485,200.0,30000,FogNode_8,154,1.0,770.9711269175084,922.830287620195,84921.07548517604,83998.24519755585,66881.84655954577,81.05863642117761,,
1-508,BATCH_DATA_PROCESSING,392.954194660092,200.0,30000,FogNode_8,157,1.0,770.9711269175084,933.4508765715776,85430.76278855302,84497.31191198145,67973.22935156923,37.352130470428214,,
9-443,BATCH_DATA_PROCESSING,836.6524733562512,200.0,30000,FogNode_8,155,1.0,770.9711269175084,927.089348231042,85723.94505107088,84796.85570283985,67700.04452983214,79.52772299642014,,
6-511,BATCH_DATA_PROCESSING,767.919759277067,200.0,30000,FogNode_8,157,1.0,770.9711269175084,942.0095359166716,86426.80496505756,85484.79542914088,68480.68476206216,72.99435768626466,,
1-513,BATCH_DATA_PROCESSING,573.8176887674333,200.0,30000,FogNode_8,157,1.0,770.9711269175084,946.095859182424,86468.22414108255,85522.12828190012,68769.64575245426,54.54404983670092,,
1-511,BATCH_DATA_PROCESSING,132.44583302776215,200.0,30000,FogNode_8,157,1.0,770.9711269175084,944.7462500276015,86598.59587706915,85653.84962704155,69472.04754386382,12.58959467221574,,
4-463,BATCH_DATA_PROCESSING,436.2283435897936,200.0,30000,FogNode_8,157,1.0,770.9711269175084,953.0396187661026,87164.41258324584,86211.37296447973,69634.5464190412,41.465540325276905,,
0-463,BATCH_DATA_PROCESSING,693.5881586137228,200.0,30000,FogNode_8,157,1.0,770.9711269175084,947.6482649088252,87367.85336764882,86420.20510273999,69509.20476470137,65.92879207128341,,
6-517,BATCH_DATA_PROCESSING,425.7631193047365,200.0,30000,FogNode_8,157,1.0,770.9711269175084,957.8886743829058,87716.65520873432,86758.76653435141,70193.39380332526,40.47077190643898,,
